/****************************************************************************
** Resource object code
**
** Created by: The Resource Compiler for Qt version 6.2.4
**
** WARNING! All changes made in this file will be lost!
*****************************************************************************/

static const unsigned char qt_resource_data[] = {
  // /home/chris/ros2_ws/src/rover/rover_gui/src/Global/Constant/icons/stop-button.png
  0x0,0x0,0x2a,0x5d,
  0x89,
  0x50,0x4e,0x47,0xd,0xa,0x1a,0xa,0x0,0x0,0x0,0xd,0x49,0x48,0x44,0x52,0x0,
  0x0,0x2,0x0,0x0,0x0,0x2,0x0,0x8,0x6,0x0,0x0,0x0,0xf4,0x78,0xd4,0xfa,
  0x0,0x0,0x0,0x4,0x73,0x42,0x49,0x54,0x8,0x8,0x8,0x8,0x7c,0x8,0x64,0x88,
  0x0,0x0,0x0,0x9,0x70,0x48,0x59,0x73,0x0,0x0,0xe,0xc4,0x0,0x0,0xe,0xc4,
  0x1,0x95,0x2b,0xe,0x1b,0x0,0x0,0x0,0x19,0x74,0x45,0x58,0x74,0x53,0x6f,0x66,
  0x74,0x77,0x61,0x72,0x65,0x0,0x77,0x77,0x77,0x2e,0x69,0x6e,0x6b,0x73,0x63,0x61,
  0x70,0x65,0x2e,0x6f,0x72,0x67,0x9b,0xee,0x3c,0x1a,0x0,0x0,0x20,0x0,0x49,0x44,
  0x41,0x54,0x78,0x9c,0xed,0xdd,0x77,0x98,0x9d,0x75,0x9d,0xf7,0xf1,0x77,0x26,0xbd,
  0x87,0x84,0x10,0x69,0x46,0x3a,0x82,0x4b,0x95,0xb6,0xa0,0x80,0x80,0xa2,0x52,0x4,
  0xc5,0xae,0xac,0x95,0x55,0x77,0x17,0x74,0x7d,0x1e,0x76,0x9f,0xcb,0x6d,0xba,0xeb,
  0xaa,0xab,0x8b,0xae,0x5d,0xd7,0x8a,0x6b,0x41,0x5c,0x1b,0x8a,0x8,0x52,0x94,0x8,
  0x8,0xa1,0x88,0x24,0x20,0x20,0x5d,0x8,0x20,0x29,0x24,0x21,0x6d,0x92,0xe7,0x8f,
  0xdf,0xc,0x99,0x4c,0xa6,0x9c,0x72,0xdf,0xf7,0xf7,0x2e,0xef,0xd7,0x75,0xdd,0xd7,
  0x19,0x26,0xe7,0xdc,0xe7,0x13,0x18,0xe6,0xf7,0x3d,0xbf,0x3a,0x6,0x49,0x65,0x37,
  0x1e,0x98,0xdb,0x77,0xcd,0x3,0x66,0xf5,0x5d,0xdb,0xc,0xf8,0x7a,0x26,0x30,0x15,
  0x98,0xd2,0xf7,0x38,0xa1,0xef,0x7b,0xe3,0xfa,0x1e,0x7,0x9a,0xd6,0x77,0xcf,0x81,
  0xd6,0x3,0x2b,0x7,0x7d,0x6f,0x19,0xd0,0xb,0x2c,0x7,0xd6,0x1,0xab,0x80,0xd5,
  0x7d,0x8f,0xcb,0x6,0x5d,0x4b,0xfb,0x1e,0x1f,0x5,0x1e,0xeb,0x7b,0xdc,0xd0,0xf1,
  0xdf,0x58,0x52,0xee,0xc6,0x44,0x7,0x90,0x1a,0x6e,0x2e,0xb0,0x53,0xdf,0x35,0x7f,
  0xc0,0xd7,0x3b,0x2,0xdb,0xb1,0xb9,0xe1,0xaf,0xa2,0xfe,0x42,0xe0,0x31,0xe0,0x41,
  0xe0,0xa1,0xbe,0xc7,0xfb,0x80,0x7,0xfa,0xbe,0x7e,0x3c,0x2c,0x9d,0xd4,0x70,0x16,
  0x0,0x52,0xbe,0xc6,0x2,0xcf,0x4,0x76,0x3,0x76,0xef,0xbb,0x76,0x1b,0xf0,0x38,
  0x39,0x2e,0x5a,0x29,0x3c,0x5,0xdc,0x5,0xdc,0xdd,0xf7,0x38,0xf0,0xeb,0xfb,0x81,
  0x8d,0x71,0xd1,0xa4,0x7a,0xb3,0x0,0x90,0xb2,0xb3,0x3,0xb0,0xf,0xb0,0xef,0x80,
  0xc7,0x3,0x48,0x5d,0xf2,0x6a,0xdf,0x3a,0x52,0x21,0x70,0x1b,0xb0,0x68,0xc0,0xe3,
  0xed,0xa4,0xa1,0x9,0x49,0x5d,0xb0,0x0,0x90,0xda,0x37,0x1e,0xd8,0x13,0x38,0x78,
  0xc0,0x75,0x20,0x69,0xfc,0x5d,0xf9,0x5b,0xf,0xdc,0x9,0x2c,0x1c,0x70,0xdd,0x48,
  0x9a,0x9f,0x20,0xa9,0x45,0x16,0x0,0xd2,0xc8,0xc6,0x2,0xcf,0x6,0xe,0x3,0x8e,
  0x0,0xe,0xed,0xfb,0xe7,0x71,0x91,0xa1,0xb4,0x95,0xd,0xa4,0xde,0x81,0xdf,0x0,
  0xd7,0x2,0xd7,0xf5,0xfd,0xb3,0x43,0x8,0xd2,0x30,0x2c,0x0,0xa4,0x2d,0xcd,0x0,
  0x8e,0x2,0x8e,0x4,0xe,0x7,0xe,0x1,0xa6,0x87,0x26,0x52,0xa7,0x56,0x0,0xd7,
  0x93,0xa,0x82,0x5,0xc0,0xd5,0xc0,0x93,0xa1,0x89,0xa4,0x12,0xb1,0x0,0x50,0xd3,
  0x4d,0x27,0x7d,0xba,0x3f,0x9e,0xd4,0xf0,0x1f,0xca,0xd6,0x4b,0xe4,0x54,0xf,0xbd,
  0xc0,0x1d,0xa4,0x42,0xe0,0x32,0xe0,0xa,0x5c,0x85,0xa0,0x6,0xb3,0x0,0x50,0xd3,
  0x4c,0x26,0x35,0xf4,0x27,0xf4,0x5d,0xfb,0xe3,0xff,0x7,0x4d,0xb5,0x11,0xb8,0x5,
  0xb8,0xb4,0xef,0xba,0x1a,0x58,0x13,0x9a,0x48,0x2a,0x90,0xbf,0xf8,0xd4,0x4,0xfb,
  0x1,0x27,0xb2,0xf9,0x53,0x7e,0xd3,0x97,0xde,0x69,0x68,0x4f,0x1,0xbf,0x22,0x15,
  0x3,0x97,0x0,0xb7,0xc6,0xc6,0x91,0xf2,0x65,0x1,0xa0,0x3a,0x9a,0x44,0x6a,0xe8,
  0x8f,0x7,0x4e,0x23,0xcd,0xd8,0x97,0xda,0x75,0x1f,0xa9,0x10,0xb8,0x88,0x54,0x14,
  0xd8,0x3b,0xa0,0x5a,0xb1,0x0,0x50,0x5d,0xcc,0x1,0x4e,0xe9,0xbb,0x4e,0xc0,0xb5,
  0xf7,0xca,0xd6,0x2a,0xe0,0xe7,0xc0,0x8f,0xfa,0xae,0x27,0x62,0xe3,0x48,0xdd,0xb3,
  0x0,0x50,0x95,0x6d,0xb,0xbc,0x4,0x38,0x3,0x78,0x11,0x4e,0xde,0x53,0x31,0x7a,
  0x49,0x2b,0xb,0xbe,0xb,0x5c,0x0,0x3c,0x1c,0x1b,0x47,0xea,0x8c,0x5,0x80,0xaa,
  0x66,0x1e,0xf0,0x4a,0x52,0xa3,0x7f,0x24,0xd0,0x13,0x1b,0x47,0xd,0xd7,0x4b,0x5a,
  0x62,0x78,0x41,0xdf,0xf5,0x58,0x6c,0x1c,0xa9,0x75,0x16,0x0,0xaa,0x82,0xc9,0xc0,
  0x49,0xc0,0x1b,0xf1,0x93,0xbe,0xca,0xab,0xbf,0x67,0xe0,0xeb,0xc0,0xb7,0x70,0xcf,
  0x1,0x95,0x9c,0x5,0x80,0xca,0x6a,0x1c,0x69,0xe6,0xfe,0x1b,0x80,0x93,0x71,0xe6,
  0xbe,0xaa,0x65,0x35,0x69,0xae,0xc0,0x37,0x80,0x9f,0xe1,0xd9,0x5,0x2a,0x21,0xb,
  0x0,0x95,0xcd,0x5e,0xc0,0x6b,0x80,0xbf,0x20,0x1d,0x8f,0x2b,0x55,0xdd,0xc3,0xa4,
  0xf9,0x2,0x5f,0x2,0x7e,0x1b,0x9c,0x45,0x7a,0x9a,0x5,0x80,0xca,0x60,0x3a,0xf0,
  0x6a,0xe0,0x4d,0xa4,0xfd,0xf6,0xa5,0xba,0x5a,0x0,0x7c,0x5,0xf8,0xe,0xb0,0x32,
  0x38,0x8b,0x1a,0xce,0x2,0x40,0x91,0xf6,0x26,0x7d,0xd2,0x7f,0x3b,0xb0,0x4d,0x6c,
  0x14,0xa9,0x50,0x4f,0x92,0xe6,0x9,0x7c,0x86,0xb4,0x1b,0xa1,0x54,0x38,0xb,0x0,
  0x15,0x6d,0x2,0x70,0x2a,0xa9,0xd1,0x3f,0xe,0x7f,0x6,0xa5,0x85,0xc0,0x17,0x80,
  0xf3,0x49,0xbb,0x11,0x4a,0x85,0xf0,0x97,0xaf,0x8a,0xb2,0x3,0xf0,0x4e,0x52,0xc3,
  0x3f,0x37,0x38,0x8b,0x54,0x46,0x8f,0x92,0xa,0x81,0xcf,0xe0,0xde,0x2,0x2a,0x80,
  0x5,0x80,0xf2,0x76,0x10,0x70,0x16,0x69,0x9,0xdf,0xa4,0xe0,0x2c,0x52,0x15,0xac,
  0x3,0x7e,0x8,0x9c,0x7,0x5c,0x13,0x9c,0x45,0x92,0xda,0xd2,0x3,0xbc,0x82,0x34,
  0xe1,0x69,0x93,0x97,0x97,0x57,0xc7,0xd7,0xaf,0x80,0xd3,0x71,0xc3,0x2b,0x49,0x25,
  0x37,0x81,0xf4,0x49,0x7f,0x31,0xf1,0xbf,0x38,0xbd,0xbc,0xea,0x74,0xdd,0xd,0x9c,
  0x8d,0xbd,0x68,0xca,0x90,0x43,0x0,0xca,0xc2,0x74,0xe0,0xcd,0xc0,0x7b,0x81,0x9d,
  0x82,0xb3,0x48,0x75,0xb6,0x4,0xf8,0x1c,0xf0,0x71,0x60,0x59,0x70,0x16,0x55,0x9c,
  0x5,0x80,0xba,0x31,0x1b,0x78,0x37,0xf0,0xd7,0xc0,0xcc,0xe0,0x2c,0x52,0x93,0x2c,
  0x3,0xfe,0x8b,0x54,0x8,0x2c,0xd,0xce,0xa2,0x8a,0xb2,0x0,0x50,0x27,0xe6,0x90,
  0x1a,0xfd,0xb3,0x81,0x59,0xc1,0x59,0xa4,0x26,0x5b,0x9,0x7c,0x1a,0xf8,0x8,0x1e,
  0x51,0xac,0x36,0x59,0x0,0xa8,0x1d,0xfd,0xd,0xff,0x39,0xf8,0x89,0x5f,0x2a,0x93,
  0x95,0xc0,0x97,0x81,0xf,0x92,0x86,0x9,0xa4,0x51,0x59,0x0,0xa8,0x15,0xd3,0x80,
  0x77,0x1,0x7f,0x8f,0xd,0xbf,0x54,0x66,0xfd,0x3d,0x2,0xff,0xe,0x2c,0xf,0xce,
  0xa2,0x92,0x1b,0x1b,0x1d,0x40,0xa5,0x36,0x1,0x78,0xb,0xf0,0x7d,0xe0,0x65,0x38,
  0x3,0x59,0x2a,0xbb,0x9,0xc0,0x51,0xc0,0xdb,0x48,0x1f,0xf0,0x16,0x2,0x1b,0x42,
  0x13,0x49,0xaa,0x94,0x71,0xa4,0x86,0xff,0x7e,0xe2,0x97,0x3f,0x79,0x79,0x79,0x75,
  0x7e,0xdd,0x47,0x3a,0x64,0xcb,0xf,0x7b,0xda,0x8a,0x43,0x0,0x1a,0xec,0x78,0xe0,
  0x63,0xc0,0x7e,0xd1,0x41,0x24,0x65,0xe6,0x76,0xd2,0x8a,0x9d,0x9f,0x45,0x7,0x51,
  0x79,0x58,0x0,0xa8,0xdf,0x3e,0xa4,0x99,0xc4,0x2f,0x8d,0xe,0x22,0x29,0x37,0x17,
  0x91,0x26,0xf1,0xde,0x1d,0x1d,0x44,0xf1,0xec,0x16,0xd2,0xe,0xa4,0xb5,0xc4,0x5f,
  0x0,0xf6,0xa,0xce,0x22,0x29,0x5f,0x7b,0x92,0xce,0xe6,0x98,0x6,0x5c,0x47,0x3a,
  0x77,0x40,0xd,0x65,0x1,0xd0,0x5c,0xe3,0x49,0x4b,0xfa,0xbe,0x7,0x1c,0x8e,0xbd,
  0x41,0x52,0x53,0x8c,0x63,0xf3,0x44,0xc1,0x75,0xc0,0xd,0xa4,0xf9,0x2,0x6a,0x18,
  0x7f,0xe9,0x37,0xd3,0x71,0xa4,0x5d,0xc4,0xf6,0x89,0xe,0x22,0x29,0xdc,0x8d,0xa4,
  0xf9,0x1,0xbf,0x8c,0xe,0xa2,0x62,0x79,0xc2,0x54,0xb3,0xec,0xc,0x7c,0x1d,0xb8,
  0xc,0x1b,0x7f,0x49,0xc9,0x41,0xc0,0x55,0xc0,0x8f,0x81,0x5d,0x82,0xb3,0xa8,0x40,
  0xe,0x1,0x34,0xc3,0x38,0xe0,0xff,0x2,0x17,0x2,0x7,0x7,0x67,0x91,0x54,0x4e,
  0x7b,0x92,0x86,0x5,0xd6,0x3,0xbf,0x1,0x36,0xc6,0xc6,0x51,0xde,0x1c,0x2,0xa8,
  0xbf,0xfd,0x81,0xff,0x6,0x9e,0x1b,0x1d,0x44,0x52,0x65,0xdc,0x42,0x2a,0x6,0xae,
  0x8f,0xe,0xa2,0xfc,0xd8,0x3,0x50,0x5f,0x93,0x81,0xf7,0x1,0xe7,0x93,0xba,0xfe,
  0x25,0xa9,0x55,0xcf,0x20,0x6d,0x20,0xb4,0x2d,0xf0,0x2b,0x52,0xaf,0x80,0x6a,0xc6,
  0x1e,0x80,0x7a,0x7a,0x3e,0x2e,0xeb,0x93,0x94,0x8d,0x3f,0x90,0x96,0xe,0x5e,0x16,
  0x1d,0x44,0xd9,0x72,0x12,0x60,0xbd,0xcc,0x2,0x3e,0xf,0x5c,0x89,0x8d,0xbf,0xa4,
  0x6c,0xec,0xa,0xfc,0x9c,0x34,0x81,0x78,0x4e,0x70,0x16,0x65,0xc8,0x21,0x80,0xfa,
  0x38,0x19,0xf8,0x29,0x70,0x2c,0xf6,0xec,0x48,0xca,0xd6,0x18,0xd2,0x7c,0xa2,0x33,
  0x81,0x47,0x49,0x73,0x4,0x54,0x71,0x36,0x14,0xd5,0xb7,0x3,0xf0,0x59,0xe0,0x94,
  0xe8,0x20,0x92,0x1a,0xe3,0x7,0xc0,0x3b,0x81,0x87,0xa3,0x83,0xa8,0x73,0x16,0x0,
  0xd5,0xf6,0x32,0xe0,0x8b,0xa4,0x89,0x3a,0x92,0x54,0xa4,0xc7,0x81,0xb7,0x2,0x3f,
  0x8c,0xe,0xa2,0xce,0x38,0x7,0xa0,0x9a,0x26,0x3,0x9f,0x0,0xbe,0x8f,0x8d,0xbf,
  0xa4,0x18,0xdb,0x92,0x7a,0x2,0xbe,0x4e,0x3a,0x5b,0x40,0x15,0x63,0xf,0x40,0xf5,
  0x3c,0x17,0xf8,0x6,0x4e,0xf2,0x93,0x54,0x1e,0x77,0x0,0xaf,0x3,0x16,0x46,0x7,
  0x51,0xeb,0x9c,0x4,0x58,0x1d,0x63,0x80,0xb3,0x81,0x6f,0x3,0xf3,0x82,0xb3,0x48,
  0xd2,0x40,0xdb,0x2,0x6f,0x26,0xb5,0x29,0xbf,0xc2,0xc3,0x85,0x2a,0xc1,0x1e,0x80,
  0x6a,0xe8,0xdf,0xc3,0xff,0x98,0xe0,0x1c,0x92,0x34,0x9a,0x2b,0x80,0x37,0x2,0xf,
  0x46,0x7,0xd1,0xc8,0x9c,0x3,0x50,0x7e,0x2f,0x7,0x6e,0xc6,0xc6,0x5f,0x52,0x35,
  0x1c,0xb,0xfc,0xe,0x78,0x6d,0x74,0x10,0x8d,0xcc,0x2,0xa0,0xbc,0xa6,0x3,0x5f,
  0x25,0x1d,0xe0,0x33,0x3b,0x36,0x8a,0x24,0xb5,0x65,0x26,0xf0,0x3f,0xc0,0x97,0x70,
  0x82,0x60,0x69,0x39,0x4,0x50,0x4e,0x7b,0x2,0xff,0xb,0xec,0x1b,0x1d,0x44,0x92,
  0xba,0x74,0x7,0x70,0x3a,0xb0,0x28,0x3a,0x88,0xb6,0x64,0xf,0x40,0xf9,0x9c,0x42,
  0x3a,0x8a,0xd3,0xc6,0x5f,0x52,0x1d,0xec,0x5,0x5c,0xb,0xbc,0x22,0x3a,0x88,0xb6,
  0xe4,0x2a,0x80,0xf2,0x18,0xb,0xfc,0x13,0x69,0x57,0xbf,0x49,0xc1,0x59,0x24,0x29,
  0x4b,0x13,0x81,0x33,0x48,0x7b,0x98,0x5c,0x81,0xab,0x4,0x4a,0xc1,0x21,0x80,0x72,
  0x98,0x3,0x7c,0xb,0x38,0x21,0x3a,0x88,0x24,0xe5,0xec,0x4a,0xe0,0x55,0xa4,0x33,
  0x5,0x14,0xc8,0x2,0x20,0xde,0x81,0xa4,0xf1,0xfe,0x67,0x5,0xe7,0x90,0xa4,0xa2,
  0x3c,0x40,0x1a,0x12,0xf8,0x4d,0x74,0x90,0x26,0x73,0xe,0x40,0xac,0x37,0x2,0xb,
  0xb0,0xf1,0x97,0xd4,0x2c,0x3b,0x3,0xbf,0x24,0x9d,0x25,0xa0,0x20,0x16,0x0,0x31,
  0x26,0x92,0xf6,0xf2,0xff,0x1a,0x69,0x4c,0x4c,0x92,0x9a,0x66,0x22,0xe9,0x30,0xb3,
  0xaf,0xe3,0xef,0xc1,0x10,0xe,0x1,0x14,0x6f,0x7b,0xd2,0x1,0x1a,0x87,0x46,0x7,
  0x91,0xa4,0x92,0xb8,0x16,0x38,0xd,0x78,0x24,0x3a,0x48,0x93,0x58,0x0,0x14,0x6b,
  0x5f,0xe0,0x27,0xc0,0xfc,0xe8,0x20,0x92,0x54,0x32,0xf,0x1,0x2f,0x5,0x6e,0x89,
  0xe,0xd2,0x14,0xe,0x1,0x14,0xe7,0x38,0xe0,0x6a,0x6c,0xfc,0x25,0x69,0x28,0x3b,
  0x92,0xe,0x12,0x3a,0x31,0x3a,0x48,0x53,0xb8,0xf,0x40,0x31,0xfe,0x2,0xf8,0xe,
  0x30,0x35,0x38,0x87,0x24,0x95,0xd9,0x44,0xe0,0xd5,0xc0,0x12,0x3c,0x5a,0x38,0x77,
  0x16,0x0,0xf9,0x1a,0x3,0xfc,0x33,0x70,0x1e,0xfe,0xbb,0x96,0xa4,0x56,0xf4,0x0,
  0x27,0x93,0xce,0x40,0xb9,0x24,0x38,0x4b,0xad,0x39,0x7,0x20,0x3f,0x13,0x48,0x7,
  0x61,0xbc,0x3e,0x3a,0x88,0x24,0x55,0xd4,0x5,0xc0,0x99,0xc0,0x9a,0xe8,0x20,0x75,
  0x64,0x1,0x90,0x8f,0x6d,0x48,0x9b,0xfb,0x1c,0x13,0x9c,0x43,0x92,0xaa,0x6e,0x1,
  0xf0,0x32,0xe0,0xf1,0xe8,0x20,0x75,0x63,0x1,0x90,0xbd,0x5d,0x80,0x9f,0x2,0x7b,
  0x47,0x7,0x91,0xa4,0x9a,0xb8,0xb,0x78,0x9,0x70,0x67,0x74,0x90,0x3a,0x71,0x15,
  0x40,0xb6,0xe,0x21,0xad,0x67,0xb5,0xf1,0x97,0xa4,0xec,0xec,0x4e,0x5a,0x21,0x70,
  0x50,0x74,0x90,0x3a,0xb1,0x0,0xc8,0xce,0xd1,0xc0,0x65,0xc0,0x76,0xd1,0x41,0x24,
  0xa9,0x86,0xe6,0x1,0x97,0x3,0x47,0x46,0x7,0xa9,0xb,0xb,0x80,0x6c,0x9c,0xc,
  0x5c,0xc,0xcc,0x88,0xe,0x22,0x49,0x35,0x36,0x13,0xf8,0x39,0x9e,0x9c,0x9a,0x9,
  0xb,0x80,0xee,0xbd,0xe,0xf8,0x1e,0xee,0x65,0x2d,0x49,0x45,0x98,0x2,0xfc,0x98,
  0xb4,0x75,0xb0,0xba,0xe0,0xda,0xf4,0xee,0x9c,0xd,0x7c,0x1e,0xff,0x3d,0x4a,0x52,
  0x91,0xc6,0x1,0xa7,0x3,0x77,0x0,0xb7,0x5,0x67,0xa9,0x2c,0x1b,0xae,0xce,0xbd,
  0x17,0xf8,0x4f,0x5c,0x49,0x21,0x49,0x11,0xc6,0x92,0x8a,0x80,0x7,0x81,0x9b,0x82,
  0xb3,0x54,0x92,0x5,0x40,0x67,0xce,0x5,0x3e,0x12,0x1d,0x42,0x92,0x1a,0xae,0x7,
  0x38,0x5,0x58,0x4e,0x5a,0x81,0xa5,0x36,0x58,0x0,0xb4,0xef,0x5c,0xe0,0x43,0xd1,
  0x21,0x24,0x49,0x40,0xea,0x85,0x3d,0x11,0xd8,0x4,0x5c,0x15,0x9c,0xa5,0x52,0x2c,
  0x0,0xda,0xf3,0x7e,0xe0,0x3,0xd1,0x21,0x24,0x49,0x5b,0x39,0x96,0x34,0x19,0xfb,
  0xb2,0xe8,0x20,0x55,0x61,0x1,0xd0,0xba,0x7f,0x5,0xde,0x17,0x1d,0x42,0x92,0x34,
  0xac,0xa3,0x48,0xc3,0x2,0x57,0x6,0xe7,0xa8,0x4,0xb,0x80,0xd6,0xfc,0xb,0xf0,
  0xf,0xd1,0x21,0x24,0x49,0xa3,0x3a,0x1a,0x58,0xb,0x5c,0x1d,0x1d,0xa4,0xec,0x2c,
  0x0,0x46,0xf7,0x5e,0xe0,0xdf,0xa2,0x43,0x48,0x92,0x5a,0x76,0x3c,0xf0,0x24,0x70,
  0x4d,0x74,0x90,0x32,0xb3,0x0,0x18,0xd9,0x7b,0x80,0x8f,0x46,0x87,0x90,0x24,0xb5,
  0xed,0x85,0xc0,0x1f,0x81,0x1b,0xa3,0x83,0x94,0x95,0x5,0xc0,0xf0,0xce,0x6,0xce,
  0x8b,0xe,0x21,0x49,0xea,0xc8,0x18,0xd2,0x9,0x82,0xb7,0xe3,0x66,0x41,0x43,0x72,
  0x13,0x9b,0xa1,0xbd,0x1e,0xf8,0x1a,0x6e,0x95,0x2c,0x49,0x55,0xb7,0x1e,0x78,0x39,
  0x69,0xfb,0x60,0xd,0x60,0x1,0xb0,0xb5,0x53,0x48,0x7b,0xfb,0x8f,0x8b,0xe,0x22,
  0x49,0xca,0xc4,0x3a,0xe0,0x54,0xe0,0x67,0xd1,0x41,0xca,0xc4,0x2,0x60,0x4b,0xc7,
  0x2,0x3f,0x5,0x26,0x45,0x7,0x91,0x24,0x65,0x6a,0x35,0xf0,0x62,0xe0,0x97,0xd1,
  0x41,0xca,0xc2,0x2,0x60,0xb3,0x43,0x80,0x5f,0x0,0xd3,0xa3,0x83,0x48,0x92,0x72,
  0xb1,0x1c,0x78,0x1,0x4e,0xc,0x4,0x2c,0x0,0xfa,0xed,0x42,0x5a,0x2e,0x32,0x2f,
  0x3a,0x88,0x24,0x29,0x57,0x8f,0x3,0x47,0x0,0x77,0x45,0x7,0x89,0xe6,0x24,0x37,
  0x98,0xd,0x5c,0x8c,0x8d,0xbf,0x24,0x35,0xc1,0xb6,0xc0,0x8f,0x80,0x6d,0xa2,0x83,
  0x44,0x6b,0x7a,0x1,0x30,0x1e,0xb8,0x0,0xd8,0x2b,0x3a,0x88,0x24,0xa9,0x30,0xcf,
  0x6,0x7e,0x0,0x4c,0x8c,0xe,0x12,0xa9,0xc9,0x5,0xc0,0x18,0xe0,0x4b,0xc0,0x71,
  0xd1,0x41,0x24,0x49,0x85,0x7b,0x3e,0xf0,0x55,0x1a,0x3c,0x14,0xde,0xe4,0x8d,0x80,
  0x3e,0x0,0xfc,0x75,0x74,0x8,0x49,0x52,0x98,0xe7,0xf4,0x3d,0x5e,0x19,0x19,0x22,
  0x4a,0x53,0xb,0x80,0x37,0x1,0x1f,0x8b,0xe,0x21,0x49,0xa,0x77,0x34,0x70,0x2f,
  0x70,0x4b,0x70,0x8e,0xc2,0x35,0xb1,0xeb,0xe3,0x18,0xe0,0x12,0x60,0x42,0x70,0xe,
  0x49,0x52,0x39,0xac,0x27,0x6d,0x1b,0x7c,0x59,0x74,0x90,0x22,0x35,0xad,0x0,0xd8,
  0x7,0x58,0x0,0xcc,0x8a,0xe,0x22,0x49,0x2a,0x95,0x15,0xc0,0x51,0xc0,0xad,0xd1,
  0x41,0x8a,0xd2,0xa4,0x2,0x60,0x7b,0xd2,0x5a,0xff,0xf9,0xd1,0x41,0x24,0x49,0xa5,
  0x74,0x2f,0x69,0x8f,0x80,0x47,0x82,0x73,0x14,0xa2,0x29,0xab,0x0,0x26,0x92,0x96,
  0x7c,0xd8,0xf8,0x4b,0x92,0x86,0xf3,0x2c,0xe0,0xfb,0x34,0x64,0x88,0xb8,0x29,0x93,
  0x0,0x3f,0x7,0x9c,0x1c,0x1d,0x42,0x92,0x54,0x7a,0x3b,0x1,0x73,0x81,0x9f,0x44,
  0x7,0xc9,0x5b,0x13,0xa,0x80,0x37,0x90,0x96,0xfc,0x49,0x92,0xd4,0x8a,0xe7,0x2,
  0xf,0x0,0x37,0x45,0x7,0xc9,0x53,0xdd,0xe7,0x0,0x1c,0x48,0x9a,0xf4,0x37,0x39,
  0x3a,0x88,0x24,0xa9,0x52,0xd6,0x0,0xcf,0x3,0x6e,0x88,0xe,0x92,0x97,0x3a,0x17,
  0x0,0xb3,0x49,0xff,0xe1,0x76,0x89,0xe,0x22,0x49,0xaa,0xa4,0xfb,0x81,0x83,0x49,
  0x7,0x8,0xd5,0x4e,0x5d,0x27,0x1,0xf6,0x0,0xdf,0xc4,0xc6,0x5f,0x92,0xd4,0xb9,
  0x67,0x2,0xdf,0xa6,0xa6,0xc3,0xe5,0xb5,0xfc,0x4b,0x1,0x1f,0x2,0xce,0x8c,0xe,
  0x21,0x49,0xaa,0xbc,0x5d,0x81,0x71,0xc0,0xe5,0xd1,0x41,0xb2,0x56,0xc7,0x21,0x80,
  0x53,0x49,0xcb,0x38,0xea,0xf8,0x77,0x93,0x24,0x15,0x6f,0x13,0x70,0x6,0xf0,0xbd,
  0xe8,0x20,0x59,0xaa,0x5b,0x23,0xb9,0x17,0xf0,0x1b,0x60,0x46,0x74,0x10,0x49,0x52,
  0xad,0x3c,0x9,0x1c,0x6,0x2c,0x8e,0xe,0x92,0x95,0x3a,0xcd,0x1,0x98,0x4e,0xda,
  0xec,0xc7,0xc6,0x5f,0x92,0x94,0xb5,0xe9,0xc0,0x77,0x81,0x69,0xd1,0x41,0xb2,0x52,
  0xa7,0x39,0x0,0x5f,0x0,0x8e,0x8f,0xe,0x21,0x49,0xaa,0xad,0xed,0x80,0x79,0xc0,
  0x8f,0xa2,0x83,0x64,0xa1,0x2e,0x5,0xc0,0xcb,0x81,0xf,0x46,0x87,0x90,0x24,0xd5,
  0xde,0x41,0xc0,0xed,0xc0,0x6d,0xd1,0x41,0xba,0x55,0x87,0x39,0x0,0x3b,0x91,0xce,
  0x71,0x9e,0x1d,0x1d,0x44,0x92,0xd4,0x8,0xcb,0x80,0xfd,0x49,0xfb,0x4,0x54,0x56,
  0xd5,0xe7,0x0,0xf4,0x0,0x5f,0xc3,0xc6,0x5f,0x92,0x54,0x9c,0x59,0xc0,0xf9,0x54,
  0xbc,0x17,0xbd,0xd2,0xe1,0x81,0xbf,0x3,0xde,0x1a,0x1d,0x42,0x92,0xd4,0x38,0xf3,
  0x81,0x95,0xc0,0xaf,0xa3,0x83,0x74,0xaa,0xca,0x43,0x0,0x7,0x1,0xd7,0xd0,0x90,
  0x63,0x1b,0x25,0x49,0xa5,0xb3,0x1e,0x38,0x12,0xb8,0x3e,0x3a,0x48,0x27,0xaa,0x5a,
  0x0,0x4c,0x5,0x16,0x92,0xd6,0xfd,0x4b,0x92,0x14,0x65,0x31,0xe9,0xf4,0xc0,0xd5,
  0xd1,0x41,0xda,0x55,0xd5,0x21,0x80,0x4f,0x3,0x2f,0x8c,0xe,0x21,0x49,0x6a,0xbc,
  0xb9,0xa4,0x79,0x68,0x3f,0x89,0xe,0xd2,0xae,0x2a,0xf6,0x0,0xbc,0x8c,0xb4,0xd5,
  0xaf,0x24,0x49,0x65,0x71,0x2a,0x15,0xdb,0x1f,0xa0,0x6a,0x5,0xc0,0xe,0xc0,0x6f,
  0x81,0x39,0xd1,0x41,0x24,0x49,0x1a,0xe0,0x31,0x60,0x3f,0xe0,0x91,0xe8,0x20,0xad,
  0xaa,0xda,0x32,0xc0,0x4f,0x63,0xe3,0x2f,0x49,0x2a,0x9f,0xb9,0xc0,0x17,0xa3,0x43,
  0xb4,0xa3,0x4a,0x73,0x0,0x5e,0x9,0xfc,0x43,0x74,0x8,0x49,0x92,0x86,0xb1,0x27,
  0x70,0x27,0x70,0x6b,0x74,0x90,0x56,0x54,0x65,0x8,0x60,0x26,0xb0,0x88,0x34,0x4,
  0x20,0x49,0x52,0x59,0xfd,0x9,0xd8,0x17,0x58,0x12,0x1d,0x64,0x34,0x55,0x19,0x2,
  0x38,0xf,0x1b,0x7f,0x49,0x52,0xf9,0xcd,0x1,0x3e,0x19,0x1d,0xa2,0x15,0x55,0xe8,
  0x1,0x38,0x16,0xf8,0x5,0xd5,0xc8,0x2a,0x49,0x12,0xc0,0x19,0xc0,0x85,0xd1,0x21,
  0x46,0x52,0xf6,0x46,0x75,0xa,0x69,0xd6,0xff,0x6e,0xd1,0x41,0x24,0x49,0x6a,0xc3,
  0x23,0xc0,0x3e,0xc0,0xd2,0xe8,0x20,0xc3,0x29,0xfb,0x24,0xc0,0xf,0x2,0x27,0x45,
  0x87,0x90,0x24,0xa9,0x4d,0xd3,0x80,0x19,0x94,0x78,0x83,0xa0,0x32,0xf7,0x0,0xec,
  0x4f,0xda,0x5f,0x79,0x7c,0x74,0x10,0x49,0x92,0x3a,0xb0,0x11,0x78,0x1e,0x25,0x3d,
  0x30,0xa8,0xac,0x5,0xc0,0x38,0xe0,0x3a,0xd2,0x81,0x3f,0x92,0x24,0x55,0xd5,0xef,
  0x48,0x6d,0xd9,0xfa,0xe8,0x20,0x83,0x95,0x75,0x8,0xe0,0x5c,0xe0,0xf5,0xd1,0x21,
  0x24,0x49,0xea,0xd2,0x76,0xa4,0x63,0x83,0x17,0x44,0x7,0x19,0xac,0x8c,0x3d,0x0,
  0xbb,0x92,0x2a,0xa6,0xc9,0xd1,0x41,0x24,0x49,0xca,0xc0,0x6a,0xe0,0xd9,0xc0,0xfd,
  0xd1,0x41,0x6,0x2a,0xe3,0x3e,0x0,0xe7,0x61,0xe3,0x2f,0x49,0xaa,0x8f,0x29,0xc0,
  0xc7,0xa2,0x43,0xc,0x56,0xb6,0x1e,0x80,0x13,0x80,0x9f,0x47,0x87,0x90,0x24,0x29,
  0x7,0x27,0x2,0x97,0x44,0x87,0xe8,0x57,0xa6,0x2,0x60,0x2,0x69,0xcd,0xff,0x5e,
  0xd1,0x41,0x24,0x49,0xca,0xc1,0x22,0xe0,0x0,0x4a,0x32,0x21,0xb0,0x4c,0x93,0x0,
  0xdf,0xb,0xbc,0x3a,0x3a,0x84,0x24,0x49,0x39,0x99,0x4b,0xda,0x18,0xe8,0xda,0xe8,
  0x20,0x50,0x9e,0x1e,0x80,0x1d,0x80,0x3b,0x48,0x1b,0x27,0x48,0x92,0x54,0x57,0x2b,
  0x48,0xa7,0x6,0x86,0x1f,0x16,0x54,0x96,0x1e,0x80,0x4f,0x0,0x87,0x45,0x87,0x90,
  0x24,0x29,0x67,0x13,0x49,0x3b,0x4,0x5e,0x14,0x1d,0xa4,0xc,0x3d,0x0,0xfb,0x3,
  0xb,0x29,0x4f,0x31,0x22,0x49,0x52,0x9e,0x7a,0x81,0x3,0x81,0x5b,0x23,0x43,0x94,
  0x61,0x19,0xe0,0x7f,0x60,0xe3,0x2f,0x49,0x6a,0x8e,0xb1,0xc0,0x47,0xa2,0x43,0x44,
  0x17,0x0,0x2f,0x25,0x2d,0xfd,0x93,0x24,0xa9,0x49,0x4e,0x4,0x5e,0x14,0x19,0x20,
  0x72,0x8,0x60,0x2c,0x70,0xb,0xb0,0x6f,0x60,0x6,0x49,0x92,0xa2,0x2c,0x22,0xd,
  0x83,0x6f,0x88,0x78,0xf3,0xc8,0x1e,0x80,0x37,0x63,0xe3,0x2f,0x49,0x6a,0xae,0x7d,
  0x8,0x3c,0xf7,0x26,0xaa,0x7,0x60,0x12,0xf0,0x7b,0x60,0xe7,0xa0,0xf7,0x97,0x24,
  0xa9,0xc,0xee,0x23,0x6d,0x80,0xb7,0xb6,0xe8,0x37,0x8e,0xea,0x1,0x78,0x17,0x36,
  0xfe,0x92,0x24,0xcd,0x7,0xde,0x1e,0xf1,0xc6,0x11,0x3d,0x0,0xd3,0x81,0xbb,0x48,
  0x47,0x24,0x4a,0x92,0xd4,0x74,0x8f,0x1,0xbb,0x1,0x4f,0x16,0xf9,0xa6,0x11,0x3d,
  0x0,0xff,0x7,0x1b,0x7f,0x49,0x92,0xfa,0xcd,0x5,0xfe,0xa6,0xe8,0x37,0x2d,0xba,
  0x7,0x60,0x5b,0xe0,0xf,0xa4,0x5e,0x0,0x49,0x92,0x94,0x2c,0x7,0x76,0x21,0x9d,
  0x15,0x50,0x88,0xa2,0x7b,0x0,0xfe,0x16,0x1b,0x7f,0x49,0x92,0x6,0x9b,0x9,0x9c,
  0x53,0xe4,0x1b,0x16,0xd9,0x3,0x30,0x7,0xb8,0x7,0xb,0x0,0x49,0x92,0x86,0x52,
  0x68,0x2f,0x40,0x91,0x3d,0x0,0xef,0xc1,0xc6,0x5f,0x92,0xa4,0xe1,0xcc,0x4,0xce,
  0x2e,0xea,0xcd,0x8a,0xea,0x1,0x98,0x4d,0xfa,0xf4,0x3f,0xa3,0xa0,0xf7,0x93,0x24,
  0xa9,0x8a,0xa,0xeb,0x5,0x28,0xaa,0x7,0xe0,0xdd,0xd8,0xf8,0x4b,0x92,0x34,0x9a,
  0x99,0x14,0xb4,0x22,0xa0,0x88,0x1e,0x80,0x19,0xa4,0x9d,0x8e,0x66,0x15,0xf0,0x5e,
  0x92,0x24,0x55,0xdd,0x52,0xe0,0x99,0xc0,0xca,0x3c,0xdf,0xa4,0x88,0x1e,0x80,0x77,
  0x60,0xe3,0x2f,0x49,0x52,0xab,0xb6,0x1,0xde,0x94,0xf7,0x9b,0xe4,0xdd,0x3,0x30,
  0x91,0xb4,0xee,0x7f,0x87,0x9c,0xdf,0x47,0x92,0xa4,0x3a,0xb9,0x7,0xd8,0x3,0xe8,
  0xcd,0xeb,0xd,0xf2,0xee,0x1,0x38,0x13,0x1b,0x7f,0x49,0x92,0xda,0xb5,0xb,0x70,
  0x5a,0x9e,0x6f,0x90,0x67,0xf,0xc0,0x58,0x60,0x31,0xa9,0x82,0x91,0x24,0x49,0xed,
  0xb9,0x1e,0x38,0x34,0xaf,0x9b,0xe7,0xd9,0x3,0x70,0x1a,0x36,0xfe,0x92,0x24,0x75,
  0xea,0x10,0xe0,0xa8,0xbc,0x6e,0x9e,0x67,0x1,0xf0,0x9e,0x1c,0xef,0x2d,0x49,0x52,
  0x13,0xfc,0x6d,0x5e,0x37,0xce,0x6b,0x8,0xe0,0x60,0xe0,0x86,0x9c,0xee,0x2d,0x49,
  0x52,0x53,0x6c,0x4,0xf6,0x5,0x6e,0xcf,0xfa,0xc6,0x79,0xf5,0x0,0xf8,0xe9,0x5f,
  0x92,0xa4,0xee,0xf5,0x90,0xd3,0xc6,0x40,0x79,0xf4,0x0,0xec,0x40,0x5a,0xbe,0x30,
  0x21,0x87,0x7b,0x4b,0x92,0xd4,0x34,0x4f,0x1,0xf3,0x81,0xc7,0xb2,0xbc,0x69,0x1e,
  0x3d,0x0,0xef,0xc4,0xc6,0x5f,0x92,0xa4,0xac,0x4c,0x26,0x6d,0xaa,0x97,0xa9,0xac,
  0x7b,0x0,0x26,0x2,0xf,0x0,0x73,0x33,0xbe,0xaf,0x24,0x49,0x4d,0xb6,0x84,0xb4,
  0x3d,0xf0,0xba,0xac,0x6e,0x98,0x75,0xf,0xc0,0x19,0xd8,0xf8,0x4b,0x92,0x94,0xb5,
  0x79,0xc0,0xe9,0x59,0xde,0x30,0xeb,0x2,0xe0,0x2f,0x33,0xbe,0x9f,0x24,0x49,0x4a,
  0x32,0x6d,0x63,0xb3,0x1c,0x2,0xd8,0x7,0xb8,0x2d,0xc3,0xfb,0x49,0x92,0xa4,0x2d,
  0xfd,0x19,0xf0,0xbb,0x2c,0x6e,0x94,0x65,0xf,0xc0,0x5f,0x65,0x78,0x2f,0x49,0x92,
  0xb4,0xb5,0xb7,0x65,0x75,0xa3,0xac,0x7a,0x0,0xa6,0x1,0xf,0x1,0x33,0x32,0xba,
  0x9f,0x24,0x49,0xda,0xda,0x72,0x60,0x47,0x60,0x55,0xb7,0x37,0xca,0xaa,0x7,0xe0,
  0x35,0xd8,0xf8,0x4b,0x92,0x94,0xb7,0x99,0xa4,0x9,0xf7,0x5d,0xcb,0xaa,0x0,0x78,
  0x73,0x46,0xf7,0x91,0x24,0x49,0x23,0x7b,0x53,0x16,0x37,0xc9,0x62,0x8,0x60,0x4f,
  0xd2,0x1e,0xc5,0x79,0x1e,0x2d,0x2c,0x49,0x92,0x92,0x4d,0xa4,0xb6,0xf7,0xae,0x6e,
  0x6e,0x92,0x45,0xf,0xc0,0x5b,0xb0,0xf1,0x97,0x24,0xa9,0x28,0x63,0x80,0x33,0xb3,
  0xb8,0x49,0x37,0xc6,0x1,0xf7,0x3,0xdb,0x77,0x1b,0x44,0x92,0x24,0xb5,0xec,0x21,
  0xd2,0xf9,0x0,0xbd,0x9d,0xde,0xa0,0xdb,0x1e,0x80,0x13,0xb1,0xf1,0x97,0x24,0xa9,
  0x68,0x3b,0x2,0xc7,0x75,0x73,0x83,0x6e,0xb,0x80,0x37,0x74,0xf9,0x7a,0x49,0x92,
  0xd4,0x99,0xae,0xda,0xe0,0x6e,0x86,0x0,0xa6,0x3,0x8f,0x0,0x53,0xba,0x9,0x20,
  0x49,0x92,0x3a,0xb2,0x8a,0x74,0x46,0x40,0x47,0x7b,0x2,0x74,0xd3,0x3,0x70,0x3a,
  0x36,0xfe,0x92,0x24,0x45,0x99,0xa,0x9c,0xdc,0xe9,0x8b,0xbb,0x29,0x0,0x5e,0xd3,
  0xc5,0x6b,0x25,0x49,0x52,0xf7,0x5e,0xdb,0xe9,0xb,0x3b,0x1d,0x2,0xd8,0x8e,0x34,
  0x3,0x71,0x5c,0xa7,0x6f,0x2c,0x49,0x92,0xba,0xb6,0x9e,0x34,0x19,0xff,0x4f,0xed,
  0xbe,0xb0,0xd3,0x1e,0x80,0x57,0x61,0xe3,0x2f,0x49,0x52,0xb4,0xf1,0xc0,0x2b,0x3a,
  0x79,0x61,0x37,0x5,0x80,0x24,0x49,0x8a,0xf7,0xca,0x4e,0x5e,0xd4,0xc9,0x10,0xc0,
  0x3c,0xe0,0x8f,0x64,0x7b,0x94,0xb0,0x24,0x49,0xea,0x4c,0x2f,0x69,0x18,0xe0,0xb1,
  0x76,0x5e,0xd4,0x49,0x37,0xfe,0x69,0xd8,0xf8,0xab,0x7a,0x56,0x0,0x17,0x1,0x57,
  0x0,0xb7,0x0,0xf7,0x2,0xcb,0x48,0xe3,0x67,0x6a,0xae,0xf1,0xc0,0x2c,0xe0,0x59,
  0xc0,0x1,0xc0,0xb1,0xc0,0x49,0xa4,0x65,0xce,0x52,0x55,0x8c,0x5,0x4e,0x1,0xbe,
  0x94,0xf7,0x1b,0x5d,0x4a,0x3a,0x88,0xc0,0xcb,0xab,0xa,0xd7,0xed,0xa4,0xd3,0x2a,
  0x27,0x23,0xb5,0x66,0xa,0xe9,0x8c,0x93,0xdf,0x13,0xff,0xf3,0xeb,0xe5,0xd5,0xea,
  0xf5,0x53,0xda,0xd4,0xee,0x10,0xc0,0x1c,0xd2,0xe6,0x3f,0x4e,0x0,0x54,0xd9,0xad,
  0x6,0xfe,0x11,0xf8,0x4,0xb0,0x21,0x38,0x8b,0xaa,0x69,0x3c,0x70,0x36,0xf0,0x1,
  0x60,0x52,0x70,0x16,0x69,0x34,0xeb,0x48,0x43,0xf4,0xcb,0x5a,0x7d,0x41,0xbb,0x5d,
  0xf9,0xa7,0x60,0xe3,0xaf,0xf2,0xbb,0x13,0x38,0xc,0xf8,0x18,0x36,0xfe,0xea,0xdc,
  0x7a,0xe0,0xa3,0xc0,0x31,0xc0,0xc3,0xb1,0x51,0xa4,0x51,0x4d,0xa0,0xcd,0x4d,0x81,
  0xda,0x2d,0x0,0x4e,0x6d,0xf3,0xf9,0x52,0xd1,0x6e,0x2,0x8e,0x4,0x7e,0x17,0x1d,
  0x44,0xb5,0x71,0x1d,0x70,0x8,0x69,0xee,0x88,0x54,0x66,0xa7,0xb4,0xf3,0xe4,0x76,
  0x86,0x0,0x26,0x1,0x8f,0x93,0xb6,0x1e,0x94,0xca,0xe8,0x4e,0x52,0xe3,0xdf,0xd6,
  0x4c,0x58,0xa9,0x45,0x3b,0x1,0xbf,0xc1,0x13,0x50,0x55,0x5e,0x2b,0x80,0xb9,0xa4,
  0xe1,0x80,0x51,0xb5,0xd3,0x3,0xf0,0x2,0x6c,0xfc,0x55,0x5e,0x6b,0x80,0x33,0xb0,
  0xf1,0x57,0x7e,0x1e,0x24,0x75,0xb1,0x3e,0x15,0x1d,0x44,0x1a,0xc6,0xc,0xe0,0xf9,
  0xad,0x3e,0xb9,0x9d,0x2,0xe0,0xa5,0xed,0x67,0x91,0xa,0xf3,0x3e,0xec,0xa2,0x55,
  0xfe,0x16,0x2,0xff,0x1e,0x1d,0x42,0x1a,0xc1,0x49,0xad,0x3e,0xb1,0x9d,0x21,0x80,
  0x7b,0x81,0xf9,0x6d,0x47,0x91,0xf2,0xf7,0x7b,0x60,0x5f,0x9c,0xf0,0xa7,0x62,0x4c,
  0x25,0xd,0x37,0x39,0x14,0xa0,0x32,0xba,0xb,0xd8,0xa3,0x95,0x27,0xb6,0xda,0x3,
  0xb0,0x1f,0x36,0xfe,0x2a,0xaf,0xf,0x63,0xe3,0xaf,0xe2,0xac,0x2,0xde,0x1f,0x1d,
  0x42,0x1a,0xc6,0xee,0xc0,0xde,0xad,0x3c,0xb1,0xd5,0x2,0xe0,0xc4,0xce,0xb3,0x48,
  0xb9,0x5a,0x1,0x7c,0x3b,0x3a,0x84,0x1a,0xe7,0xeb,0xc0,0x93,0xd1,0x21,0xa4,0x61,
  0xbc,0xa8,0x95,0x27,0xb5,0x5a,0x0,0x1c,0xdf,0x45,0x10,0x29,0x4f,0x3f,0x21,0x6d,
  0xfa,0x23,0x15,0x69,0x35,0x1d,0xec,0xbc,0x26,0x15,0xe4,0x85,0xad,0x3c,0xa9,0x95,
  0x2,0x60,0x32,0xf0,0xbc,0xee,0xb2,0x48,0xb9,0xb9,0x3c,0x3a,0x80,0x1a,0xcb,0x9f,
  0x3d,0x95,0xd5,0xd1,0xa4,0x8d,0x81,0x46,0xd4,0x4a,0x1,0x70,0x14,0x6e,0x83,0xa9,
  0xf2,0x72,0xe6,0xbf,0xa2,0xfc,0x36,0x3a,0x80,0x34,0x8c,0xa9,0xc0,0x9f,0x8f,0xf6,
  0xa4,0x56,0xa,0x80,0x13,0xba,0xcf,0x22,0xe5,0xe6,0x9e,0xe8,0x0,0x6a,0xac,0x3f,
  0x44,0x7,0x90,0x46,0x30,0x6a,0xdb,0x6d,0x1,0xa0,0xaa,0x5b,0x11,0x1d,0x40,0x8d,
  0xb5,0x3c,0x3a,0x80,0x34,0x82,0x51,0xdb,0xee,0xd1,0xf6,0x1,0x98,0x4d,0xda,0x59,
  0xad,0xdd,0x33,0x3,0xa4,0xa2,0xb4,0x7b,0xa2,0xa5,0x94,0xa5,0x4d,0xd1,0x1,0xa4,
  0x61,0x6c,0x24,0x9d,0xe0,0x3b,0xec,0xe9,0x80,0xa3,0x35,0xec,0xcf,0x6f,0xe1,0x39,
  0x92,0x24,0xa9,0x5c,0x7a,0x48,0x67,0xa3,0x8c,0xf8,0x84,0x91,0xb4,0xbc,0xa7,0xb0,
  0x24,0x49,0x2a,0x95,0x11,0xdb,0xf0,0xd1,0xa,0x80,0xa3,0x33,0xc,0x22,0x49,0x92,
  0x8a,0x33,0x62,0x1b,0x3e,0xd2,0xf8,0xe9,0xc,0xe0,0x9,0x60,0x6c,0xa6,0x71,0xa4,
  0x6c,0x39,0x7,0x40,0x91,0x9c,0x3,0xa0,0x32,0xdb,0x40,0x9a,0xcb,0x37,0xe4,0xae,
  0x95,0x23,0xf5,0x0,0x1c,0x85,0x8d,0xbf,0x24,0x49,0x55,0x35,0xe,0x38,0x7c,0xb8,
  0x3f,0x1c,0xa9,0x0,0x18,0x71,0xf2,0x80,0x24,0x49,0x2a,0xbd,0xa3,0x86,0xfb,0x83,
  0x91,0xa,0x80,0x23,0x72,0x8,0x22,0x49,0x92,0x8a,0x33,0x6c,0xf,0xc0,0x70,0xe3,
  0xa7,0x3d,0xc0,0x52,0xd2,0x3c,0x0,0xa9,0xcc,0x9c,0x3,0xa0,0x48,0xce,0x1,0x50,
  0xd9,0x2d,0x27,0xcd,0x3,0xd8,0x38,0xf8,0xf,0x86,0xeb,0x1,0x78,0xe,0x36,0xfe,
  0x92,0x24,0x55,0xdd,0x4c,0x60,0xef,0xa1,0xfe,0x60,0xb8,0x2,0xe0,0xb0,0xfc,0xb2,
  0x48,0x92,0xa4,0x2,0xd,0x39,0xc,0x60,0x1,0x20,0x49,0x52,0xbd,0xd,0xd9,0xa6,
  0xf,0x57,0x0,0x1c,0x9a,0x63,0x10,0x49,0x92,0x54,0x9c,0x21,0xdb,0xf4,0xa1,0x26,
  0x50,0x4d,0x22,0x9d,0xb0,0x36,0x3e,0xd7,0x38,0x52,0x36,0x9c,0x4,0xa8,0x48,0x4e,
  0x2,0x54,0x15,0xac,0x27,0xcd,0xeb,0x5b,0x33,0xf0,0x9b,0x43,0xf5,0x0,0xec,0x87,
  0x8d,0xbf,0x24,0x49,0x75,0x31,0x1e,0xd8,0x67,0xf0,0x37,0x87,0x2a,0x0,0xe,0xcc,
  0x3f,0x8b,0x24,0x49,0x2a,0xd0,0x56,0x6d,0xbb,0x5,0x80,0x24,0x49,0xf5,0x67,0x1,
  0x20,0x49,0x52,0x3,0x6d,0xd5,0xb6,0xf,0x9e,0x40,0x35,0x96,0x74,0x6a,0xd0,0xe4,
  0x42,0xe2,0x48,0xdd,0x73,0x12,0xa0,0x22,0x39,0x9,0x50,0x55,0xb1,0x92,0xb4,0x29,
  0xd0,0xd3,0x3b,0x2,0xe,0xee,0x1,0xd8,0xd,0x1b,0x7f,0x49,0x92,0xea,0x66,0x1a,
  0x30,0x7f,0xe0,0x37,0x6,0x17,0x0,0xfb,0x16,0x97,0x45,0x92,0x24,0x15,0x68,0x8b,
  0x36,0x7e,0x70,0x1,0xb0,0xd5,0x32,0x1,0x49,0x92,0x54,0xb,0x5b,0xb4,0xf1,0x16,
  0x0,0x92,0x24,0x35,0x83,0x5,0x80,0x24,0x49,0xd,0xb4,0x45,0x1b,0x3f,0x70,0x6,
  0x75,0xf,0x69,0x96,0xa0,0x93,0x0,0x55,0x25,0xae,0x2,0x50,0x24,0x57,0x1,0xa8,
  0x4a,0x56,0x92,0xb6,0x4,0xde,0x4,0x5b,0xf6,0x0,0xcc,0xc7,0xc6,0x5f,0x92,0xa4,
  0xba,0x9a,0x6,0xec,0xd8,0xff,0xf,0x3,0xb,0x80,0xdd,0x8b,0xcf,0x22,0x49,0x92,
  0xa,0xf4,0x74,0x5b,0x6f,0x1,0x20,0x49,0x52,0x73,0xc,0x59,0x0,0xec,0x16,0x10,
  0x44,0x92,0x24,0x15,0xe7,0xe9,0xb6,0xde,0x1e,0x0,0x49,0x92,0x9a,0xc3,0x21,0x0,
  0x49,0x92,0x1a,0xe8,0xe9,0xb6,0x7e,0xcc,0x80,0xc7,0x95,0xc0,0x94,0x90,0x38,0x52,
  0xe7,0x5c,0x6,0xa8,0x48,0x2e,0x3,0x54,0xd5,0x3c,0x49,0x5a,0xa,0xf8,0x74,0xf,
  0xc0,0xb6,0xd8,0xf8,0x4b,0x92,0x54,0x77,0xd3,0x81,0x59,0xb0,0xb9,0x0,0xd8,0x39,
  0x2e,0x8b,0x24,0x49,0x2a,0xd0,0x33,0xc1,0x2,0x40,0x92,0xa4,0xa6,0xd9,0x19,0x2c,
  0x0,0x24,0x49,0x6a,0x1a,0x7b,0x0,0x24,0x49,0x6a,0xa0,0x2d,0x7a,0x0,0x76,0xa,
  0xc,0x22,0x49,0x92,0x8a,0xb3,0x45,0x1,0xb0,0x43,0x60,0x10,0x49,0x92,0x54,0x9c,
  0xed,0x61,0x73,0x1,0x30,0x2f,0x30,0x88,0x24,0x49,0x2a,0xce,0x3c,0xb0,0x0,0x90,
  0x24,0xa9,0x69,0xb6,0x83,0xb4,0x8b,0xda,0x78,0x60,0x2d,0xee,0xa8,0xa6,0x6a,0xf2,
  0xe7,0x56,0x91,0xdc,0x9,0x50,0x55,0xb4,0x11,0x98,0xd8,0x43,0xaa,0x4,0xfc,0x25,
  0x2a,0x49,0x52,0x33,0xf4,0x0,0x73,0xfa,0xb,0x0,0x49,0x92,0xd4,0x1c,0xf3,0x7a,
  0x80,0xb9,0xd1,0x29,0x24,0x49,0x52,0xa1,0xe6,0xf6,0x0,0xdb,0x44,0xa7,0x90,0x24,
  0x49,0x85,0x9a,0xd5,0x43,0xdf,0xa9,0x40,0x92,0x24,0xa9,0x31,0xb6,0xb1,0x7,0x40,
  0x92,0xa4,0xe6,0x99,0xd5,0x3,0xcc,0x8c,0x4e,0x21,0x49,0x92,0xa,0x35,0xd3,0x21,
  0x0,0x49,0x92,0x9a,0x67,0x1b,0x7b,0x0,0x24,0x49,0x6a,0x9e,0x59,0x3d,0xc0,0xb4,
  0xe8,0x14,0x92,0x24,0xa9,0x50,0x53,0x7b,0x80,0x29,0xd1,0x29,0x24,0x49,0x52,0xa1,
  0xa6,0xf4,0x0,0x93,0xa3,0x53,0x48,0x92,0xa4,0x42,0x4d,0xb6,0x7,0x40,0x92,0xa4,
  0xe6,0x99,0x62,0x1,0x20,0x49,0x52,0xf3,0x38,0x4,0x20,0x49,0x52,0x3,0x4d,0xee,
  0x1,0x26,0x45,0xa7,0x90,0x24,0x49,0x85,0x9a,0xdc,0x3,0x8c,0x8b,0x4e,0x21,0x49,
  0x92,0xa,0x35,0xce,0x2,0x40,0x92,0xa4,0xe6,0x19,0xdb,0x3,0x8c,0x8d,0x4e,0x21,
  0x49,0x92,0xa,0x35,0xce,0x2,0x40,0x92,0xa4,0xe6,0xb1,0x7,0x40,0x92,0xa4,0x6,
  0xb2,0x7,0x40,0x92,0xa4,0x6,0x1a,0xdb,0x13,0x9d,0x40,0x92,0x24,0x15,0xaf,0x7,
  0xe8,0x8d,0xe,0x21,0x49,0x92,0xa,0xd5,0x6b,0x1,0x20,0x49,0x52,0xf3,0x6c,0xb0,
  0x0,0x90,0x24,0xa9,0x79,0xec,0x1,0x90,0x24,0xa9,0x81,0x36,0xf4,0x0,0x1b,0xa2,
  0x53,0x48,0x92,0xa4,0x42,0xf5,0x5a,0x0,0x48,0x92,0xd4,0x3c,0x1b,0x7a,0x80,0x35,
  0xd1,0x29,0x24,0x49,0x52,0xa1,0x9e,0xea,0x1,0x9e,0x8a,0x4e,0x21,0x49,0x92,0xa,
  0xf5,0x54,0xf,0xb0,0x3a,0x3a,0x85,0x24,0x49,0x2a,0xd4,0x6a,0xb,0x0,0x49,0x92,
  0x9a,0x67,0xb5,0x43,0x0,0x92,0x24,0x35,0x8f,0x43,0x0,0x92,0x24,0x35,0xd0,0xea,
  0x1e,0x60,0x65,0x74,0xa,0x49,0x92,0x54,0xa8,0x55,0x3d,0xc0,0xb2,0xe8,0x14,0x92,
  0x24,0xa9,0x50,0x4f,0x58,0x0,0x48,0x92,0xd4,0x3c,0xcb,0x2c,0x0,0x24,0x49,0x6a,
  0x9e,0xe5,0x16,0x0,0x92,0x24,0x35,0xcf,0x52,0xb,0x0,0x49,0x92,0x9a,0x67,0x59,
  0xf,0xb0,0x34,0x3a,0x85,0x24,0x49,0x2a,0xd4,0xf2,0x1e,0xe0,0xb1,0xe8,0x14,0x92,
  0x24,0xa9,0x50,0x4b,0x7a,0x80,0x25,0xd1,0x29,0x24,0x49,0x52,0xa1,0x1e,0x1d,0x3,
  0x8c,0x3,0xd6,0x2,0x3d,0xc1,0x61,0xa4,0x4e,0x8c,0x89,0xe,0xa0,0x46,0xdb,0x14,
  0x1d,0x40,0xea,0x40,0x2f,0x30,0xb1,0x7,0xd8,0x0,0x3c,0x11,0x1c,0x46,0x92,0x24,
  0x15,0xe3,0x71,0xa0,0xb7,0xff,0x53,0xff,0xa3,0x91,0x49,0x24,0x49,0x52,0x61,0x96,
  0xc0,0xe6,0x6e,0x7f,0xe7,0x1,0x48,0x92,0xd4,0xc,0x8f,0xc2,0xe6,0x2,0xe0,0xe1,
  0xc0,0x20,0x92,0x24,0xa9,0x38,0xf,0xc3,0xe6,0x2,0xe0,0x81,0xc0,0x20,0x92,0x24,
  0xa9,0x38,0xf7,0x83,0x5,0x80,0x24,0x49,0x4d,0xf3,0x0,0x58,0x0,0x48,0x92,0xd4,
  0x34,0x16,0x0,0x92,0x24,0x35,0xd0,0x16,0x43,0x0,0xf7,0x7,0x6,0x91,0x24,0x49,
  0xc5,0x79,0x0,0xb6,0xdc,0x45,0x6d,0x15,0x30,0x25,0x26,0x8b,0xd4,0x31,0x77,0x2,
  0x54,0x24,0x77,0x2,0x54,0xd5,0xac,0x0,0x66,0xc2,0x96,0xdb,0xff,0xfe,0x21,0x26,
  0x8b,0x24,0x49,0x2a,0xc8,0xdd,0xfd,0x5f,0xc,0x2c,0x0,0xee,0xa,0x8,0x22,0x49,
  0x92,0x8a,0xf3,0x74,0x5b,0x6f,0x1,0x20,0x49,0x52,0x73,0xc,0x59,0x0,0xdc,0x3d,
  0xc4,0x13,0x25,0x49,0x52,0x7d,0xc,0x39,0x4,0x60,0x1,0x20,0x49,0x52,0xbd,0x39,
  0x7,0x40,0x92,0xa4,0x6,0x7a,0xba,0xad,0x1f,0xb8,0x84,0xaa,0x7,0x58,0x9,0x4c,
  0x2e,0x3c,0x8e,0xd4,0x39,0x97,0x1,0x2a,0x92,0xcb,0x0,0x55,0x25,0x2b,0x81,0x19,
  0xf4,0xfd,0xdc,0xe,0xec,0x1,0xd8,0x8,0xdc,0x1e,0x91,0x48,0x92,0x24,0xe5,0x6e,
  0x11,0x3,0x8a,0xd6,0x9e,0x21,0xfe,0x50,0x92,0x24,0xd5,0xcf,0x16,0x6d,0xbc,0x5,
  0x80,0x24,0x49,0xcd,0x60,0x1,0x20,0x49,0x52,0x3,0x59,0x0,0x48,0x92,0xd4,0x40,
  0x5b,0xb4,0xf1,0x83,0x67,0x50,0x8f,0x25,0x1d,0x14,0xe0,0xa1,0x40,0xaa,0xa,0x57,
  0x1,0x28,0x92,0xab,0x0,0x54,0x15,0x2b,0x49,0x87,0x0,0x6d,0xec,0xff,0xc6,0xe0,
  0x1e,0x80,0x5e,0xe0,0xd6,0x22,0x13,0x49,0x92,0xa4,0xdc,0xdd,0xcc,0x80,0xc6,0x1f,
  0xb6,0x2e,0x0,0x0,0x6e,0x2a,0x26,0x8b,0x24,0x49,0x2a,0xc8,0x56,0x6d,0xbb,0x5,
  0x80,0x24,0x49,0xf5,0x77,0xf3,0xe0,0x6f,0xc,0x55,0x0,0xdc,0x58,0x40,0x10,0x49,
  0x92,0x54,0x9c,0xad,0x3e,0xdc,0xf,0x35,0x81,0x6a,0x22,0xf0,0x24,0x30,0x3e,0xf7,
  0x38,0x52,0xf7,0x9c,0x4,0xa8,0x48,0x4e,0x2,0x54,0x15,0xac,0x23,0x6d,0x1,0xbc,
  0x76,0xe0,0x37,0x87,0xea,0x1,0x58,0xb,0x2c,0x2e,0x22,0x91,0x24,0x49,0xca,0xdd,
  0x22,0x6,0x35,0xfe,0x30,0x74,0x1,0x0,0x70,0x5d,0xbe,0x59,0x24,0x49,0x52,0x41,
  0xae,0x1d,0xea,0x9b,0x16,0x0,0x92,0x24,0xd5,0xdb,0x90,0x6d,0xba,0x5,0x80,0x24,
  0x49,0xf5,0x36,0x64,0xf,0xc0,0x70,0x13,0xa8,0x7a,0x80,0x27,0x48,0xbb,0x6,0x49,
  0x65,0xe6,0x24,0x40,0x45,0x72,0x12,0xa0,0xca,0x6e,0x19,0x30,0x87,0x41,0x9b,0x0,
  0xc1,0xf0,0x3d,0x0,0x1b,0x81,0x1b,0xf2,0x4c,0x24,0x49,0x92,0x72,0x77,0x2d,0x43,
  0x34,0xfe,0x30,0x7c,0x1,0xd0,0xff,0x22,0x49,0x92,0x54,0x5d,0xc3,0xe,0xe9,0x8f,
  0x54,0x0,0x2c,0xc8,0x21,0x88,0x24,0x49,0x2a,0xce,0xd5,0xc3,0xfd,0xc1,0x48,0xe3,
  0xa7,0xd3,0x49,0xf3,0x0,0xc6,0x65,0x1e,0x47,0xca,0x8e,0x73,0x0,0x14,0xc9,0x39,
  0x0,0x2a,0xb3,0xf5,0xc0,0x36,0xc0,0xaa,0xa1,0xfe,0x70,0xa4,0x1e,0x80,0x27,0x19,
  0x62,0xef,0x60,0x49,0x92,0x54,0x9,0x37,0x30,0x4c,0xe3,0xf,0x23,0x17,0x0,0x0,
  0xbf,0xcc,0x36,0x8b,0x24,0x49,0x2a,0xc8,0x88,0x6d,0xb8,0x5,0x80,0x24,0x49,0xf5,
  0x34,0x62,0x1b,0x3e,0xda,0xf8,0xe9,0x6c,0xe0,0x31,0x46,0x2f,0x14,0xa4,0x28,0xce,
  0x1,0x50,0x24,0xe7,0x0,0xa8,0xac,0x7a,0x81,0x6d,0x49,0xfb,0x0,0xc,0x69,0xb4,
  0x86,0xfd,0x9,0xe0,0x96,0x2c,0x13,0x49,0x19,0x9b,0x10,0x1d,0x40,0x8d,0x35,0x31,
  0x3a,0x80,0x34,0x82,0x85,0x8c,0xd0,0xf8,0x43,0x6b,0x9f,0xec,0x2f,0xcd,0x26,0x8b,
  0x94,0x8b,0x19,0xd1,0x1,0xd4,0x58,0xee,0x94,0xaa,0x32,0x1b,0xb5,0xed,0xb6,0x0,
  0x50,0xd5,0xed,0x12,0x1d,0x40,0x8d,0xb5,0x6b,0x74,0x0,0x69,0x4,0x99,0x14,0x0,
  0x57,0x3,0x4f,0x75,0x9f,0x45,0xca,0xc5,0x1,0xd1,0x1,0xd4,0x58,0xfb,0x47,0x7,
  0x90,0x86,0xb1,0x12,0xb8,0x66,0xb4,0x27,0xb5,0x52,0x0,0xac,0x1,0x7e,0xd5,0x75,
  0x1c,0x29,0x1f,0x2f,0x88,0xe,0xa0,0xc6,0x3a,0x2e,0x3a,0x80,0x34,0x8c,0xab,0x80,
  0x75,0xa3,0x3d,0xa9,0xd5,0xd9,0xfd,0x97,0x75,0x97,0x45,0xca,0xcd,0x49,0xc0,0xd4,
  0xe8,0x10,0x6a,0x9c,0xa9,0xc0,0x8b,0xa3,0x43,0x48,0xc3,0xf8,0x79,0x2b,0x4f,0x6a,
  0xb5,0x0,0xb8,0xb8,0x8b,0x20,0x52,0x9e,0xa6,0x1,0xaf,0x8e,0xe,0xa1,0xc6,0x79,
  0xd,0xe9,0x67,0x4f,0x2a,0xa3,0x4b,0x5a,0x79,0x52,0x3b,0x6b,0xa8,0xef,0x1,0x9e,
  0xd5,0x51,0x14,0x29,0x5f,0x77,0x2,0xfb,0x92,0xf6,0xbd,0x96,0xf2,0x36,0x1,0x58,
  0x4,0xec,0x16,0x1d,0x44,0x1a,0xc2,0x9d,0xc0,0x9e,0xad,0x3c,0xb1,0x9d,0xd,0x7e,
  0x2e,0xea,0x2c,0x8b,0x94,0xbb,0x3d,0x80,0x73,0xa2,0x43,0xa8,0x31,0xde,0x8d,0x8d,
  0xbf,0xca,0xab,0xe5,0xb6,0xba,0x9d,0x2,0xe0,0x27,0x1d,0x4,0x91,0x8a,0xf2,0x7e,
  0xe0,0xf0,0xe8,0x10,0xaa,0xbd,0x23,0x80,0x7f,0x89,0xe,0x21,0x8d,0xa0,0xe5,0x2,
  0xa0,0x9d,0x21,0x80,0x89,0xa4,0x6d,0x81,0xa7,0xb7,0x1d,0x47,0x2a,0xc6,0x23,0xc0,
  0xa1,0xc0,0x3,0xd1,0x41,0x54,0x4b,0x3b,0x0,0xbf,0x1,0x76,0x8c,0xe,0x22,0xd,
  0x63,0x5,0x30,0x97,0x16,0x56,0x0,0x40,0x7b,0x3d,0x0,0x6b,0x81,0x5f,0x74,0x92,
  0x48,0x2a,0xc8,0x33,0x48,0xd5,0xef,0x4e,0xd1,0x41,0x54,0x3b,0x3b,0x91,0x26,0x43,
  0xdb,0xf8,0xab,0xcc,0x2e,0xa1,0xc5,0xc6,0x1f,0xda,0x3f,0xe4,0xe7,0x87,0x6d,0x3e,
  0x5f,0x2a,0xda,0x7e,0xa4,0x4f,0x69,0xe,0x7,0x28,0x2b,0x47,0x0,0xd7,0x93,0x7e,
  0xb6,0xa4,0x32,0xfb,0x51,0x3b,0x4f,0x6e,0xf7,0x24,0xb5,0xd9,0xa4,0x6e,0xd6,0xf1,
  0x6d,0xbe,0x4e,0x2a,0xda,0x1a,0xe0,0xdf,0x81,0x8f,0x1,0xab,0x82,0xb3,0xa8,0x9a,
  0x26,0x0,0xef,0x1,0xfe,0x19,0xf,0xfe,0x51,0xf9,0xad,0x3,0xb6,0x3,0x96,0xb7,
  0xfa,0x82,0x76,0x7b,0x0,0x9e,0x0,0xae,0x6c,0xf3,0x35,0x52,0x84,0x49,0xa4,0xc9,
  0x5a,0x77,0x1,0xef,0xc0,0xcd,0x82,0xd4,0xba,0xa9,0xc0,0xdb,0x80,0xc5,0xa4,0x22,
  0xd2,0xc6,0x5f,0x55,0x70,0x19,0x6d,0x34,0xfe,0xd0,0xd9,0x59,0xea,0x67,0x1,0x9f,
  0xeb,0xe0,0x75,0x52,0xa4,0x95,0xa4,0x95,0x2c,0x57,0x0,0x37,0x93,0xf6,0xb5,0x58,
  0x46,0x1b,0xe3,0x65,0xaa,0xa5,0x9,0xc0,0x2c,0xd2,0xa1,0x52,0x7,0x90,0xb6,0x96,
  0x7e,0x9,0x6e,0xf2,0xa3,0xea,0x79,0xb,0xf0,0xe5,0x76,0x5e,0xd0,0x49,0x1,0x30,
  0xf,0x78,0x8,0x18,0xdb,0xc1,0x6b,0x25,0x49,0x52,0xb6,0x36,0x0,0xdb,0x3,0x8f,
  0xb7,0xf3,0xa2,0x76,0x87,0x0,0x0,0x96,0x0,0xb,0x3a,0x78,0x9d,0x24,0x49,0xca,
  0xde,0x15,0xb4,0xd9,0xf8,0x43,0x67,0x5,0x0,0xc0,0x77,0x3b,0x7c,0x9d,0x24,0x49,
  0xca,0xd6,0x85,0x9d,0xbc,0xa8,0x93,0x21,0x0,0x48,0x1b,0xd,0xfc,0x11,0x18,0xd7,
  0xe1,0xeb,0x25,0x49,0x52,0xf7,0xd6,0x91,0x36,0xa9,0xfa,0x53,0xbb,0x2f,0xec,0xb4,
  0x7,0xe0,0x31,0x3c,0x22,0x58,0x92,0xa4,0x68,0x17,0xd3,0x41,0xe3,0xf,0x9d,0x17,
  0x0,0x0,0xdf,0xec,0xe2,0xb5,0x92,0x24,0xa9,0x7b,0xdf,0xea,0xf4,0x85,0x9d,0xe,
  0x1,0x40,0x5a,0x2b,0xbb,0x4,0xd7,0x57,0x4b,0x92,0x14,0x61,0x15,0x69,0x65,0x5e,
  0x47,0x9b,0x9d,0x75,0xd3,0x3,0xb0,0xa,0x8f,0x8,0x96,0x24,0x29,0xca,0xff,0xd2,
  0xc5,0x4e,0xa7,0xdd,0x14,0x0,0x0,0xe7,0x77,0xf9,0x7a,0x49,0x92,0xd4,0x99,0xae,
  0xda,0xe0,0x6e,0x86,0x0,0x20,0x6d,0x6,0x74,0x2f,0x9e,0xbe,0x26,0x49,0x52,0x91,
  0x1e,0x4,0x9e,0x5,0xf4,0x76,0x7a,0x83,0x6e,0x7b,0x0,0x7a,0x81,0xff,0xe9,0xf2,
  0x1e,0x92,0x24,0xa9,0x3d,0x5f,0xa1,0x8b,0xc6,0x1f,0xba,0xef,0x1,0x0,0xd8,0x13,
  0xb8,0x3d,0xa3,0x7b,0x49,0x92,0xa4,0x91,0x6d,0x2,0xf6,0x0,0xee,0xee,0xe6,0x26,
  0xdd,0xf6,0x0,0x0,0xfc,0x1e,0xb8,0x26,0x83,0xfb,0x48,0x92,0xa4,0xd1,0x5d,0x45,
  0x97,0x8d,0x3f,0x64,0x53,0x0,0x40,0x9b,0x27,0x10,0x49,0x92,0xa4,0x8e,0x7d,0x25,
  0x8b,0x9b,0x64,0xd5,0x6d,0x3f,0x8d,0x74,0x42,0xe0,0x8c,0x8c,0xee,0x27,0x49,0x92,
  0xb6,0xb6,0xc,0xd8,0x11,0x58,0xdd,0xed,0x8d,0xb2,0xea,0x1,0x58,0x9,0x7c,0x23,
  0xa3,0x7b,0x49,0x92,0xa4,0xa1,0x7d,0x8d,0xc,0x1a,0x7f,0xc8,0x76,0xe2,0xde,0x3e,
  0xc0,0xef,0x32,0xbe,0xa7,0x24,0x49,0xda,0xec,0x39,0xc0,0x6d,0x59,0xdc,0x28,0xab,
  0x1e,0x0,0x80,0x45,0xc0,0x82,0xc,0xef,0x27,0x49,0x92,0x36,0xbb,0x92,0x8c,0x1a,
  0x7f,0xc8,0xb6,0x0,0x0,0xf8,0x5c,0xc6,0xf7,0x93,0x24,0x49,0x49,0xa6,0x6d,0x6c,
  0xd6,0xdd,0xf5,0x13,0x81,0x7,0x80,0xb9,0x19,0xdf,0x57,0x92,0xa4,0x26,0x5b,0x2,
  0x3c,0x13,0x58,0x97,0xd5,0xd,0xb3,0xee,0x1,0x58,0x8b,0xbd,0x0,0x92,0x24,0x65,
  0xed,0xb3,0x64,0xd8,0xf8,0x43,0x3e,0x13,0xf6,0xb6,0x27,0x9d,0xf,0x30,0x21,0x87,
  0x7b,0x4b,0x92,0xd4,0x34,0x6b,0x49,0xfb,0xfe,0x3f,0x92,0xe5,0x4d,0xb3,0xee,0x1,
  0x0,0x78,0x18,0xb8,0x20,0x87,0xfb,0x4a,0x92,0xd4,0x44,0xdf,0x24,0xe3,0xc6,0x1f,
  0xf2,0x5b,0xb2,0x77,0x10,0xb0,0x30,0xa7,0x7b,0x4b,0x92,0xd4,0x24,0x7,0x2,0x37,
  0x67,0x7d,0xd3,0x3c,0x7a,0x0,0x0,0x6e,0x4,0xae,0xce,0xe9,0xde,0x92,0x24,0x35,
  0xc5,0xe5,0xe4,0xd0,0xf8,0x43,0x7e,0x5,0x0,0xc0,0x79,0x39,0xde,0x5b,0x92,0xa4,
  0x26,0xf8,0x78,0x5e,0x37,0xce,0x73,0xd7,0xbe,0x1e,0xe0,0x56,0xd2,0xe,0x81,0x92,
  0x24,0xa9,0x3d,0x8b,0x49,0x3b,0xff,0x6d,0xcc,0xe3,0xe6,0x79,0xf6,0x0,0x6c,0x4,
  0xfe,0x33,0xc7,0xfb,0x4b,0x92,0x54,0x67,0x1f,0x22,0xa7,0xc6,0x1f,0xf2,0xdf,0xb7,
  0x7f,0x3c,0xe9,0xcc,0xe2,0x9d,0x73,0x7e,0x1f,0x49,0x92,0xea,0xe4,0x41,0x60,0x37,
  0x32,0x5e,0xfb,0x3f,0x50,0x9e,0x3d,0x0,0x0,0xeb,0x81,0xff,0xca,0xf9,0x3d,0x24,
  0x49,0xaa,0x9b,0x8f,0x92,0x63,0xe3,0xf,0xc5,0x9c,0xdc,0x37,0x1d,0xb8,0xf,0xd8,
  0xa6,0x80,0xf7,0x92,0x24,0xa9,0xea,0x9e,0x0,0xe6,0x3,0x2b,0xf3,0x7c,0x93,0xbc,
  0x7b,0x0,0x0,0x9e,0x4,0x3e,0x59,0xc0,0xfb,0x48,0x92,0x54,0x7,0x1f,0x27,0xe7,
  0xc6,0x1f,0x8a,0xe9,0x1,0x0,0x98,0x49,0xda,0x1e,0x78,0x56,0x41,0xef,0x27,0x49,
  0x52,0x15,0x2d,0x27,0x6d,0xfb,0xbb,0x2c,0xef,0x37,0x2a,0xa2,0x7,0x0,0xd2,0x5f,
  0xe8,0x53,0x5,0xbd,0x97,0x24,0x49,0x55,0xf5,0x9f,0x14,0xd0,0xf8,0x43,0x71,0x3d,
  0x0,0x90,0x3e,0xfd,0xdf,0x83,0xbd,0x0,0x92,0x24,0xd,0xa5,0xb0,0x4f,0xff,0x50,
  0x5c,0xf,0x0,0xa4,0xbf,0xd0,0x67,0xa,0x7c,0x3f,0x49,0x92,0xaa,0xe4,0x3c,0xa,
  0x6a,0xfc,0xa1,0xd8,0x1e,0x0,0x80,0x39,0xc0,0x1f,0x80,0x19,0x5,0xbf,0xaf,0x24,
  0x49,0x65,0xb6,0x14,0xd8,0x95,0x2,0xb,0x80,0x22,0x7b,0x0,0x0,0xfe,0x84,0xbb,
  0x3,0x4a,0x92,0x34,0xd8,0x7f,0x50,0x60,0xe3,0xf,0xc5,0xf7,0x0,0x0,0x4c,0x3,
  0xee,0x2,0xe6,0x5,0xbc,0xb7,0x24,0x49,0x65,0xf3,0x28,0xb0,0x3b,0x69,0xd9,0x7c,
  0x61,0xc6,0x16,0xf9,0x66,0x7d,0xd6,0x1,0x1b,0x80,0x13,0x3,0xde,0x5b,0x92,0xa4,
  0xb2,0x39,0x17,0xb8,0xba,0xe8,0x37,0x8d,0xe8,0x1,0x0,0x98,0x0,0xdc,0xe,0xec,
  0x12,0xf4,0xfe,0x92,0x24,0x95,0xc1,0xbd,0xc0,0xde,0xc0,0xda,0xa2,0xdf,0x38,0xa2,
  0x7,0x0,0xa0,0x17,0x58,0x1,0x9c,0x1a,0xf4,0xfe,0x92,0x24,0x95,0xc1,0xd9,0xc0,
  0x8d,0x11,0x6f,0x1c,0xd5,0x3,0x0,0xa9,0xf8,0x58,0x8,0xec,0x1f,0x98,0x41,0x92,
  0xa4,0x28,0x37,0x3,0xcf,0x25,0x7d,0x28,0x2e,0x5c,0xd1,0xab,0x0,0x6,0xea,0x5,
  0xde,0x1d,0xf8,0xfe,0x92,0x24,0x45,0x3a,0x87,0xa0,0xc6,0x1f,0x62,0xb,0x0,0x80,
  0x2b,0x80,0xef,0x7,0x67,0x90,0x24,0xa9,0x68,0x17,0x0,0x57,0x45,0x6,0x88,0x1c,
  0x2,0xe8,0xb7,0x2b,0x70,0x1b,0x30,0x29,0x3a,0x88,0x24,0x49,0x5,0x58,0x3,0x3c,
  0x9b,0x34,0x1,0x30,0x4c,0xd4,0x24,0xc0,0x81,0x96,0x2,0xd3,0x81,0xa3,0xa2,0x83,
  0x48,0x92,0x54,0x80,0xf,0x51,0x82,0xde,0xef,0x32,0xf4,0x0,0x40,0x2a,0x0,0xee,
  0x0,0xb6,0x8f,0xe,0x22,0x49,0x52,0x8e,0x1e,0x22,0x2d,0xfb,0x5b,0x19,0x1d,0xa4,
  0xc,0x3d,0x0,0x90,0x36,0x7,0x5a,0x8a,0xcb,0x2,0x25,0x49,0xf5,0xf6,0x2e,0xe0,
  0x86,0xe8,0x10,0x50,0x9e,0x1e,0x0,0x48,0x13,0x12,0xaf,0x5,0xe,0x89,0xe,0x22,
  0x49,0x52,0xe,0xae,0x3,0x8e,0x0,0x36,0x45,0x7,0x81,0xf8,0x55,0x0,0x3,0x6d,
  0x24,0x6d,0x88,0x50,0x8a,0x7f,0x31,0x92,0x24,0x65,0x68,0x13,0xf0,0x5e,0x4a,0xd4,
  0xc6,0x95,0xa9,0x0,0x0,0xb8,0x86,0xb4,0x34,0x42,0x92,0xa4,0x3a,0xf9,0x6,0x1,
  0xfb,0xfd,0x8f,0xa4,0x4c,0x43,0x0,0xfd,0xe6,0x3,0x8b,0x80,0x29,0xd1,0x41,0x24,
  0x49,0xca,0xc0,0x4a,0xd2,0xc4,0xbf,0x87,0xa2,0x83,0xc,0x54,0x96,0x49,0x80,0x3,
  0x2d,0x27,0x9d,0x16,0x78,0x42,0x74,0x10,0x49,0x92,0x32,0x70,0x2e,0x70,0x69,0x74,
  0x88,0xc1,0xca,0xd8,0x3,0x0,0x30,0x8e,0x34,0x21,0xf0,0xe0,0xe8,0x20,0x92,0x24,
  0x75,0xe1,0x7a,0xd2,0xc4,0xbf,0xb0,0x2d,0x7f,0x87,0x53,0xd6,0x2,0x0,0xd2,0x21,
  0x41,0xd7,0x3,0xe3,0xa3,0x83,0x48,0x92,0xd4,0x81,0xd,0xc0,0xa1,0xc0,0x4d,0xd1,
  0x41,0x86,0x52,0xc6,0x21,0x80,0x7e,0x4b,0x80,0xa9,0xb8,0x43,0xa0,0x24,0xa9,0x9a,
  0x3e,0x8,0x7c,0x33,0x3a,0xc4,0x70,0xca,0xdc,0x3,0x0,0x30,0x91,0x74,0x5c,0xe2,
  0xde,0xd1,0x41,0x24,0x49,0x6a,0xc3,0xef,0x49,0x3d,0xd9,0x6b,0xa2,0x83,0xc,0xa7,
  0x6c,0xcb,0x0,0x7,0x5b,0xb,0xfc,0x25,0x25,0x5a,0x37,0x29,0x49,0xd2,0x28,0x36,
  0x1,0xef,0xa0,0xc4,0x8d,0x3f,0x94,0x7b,0x8,0xa0,0xdf,0x7d,0xc0,0xce,0xc0,0x41,
  0xd1,0x41,0x24,0x49,0x6a,0xc1,0xe7,0x81,0x4f,0x45,0x87,0x18,0x4d,0xd9,0x87,0x0,
  0xfa,0xcd,0x24,0x1d,0x19,0xbc,0x63,0x74,0x10,0x49,0x92,0x46,0xf0,0x30,0xb0,0xf,
  0xb0,0x2c,0x3a,0xc8,0x68,0xca,0x3e,0x4,0xd0,0x6f,0x39,0x70,0x4e,0x74,0x8,0x49,
  0x92,0x46,0xf1,0x2e,0x2a,0xd0,0xf8,0x43,0x75,0xa,0x0,0x80,0xb,0x29,0xc1,0xf9,
  0xc9,0x92,0x24,0xd,0xa3,0x52,0xed,0x54,0x55,0x86,0x0,0xfa,0x6d,0xf,0xfc,0x16,
  0xd8,0x36,0x3a,0x88,0x24,0x49,0x3,0x3c,0xa,0xec,0x47,0x5a,0xc2,0x5e,0x9,0x55,
  0xea,0x1,0x80,0x34,0xb6,0xf2,0x46,0x5c,0x15,0x20,0x49,0x2a,0x8f,0x4d,0xc0,0x5b,
  0xa9,0x50,0xe3,0xf,0xd5,0x58,0x5,0x30,0xd8,0x5d,0xa4,0x9e,0x80,0xe7,0x46,0x7,
  0x91,0x24,0x9,0xf8,0xc,0xf0,0xf1,0xe8,0x10,0xed,0xaa,0xda,0x10,0x40,0xbf,0x29,
  0xc0,0x42,0xdc,0x20,0x48,0x92,0x14,0x6b,0x31,0xe9,0x3,0xe9,0xea,0xe8,0x20,0xed,
  0xaa,0xda,0x10,0x40,0xbf,0xd5,0xc0,0xeb,0x80,0x75,0xd1,0x41,0x24,0x49,0x8d,0xb5,
  0x16,0x78,0x2d,0x15,0x6c,0xfc,0xa1,0x9a,0x43,0x0,0xfd,0x1e,0x6,0xd6,0x3,0xc7,
  0x47,0x7,0x91,0x24,0x35,0xd2,0xb9,0x54,0x68,0xd6,0xff,0x60,0x55,0x1d,0x2,0xe8,
  0xd7,0x43,0x3a,0x63,0xf9,0x5,0xd1,0x41,0x24,0x49,0x8d,0x72,0x29,0x70,0x22,0xb0,
  0x31,0x3a,0x48,0xa7,0xaa,0x5e,0x0,0x40,0xda,0x1d,0xf0,0x16,0x60,0x4e,0x74,0x10,
  0x49,0x52,0x23,0x2c,0x25,0x1d,0xf4,0xf3,0x40,0x74,0x90,0x6e,0x54,0x75,0xe,0xc0,
  0x40,0xf,0x1,0x6f,0x8f,0xe,0x21,0x49,0x6a,0x8c,0xb3,0xa8,0x78,0xe3,0xf,0xd5,
  0x9e,0x3,0x30,0xd0,0x62,0x60,0x3e,0x70,0x60,0x74,0x10,0x49,0x52,0xad,0x7d,0x1,
  0xf8,0x70,0x74,0x88,0x2c,0xd4,0x61,0x8,0xa0,0xdf,0x34,0xe0,0x3a,0xd2,0x21,0xc,
  0x92,0x24,0x65,0xed,0x56,0xe0,0x8,0x60,0x55,0x74,0x90,0x2c,0xd4,0xa9,0x0,0x0,
  0xd8,0x3,0xb8,0x9e,0x74,0x7a,0xa0,0x24,0x49,0x59,0x59,0x6,0x1c,0x42,0xda,0x8c,
  0xae,0x16,0xea,0x30,0x7,0x60,0xa0,0x3b,0x71,0xab,0x60,0x49,0x52,0xb6,0x36,0x1,
  0x6f,0xa6,0x46,0x8d,0x3f,0xd4,0x67,0xe,0xc0,0x40,0x77,0x0,0x13,0x80,0xe7,0x45,
  0x7,0x91,0x32,0x3c,0xd9,0x76,0x0,0x0,0x9,0xce,0x49,0x44,0x41,0x54,0x24,0xd5,
  0xc2,0x7,0x80,0xcf,0x46,0x87,0xc8,0x5a,0xdd,0x86,0x0,0xfa,0xf5,0x0,0x17,0x1,
  0x2f,0x8e,0xe,0x22,0x49,0xaa,0xb4,0x4b,0x49,0x6d,0x49,0x6f,0x74,0x90,0xac,0xd5,
  0xb5,0x0,0x0,0x98,0x4d,0x9a,0xf,0xb0,0x6b,0x74,0x10,0x49,0x52,0x25,0xdd,0x47,
  0xda,0xe7,0xff,0xf1,0xe8,0x20,0x79,0xa8,0xdb,0x1c,0x80,0x81,0x9e,0x0,0x4e,0xa7,
  0xa2,0x7b,0x34,0x4b,0x92,0x42,0xad,0x1,0x5e,0x4e,0x4d,0x1b,0x7f,0xa8,0x77,0x1,
  0x0,0x69,0x87,0xc0,0xb3,0xa2,0x43,0x48,0x92,0x2a,0xe7,0x9d,0xa4,0x53,0x67,0x6b,
  0xab,0x8e,0x93,0x0,0x7,0xfb,0x2d,0xf0,0xc,0x52,0x37,0x8e,0x24,0x49,0xa3,0xf9,
  0x14,0xf0,0xc1,0xe8,0x10,0x79,0xab,0xf3,0x1c,0x80,0x81,0x26,0x2,0x57,0x2,0x87,
  0x7,0xe7,0x90,0x24,0x95,0xdb,0xaf,0x81,0x63,0x69,0xc0,0x71,0xf3,0x4d,0x29,0x0,
  0x0,0xe6,0x92,0xfe,0xc3,0xee,0x1e,0x1d,0x44,0x92,0x54,0x4a,0xf7,0x90,0x76,0xfa,
  0x5b,0x12,0x1d,0xa4,0x8,0x75,0x9f,0x3,0x30,0xd0,0x63,0xc0,0x29,0xa4,0x53,0x9c,
  0x24,0x49,0x1a,0x68,0x39,0xa9,0x8d,0x68,0x44,0xe3,0xf,0xcd,0x2a,0x0,0x20,0x1d,
  0x1a,0x74,0x1a,0xb0,0x36,0x3a,0x88,0x24,0xa9,0x34,0xd6,0x93,0x66,0xfc,0xff,0x2e,
  0x3a,0x48,0x91,0x9a,0x30,0x9,0x70,0xb0,0xfb,0x80,0xbb,0x49,0x4b,0x4,0x9b,0x34,
  0x4,0x22,0x49,0xda,0x5a,0xff,0x36,0xbf,0x3f,0x88,0xe,0x52,0xb4,0x26,0x16,0x0,
  0x90,0xaa,0xbc,0x31,0xc0,0x31,0xc1,0x39,0x24,0x49,0xb1,0xfe,0x9,0xf8,0x64,0x74,
  0x88,0x8,0x4d,0x2d,0x0,0x0,0xae,0x2,0x76,0x1,0xf6,0x8f,0xe,0x22,0x49,0xa,
  0xf1,0x2d,0xe0,0x9c,0xe8,0x10,0x51,0x9a,0xde,0x5,0x3e,0x1e,0xb8,0x18,0x38,0x2e,
  0x3a,0x88,0x24,0xa9,0x50,0x57,0x1,0x2f,0xa2,0xc1,0x73,0xc2,0x9a,0x5e,0x0,0x0,
  0xcc,0x0,0xae,0x6,0xfe,0x2c,0x3a,0x88,0x24,0xa9,0x10,0x8b,0x80,0xa3,0x68,0xf8,
  0xaa,0x30,0xb,0x80,0xe4,0x59,0xc0,0xb5,0xc0,0xbc,0xe0,0x1c,0x92,0xa4,0x7c,0x3d,
  0x42,0xda,0x14,0xee,0xbe,0xe8,0x20,0xd1,0x9a,0xb6,0xc,0x70,0x38,0xf7,0x2,0x2f,
  0x21,0xad,0x3,0x95,0x24,0xd5,0xd3,0x32,0xd2,0xd1,0xbe,0x8d,0x6f,0xfc,0xc1,0x2,
  0x60,0xa0,0x1b,0x81,0x13,0x81,0x95,0xd1,0x41,0x24,0x49,0x99,0x5b,0x4d,0xda,0xe8,
  0xe7,0xe6,0xe8,0x20,0x65,0x61,0x1,0xb0,0xa5,0x6b,0x81,0x53,0x49,0xc7,0x40,0x4a,
  0x92,0xea,0xe1,0x29,0xe0,0x24,0xe0,0x57,0xd1,0x41,0xca,0xc4,0x2,0x60,0x6b,0x97,
  0x3,0x2f,0xa3,0xc1,0x33,0x43,0x25,0xa9,0x46,0xd6,0x3,0xaf,0x4,0xae,0x88,0xe,
  0x52,0x36,0x16,0x0,0x43,0xbb,0x4,0x78,0x2d,0xb0,0x21,0x3a,0x88,0x24,0xa9,0x63,
  0xbd,0xc0,0x1b,0x81,0x8b,0xa2,0x83,0x94,0x51,0x93,0x37,0x2,0x1a,0xcd,0x62,0xd2,
  0x44,0x91,0x53,0x71,0xb5,0x84,0x24,0x55,0xcd,0x26,0xe0,0x2c,0xe0,0xeb,0xd1,0x41,
  0xca,0xca,0x2,0x60,0x64,0xb7,0x0,0x7f,0x22,0xad,0x10,0x90,0x24,0x55,0xc3,0x26,
  0xe0,0xaf,0x80,0xcf,0x47,0x7,0x29,0x33,0xb,0x80,0xd1,0x5d,0x4f,0x5a,0x1e,0x78,
  0x62,0x74,0x10,0x49,0x52,0x4b,0xfe,0x1e,0xf8,0x78,0x74,0x88,0xb2,0xb3,0x0,0x68,
  0xcd,0xb5,0xa4,0x7f,0x57,0x47,0x47,0x7,0x91,0x24,0x8d,0xe8,0x5f,0x80,0x7f,0x8b,
  0xe,0x51,0x5,0x16,0x0,0xad,0xbb,0x82,0xb4,0x3c,0xf0,0xf8,0xe8,0x20,0x92,0xa4,
  0x21,0x7d,0x18,0x78,0x5f,0x74,0x88,0xaa,0xb0,0x0,0x68,0xcf,0x2,0xd2,0x7a,0xd2,
  0xe3,0x71,0x62,0xa0,0x24,0x95,0xc9,0x3f,0xf6,0x5d,0x6a,0x91,0x5,0x40,0xfb,0x16,
  0x0,0x4b,0x48,0x13,0x3,0x2d,0x2,0x24,0x29,0xd6,0x26,0xe0,0xdd,0xc0,0x47,0xa2,
  0x83,0x54,0x8d,0x5,0x40,0x67,0x6e,0x0,0xee,0x26,0x6d,0x2b,0xe9,0x5e,0xa,0x92,
  0x14,0xa3,0x17,0x78,0x2b,0xf0,0xb9,0xe8,0x20,0x55,0xe4,0x27,0xd8,0xee,0x9c,0xa,
  0x7c,0x7,0x98,0x18,0x1d,0x44,0x92,0x1a,0x66,0x1d,0xf0,0x3a,0xe0,0xc2,0xe8,0x20,
  0x55,0x65,0x1,0xd0,0xbd,0x97,0x90,0x7e,0x0,0x27,0x47,0x7,0x91,0xa4,0x86,0x58,
  0xb,0xbc,0xa,0xf8,0x61,0x74,0x90,0x2a,0xb3,0x0,0xc8,0xc6,0xd1,0xc0,0x8f,0x81,
  0xe9,0xd1,0x41,0x24,0xa9,0xe6,0x56,0x91,0xce,0x6b,0xb9,0x2c,0x3a,0x48,0xd5,0x59,
  0x0,0x64,0xe7,0x10,0xe0,0x67,0xc0,0xec,0xe8,0x20,0x92,0x54,0x53,0xcb,0x80,0x97,
  0x2,0xbf,0x8e,0xe,0x52,0x7,0x4e,0x60,0xcb,0xce,0xf5,0xc0,0x9,0xa4,0x15,0x2,
  0x92,0xa4,0x6c,0x3d,0x2,0xbc,0x0,0x1b,0xff,0xcc,0x58,0x0,0x64,0xeb,0x46,0xe0,
  0x70,0x60,0x51,0x74,0x10,0x49,0xaa,0x91,0xdb,0x48,0xbf,0x5b,0x6f,0x8a,0xe,0x52,
  0x27,0x16,0x0,0xd9,0xbb,0x17,0x38,0x12,0xcf,0x9e,0x96,0xa4,0x2c,0x5c,0xe,0x1c,
  0x45,0x3a,0x9d,0x55,0x19,0xb2,0x0,0xc8,0xc7,0x32,0xd2,0xe1,0x41,0x1e,0x43,0x29,
  0x49,0x9d,0xfb,0x2a,0xf0,0x62,0xd2,0xef,0x54,0x65,0xcc,0x8d,0x80,0xf2,0xd3,0x4b,
  0x5a,0xa2,0xf2,0x14,0x70,0x1c,0x4e,0xb8,0x94,0xa4,0x56,0x6d,0x2,0xde,0xf,0xbc,
  0x87,0xf4,0xbb,0x54,0x39,0xb0,0x51,0x2a,0xc6,0xab,0x48,0x95,0xec,0xa4,0xe0,0x1c,
  0x92,0x54,0x76,0xeb,0x48,0xbb,0xfb,0x9d,0x1f,0x1d,0xa4,0xee,0x2c,0x0,0x8a,0x73,
  0x24,0xf0,0x3,0x60,0xdb,0xe8,0x20,0x92,0x54,0x52,0x4b,0x81,0xd3,0x81,0x2b,0x83,
  0x73,0x34,0x82,0x5,0x40,0xb1,0xf6,0x0,0x7e,0xd2,0xf7,0x28,0x49,0xda,0xec,0x1e,
  0xd2,0x1a,0xff,0xc5,0xd1,0x41,0x9a,0xc2,0x49,0x80,0xc5,0xba,0x13,0x78,0x3e,0x70,
  0x6d,0x74,0x10,0x49,0x2a,0x91,0x5f,0x93,0x96,0xf9,0xd9,0xf8,0x17,0xc8,0x49,0x80,
  0xc5,0x5b,0x9,0x7c,0x8d,0x74,0x80,0xd0,0x51,0xc1,0x59,0x24,0x29,0xda,0x17,0x48,
  0xf3,0xa4,0x56,0x44,0x7,0x69,0x1a,0x87,0x0,0x62,0xbd,0x1e,0xf8,0x3c,0x30,0x25,
  0x3a,0x88,0x24,0x15,0x6c,0xd,0xf0,0x2e,0xe0,0xcb,0xd1,0x41,0x9a,0xca,0x2,0x20,
  0xde,0x1,0xc0,0xf7,0x80,0x5d,0xa3,0x83,0x48,0x52,0x41,0xee,0x7,0x5e,0x41,0xda,
  0x42,0x5d,0x41,0x9c,0x3,0x10,0xef,0x66,0xd2,0x41,0x42,0x97,0x44,0x7,0x91,0xa4,
  0x2,0x5c,0xc,0x1c,0x88,0x8d,0x7f,0x38,0xe7,0x0,0x94,0xc3,0x53,0xc0,0xff,0xf4,
  0x3d,0xbe,0x0,0x7b,0x66,0x24,0xd5,0xcf,0x26,0xe0,0x23,0xc0,0x5b,0x80,0xd5,0xc1,
  0x59,0x84,0xd,0x4d,0x19,0x9d,0x44,0xda,0x0,0x63,0x56,0x74,0x10,0x49,0xca,0xc8,
  0xa,0xe0,0x2f,0x80,0xef,0x7,0xe7,0xd0,0x0,0x16,0x0,0xe5,0xb4,0x7,0x69,0x5e,
  0xc0,0x9f,0x45,0x7,0x91,0xa4,0x2e,0xdd,0x4e,0xda,0xdc,0xc7,0x25,0x7e,0x25,0xe3,
  0x1c,0x80,0x72,0xba,0x13,0xf8,0x73,0xe0,0x4b,0xd1,0x41,0x24,0xa9,0xb,0x5f,0x4,
  0x9e,0x8b,0x8d,0x7f,0x29,0xd9,0x3,0x50,0x7e,0xa7,0x91,0xfe,0x27,0x9a,0x13,0x1d,
  0x44,0x92,0x5a,0xb4,0xc,0x78,0x7,0xf0,0xed,0xe8,0x20,0x1a,0x9e,0x5,0x40,0x35,
  0xcc,0x3,0xbe,0x42,0x3a,0x16,0x53,0x92,0xca,0xec,0x17,0xc0,0x99,0xc0,0x43,0xd1,
  0x41,0x34,0x32,0x57,0x1,0x54,0xc3,0x2a,0xe0,0x9b,0xa4,0x83,0x32,0x8e,0x5,0xc6,
  0xc5,0xc6,0x91,0xa4,0xad,0xac,0x7,0xfe,0x95,0x74,0x92,0x9f,0xbb,0xfa,0x55,0x80,
  0x3d,0x0,0xd5,0xf3,0x1c,0x52,0x31,0xe0,0x4,0x41,0x49,0x65,0xb1,0x18,0x78,0x1d,
  0x70,0x53,0x74,0x10,0xb5,0xce,0x1e,0x80,0xea,0x79,0x94,0x34,0x1c,0x30,0x3,0x38,
  0x14,0x8b,0x38,0x49,0xb1,0xce,0x7,0x4e,0x25,0xed,0xee,0xa7,0xa,0xb1,0xf1,0xa8,
  0xb6,0x17,0x91,0x8a,0x81,0xed,0xa3,0x83,0x48,0x6a,0x9c,0xc7,0x48,0x9b,0xfa,0xfc,
  0x38,0x3a,0x88,0x3a,0xe3,0x32,0xc0,0x6a,0xbb,0x4,0x38,0x8,0xf8,0x51,0x74,0x10,
  0x49,0x8d,0xd2,0xbf,0x4f,0x89,0x8d,0x7f,0x85,0x59,0x0,0x54,0xdf,0x23,0xa4,0xee,
  0xb7,0x57,0x92,0x2a,0x72,0x49,0xca,0xcb,0x23,0xc0,0x19,0xa4,0x83,0x7c,0x96,0x4,
  0x67,0x51,0x97,0x9c,0x3,0x50,0x1f,0x8b,0x80,0xaf,0x1,0xcf,0x0,0xf6,0xf,0xce,
  0x22,0xa9,0x5e,0x36,0x1,0xdf,0x0,0x4e,0x1,0x16,0x6,0x67,0x51,0x46,0x9c,0x3,
  0x50,0x4f,0x2f,0x7,0x3e,0x45,0x2a,0x6,0x24,0xa9,0x1b,0x77,0x0,0x6f,0x7,0x7e,
  0x19,0x1d,0x44,0xd9,0xb2,0x7,0xa0,0x9e,0x16,0x3,0xff,0xd,0x4c,0x21,0x6d,0xc3,
  0xe9,0x50,0x8f,0xa4,0x76,0x6d,0x0,0xfe,0x3,0x78,0x35,0x70,0x77,0x70,0x16,0xe5,
  0xc0,0x1e,0x80,0xfa,0x3b,0x8,0xf8,0x3c,0xa9,0x10,0x90,0xa4,0x56,0xdc,0x4,0xbc,
  0xd,0xbb,0xfb,0x6b,0xcd,0x1e,0x80,0xfa,0x7b,0x18,0xf8,0x2a,0xb0,0x12,0x38,0x12,
  0x18,0x1f,0x9a,0x46,0x52,0x99,0xad,0x2,0xce,0x25,0xed,0xe6,0xe7,0x56,0xbe,0x35,
  0x67,0x1,0xd0,0xc,0x1b,0x81,0x5,0xa4,0x49,0x82,0x73,0x71,0x92,0xa0,0xa4,0x2d,
  0x6d,0x2,0x2e,0x4,0x5e,0x46,0x5a,0x5e,0xbc,0x29,0x36,0x8e,0x8a,0xe0,0x10,0x40,
  0x33,0x1d,0x3,0x7c,0x92,0xb4,0xad,0xb0,0xa4,0x66,0xbb,0x1,0x38,0x87,0xf4,0x21,
  0x41,0xd,0xe2,0xe4,0xb0,0x66,0xba,0x12,0x38,0x90,0xf4,0x3f,0xfd,0xf2,0xd8,0x28,
  0x92,0x82,0xfc,0x11,0x38,0xb,0x38,0xc,0x1b,0xff,0x46,0x72,0x8,0xa0,0xb9,0x36,
  0x2,0xd7,0xb1,0xf9,0x5c,0x81,0x3,0xb0,0x20,0x94,0x9a,0x60,0xd,0xf0,0x61,0xe0,
  0x55,0xc0,0xb5,0xd8,0xdd,0xdf,0x58,0xe,0x1,0xa8,0xdf,0xde,0xc0,0xfb,0x49,0xbb,
  0x7c,0x49,0xaa,0xa7,0x8b,0x80,0xbf,0x1,0xee,0x89,0xe,0xa2,0x78,0x16,0x0,0x1a,
  0xec,0x78,0xe0,0xa3,0x38,0x51,0x50,0xaa,0x93,0x9b,0x48,0x43,0x7e,0x6e,0xe6,0xa3,
  0xa7,0xd9,0xe5,0xab,0xc1,0x2e,0x3,0xe,0x6,0xde,0x4,0xdc,0x17,0x9c,0x45,0x52,
  0x77,0xee,0x1,0xce,0x24,0xed,0x3,0x62,0xe3,0xaf,0x2d,0xd8,0x3,0xa0,0x91,0x8c,
  0x27,0x15,0x2,0xff,0x8c,0x47,0xe,0x4b,0x55,0xf2,0x38,0xa9,0x27,0xef,0x13,0xa4,
  0x31,0x7f,0x69,0x2b,0x16,0x0,0x6a,0xc5,0x54,0xe0,0xaf,0x80,0xbf,0x3,0x66,0x5,
  0x67,0x91,0x34,0xbc,0x27,0x81,0xcf,0x0,0x1f,0x4,0x56,0x4,0x67,0x51,0xc9,0x59,
  0x0,0xa8,0x1d,0xd3,0x81,0x77,0x92,0x76,0xa,0xdb,0x26,0x38,0x8b,0xa4,0xcd,0xfa,
  0x1b,0xfe,0xf,0x3,0x4b,0x83,0xb3,0xa8,0x22,0x2c,0x0,0xd4,0x9,0xb,0x1,0xa9,
  0x1c,0x6c,0xf8,0xd5,0x31,0xb,0x0,0x75,0x63,0x16,0x70,0x36,0x69,0x59,0xd1,0xec,
  0xe0,0x2c,0x52,0x93,0xfc,0x89,0x34,0xbe,0xff,0x5f,0xb8,0x99,0x97,0x3a,0x64,0x1,
  0xa0,0x2c,0x4c,0x24,0x6d,0x2a,0xf2,0xff,0x80,0xbd,0x82,0xb3,0x48,0x75,0xf6,0x8,
  0xe9,0x74,0xcf,0xf3,0xb0,0xe1,0x97,0x54,0x22,0x3d,0xc0,0xc9,0xc0,0xd5,0xa4,0xdd,
  0xc5,0xbc,0xbc,0xbc,0xb2,0xb9,0xee,0x24,0xf5,0xb6,0x4d,0x44,0x92,0x4a,0xee,0x48,
  0xe0,0xfb,0x40,0x2f,0xf1,0xbf,0x3c,0xbd,0xbc,0xaa,0x7a,0x5d,0x4e,0x2a,0xaa,0xed,
  0xad,0x95,0x54,0x39,0xbb,0x92,0xc6,0x2a,0x57,0x11,0xff,0xcb,0xd4,0xcb,0xab,0xa,
  0xd7,0x5a,0xe0,0x2,0xd2,0x21,0x3d,0x52,0x6e,0xac,0x2a,0x55,0x94,0x6d,0x49,0x2b,
  0x7,0xde,0x5,0x6c,0x17,0x9c,0x45,0x2a,0xa3,0x25,0xc0,0xe7,0x80,0xcf,0xf6,0x7d,
  0x2d,0xe5,0xca,0x2,0x40,0x45,0x9b,0x0,0x9c,0xa,0xbc,0x1d,0x38,0xe,0x7f,0x6,
  0xa5,0x85,0xc0,0x17,0x80,0xf3,0x81,0xa7,0x82,0xb3,0xa8,0x41,0xfc,0xe5,0xab,0x48,
  0x7b,0x2,0x6f,0x6,0xde,0xa,0xcc,0x9,0xce,0x22,0x15,0x69,0x39,0xf0,0x1d,0xe0,
  0x53,0xc0,0xad,0xc1,0x59,0xd4,0x50,0x16,0x0,0x2a,0x83,0x29,0xc0,0x2b,0x49,0xe7,
  0xe,0x3c,0xf,0x7f,0x2e,0x55,0x4f,0x9b,0x48,0x7,0xf2,0x7c,0x19,0xb8,0x10,0x58,
  0x1d,0x1b,0x47,0x4d,0xe7,0x2f,0x5a,0x95,0xcd,0xce,0xc0,0x6b,0x81,0xb3,0x80,0x5d,
  0x82,0xb3,0x48,0x59,0x78,0x8,0xf8,0x6,0xf0,0xdf,0xc0,0x5d,0xc1,0x59,0xa4,0xa7,
  0x59,0x0,0xa8,0xac,0x7a,0x80,0x13,0x80,0x37,0x90,0xe6,0xc,0x4c,0x8b,0x8d,0x23,
  0xb5,0xe5,0x49,0xe0,0x7,0xa4,0x71,0xfd,0x5f,0x0,0x1b,0x63,0xe3,0x48,0x5b,0xb3,
  0x0,0x50,0x15,0x4c,0x62,0xcb,0x62,0x60,0x42,0x6c,0x1c,0x69,0x48,0xbd,0xc0,0x15,
  0xa4,0x46,0xff,0x7f,0x81,0x95,0xb1,0x71,0xa4,0x91,0x59,0x0,0xa8,0x6a,0xe6,0x0,
  0xaf,0x0,0xce,0x0,0x8e,0x1,0xc6,0x86,0xa6,0x51,0xd3,0x6d,0x0,0xae,0x24,0xad,
  0xdb,0xff,0x1e,0xf0,0x44,0x68,0x1a,0xa9,0xd,0x16,0x0,0xaa,0xb2,0xd9,0xc0,0x49,
  0xa4,0x62,0xe0,0x85,0xd8,0x33,0xa0,0x62,0xf4,0x2,0xd7,0x2,0xdf,0x5,0xbe,0x8d,
  0x6b,0xf6,0x55,0x51,0x16,0x0,0xaa,0x8b,0x59,0xa4,0x2d,0x53,0x4f,0x21,0x15,0x3,
  0x33,0x62,0xe3,0xa8,0x66,0x56,0x0,0x97,0x0,0x3f,0x2,0x7e,0x8c,0x7,0xf1,0xa8,
  0x6,0x2c,0x0,0x54,0x47,0x63,0x81,0x23,0x48,0xbd,0x3,0xa7,0x0,0xcf,0x8e,0x8d,
  0xa3,0x8a,0xfa,0x3,0x70,0x19,0x70,0x11,0xa9,0xf1,0x5f,0x17,0x1b,0x47,0xca,0x96,
  0x5,0x80,0x9a,0x60,0x6f,0xe0,0x44,0xd2,0x44,0xc2,0xa3,0x81,0xa9,0xb1,0x71,0x54,
  0x52,0x2b,0x81,0xab,0x80,0x4b,0x81,0x8b,0x81,0xdf,0xc7,0xc6,0x91,0xf2,0x65,0x1,
  0xa0,0xa6,0x99,0x0,0xfc,0x39,0xa9,0x18,0x78,0x21,0x70,0x20,0x4e,0x24,0x6c,0xaa,
  0x5e,0xe0,0x46,0xe0,0xe7,0xa4,0x46,0xff,0x1a,0xfc,0x94,0xaf,0x6,0xb1,0x0,0x50,
  0xd3,0x4d,0x3,0xe,0x7,0x8e,0x22,0x1d,0x61,0xfc,0x3c,0x3c,0x73,0xbd,0xae,0x7a,
  0x81,0x9b,0x81,0x5,0xc0,0xd5,0xa4,0xf5,0xf9,0xce,0xda,0x57,0x63,0x59,0x0,0x48,
  0x5b,0x9a,0x46,0xea,0x21,0x38,0x92,0x54,0x18,0x1c,0x6,0xcc,0xc,0x4d,0xa4,0x4e,
  0x2d,0x3,0xae,0x23,0xcd,0xd8,0xbf,0x9a,0xf4,0x9,0x7f,0x55,0x68,0x22,0xa9,0x44,
  0x2c,0x0,0xa4,0x91,0xf5,0x90,0xe6,0x10,0x1c,0x46,0x2a,0x8,0xe,0x5,0xf6,0x5,
  0xc6,0x47,0x86,0xd2,0x56,0xd6,0x3,0xb7,0xb1,0xb9,0xc1,0xbf,0xe,0xb8,0x9d,0xb4,
  0xff,0xbe,0xa4,0x21,0x58,0x0,0x48,0xed,0x1b,0x4f,0x3a,0xc9,0xf0,0xe0,0xbe,0x6b,
  0x1f,0xe0,0x20,0xd2,0xbe,0x4,0xca,0xdf,0x4a,0xe0,0xe,0x60,0x11,0xe9,0x28,0xdd,
  0xfe,0xcb,0xa3,0x74,0xa5,0x36,0x58,0x0,0x48,0xd9,0xd9,0x81,0x54,0xc,0xec,0x3b,
  0xe0,0x71,0x3f,0x60,0x7a,0x64,0xa8,0xa,0x5b,0xb,0xdc,0x4d,0xfa,0x64,0xbf,0x68,
  0xc0,0xe3,0x62,0xdc,0x5b,0x5f,0xea,0x9a,0x5,0x80,0x94,0xaf,0x31,0xc0,0x4e,0xc0,
  0xee,0xc0,0x6e,0x7d,0x8f,0xfd,0x5f,0xef,0x86,0xc5,0xc1,0xa,0xd2,0x7a,0xfb,0xbb,
  0xfa,0xae,0xbb,0x7,0x7c,0xfd,0x10,0x76,0xe1,0x4b,0xb9,0xb1,0x0,0x90,0x62,0x6d,
  0x43,0x2a,0x10,0xe6,0x93,0x8e,0x42,0xde,0xa9,0xef,0x71,0x7,0x60,0x1e,0x30,0xb7,
  0xef,0xea,0x89,0xa,0xd8,0xa1,0x8d,0xc0,0x63,0x7d,0xd7,0x12,0xe0,0x8f,0xc0,0x3,
  0x7d,0xd7,0x83,0xc0,0x7d,0x7d,0x5f,0x2f,0x8b,0xa,0x28,0x35,0x9d,0x5,0x80,0x54,
  0x7e,0x63,0xd9,0x5c,0x8,0xcc,0x25,0xcd,0x35,0x98,0x35,0xc4,0x35,0x85,0xd4,0xa3,
  0x30,0x9,0x98,0x4c,0xda,0xf0,0x68,0x2,0x69,0x15,0xc3,0xc0,0x2,0xa2,0xff,0xcf,
  0x7,0x7a,0xa,0x58,0x33,0xe0,0x9f,0x37,0x92,0xb6,0xbb,0x5d,0x47,0x9a,0x39,0xbf,
  0x9a,0xd4,0x25,0xff,0x64,0xdf,0xd7,0xcb,0x6,0x5c,0x4b,0x7,0x3c,0xf6,0x37,0xfa,
  0x8f,0x62,0x37,0xbd,0x54,0x6a,0xff,0x1f,0x6f,0xa9,0x1a,0x14,0x26,0x69,0xe5,0x45,
  0x0,0x0,0x0,0x0,0x49,0x45,0x4e,0x44,0xae,0x42,0x60,0x82,
    // /home/chris/ros2_ws/src/rover/rover_gui/src/Global/Constant/icons/play-button.png
  0x0,0x0,0x25,0xad,
  0x89,
  0x50,0x4e,0x47,0xd,0xa,0x1a,0xa,0x0,0x0,0x0,0xd,0x49,0x48,0x44,0x52,0x0,
  0x0,0x2,0x0,0x0,0x0,0x2,0x0,0x8,0x3,0x0,0x0,0x0,0xc3,0xa6,0x24,0xc8,
  0x0,0x0,0x0,0x3,0x73,0x42,0x49,0x54,0x8,0x8,0x8,0xdb,0xe1,0x4f,0xe0,0x0,
  0x0,0x0,0x9,0x70,0x48,0x59,0x73,0x0,0x0,0xeb,0xd2,0x0,0x0,0xeb,0xd2,0x1,
  0xa2,0x8d,0xc1,0xb1,0x0,0x0,0x0,0x19,0x74,0x45,0x58,0x74,0x53,0x6f,0x66,0x74,
  0x77,0x61,0x72,0x65,0x0,0x77,0x77,0x77,0x2e,0x69,0x6e,0x6b,0x73,0x63,0x61,0x70,
  0x65,0x2e,0x6f,0x72,0x67,0x9b,0xee,0x3c,0x1a,0x0,0x0,0x3,0x0,0x50,0x4c,0x54,
  0x45,0xff,0xff,0xff,0x0,0x0,0x0,0x0,0x0,0x0,0x0,0x0,0x0,0x0,0x0,0x0,
  0x0,0x0,0x0,0x0,0x0,0x0,0x0,0x0,0x0,0x0,0x0,0x0,0x0,0x0,0x0,0x0,
  0x0,0x0,0x0,0x0,0x0,0x0,0x0,0x0,0x0,0x0,0x0,0x0,0x0,0x0,0x0,0x0,
  0x0,0x0,0x0,0x0,0x0,0x0,0x0,0x0,0x0,0x0,0x0,0x0,0x0,0x0,0x0,0x0,
  0x0,0x0,0x0,0x0,0x0,0x0,0x0,0x0,0x0,0x0,0x0,0x0,0x0,0x0,0x0,0x0,
  0x0,0x0,0x0,0x0,0x0,0x0,0x0,0x0,0x0,0x0,0x0,0x0,0x0,0x0,0x0,0x0,
  0x0,0x0,0x0,0x0,0x0,0x0,0x0,0x0,0x0,0x0,0x0,0x0,0x0,0x0,0x0,0x0,
  0x0,0x0,0x0,0x0,0x0,0x0,0x0,0x0,0x0,0x0,0x0,0x0,0x0,0x0,0x0,0x0,
  0x0,0x0,0x0,0x0,0x0,0x0,0x0,0x0,0x0,0x0,0x0,0x0,0x0,0x0,0x0,0x0,
  0x0,0x0,0x0,0x0,0x0,0x0,0x0,0x0,0x0,0x0,0x0,0x0,0x0,0x0,0x0,0x0,
  0x0,0x0,0x0,0x0,0x0,0x0,0x0,0x0,0x0,0x0,0x0,0x0,0x0,0x0,0x0,0x0,
  0x0,0x0,0x0,0x0,0x0,0x0,0x0,0x0,0x0,0x0,0x0,0x0,0x0,0x0,0x0,0x0,
  0x0,0x0,0x0,0x0,0x0,0x0,0x0,0x0,0x0,0x0,0x0,0x0,0x0,0x0,0x0,0x0,
  0x0,0x0,0x0,0x0,0x0,0x0,0x0,0x0,0x0,0x0,0x0,0x0,0x0,0x0,0x0,0x0,
  0x0,0x0,0x0,0x0,0x0,0x0,0x0,0x0,0x0,0x0,0x0,0x0,0x0,0x0,0x0,0x0,
  0x0,0x0,0x0,0x0,0x0,0x0,0x0,0x0,0x0,0x0,0x0,0x0,0x0,0x0,0x0,0x0,
  0x0,0x0,0x0,0x0,0x0,0x0,0x0,0x0,0x0,0x0,0x0,0x0,0x0,0x0,0x0,0x0,
  0x0,0x0,0x0,0x0,0x0,0x0,0x0,0x0,0x0,0x0,0x0,0x0,0x0,0x0,0x0,0x0,
  0x0,0x0,0x0,0x0,0x0,0x0,0x0,0x0,0x0,0x0,0x0,0x0,0x0,0x0,0x0,0x0,
  0x0,0x0,0x0,0x0,0x0,0x0,0x0,0x0,0x0,0x0,0x0,0x0,0x0,0x0,0x0,0x0,
  0x0,0x0,0x0,0x0,0x0,0x0,0x0,0x0,0x0,0x0,0x0,0x0,0x0,0x0,0x0,0x0,
  0x0,0x0,0x0,0x0,0x0,0x0,0x0,0x0,0x0,0x0,0x0,0x0,0x0,0x0,0x0,0x0,
  0x0,0x0,0x0,0x0,0x0,0x0,0x0,0x0,0x0,0x0,0x0,0x0,0x0,0x0,0x0,0x0,
  0x0,0x0,0x0,0x0,0x0,0x0,0x0,0x0,0x0,0x0,0x0,0x0,0x0,0x0,0x0,0x0,
  0x0,0x0,0x0,0x0,0x0,0x0,0x0,0x0,0x0,0x0,0x0,0x0,0x0,0x0,0x0,0x0,
  0x0,0x0,0x0,0x0,0x0,0x0,0x0,0x0,0x0,0x0,0x0,0x0,0x0,0x0,0x0,0x0,
  0x0,0x0,0x0,0x0,0x0,0x0,0x0,0x0,0x0,0x0,0x0,0x0,0x0,0x0,0x0,0x0,
  0x0,0x0,0x0,0x0,0x0,0x0,0x0,0x0,0x0,0x0,0x0,0x0,0x0,0x0,0x0,0x0,
  0x0,0x0,0x0,0x0,0x0,0x0,0x0,0x0,0x0,0x0,0x0,0x0,0x0,0x0,0x0,0x0,
  0x0,0x0,0x0,0x0,0x0,0x0,0x0,0x0,0x0,0x0,0x0,0x0,0x0,0x0,0x0,0x0,
  0x0,0x0,0x0,0x0,0x0,0x0,0x0,0x0,0x0,0x0,0x0,0x0,0x0,0x0,0x0,0x0,
  0x0,0x0,0x0,0x0,0x0,0x0,0x0,0x0,0x0,0x0,0x0,0x0,0x0,0x0,0x0,0x0,
  0x0,0x0,0x0,0x0,0x0,0x0,0x0,0x0,0x0,0x0,0x0,0x0,0x0,0x0,0x0,0x0,
  0x0,0x0,0x0,0x0,0x0,0x0,0x0,0x0,0x0,0x0,0x0,0x0,0x0,0x0,0x0,0x0,
  0x0,0x0,0x0,0x0,0x0,0x0,0x0,0x0,0x0,0x0,0x0,0x0,0x0,0x0,0x0,0x0,
  0x0,0x0,0x0,0x0,0x0,0x0,0x0,0x0,0x0,0x0,0x0,0x0,0x0,0x0,0x0,0x0,
  0x0,0x0,0x0,0x0,0x0,0x0,0x0,0x0,0x0,0x0,0x0,0x0,0x0,0x0,0x0,0x0,
  0x0,0x0,0x0,0x0,0x0,0x0,0x0,0x0,0x0,0x0,0x0,0x0,0x0,0x0,0x0,0x0,
  0x0,0x0,0x0,0x0,0x0,0x0,0x0,0x0,0x0,0x0,0x0,0x0,0x0,0x0,0x0,0x0,
  0x0,0x0,0x0,0x0,0x0,0x0,0x0,0x0,0x0,0x0,0x0,0x0,0x0,0x0,0x0,0x0,
  0x0,0x0,0x0,0x0,0x0,0x0,0x0,0x0,0x0,0x0,0x0,0x0,0x0,0x0,0x0,0x0,
  0x0,0x0,0x0,0x0,0x0,0x0,0x0,0x0,0x0,0x0,0x0,0x0,0x0,0x0,0x0,0x0,
  0x0,0x0,0x0,0x0,0x0,0x0,0x0,0x0,0x0,0x0,0x0,0x0,0x0,0x0,0x0,0x0,
  0x0,0x0,0x0,0x0,0x0,0x0,0x0,0x0,0x0,0x0,0x0,0x0,0x0,0x0,0x0,0x0,
  0x0,0x0,0x0,0x0,0x0,0x0,0x0,0x0,0x0,0x0,0x0,0x0,0x0,0x0,0x0,0x0,
  0x0,0x0,0x0,0x0,0x0,0x0,0x0,0x0,0x0,0x0,0x0,0x0,0x0,0x0,0x0,0x0,
  0x0,0x0,0x0,0x0,0x0,0x0,0x0,0x0,0x0,0x0,0x0,0x0,0x0,0x0,0x0,0x0,
  0x0,0x0,0x0,0x0,0x0,0x0,0x0,0x0,0x0,0x0,0x0,0x0,0x0,0x0,0x0,0x0,
  0x0,0xb,0x23,0xb7,0xe1,0x0,0x0,0x0,0xff,0x74,0x52,0x4e,0x53,0x0,0x1,0x2,
  0x3,0x4,0x5,0x6,0x7,0x8,0x9,0xa,0xb,0xc,0xd,0xe,0xf,0x10,0x11,0x12,
  0x13,0x14,0x15,0x16,0x17,0x18,0x19,0x1a,0x1b,0x1c,0x1d,0x1e,0x1f,0x20,0x21,0x22,
  0x23,0x24,0x25,0x26,0x27,0x28,0x29,0x2a,0x2b,0x2c,0x2d,0x2e,0x2f,0x30,0x31,0x32,
  0x33,0x34,0x35,0x36,0x37,0x38,0x39,0x3a,0x3b,0x3c,0x3d,0x3e,0x3f,0x40,0x41,0x42,
  0x43,0x44,0x45,0x46,0x47,0x48,0x49,0x4a,0x4b,0x4c,0x4d,0x4e,0x4f,0x50,0x51,0x52,
  0x53,0x54,0x55,0x56,0x57,0x58,0x59,0x5a,0x5b,0x5c,0x5d,0x5e,0x5f,0x60,0x61,0x62,
  0x63,0x64,0x65,0x66,0x67,0x68,0x69,0x6a,0x6b,0x6c,0x6d,0x6e,0x6f,0x70,0x71,0x72,
  0x73,0x74,0x75,0x76,0x77,0x78,0x79,0x7a,0x7b,0x7c,0x7d,0x7e,0x7f,0x80,0x81,0x82,
  0x83,0x84,0x85,0x86,0x87,0x88,0x89,0x8a,0x8b,0x8c,0x8d,0x8e,0x8f,0x90,0x91,0x92,
  0x93,0x94,0x95,0x96,0x97,0x98,0x99,0x9a,0x9b,0x9c,0x9d,0x9e,0x9f,0xa0,0xa1,0xa2,
  0xa3,0xa4,0xa5,0xa6,0xa7,0xa8,0xa9,0xaa,0xab,0xac,0xad,0xae,0xaf,0xb0,0xb1,0xb2,
  0xb3,0xb4,0xb5,0xb6,0xb7,0xb8,0xb9,0xba,0xbb,0xbc,0xbd,0xbe,0xbf,0xc0,0xc1,0xc2,
  0xc3,0xc4,0xc5,0xc6,0xc7,0xc8,0xc9,0xca,0xcb,0xcc,0xcd,0xce,0xcf,0xd0,0xd1,0xd2,
  0xd3,0xd4,0xd5,0xd6,0xd7,0xd8,0xd9,0xda,0xdb,0xdc,0xdd,0xde,0xdf,0xe0,0xe1,0xe2,
  0xe3,0xe4,0xe5,0xe6,0xe7,0xe8,0xe9,0xea,0xeb,0xec,0xed,0xee,0xef,0xf0,0xf1,0xf2,
  0xf3,0xf4,0xf5,0xf6,0xf7,0xf8,0xf9,0xfa,0xfb,0xfc,0xfd,0xfe,0xeb,0x8,0xd9,0x35,
  0x0,0x0,0x21,0x14,0x49,0x44,0x41,0x54,0x18,0x19,0xed,0xc1,0x9,0xa0,0xcd,0x65,
  0xe2,0x37,0xf0,0xef,0x39,0xe7,0xae,0xae,0xa5,0x90,0x3d,0x51,0xb6,0x36,0x29,0xbd,
  0xfc,0xc2,0xc,0x6a,0x5a,0x84,0x16,0xd9,0xca,0x12,0xca,0x56,0xaa,0xa9,0xa4,0x61,
  0x64,0x52,0xc6,0xab,0xfe,0xcd,0xf8,0x97,0x12,0x2d,0x94,0x2c,0x45,0xfb,0x94,0x4a,
  0xb,0x25,0xdb,0x4b,0x86,0x6c,0x71,0xad,0xd7,0xbe,0x5e,0x97,0xbb,0xdf,0x73,0xcf,
  0xf7,0x1d,0x2d,0x93,0xe5,0xe2,0x79,0x7e,0xfb,0xf3,0x3b,0xcf,0xe7,0x3,0xc4,0x8d,
  0x70,0x85,0x7a,0xcd,0xda,0xf7,0x7a,0x74,0xf4,0xc4,0xa9,0xb3,0x3e,0xfa,0x7c,0xee,
  0x82,0x65,0xab,0xd6,0x6f,0xdd,0x7d,0x30,0x3b,0xfb,0xe0,0xee,0xad,0xeb,0x57,0x2d,
  0x5b,0x30,0xf7,0xf3,0x8f,0x66,0x4d,0x9d,0x38,0xfa,0xd1,0x5e,0xed,0x9b,0xd5,0xaf,
  0x18,0x81,0x16,0x14,0xa1,0xea,0xcd,0xbb,0xf,0x7f,0xed,0x93,0x45,0x1b,0xe,0xc6,
  0x28,0x2c,0x76,0x28,0x7d,0xf1,0xa7,0xaf,0x3f,0xd1,0xbd,0x45,0xf5,0x30,0x34,0x45,
  0x55,0x31,0xba,0xe,0x9d,0x38,0x67,0x43,0x1,0x2d,0x29,0x48,0x9f,0xf3,0xca,0xd0,
  0x3b,0x8d,0x2a,0xd0,0xd4,0x51,0xa6,0x59,0xff,0x97,0xe6,0x1f,0xa6,0xad,0xe,0xcf,
  0x7f,0xa9,0x7f,0xb3,0x32,0xd0,0xfc,0x2d,0x52,0xbf,0xd3,0xd3,0x1f,0x6e,0x8e,0xd1,
  0x21,0xb1,0xcd,0x1f,0x3e,0xdd,0xa9,0x7e,0x4,0x9a,0x1f,0x55,0xef,0xfc,0xc2,0xd2,
  0x5c,0xba,0x20,0x77,0xe9,0xb,0x9d,0xab,0x43,0xf3,0x91,0xf0,0xe5,0x3,0xa6,0x6e,
  0xa1,0xab,0xb6,0x4e,0x1d,0xd8,0x30,0xc,0xcd,0x7b,0xa9,0x2d,0x87,0xcd,0xce,0xa4,
  0x27,0xe,0x7f,0x36,0xbc,0x55,0x29,0x68,0xde,0x9,0x35,0x1a,0xfa,0x6d,0x21,0x3d,
  0x55,0x34,0xff,0xaf,0x57,0x85,0xa0,0x79,0xa0,0x7c,0x97,0xc9,0xbb,0xe9,0xb,0x7b,
  0xde,0xec,0x5a,0x1,0x9a,0x9b,0xc2,0x4d,0x46,0x2c,0x8c,0xd2,0x47,0x8a,0x17,0xfd,
  0xad,0x49,0x18,0x9a,0x2b,0xd2,0xba,0x4c,0xdb,0x4f,0x1f,0xda,0x3f,0xad,0x4b,0x1a,
  0x34,0x87,0xa5,0xde,0x31,0x33,0x87,0xbe,0x95,0x33,0xf3,0x8e,0x54,0x68,0x8e,0x49,
  0xbe,0x75,0xfa,0x51,0xfa,0xdc,0xd1,0xe9,0xb7,0x26,0x43,0x73,0x40,0x62,0xdb,0x29,
  0x59,0x54,0x42,0xd6,0x94,0xb6,0x89,0xd0,0xec,0xd5,0x6a,0xd2,0x21,0x2a,0xe4,0xd0,
  0xa4,0x56,0xd0,0x6c,0x53,0x69,0xc8,0x6,0x2a,0x67,0xc3,0x90,0x4a,0xd0,0x6c,0x10,
  0xbe,0x61,0x56,0x21,0x95,0x54,0x38,0xeb,0x86,0x30,0x34,0x6b,0xaa,0xd,0xdf,0x42,
  0x85,0x6d,0x19,0x5e,0xd,0x9a,0x69,0x91,0x76,0x1f,0x47,0xa9,0xb8,0xe8,0xc7,0xed,
  0x22,0xd0,0xcc,0x28,0x37,0x64,0x3b,0x3,0x61,0xfb,0x90,0x72,0xd0,0x64,0x5d,0x30,
  0xf6,0x8,0x3,0xe3,0xc8,0xd8,0xb,0xa0,0xc9,0xb8,0x7a,0x46,0x94,0x81,0x12,0x9d,
  0x71,0x35,0x34,0x41,0xa1,0x76,0xf3,0x18,0x40,0xf3,0xda,0x85,0xa0,0x9d,0x5d,0x4a,
  0xdf,0x75,0xc,0xa8,0x75,0x7d,0x53,0xa0,0x9d,0x59,0xa9,0x21,0x7b,0x19,0x60,0x7b,
  0x87,0x94,0x82,0x76,0x7a,0x29,0xf,0xed,0x61,0xc0,0xed,0x79,0x28,0x5,0x5a,0xc9,
  0x12,0x7,0xee,0x60,0x1c,0xd8,0x31,0x30,0x11,0xda,0xa9,0x12,0xfa,0x6c,0x65,0x9c,
  0xd8,0xda,0x27,0x1,0xda,0x89,0xc2,0xdd,0xd3,0x19,0x47,0xd2,0xbb,0x87,0xa1,0xfd,
  0x2e,0xd4,0x69,0x2d,0xe3,0xcc,0xda,0x4e,0x21,0x68,0xbf,0xba,0x66,0x9,0xe3,0xd0,
  0x92,0x6b,0xa0,0x1d,0x53,0x63,0x5a,0x8c,0x71,0x29,0x36,0xad,0x6,0xb4,0xd4,0x11,
  0x39,0x8c,0x5b,0x39,0x23,0x52,0x11,0xe7,0xba,0x66,0x30,0xae,0x65,0x74,0x45,0x3c,
  0xbb,0x7a,0x1,0xe3,0xde,0x82,0xab,0x11,0xaf,0xaa,0x4e,0x8e,0x51,0x63,0x6c,0x72,
  0x55,0xc4,0xa3,0xf0,0xa0,0x23,0xd4,0x7e,0x76,0x64,0x50,0x18,0x71,0xe7,0x92,0x85,
  0xd4,0xfe,0x6b,0xe1,0x25,0x88,0x2f,0x49,0x4f,0x16,0x50,0x3b,0x4e,0xc1,0x93,0x49,
  0x88,0x23,0xd7,0xac,0xa1,0x76,0x92,0x35,0xd7,0x20,0x5e,0x94,0x1e,0x57,0x4c,0xed,
  0x14,0xc5,0xe3,0x4a,0x23,0x2e,0xb4,0xcd,0xa0,0xe7,0x62,0x79,0x59,0xfb,0x76,0x6c,
  0x5a,0xbb,0x62,0xc9,0xfc,0xf9,0x4b,0x56,0xac,0xdd,0xb4,0x63,0x5f,0x56,0x5e,0x8c,
  0x9e,0xcb,0x68,0x8b,0xe0,0xab,0x38,0x9d,0xde,0xc8,0xdd,0xb0,0xf0,0xe3,0x49,0xcf,
  0xe,0xe9,0x73,0x4b,0xb3,0x7a,0xe5,0x13,0x50,0x82,0x84,0xf2,0xf5,0x9a,0xdd,0xd2,
  0x67,0xc8,0xb3,0x93,0x3e,0x5a,0xb0,0x3e,0x87,0xde,0x98,0x5e,0x11,0x1,0x77,0xe3,
  0x6e,0xba,0x2c,0xef,0xa7,0xcf,0x27,0x3c,0xde,0xa5,0x69,0x65,0x48,0xa9,0xd4,0xa4,
  0xcb,0xe3,0x2f,0x7f,0xf6,0x53,0x1e,0x5d,0xb6,0xfb,0x46,0x4,0x59,0xca,0xf3,0x31,
  0xba,0x27,0xf3,0xbb,0x17,0xfb,0x37,0xab,0x12,0x82,0x5,0xa1,0x2a,0xcd,0xfa,0xbf,
  0xf8,0x5d,0x26,0xdd,0x13,0x7b,0x3e,0x5,0x81,0xd5,0x70,0x15,0xdd,0x51,0xb4,0x7a,
  0xc6,0xd0,0xb6,0xe7,0xc3,0x36,0x35,0xdb,0xe,0x9d,0xb1,0xba,0x88,0xee,0x58,0xd5,
  0x10,0xc1,0x14,0x7a,0x38,0x9f,0x2e,0xd8,0xfd,0xde,0x23,0x4d,0x93,0xe1,0x80,0xe4,
  0xa6,0x8f,0xbc,0xb7,0x9b,0x2e,0xc8,0x7f,0x38,0x84,0x0,0xaa,0x36,0x87,0x4e,0x8b,
  0xad,0x9e,0xd8,0xf3,0x22,0x38,0xea,0xa2,0x9e,0x13,0x57,0xc7,0xe8,0xb4,0x39,0xd5,
  0x10,0x38,0x1d,0xe,0xd0,0x59,0x2b,0xc6,0xb4,0x39,0x7,0xae,0x38,0xa7,0xcd,0x98,
  0x15,0x74,0xd6,0x81,0xe,0x8,0x96,0xb4,0xd7,0xe8,0xa4,0xcc,0x99,0xbd,0xab,0xc1,
  0x55,0xd5,0x7a,0xcf,0xcc,0xa4,0x93,0x5e,0x4b,0x43,0x80,0xd4,0x5d,0x4d,0xc7,0xc4,
  0x7e,0x18,0xd5,0x22,0x2,0xf,0x44,0x5a,0x8c,0xfa,0x21,0x46,0xc7,0xac,0xae,0x8b,
  0xc0,0xb8,0xe5,0x30,0x1d,0x52,0xf4,0x59,0xef,0xca,0xf0,0x50,0xe5,0xde,0x9f,0x15,
  0xd1,0x21,0x87,0x6f,0x41,0x30,0x84,0x9f,0x8a,0xd1,0x11,0xd1,0xaf,0xfb,0x56,0x80,
  0xe7,0x2a,0xf4,0xfd,0x3a,0x4a,0x47,0xc4,0x9e,0xa,0x23,0x0,0xce,0x9d,0x4d,0x27,
  0xc4,0xbe,0xbb,0xbf,0x32,0x7c,0xa2,0xf2,0xfd,0xdf,0xc5,0xe8,0x84,0xd9,0xe7,0x42,
  0x79,0xd,0x37,0xd2,0x1,0x4b,0x1f,0xae,0xe,0x5f,0xa9,0xfe,0xf0,0x52,0x3a,0x60,
  0x63,0x43,0x28,0xee,0xae,0x1c,0xda,0x2e,0xf3,0xc5,0x2b,0xe0,0x43,0x57,0xbc,0x98,
  0x49,0xdb,0xe5,0xdc,0x5,0x95,0x25,0x8c,0xa5,0xed,0xbe,0xeb,0x91,0xa,0x9f,0x4a,
  0xed,0xf1,0x1d,0x6d,0x37,0x36,0x1,0xca,0xaa,0x30,0x8f,0x36,0xdb,0xf7,0x5c,0x7d,
  0xf8,0x5a,0xfd,0xe7,0xf6,0xd1,0x66,0xf3,0x2a,0x40,0x51,0x75,0x36,0xd0,0x5e,0xdf,
  0x75,0x4a,0x82,0xef,0x25,0x75,0xfa,0x8e,0xf6,0xda,0x50,0x7,0x4a,0x6a,0x7e,0x80,
  0x76,0x8a,0xce,0x6c,0x2,0x45,0x34,0x99,0x19,0xa5,0x9d,0xe,0x34,0x87,0x82,0xba,
  0xe4,0xd3,0x46,0xd9,0x2f,0xd4,0x86,0x42,0x6a,0xbf,0x90,0x4d,0x1b,0xe5,0x77,0x81,
  0x72,0xfe,0x12,0xa3,0x7d,0x76,0xf,0x2b,0xf,0xc5,0x94,0x1f,0xb6,0x9b,0xf6,0x89,
  0xfd,0x5,0x6a,0x49,0x78,0x85,0xf6,0x59,0x77,0x4f,0x32,0x14,0x94,0x7c,0xcf,0x3a,
  0xda,0xe7,0x95,0x4,0x28,0xa4,0xcc,0x17,0xb4,0x4d,0x7a,0xb7,0x30,0x14,0x15,0xbe,
  0x6b,0x3d,0x6d,0xf3,0x45,0x19,0x28,0xa3,0xc6,0x4a,0xda,0x65,0x6b,0x9f,0x4,0x28,
  0x2c,0x72,0xf7,0x26,0xda,0x65,0x65,0xd,0x28,0xa2,0xe1,0x4e,0xda,0x64,0xc7,0xc0,
  0x24,0x28,0x2e,0xa1,0xef,0x36,0xda,0x64,0x67,0x43,0x28,0xa1,0xc9,0x21,0xda,0x63,
  0xef,0x9f,0x53,0x10,0x0,0x49,0xf7,0xed,0xa0,0x3d,0xe,0x35,0x81,0x2,0x5a,0x1e,
  0xa1,0x2d,0x8e,0xe,0x4d,0x43,0x40,0xa4,0x3c,0x7c,0x98,0xb6,0x38,0xd2,0x12,0xbe,
  0x77,0x53,0x2e,0x6d,0x31,0xab,0x6,0x2,0xa4,0xf2,0x5b,0xb4,0x45,0xee,0x4d,0xf0,
  0xb9,0xe,0x5,0xb4,0x43,0xfa,0x8d,0x8,0x98,0x96,0x6b,0x68,0x87,0x82,0xe,0xf0,
  0xb5,0x1e,0x51,0xda,0x20,0x6f,0x44,0x32,0x2,0x27,0x71,0x48,0x36,0x6d,0x10,0xed,
  0x1,0x1f,0x1b,0x10,0xa3,0xd,0x3e,0xbd,0x10,0x81,0x74,0xfe,0x7b,0xb4,0x41,0x6c,
  0x0,0x7c,0x6b,0x30,0x6d,0xb0,0xed,0x36,0x4,0xd6,0x4d,0x1b,0x69,0x83,0xc1,0xf0,
  0xa9,0x91,0xb4,0xae,0xf0,0xff,0x96,0x42,0x80,0xa5,0xfc,0x2d,0x8f,0xd6,0x8d,0x84,
  0x2f,0x8d,0xa4,0x75,0xdf,0x5c,0x8c,0x80,0xbb,0x68,0x36,0xad,0x1b,0x9,0x1f,0x7a,
  0x8c,0x96,0xed,0xbe,0xb,0x71,0xa0,0x43,0x6,0x2d,0x7b,0xc,0xbe,0x33,0x90,0x56,
  0x45,0x9f,0x2f,0x8b,0xb8,0x90,0xf6,0x4c,0x21,0xad,0x1a,0x8,0x9f,0xe9,0x11,0xa3,
  0x45,0xb,0x1b,0x21,0x6e,0x5c,0x32,0x97,0x16,0xc5,0x7a,0xc0,0x57,0xee,0x88,0xd2,
  0x9a,0x82,0x7,0x43,0x88,0x27,0xfd,0xf2,0x68,0x4d,0xf4,0xe,0xf8,0x48,0x9b,0x2,
  0x5a,0xb3,0xe9,0x6a,0xc4,0x99,0x86,0x3f,0xd1,0x9a,0x82,0x36,0xf0,0x8d,0x96,0xb9,
  0xb4,0xe6,0xdd,0x72,0x88,0x3b,0xa5,0xa7,0xd2,0x9a,0xdc,0x96,0xf0,0x89,0x26,0x47,
  0x68,0x49,0xc1,0x20,0xc4,0xa5,0x7b,0x73,0x69,0xc9,0x91,0x26,0xf0,0x85,0x86,0x87,
  0x68,0xc9,0xc6,0xc6,0x88,0x53,0x97,0xaf,0xa3,0x25,0x87,0x1a,0xc2,0x7,0xce,0xdf,
  0x45,0x4b,0x66,0x95,0x45,0xdc,0x4a,0x7b,0x8b,0x96,0xec,0x3a,0x1f,0x9e,0x2b,0xbb,
  0x8a,0x56,0xe4,0xdf,0x87,0xb8,0xd6,0x27,0x97,0x56,0xac,0x2a,0xb,0x8f,0x25,0x7e,
  0x49,0x2b,0xd2,0xaf,0x44,0x9c,0xbb,0x6c,0x2d,0xad,0xf8,0x32,0x11,0xde,0x9a,0x44,
  0x2b,0xde,0x29,0x8b,0xb8,0x97,0xf6,0x26,0xad,0x98,0x4,0x4f,0x3d,0x41,0xb,0xf2,
  0x7,0x42,0xfb,0x8f,0xde,0x39,0xb4,0xe0,0x9,0x78,0xa8,0x3b,0x2d,0x48,0x6f,0x4,
  0xed,0x67,0x97,0xae,0xa1,0x5,0xdd,0xe1,0x99,0x56,0x5,0x34,0xef,0xed,0x32,0xd0,
  0x7e,0x55,0xea,0xd,0x9a,0x57,0xd0,0xa,0x1e,0xb9,0x38,0x93,0xa6,0x45,0xef,0x83,
  0x76,0x9c,0x3e,0x85,0x34,0x2d,0xf3,0x62,0x78,0xa2,0xf2,0x16,0x9a,0x96,0x7b,0xb,
  0xb4,0x13,0xdc,0x94,0x4d,0xd3,0xb6,0x54,0x86,0x7,0x92,0x16,0xd1,0xb4,0xcc,0x16,
  0xd0,0x4e,0xd2,0xf4,0x0,0x4d,0x5b,0x94,0x4,0xf7,0x4d,0xa0,0x69,0x3b,0x2e,0x83,
  0x76,0x8a,0x6,0xdb,0x68,0xda,0x4,0xb8,0xae,0x37,0x4d,0xfb,0xe9,0x2,0x68,0x25,
  0xa8,0xb1,0x9a,0xa6,0xf5,0x86,0xcb,0x1a,0xe7,0xd1,0xac,0x25,0x15,0xa0,0x95,0xe8,
  0xdc,0x5,0x34,0x2b,0xaf,0x31,0x5c,0x55,0x61,0x2b,0xcd,0xfa,0x2c,0xd,0xda,0x69,
  0xa4,0x7e,0x42,0xb3,0xb6,0x56,0x80,0x8b,0xc2,0x73,0x68,0xd6,0x5b,0x89,0xd0,0x4e,
  0x2b,0xe1,0xd,0x9a,0x35,0x27,0xc,0xf7,0x8c,0xa6,0x59,0xff,0x8,0x41,0x3b,0x93,
  0x67,0x68,0xd6,0x68,0xb8,0xe6,0xf6,0x18,0xcd,0x89,0x3d,0x6,0xed,0x2c,0x1e,0x89,
  0xd1,0x9c,0xd8,0xed,0x70,0x49,0xfd,0x2c,0x9a,0x53,0xd4,0x13,0xda,0x59,0x75,0x2f,
  0xa2,0x39,0x59,0xf5,0xe1,0x8a,0xd2,0x6b,0x69,0x4e,0xce,0xcd,0xd0,0x4,0xb4,0xc9,
  0xa1,0x39,0x6b,0x4b,0xc3,0xd,0x93,0x68,0xce,0x41,0x3,0x9a,0x90,0xa6,0x7,0x68,
  0xce,0x24,0xb8,0xa0,0x23,0xcd,0xc9,0xb8,0x18,0x9a,0xa0,0x6,0x19,0x34,0xa7,0x23,
  0x1c,0x57,0xfd,0x20,0x4d,0xd9,0x76,0x3e,0x34,0x61,0xe7,0x6f,0xa3,0x29,0x7,0xab,
  0xc3,0x61,0xa1,0xaf,0x68,0xca,0x81,0x6,0xd0,0x24,0x34,0x38,0x40,0x53,0xbe,0xa,
  0xc1,0x59,0x83,0x69,0x4a,0x8e,0x1,0x4d,0x8a,0x91,0x43,0x53,0x6,0xc3,0x51,0x8d,
  0xa,0x68,0x46,0x51,0x1b,0x68,0x92,0xda,0x14,0xd1,0x8c,0x82,0x46,0x70,0x50,0xea,
  0x1a,0x9a,0x11,0xeb,0x9,0x4d,0x5a,0xcf,0x18,0xcd,0x58,0x93,0xa,0xe7,0x8c,0xa3,
  0x29,0x83,0xa1,0x99,0x30,0x98,0xa6,0x8c,0x83,0x63,0xda,0xd0,0x94,0xe7,0xa0,0x99,
  0xf2,0x1c,0x4d,0x69,0x3,0x87,0x9c,0xb7,0x87,0x66,0x4c,0x9,0x41,0x33,0x25,0x34,
  0x85,0x66,0xec,0x39,0xf,0xce,0x78,0x87,0x66,0xcc,0x4e,0x80,0x66,0x52,0xc2,0x6c,
  0x9a,0xf1,0xe,0x1c,0xd1,0x9e,0x66,0x2c,0x4e,0x83,0x66,0x5a,0xda,0x62,0x9a,0xd1,
  0x1e,0xe,0x28,0xbb,0x9d,0x26,0xac,0xab,0x0,0xcd,0x82,0xa,0xeb,0x68,0xc2,0xf6,
  0xb2,0xb0,0xdf,0x78,0x9a,0xb0,0xa3,0x26,0x34,0x4b,0x6a,0xee,0xa0,0x9,0xe3,0x61,
  0xbb,0x16,0x31,0xca,0x3b,0x74,0x19,0x34,0x8b,0x2e,0x3b,0x44,0x79,0xb1,0x16,0xb0,
  0x59,0xf2,0x3a,0xca,0xcb,0x6d,0xe,0xcd,0xb2,0xe6,0xb9,0x94,0xb7,0x2e,0x19,0xf6,
  0x7a,0x8a,0xf2,0xa2,0xb7,0x40,0xb3,0xc1,0x2d,0x51,0xca,0x7b,0xa,0xb6,0xba,0xac,
  0x90,0xf2,0x6,0x42,0xb3,0xc5,0x40,0xca,0x2b,0xbc,0xc,0x36,0xa,0x2f,0xa6,0xbc,
  0xe9,0xd0,0x6c,0x32,0x9d,0xf2,0x16,0x87,0x61,0x9f,0x87,0x28,0x6f,0x7d,0x69,0x68,
  0x36,0x29,0xbd,0x9e,0xf2,0x1e,0x82,0x6d,0xaa,0x67,0x53,0x5a,0xde,0x15,0xd0,0x6c,
  0x73,0x45,0x1e,0xa5,0x65,0x57,0x87,0x5d,0xde,0xa2,0xbc,0xfe,0xd0,0x6c,0xd4,0x9f,
  0xf2,0xa6,0xc2,0x26,0x4d,0x63,0x94,0x36,0x3,0x9a,0xad,0x66,0x50,0x5a,0xcc,0x80,
  0x2d,0x42,0x8b,0x29,0x6d,0x43,0x19,0x68,0xb6,0x2a,0xb3,0x81,0xd2,0xfe,0x5f,0x8,
  0x76,0xe8,0x4e,0x69,0xf9,0x8d,0xa0,0xd9,0xac,0x51,0x3e,0xa5,0xdd,0xd,0x1b,0x94,
  0xda,0x41,0x69,0x3,0xa0,0xd9,0x6e,0x0,0xa5,0xed,0x2a,0xd,0xeb,0x9e,0xa2,0xb4,
  0x77,0xa0,0x39,0xe0,0x1d,0x4a,0x1b,0xd,0xcb,0x6a,0xe6,0x52,0x56,0x7a,0x59,0x68,
  0xe,0x28,0x9b,0x4e,0x59,0xf9,0x17,0xc2,0xaa,0xb7,0x29,0x2b,0xff,0x4a,0x68,0x8e,
  0xb8,0x32,0x9f,0xb2,0xde,0x87,0x45,0x2d,0x28,0xed,0x3e,0x68,0xe,0xb9,0x8f,0xd2,
  0xae,0x85,0x25,0xa1,0x65,0x94,0x35,0x13,0x9a,0x63,0x66,0x52,0xd6,0x8f,0x11,0x58,
  0x71,0x27,0x65,0x6d,0x2c,0xb,0xcd,0x31,0x65,0x37,0x52,0x56,0x6f,0x58,0x10,0x59,
  0x4f,0x49,0xf9,0x57,0x41,0x73,0xd0,0x55,0xf9,0x94,0xb4,0x39,0x11,0xe6,0xf5,0xa2,
  0xac,0x41,0xd0,0x1c,0x35,0x88,0xb2,0xfa,0xc1,0xb4,0xc4,0xcd,0x94,0x34,0x3f,0x4,
  0xcd,0x51,0xa1,0xef,0x29,0x29,0x23,0x9,0x66,0xf5,0xa3,0xa4,0xa2,0xcb,0xa1,0x39,
  0xac,0x61,0x94,0x92,0xee,0x87,0x49,0xc9,0x19,0x94,0xf4,0x4f,0x68,0x8e,0x1b,0x4b,
  0x49,0x3b,0x53,0x60,0xce,0x3,0x94,0xb4,0xb3,0xc,0x34,0xc7,0x95,0xd9,0x45,0x49,
  0x7f,0x86,0x29,0xa9,0xbb,0x28,0xa9,0xb,0x34,0x17,0xdc,0x49,0x49,0x7b,0x4a,0xc1,
  0x8c,0x47,0x29,0xe9,0x4b,0x68,0xae,0xf8,0x9a,0x92,0x1e,0x83,0x9,0xa5,0xf7,0x51,
  0x4e,0x41,0x3d,0x68,0xae,0x68,0x50,0x48,0x39,0xfb,0x4b,0x43,0xde,0x30,0x4a,0x1a,
  0x5,0xcd,0x25,0x63,0x28,0x69,0x18,0xa4,0xa5,0x1e,0xa0,0x9c,0x2d,0xa9,0xd0,0x5c,
  0x92,0xb6,0x8d,0x72,0xe,0xa4,0x42,0xd6,0x40,0x4a,0x6a,0xf,0xcd,0x35,0xb7,0x53,
  0xd2,0x40,0x48,0xa,0xa7,0x53,0xce,0x47,0xd0,0x5c,0x34,0x9b,0x72,0xd2,0xc3,0x90,
  0x73,0x3b,0xe5,0xe4,0xd6,0x82,0xe6,0xa2,0x8b,0xf2,0x29,0xe7,0x76,0xc8,0xf9,0x9e,
  0x72,0x86,0x41,0x73,0xd5,0x93,0x94,0xf3,0x3d,0xa4,0x18,0x94,0xf3,0x53,0x12,0x34,
  0x57,0xa5,0x6c,0xa2,0x1c,0x3,0x32,0xde,0xa5,0x9c,0x3f,0x41,0x73,0xd9,0xcd,0x94,
  0xf3,0x2e,0x24,0x5c,0x58,0x4c,0x29,0x6f,0x43,0x73,0xdd,0x7,0x94,0x52,0x7c,0x21,
  0xc4,0x8d,0xa3,0x94,0x23,0xd5,0xa0,0xb9,0xae,0x66,0xe,0xa5,0x8c,0x83,0xb0,0xf2,
  0xd9,0x94,0xf2,0x18,0x34,0xf,0x3c,0x41,0x29,0xd9,0xe5,0x21,0x6a,0x18,0xa5,0xec,
  0x4a,0x85,0xe6,0x81,0xd2,0xfb,0x29,0x65,0x18,0x4,0x25,0xec,0xa2,0x94,0x41,0xd0,
  0x3c,0x31,0x98,0x52,0x76,0x25,0x40,0xcc,0xed,0x94,0x92,0x91,0xc,0xcd,0x13,0xa9,
  0xbb,0x29,0xe5,0x76,0x88,0x99,0x4d,0x29,0x7d,0xa1,0x79,0xe4,0x1,0x4a,0x99,0xd,
  0x21,0x35,0x8b,0x29,0x63,0x53,0x2,0x34,0x8f,0x24,0x67,0x50,0x46,0x71,0x4d,0x88,
  0x18,0x49,0x29,0x3d,0xa1,0x79,0xa6,0x1f,0xa5,0x8c,0x84,0x80,0xc8,0x76,0xca,0xf8,
  0x29,0x2,0xcd,0x33,0x89,0x9b,0x29,0x63,0x7b,0x4,0x67,0xd7,0x96,0x52,0xba,0x40,
  0xf3,0xd0,0xdd,0x94,0xd2,0x16,0x67,0xf7,0x21,0x65,0xac,0xa,0x41,0xf3,0x50,0x64,
  0x3,0x65,0x7c,0x88,0xb3,0xaa,0x5a,0x44,0x19,0x77,0x43,0xf3,0x54,0x3f,0xca,0x28,
  0xaa,0x8a,0xb3,0xf9,0x2b,0x65,0xec,0x4a,0x82,0xe6,0xa9,0x94,0x7d,0x94,0xf1,0x57,
  0x9c,0x45,0x68,0x33,0x65,0xc,0x83,0xbf,0x25,0xdc,0xf4,0xf7,0xf1,0xd3,0x3f,0x1c,
  0xd5,0xae,0x22,0x2,0x6b,0x4,0x65,0x6c,0xe,0xe1,0xcc,0xae,0xa7,0x8c,0xec,0xf2,
  0xf0,0xb3,0x4b,0x5f,0xde,0xcf,0x5f,0x7d,0x7c,0x29,0x2,0xaa,0x62,0x2e,0x65,0x5c,
  0x8f,0x33,0x7b,0x8b,0x32,0x5e,0x84,0x8f,0x85,0x1e,0xc9,0xe7,0xef,0x8a,0x27,0x55,
  0x41,0x30,0x8d,0xa7,0x8c,0xb7,0x70,0x46,0x29,0x59,0x94,0x50,0x7c,0x11,0xfc,0xeb,
  0xbc,0x6f,0x78,0xa2,0xbd,0x6d,0x10,0x48,0x75,0x8a,0x29,0x21,0x2b,0x5,0x67,0x72,
  0x1b,0x65,0xbc,0xf,0xff,0x4a,0xfa,0x9e,0x27,0x8b,0xfd,0x33,0x9,0x41,0xf4,0x1e,
  0x65,0xdc,0x86,0x33,0x99,0x41,0x19,0xcd,0xe1,0x5f,0x93,0x58,0x82,0x1f,0xea,0x22,
  0x80,0xae,0xa1,0x8c,0x19,0x38,0x83,0xd4,0x6c,0x4a,0x58,0xc,0xff,0xba,0x9b,0x25,
  0x3a,0x7a,0x37,0x2,0x68,0x1,0x25,0x64,0xa7,0xe2,0xf4,0x3a,0x52,0x46,0x37,0xf8,
  0x56,0x68,0xd,0x4f,0x63,0x5a,0x59,0x4,0x4e,0x57,0xca,0xe8,0x88,0xd3,0x9b,0x45,
  0x9,0x87,0x52,0xe0,0x5b,0x37,0xf2,0xb4,0x36,0x35,0x41,0xd0,0x24,0x1f,0xa0,0x84,
  0x59,0x38,0xad,0xb4,0x5c,0x4a,0x78,0x1e,0xfe,0xf5,0x11,0x4f,0xaf,0xf0,0xf1,0x10,
  0x2,0x66,0x2c,0x25,0xe4,0xa6,0xe1,0x74,0xba,0x52,0xc6,0x65,0xf0,0xaf,0xad,0x3c,
  0x93,0x2f,0xab,0x20,0x58,0x2e,0xa1,0x8c,0xae,0x38,0x9d,0xf,0x28,0x61,0x11,0xfc,
  0x2b,0x31,0xca,0x33,0xda,0x77,0x33,0x82,0x65,0x1,0x25,0x7c,0x80,0xd3,0x28,0x9b,
  0x4f,0x9,0x7d,0xe0,0x5f,0x75,0x78,0x16,0xb1,0xb1,0x49,0x8,0x92,0xde,0x94,0x90,
  0x5f,0x16,0x25,0xeb,0x4e,0x9,0x59,0x69,0xf0,0xaf,0xa6,0x3c,0xab,0xe5,0xf5,0x10,
  0x20,0xa5,0xb2,0x28,0xa1,0x3b,0x4a,0x36,0x93,0x12,0x26,0xc0,0xc7,0xc,0x9e,0x5d,
  0x76,0x2f,0x4,0xc8,0xcb,0x94,0x30,0x13,0x25,0x8a,0x64,0x52,0x42,0x63,0xf8,0x98,
  0x41,0x11,0xd3,0xcb,0x22,0x30,0xae,0xa2,0x84,0xcc,0x8,0x4a,0xd2,0x9c,0x12,0x96,
  0xc3,0xcf,0xc,0xa,0xd9,0xd4,0x14,0x81,0xb1,0x9c,0x12,0x9a,0xa3,0x24,0xa3,0x28,
  0x61,0x30,0xfc,0xcc,0xa0,0x98,0xa2,0xbf,0x84,0x11,0x10,0x83,0x29,0x61,0x14,0x4a,
  0xb2,0x8c,0xe2,0x62,0x35,0xe1,0x67,0x6,0x45,0x7d,0x55,0x15,0xc1,0x70,0x1,0x25,
  0x2c,0x43,0x9,0x2a,0xc5,0x28,0x6e,0x21,0x7c,0xcd,0xa0,0xb0,0x7d,0x6d,0x11,0xc,
  0x8b,0x28,0x2e,0x56,0x9,0xa7,0xea,0x41,0x9,0xf,0xc1,0xd7,0xc,0x4a,0x18,0x9b,
  0x84,0x20,0x78,0x98,0x12,0x7a,0xe0,0x54,0xd3,0x28,0xae,0xb8,0x1a,0x7c,0xcd,0xa0,
  0x8c,0xe5,0xf5,0x11,0x0,0x35,0x62,0x14,0x37,0xd,0xa7,0x8,0xef,0xa7,0xb8,0x6f,
  0xe1,0x6f,0x6,0xa5,0x64,0xf7,0x46,0x0,0x7c,0x4f,0x71,0xfb,0xc3,0x38,0x59,0x13,
  0x4a,0xb8,0xf,0xfe,0x66,0x50,0xd2,0x8c,0xb2,0x50,0xde,0x83,0x94,0xd0,0x4,0x27,
  0x1b,0x41,0x71,0xd1,0x4a,0xf0,0x37,0x83,0xb2,0x36,0x1b,0x50,0x5d,0xd5,0x62,0x8a,
  0x1b,0x81,0x93,0x2d,0xa2,0xb8,0xaf,0xe0,0x73,0x6,0xa5,0x15,0xd,0xd,0x43,0x71,
  0xdf,0x52,0xdc,0x22,0x9c,0xa4,0x4c,0x94,0xe2,0xfa,0xc1,0xe7,0xc,0x9a,0xf0,0x75,
  0x55,0xa8,0xed,0x7e,0x8a,0x8b,0x96,0xc1,0x89,0xae,0xa7,0x84,0xea,0xf0,0x39,0x83,
  0x66,0xec,0x6f,0xb,0xa5,0xd5,0xa2,0x84,0xeb,0x71,0xa2,0x27,0x29,0x6e,0x25,0xfc,
  0xce,0xa0,0x39,0xff,0x9b,0xc,0x95,0xad,0xa3,0xb8,0x27,0x71,0xa2,0xaf,0x28,0x6e,
  0xc,0xfc,0xce,0xa0,0x49,0xff,0xae,0xf,0x85,0x8d,0xa5,0xb8,0xaf,0x70,0x82,0xc8,
  0x51,0x8a,0x6b,0x9,0xbf,0x33,0x68,0x56,0x76,0x1f,0xa8,0xeb,0x6,0x8a,0x3b,0x1a,
  0xc1,0xf1,0x1a,0x53,0x5c,0x56,0x22,0xfc,0xce,0xa0,0x79,0x6f,0x97,0x83,0xaa,0x92,
  0x73,0x28,0xae,0x31,0x8e,0xf7,0x20,0xc5,0xbd,0x7,0xdf,0x33,0x68,0xc1,0x16,0x3,
  0xaa,0xfa,0x84,0xe2,0x1e,0xc4,0xf1,0x66,0x52,0xdc,0xbd,0xf0,0x3d,0x83,0x56,0x14,
  0xd,0xb,0x43,0x4d,0x83,0x28,0x6e,0x26,0x8e,0xb7,0x93,0xe2,0x6a,0xc0,0xf7,0xc,
  0x5a,0xf3,0x75,0x35,0x28,0xe9,0x22,0x8a,0xdb,0x89,0xe3,0xd4,0xa6,0xb8,0x55,0xf0,
  0x3f,0x83,0x16,0xed,0x6f,0x7,0x25,0x6d,0xa0,0xb8,0xda,0xf8,0x5d,0x77,0x8a,0x7b,
  0x16,0xfe,0x67,0xd0,0xb2,0xe7,0x93,0xa1,0xa0,0x17,0x28,0xae,0x3b,0x7e,0x37,0x81,
  0xe2,0xda,0xc2,0xff,0xc,0x5a,0xb7,0xa2,0x1,0xd4,0x73,0x7,0xc5,0x4d,0xc0,0xef,
  0x56,0x52,0x58,0xac,0x3c,0xfc,0xcf,0xa0,0xd,0x72,0xee,0x81,0x72,0xaa,0x52,0xdc,
  0x4a,0xfc,0x57,0x62,0x21,0x85,0xad,0x81,0x2,0xc,0xda,0xe2,0x9d,0x72,0x50,0xcd,
  0x26,0xa,0x2b,0x4c,0xc4,0x6f,0x1a,0x52,0xdc,0x2b,0x50,0x80,0x41,0x7b,0x6c,0xb9,
  0x6,0x8a,0x99,0x42,0x71,0xd,0xf1,0x9b,0x6e,0x14,0x77,0x37,0x14,0x60,0xd0,0x26,
  0x45,0x7f,0xd,0x43,0x29,0xfd,0x29,0xae,0x1b,0x7e,0xf3,0xc,0xc5,0xd5,0x81,0x2,
  0xc,0xda,0xe6,0x9b,0x6a,0x50,0xc9,0x65,0x14,0xf7,0xc,0x7e,0x33,0x9b,0xc2,0xf6,
  0x42,0x5,0x6,0xed,0x73,0xa0,0x3d,0x14,0x12,0xce,0xa4,0xb0,0xd9,0xf8,0xcd,0xe,
  0xa,0xfb,0x0,0x2a,0x30,0x68,0xa7,0x17,0x92,0xa1,0x8e,0xcf,0x28,0x6c,0x7,0x7e,
  0x55,0x9e,0xe2,0x6,0x43,0x5,0x6,0x6d,0xb5,0xf2,0x62,0x28,0x63,0x38,0xc5,0x95,
  0xc7,0x2f,0x5a,0x52,0xdc,0x35,0x50,0x81,0x41,0x7b,0xe5,0xdc,0xb,0x55,0xb4,0xa6,
  0xb8,0x96,0xf8,0xc5,0x3,0x14,0x16,0x4d,0x86,0xa,0xc,0xda,0x6d,0xe6,0x39,0x50,
  0x43,0x99,0x18,0x85,0x3d,0x80,0x5f,0xbc,0x4a,0x61,0x6b,0xa1,0x4,0x83,0xb6,0xdb,
  0xda,0xc,0x6a,0xd8,0x4c,0x61,0xaf,0xe2,0x17,0x8b,0x29,0xec,0x6d,0x28,0xc1,0xa0,
  0xfd,0x8a,0x86,0x87,0xa1,0x82,0xf,0x29,0x6c,0x31,0x7e,0x16,0xca,0xa6,0xb0,0x61,
  0x50,0x82,0x41,0x27,0xcc,0xad,0xe,0x5,0x3c,0x45,0x61,0xd9,0x21,0x1c,0x53,0x93,
  0xe2,0xda,0x43,0x9,0x6,0x1d,0x71,0xe0,0x16,0xf8,0x5f,0x27,0x8a,0xab,0x89,0x63,
  0xfe,0x48,0x71,0x17,0x40,0x9,0x6,0x1d,0x32,0x2e,0x5,0x7e,0x57,0x9f,0xe2,0xfe,
  0x88,0x63,0xee,0xa6,0xb0,0xc3,0x50,0x83,0x41,0xa7,0xac,0xbc,0x18,0x3e,0x17,0xc9,
  0xa5,0xb0,0xbb,0x71,0xcc,0xdf,0x28,0x6c,0x3e,0xd4,0x60,0xd0,0x31,0x39,0x7d,0xe1,
  0x73,0xcb,0x28,0xec,0x6f,0x38,0xe6,0xd,0xa,0x1b,0xf,0x35,0x18,0x74,0xd0,0xac,
  0x73,0xe0,0x6b,0x93,0x28,0xec,0xd,0x1c,0x33,0x8f,0xc2,0x6,0x40,0xd,0x6,0x9d,
  0xb4,0xb5,0x39,0xfc,0xec,0xcf,0x14,0x36,0xf,0xc7,0x6c,0xa3,0xb0,0x16,0x50,0x83,
  0x41,0x47,0x45,0x9f,0x8,0xc3,0xbf,0xfe,0x44,0x61,0xdb,0xf0,0x1f,0x9,0x51,0xa,
  0xab,0xa,0x35,0x18,0x74,0xd8,0xbc,0x1a,0xf0,0xad,0xda,0x14,0x16,0x4d,0x0,0x50,
  0x9b,0xc2,0xf2,0x43,0x50,0x83,0x41,0xa7,0x1d,0xbc,0x15,0x7e,0x95,0x50,0x44,0x61,
  0xb5,0x1,0x5c,0x4b,0x61,0xeb,0xa1,0x8,0x83,0xce,0x7b,0x31,0x5,0x3e,0xb5,0x85,
  0xc2,0xae,0x5,0xd0,0x87,0xc2,0xbe,0x80,0x22,0xc,0xba,0xe0,0xc7,0x4b,0xe0,0x4f,
  0xdf,0x50,0x58,0x1f,0x0,0x4f,0x53,0xd8,0x44,0x28,0xc2,0xa0,0x1b,0x72,0xfb,0xc1,
  0x97,0x5e,0xa7,0xb0,0xa7,0x1,0xbc,0x45,0x61,0x7f,0x81,0x22,0xc,0xba,0xe3,0xdd,
  0x73,0xe0,0x43,0xc3,0x29,0xec,0x2d,0x0,0x5f,0x52,0x58,0x57,0x28,0xc2,0xa0,0x4b,
  0xb6,0x35,0x87,0xff,0x74,0xa3,0xb0,0x2f,0x1,0x2c,0xa7,0x30,0x3,0x8a,0x30,0xe8,
  0x96,0xe8,0x88,0x30,0xfc,0xa6,0x19,0x85,0x2d,0x7,0x90,0x41,0x61,0x55,0xa0,0x8,
  0x83,0xee,0xf9,0xb6,0x6,0x7c,0xa6,0x2a,0x85,0x65,0x0,0xc8,0xa1,0xa8,0xbc,0x10,
  0x14,0x61,0xd0,0x45,0x7,0x6f,0x83,0xbf,0x84,0xf2,0x28,0x2a,0x7,0x48,0xa1,0xb0,
  0x74,0xa8,0xc2,0xa0,0xab,0x5e,0x4a,0x81,0xaf,0xa4,0x53,0x58,0xa,0xaa,0x53,0xd8,
  0x22,0xa8,0xc2,0xa0,0xbb,0x56,0x5d,0xa,0x3f,0x59,0x44,0x61,0xd5,0xd1,0x90,0xc2,
  0xfe,0x5,0x55,0x18,0x74,0x59,0x6e,0x7f,0xf8,0xc8,0x27,0x14,0xd6,0x10,0xad,0x29,
  0x6c,0x32,0x54,0x61,0xd0,0x75,0xef,0x9d,0xb,0xdf,0x78,0x93,0xc2,0x5a,0xa3,0x23,
  0x85,0xfd,0xf,0x54,0x61,0xd0,0x7d,0x19,0x2d,0xe0,0x17,0xff,0xa4,0xb0,0x8e,0xe8,
  0x4f,0x61,0x8f,0x43,0x15,0x6,0x3d,0x10,0xfd,0x5b,0x4,0xfe,0xf0,0x57,0xa,0xeb,
  0x8f,0x61,0x14,0x76,0xf,0x54,0x61,0xd0,0x13,0xdf,0x9e,0xf,0x5f,0xe8,0x4f,0x61,
  0xc3,0xf0,0xf,0xa,0xbb,0x15,0xaa,0x30,0xe8,0x8d,0x83,0xb7,0xc3,0xf,0x3a,0x52,
  0xd8,0x3f,0xf0,0x6,0x85,0x35,0x87,0x2a,0xc,0x7a,0x65,0x7c,0xa,0xbc,0xd7,0x9a,
  0xc2,0xde,0xc0,0xbb,0x14,0x56,0x1f,0xaa,0x30,0xe8,0x99,0x55,0x97,0xc2,0x73,0xd,
  0x29,0xec,0x5d,0x7c,0x4c,0x61,0x15,0xa0,0xa,0x83,0xde,0xc9,0x1d,0x0,0xaf,0x55,
  0xa3,0xb0,0x8f,0xf1,0x5,0x85,0x25,0x42,0x15,0x6,0xbd,0xf4,0xfe,0xb9,0xf0,0x56,
  0x19,0xa,0xfb,0x2,0xf3,0x28,0x2a,0x6,0x65,0x18,0xf4,0xd4,0x86,0x5a,0xf0,0x54,
  0x12,0x85,0xcd,0xc3,0x42,0x8a,0xca,0x83,0x32,0xc,0x7a,0x6b,0xe7,0xe5,0xf0,0x14,
  0x85,0x2d,0xc4,0xf,0x14,0x95,0x5,0x65,0x18,0xf4,0xd8,0xee,0xa,0xf0,0x52,0x1,
  0x45,0xfd,0x80,0xd5,0x14,0xb5,0xf,0xca,0x30,0xe8,0xb5,0xe9,0xf0,0xd2,0x11,0x8a,
  0x5a,0x8d,0x74,0x8a,0xda,0x1,0x65,0x18,0xf4,0xdc,0xcd,0xf0,0xd0,0x1,0x8a,0x4a,
  0xc7,0x36,0x8a,0xda,0x4,0x65,0x18,0xf4,0xdc,0x6c,0x78,0x68,0x27,0x45,0x6d,0xc3,
  0x1e,0x8a,0x5a,0x7,0x65,0x18,0xf4,0x5c,0xb4,0x3a,0xbc,0xb3,0x85,0xa2,0xf6,0x20,
  0x93,0xa2,0x56,0x40,0x19,0x6,0xbd,0x77,0x1f,0xbc,0xf3,0x13,0x45,0x65,0x22,0x87,
  0xa2,0xfe,0x1f,0x94,0x61,0xd0,0x7b,0xcf,0xc2,0x3b,0x3f,0x52,0x54,0xe,0xa2,0x14,
  0x35,0x1f,0xca,0x30,0xe8,0xbd,0x19,0xf0,0xce,0x52,0x8a,0x8a,0x22,0x4a,0x51,0xf3,
  0xa1,0xc,0x83,0xde,0xfb,0xc,0xde,0x59,0x4a,0x51,0x51,0xe4,0x52,0xd4,0x12,0x28,
  0xc3,0xa0,0xf7,0x5e,0x87,0x77,0x56,0x52,0x54,0x2e,0x32,0x29,0x6a,0x5,0x94,0x61,
  0xd0,0x7b,0x4f,0xc2,0x3b,0x3f,0x51,0x54,0x26,0xf6,0x50,0xd4,0x5a,0x28,0xc3,0xa0,
  0xf7,0xee,0x80,0x77,0x36,0x53,0xd4,0x1e,0x64,0x50,0xd4,0x26,0x28,0xc3,0xa0,0xe7,
  0x32,0x93,0xe1,0x9d,0x9d,0x14,0x95,0x81,0x74,0x8a,0xda,0xe,0x65,0x18,0xf4,0xdc,
  0x4,0x78,0x68,0x3f,0x45,0xa5,0x63,0x35,0x45,0xed,0x83,0x32,0xc,0x7a,0x2d,0xa7,
  0xe,0x3c,0x74,0x84,0xa2,0x56,0x63,0x39,0x45,0x1d,0x86,0x32,0xc,0x7a,0xed,0x1,
  0x78,0x29,0x9f,0xa2,0x96,0x63,0x11,0x45,0xe5,0x41,0x19,0x6,0x3d,0x36,0x3b,0x4,
  0x2f,0xc5,0x28,0x6a,0x11,0xe6,0x51,0x54,0x31,0x94,0x61,0xd0,0x5b,0x1f,0x24,0xc3,
  0x4b,0x89,0x14,0x36,0xf,0x73,0x28,0x2c,0x1,0xaa,0x30,0xe8,0xa9,0xd7,0x22,0xf0,
  0x54,0x69,0xa,0x9b,0x83,0x7f,0x51,0xd8,0xb9,0x50,0x85,0x41,0xf,0x1d,0xed,0x9,
  0x8f,0x55,0xa5,0xb0,0x7f,0xe1,0x5d,0xa,0xab,0xb,0x55,0x18,0xf4,0xce,0xb2,0x3a,
  0xf0,0xda,0x65,0x14,0xf6,0x2e,0xa6,0x50,0xd8,0x35,0x50,0x85,0x41,0xaf,0xc4,0xfe,
  0x27,0x11,0x9e,0x6b,0x49,0x61,0x53,0x30,0x96,0xc2,0xda,0x43,0x15,0x6,0x3d,0xb2,
  0xe7,0x46,0xf8,0x40,0x7,0xa,0x1b,0x8b,0xe1,0x14,0xd6,0x1b,0xaa,0x30,0xe8,0x8d,
  0xcf,0x2b,0xc3,0xf,0xfa,0x52,0xd8,0x70,0xc,0xa4,0xb0,0xc7,0xa0,0xa,0x83,0x5e,
  0x28,0x78,0x34,0x4,0x5f,0x18,0x4a,0x61,0x3,0xd1,0x99,0xc2,0x9e,0x81,0x2a,0xc,
  0x7a,0x60,0x43,0x63,0xf8,0xc4,0x73,0x14,0xd6,0x19,0xd7,0x51,0xd8,0xeb,0x50,0x85,
  0x41,0xf7,0xbd,0x51,0x1a,0x7e,0x31,0x99,0xc2,0xae,0x43,0x23,0xa,0xfb,0x8,0xaa,
  0x30,0xe8,0xb6,0xac,0xbb,0xe0,0x1f,0x1f,0x53,0x58,0x23,0x9c,0x4f,0x61,0xb,0xa0,
  0xa,0x83,0x2e,0x5b,0x72,0x21,0x7c,0x64,0x21,0x85,0x9d,0x8f,0x52,0x14,0xb6,0x1e,
  0xaa,0x30,0xe8,0xaa,0xd8,0x98,0x44,0xf8,0xc9,0x7a,0xa,0x2b,0x5,0xe4,0x52,0x54,
  0x36,0x54,0x61,0xd0,0x4d,0xbb,0xfe,0x4,0x7f,0xc9,0xa1,0xa8,0x5c,0x0,0xdb,0x29,
  0xec,0x3c,0x28,0xc2,0xa0,0x8b,0x3e,0x3d,0xf,0xfe,0x52,0x89,0xc2,0xb6,0x3,0x58,
  0x41,0x61,0xff,0x7,0x8a,0x30,0xe8,0x9a,0xfc,0x87,0xe0,0x37,0x4d,0x29,0x6c,0x5,
  0x80,0xaf,0x29,0xac,0x13,0x14,0x61,0xd0,0x2d,0x3f,0x35,0x82,0xef,0x74,0xa5,0xb0,
  0xaf,0x1,0x4c,0xa7,0xb0,0xc7,0xa0,0x8,0x83,0x2e,0x79,0x3d,0xd,0xfe,0x33,0x94,
  0xc2,0xa6,0x3,0x18,0x4d,0x61,0xe3,0xa1,0x8,0x83,0xae,0x38,0xdc,0x5,0x7e,0xf4,
  0xa,0x85,0x8d,0x6,0xd0,0x97,0xc2,0x66,0x43,0x11,0x6,0xdd,0xb0,0xb0,0x16,0x7c,
  0xe9,0x4b,0xa,0xeb,0xb,0xe0,0x7a,0xa,0x5b,0xb,0x45,0x18,0x74,0x5e,0xf1,0xa8,
  0x4,0xf8,0xd3,0x46,0xa,0xbb,0x1e,0x40,0x1d,0xa,0xcb,0x81,0x22,0xc,0x3a,0x6e,
  0x47,0x6b,0xf8,0x54,0xb8,0x90,0xc2,0xea,0x0,0x48,0x2a,0xa6,0xb0,0x4a,0x50,0x83,
  0x41,0xa7,0x7d,0x54,0x1,0x7e,0x55,0x93,0xc2,0x8a,0x93,0xf0,0x1f,0x3b,0x28,0xcc,
  0x80,0x1a,0xc,0x3a,0x2b,0x6f,0x10,0xfc,0xab,0x15,0x85,0xed,0xc0,0x31,0xf3,0x29,
  0xec,0x5e,0xa8,0xc1,0xa0,0xa3,0xd6,0x36,0x84,0x8f,0xdd,0x4f,0x61,0xf3,0x71,0xcc,
  0x5b,0x14,0xf6,0x3c,0xd4,0x60,0xd0,0x49,0x13,0x4b,0xc1,0xcf,0x26,0x50,0xd8,0x5b,
  0x38,0xe6,0x29,0xa,0x9b,0xb,0x35,0x18,0x74,0x4e,0x66,0x47,0xf8,0xdb,0x2,0xa,
  0x7b,0xa,0xc7,0xf4,0xa1,0xb0,0x83,0x50,0x83,0x41,0xc7,0x7c,0x5f,0x13,0x3e,0x97,
  0x45,0x61,0x7d,0x70,0x4c,0x6b,0x8a,0xab,0xe,0x25,0x18,0x74,0x48,0x74,0x64,0x4,
  0x3e,0x77,0x1,0xc5,0xb5,0xc6,0x31,0xb5,0x29,0xee,0x26,0x28,0xc1,0xa0,0x33,0xb6,
  0xff,0x11,0xbe,0xd7,0x8e,0xe2,0x6a,0xe3,0x98,0x48,0x1e,0x85,0xd,0x81,0x12,0xc,
  0x3a,0xe2,0xfd,0xf2,0xf0,0xbf,0xa1,0x14,0x96,0x17,0xc1,0xcf,0x96,0x51,0xd8,0x54,
  0x28,0xc1,0xa0,0x3,0x72,0x7,0x40,0x5,0xd3,0x29,0x6c,0x19,0x7e,0x31,0x99,0xc2,
  0x56,0x42,0x9,0x6,0xed,0xb7,0xea,0x52,0x28,0x61,0x15,0x85,0x4d,0xc6,0x2f,0x1e,
  0xa6,0xb0,0xc2,0x44,0xa8,0xc0,0xa0,0xed,0xc6,0xa7,0x40,0x9,0x89,0x85,0x14,0xf6,
  0x30,0x7e,0x71,0x1d,0xc5,0x35,0x86,0xa,0xc,0xda,0xec,0xe0,0x6d,0x50,0xc4,0xd5,
  0x14,0x77,0x1d,0x7e,0x71,0x1e,0xc5,0x3d,0x8,0x15,0x18,0xb4,0xd7,0xb7,0x35,0xa0,
  0x8a,0x87,0x28,0xee,0x3c,0xfc,0x6a,0xf,0x85,0xbd,0x3,0x15,0x18,0xb4,0x53,0x74,
  0x44,0x18,0xca,0x98,0x45,0x61,0x7b,0xf0,0x9b,0x39,0x14,0xb6,0x3,0x2a,0x30,0x68,
  0xa3,0x6d,0xcd,0xa1,0x90,0x5d,0x14,0x36,0x7,0xbf,0x79,0x8e,0xe2,0x2e,0x80,0x2,
  0xc,0xda,0x67,0xd6,0x39,0x50,0xc8,0x85,0x14,0xf7,0x1c,0x7e,0xd3,0x93,0xe2,0xee,
  0x82,0x2,0xc,0xda,0x25,0xa7,0x2f,0x94,0xd2,0x93,0xe2,0x7a,0xe2,0x37,0x57,0x52,
  0xdc,0x4b,0x50,0x80,0x41,0x9b,0xac,0xbc,0x18,0x6a,0x79,0x85,0xe2,0xae,0xc4,0x6f,
  0x92,0x8b,0x28,0x6c,0x5,0x14,0x60,0xd0,0x1e,0xe3,0x92,0xa1,0x98,0xb5,0x14,0x56,
  0x94,0x8c,0xff,0x5a,0x4d,0x61,0xc5,0x65,0xe1,0x7f,0x6,0xed,0x70,0xa0,0x3d,0x54,
  0x53,0x21,0x46,0x61,0xab,0xf1,0xbb,0x57,0x29,0xee,0x6,0xf8,0x9f,0x41,0x1b,0x7c,
  0x53,0xd,0xca,0x69,0x4f,0x71,0xaf,0xe2,0x77,0xbd,0x28,0x6e,0x14,0xfc,0xcf,0xa0,
  0x65,0x45,0xc3,0xc2,0x50,0xcf,0x73,0x14,0xd7,0xb,0xbf,0xab,0x4b,0x71,0xcb,0xe0,
  0x7f,0x6,0xad,0xda,0x62,0x40,0x45,0xab,0x29,0xae,0x2e,0x8e,0xb3,0x97,0xc2,0x62,
  0x95,0xe0,0x7b,0x6,0x2d,0x7a,0xbb,0x1c,0x54,0x74,0x3e,0xc5,0xed,0xc5,0xf1,0xde,
  0xa7,0xb8,0x1e,0xf0,0x3d,0x83,0x96,0x64,0xf7,0x81,0x9a,0xfa,0x52,0xdc,0xfb,0x38,
  0xde,0x23,0x14,0x37,0x1d,0xbe,0x67,0xd0,0x8a,0xe5,0xf5,0xa1,0xa8,0xf7,0x29,0xee,
  0x11,0x1c,0xaf,0x29,0xc5,0x1d,0x8,0xc3,0xef,0xc,0x9a,0x17,0x1b,0x9b,0x4,0x45,
  0x25,0x66,0x51,0x5c,0x53,0x1c,0x2f,0x31,0x97,0xe2,0x9a,0xc2,0xef,0xc,0x9a,0xb6,
  0xef,0x66,0x28,0xab,0x25,0xc5,0xe5,0x26,0xe2,0x4,0xf3,0x28,0xee,0x49,0xf8,0x9d,
  0x41,0xb3,0xbe,0xac,0x2,0x75,0x8d,0xa1,0xb8,0x79,0x38,0xd1,0x28,0x8a,0x5b,0xc,
  0xbf,0x33,0x68,0x4e,0xe1,0xe3,0x21,0x28,0x6c,0x5,0xc5,0x8d,0xc2,0x89,0xda,0x50,
  0x5c,0x71,0x45,0xf8,0x9c,0x41,0x53,0x36,0x36,0x81,0xca,0xaa,0x51,0x42,0x1b,0x9c,
  0xa8,0x5c,0x31,0xc5,0x75,0x87,0xcf,0x19,0x34,0x63,0x6a,0x19,0x28,0xed,0x5e,0x8a,
  0x2b,0x2e,0x87,0x93,0x2c,0xa5,0xb8,0x8f,0xe0,0x73,0x6,0xe5,0x1d,0xed,0x9,0xc5,
  0x7d,0x41,0x71,0x4b,0x71,0xb2,0xa7,0x29,0xae,0xa0,0x1c,0xfc,0xcd,0xa0,0xb4,0x65,
  0x75,0xa1,0xb8,0xa,0x45,0x14,0xf7,0x34,0x4e,0xd6,0x9c,0x12,0x7a,0xc1,0xdf,0xc,
  0x4a,0x8a,0x3d,0x97,0x8,0xd5,0xf5,0xa5,0x84,0xe6,0x38,0x59,0x24,0x93,0xe2,0x3e,
  0x83,0xbf,0x19,0x94,0xb3,0xe7,0x46,0xa8,0xef,0x2b,0x8a,0xcb,0x8c,0xe0,0x14,0x33,
  0x29,0xae,0xa8,0x2,0x7c,0xcd,0xa0,0x94,0xcf,0x2b,0x43,0x7d,0x95,0xa2,0x14,0x37,
  0x13,0xa7,0xea,0x4d,0x9,0xfd,0xe0,0x6b,0x6,0x25,0x14,0x3c,0x1a,0x42,0x0,0xc,
  0xa4,0x84,0xde,0x38,0x55,0x35,0x4a,0xf8,0x1a,0xbe,0x66,0x50,0xdc,0x86,0xc6,0x8,
  0x84,0xb9,0x94,0x50,0xd,0x25,0x58,0x49,0x71,0xd1,0xca,0xf0,0x33,0x83,0xc2,0xde,
  0x2c,0x8d,0x40,0xa8,0x52,0x4c,0x71,0x2b,0x51,0x92,0x31,0x94,0x70,0x3f,0xfc,0xcc,
  0xa0,0xa0,0x23,0xdd,0x10,0x10,0x83,0x28,0x61,0xc,0x4a,0xd2,0x8a,0x12,0x16,0xc0,
  0xcf,0xc,0x8a,0x59,0x72,0x21,0x82,0x62,0x1,0x25,0xb4,0x42,0x49,0x12,0x8f,0x50,
  0xc2,0x25,0xf0,0x31,0x83,0x22,0x62,0x63,0x12,0x11,0x14,0x97,0x50,0xc2,0x91,0x44,
  0x94,0xe8,0x3,0x4a,0xf8,0x27,0x7c,0xcc,0xa0,0x80,0x5d,0x7f,0x42,0x70,0xfc,0x93,
  0x12,0x3e,0x40,0xc9,0x7a,0x53,0xc2,0x81,0x64,0xf8,0x97,0xc1,0xb3,0xfb,0xf4,0x3c,
  0x4,0x47,0xf2,0x1,0x4a,0xe8,0x8d,0x92,0x9d,0x5b,0x48,0x9,0x5d,0xe1,0x5f,0x57,
  0xf3,0x6c,0xa,0xfe,0x8c,0x20,0xe9,0x4a,0x9,0x85,0xe7,0xe2,0x34,0x3e,0xa1,0x84,
  0x6f,0xe0,0x5f,0x55,0x78,0x16,0x3f,0x35,0x42,0xa0,0x7c,0x43,0x9,0x9f,0xe0,0x74,
  0x7a,0x50,0x42,0xac,0xe,0xfc,0x2b,0x87,0x67,0xf4,0x7a,0x1a,0x2,0xa5,0x4e,0x8c,
  0x12,0x7a,0xe0,0x74,0xca,0xe6,0x53,0xc2,0x18,0xf8,0xd7,0x6a,0x9e,0xc1,0xe1,0x2e,
  0x8,0x98,0x31,0x94,0x90,0x5f,0x16,0xa7,0xf5,0x1,0x25,0xec,0x49,0x80,0x6f,0x3d,
  0xcf,0xd3,0x5b,0x58,0xb,0x1,0x93,0xb0,0x87,0x12,0x3e,0xc0,0xe9,0x75,0xa5,0x8c,
  0xe,0xf0,0xad,0x8b,0x8a,0x79,0x1a,0xc5,0x7f,0x4f,0x40,0xd0,0x74,0xa0,0x8c,0xae,
  0x38,0xbd,0xb4,0x5c,0x4a,0xf8,0x1a,0xfe,0xf5,0x21,0x4b,0xb6,0xb3,0x35,0x82,0xe7,
  0x1b,0x4a,0xc8,0x4d,0xc3,0x19,0xcc,0xa4,0x8c,0x2b,0xe1,0x5b,0x57,0xe4,0xb2,0x24,
  0x1f,0x57,0x40,0xf0,0x5c,0x45,0x19,0x33,0x71,0x26,0x77,0x50,0xc6,0x5b,0xf0,0xaf,
  0x2e,0x3c,0x55,0xfe,0x20,0x4,0xd1,0x34,0xca,0xb8,0x3,0x67,0x92,0x7a,0x94,0x12,
  0xa,0xab,0xc3,0xbf,0x9e,0xe2,0xc9,0xd6,0x36,0x44,0x10,0xd5,0x2c,0xa2,0x84,0xa3,
  0xa9,0x38,0xa3,0xe9,0x94,0xf1,0xc,0x7c,0xac,0x7f,0xe,0x4f,0x30,0xb1,0x14,0x2,
  0xe9,0x1f,0x94,0x31,0x1d,0x67,0x76,0x13,0x65,0x64,0x96,0x86,0x8f,0xd5,0x5d,0xc2,
  0xdf,0x7d,0xd6,0x18,0xc1,0x54,0xf6,0x8,0x65,0xdc,0x84,0x33,0xb,0x6f,0xa3,0x8c,
  0x87,0xe0,0x67,0xe1,0x6b,0x27,0x1f,0xe1,0x31,0x7b,0x3e,0x69,0x8e,0xa0,0x1a,0x4c,
  0x19,0xdb,0xc2,0x38,0x8b,0x11,0x94,0xb1,0x39,0x2,0x7f,0x4b,0xac,0xdd,0xb2,0x4b,
  0xb3,0xf2,0x8,0xae,0xc4,0xed,0x94,0x31,0x2,0x67,0x53,0x23,0x4a,0x19,0x9d,0xa0,
  0x79,0xaa,0x3b,0x65,0x44,0x6b,0xe0,0xac,0xfe,0x45,0x19,0x4b,0xa0,0x79,0x29,0xb4,
  0x82,0x32,0xfe,0x85,0xb3,0xbb,0x85,0x52,0xda,0x42,0xf3,0x50,0x7,0x4a,0xb9,0x5,
  0x67,0x17,0xd9,0x49,0x19,0x3f,0x84,0xa0,0x79,0x26,0xb4,0x8a,0x32,0x76,0x46,0x20,
  0x60,0x14,0xa5,0x74,0x80,0xe6,0x99,0x2e,0x94,0x32,0xa,0x22,0x6a,0xc7,0x28,0x63,
  0x55,0x18,0x9a,0x47,0xc2,0xeb,0x28,0x23,0x56,0x1b,0x42,0xe6,0x50,0xca,0x9d,0xd0,
  0x3c,0xd2,0x83,0x52,0xe6,0x40,0x4c,0x47,0x4a,0x59,0x1f,0x81,0xe6,0x89,0x84,0x74,
  0x4a,0xe9,0x8,0x31,0x89,0x7b,0x29,0xa5,0x17,0x34,0x4f,0xf4,0xa1,0x94,0xbd,0x89,
  0x10,0x34,0x82,0x52,0x36,0x27,0x42,0xf3,0x40,0xe2,0x16,0x4a,0x19,0x1,0x51,0x15,
  0x73,0x29,0x65,0x0,0x34,0xf,0xc,0xa0,0x94,0xdc,0x8a,0x10,0xf6,0x32,0xa5,0xec,
  0x2f,0xf,0xcd,0x75,0xe5,0xf7,0x53,0xca,0xcb,0x10,0x57,0xb7,0x98,0x52,0x5e,0x81,
  0xe6,0xba,0x57,0x28,0xa5,0xb8,0x2e,0x24,0x7c,0x40,0x29,0xb1,0xa6,0xd0,0x5c,0xd6,
  0x34,0x46,0x29,0x1f,0x40,0x46,0xb,0xca,0x59,0x1e,0x81,0xe6,0xaa,0xc8,0x72,0xca,
  0x69,0x1,0x29,0x8b,0x29,0xe7,0x1,0x68,0xae,0x7a,0x80,0x72,0x16,0x43,0x4e,0x47,
  0xca,0x39,0x5c,0x5,0x9a,0x8b,0xaa,0x1c,0xa6,0x9c,0x8e,0x90,0x13,0xd9,0x4c,0x39,
  0xd3,0xa0,0xb9,0x68,0x1a,0xe5,0x6c,0x8e,0x40,0xd2,0x3,0x94,0xd4,0x1a,0x9a,0x6b,
  0x5a,0x53,0xd2,0x3,0x90,0x95,0x76,0x88,0x72,0xd6,0x26,0x42,0x73,0x49,0xe2,0x5a,
  0xca,0x39,0x94,0x6,0x69,0x23,0x28,0xe9,0x2f,0xd0,0x5c,0xf2,0x17,0x4a,0x1a,0x1,
  0x79,0x65,0xf,0x52,0x4e,0xce,0x5,0xd0,0x5c,0x71,0x41,0xe,0xe5,0x1c,0x2c,0xb,
  0x13,0x1e,0xa7,0xa4,0xf,0xa1,0xb9,0xe2,0x43,0x4a,0x7a,0x1c,0x66,0xa4,0xed,0xa5,
  0xa4,0x76,0xd0,0x5c,0xd0,0x8e,0x92,0xf6,0xa6,0xc1,0x94,0x87,0x29,0x69,0x73,0x2a,
  0x34,0xc7,0xa5,0x6e,0xa6,0xa4,0x87,0x61,0x4e,0xca,0x4e,0x4a,0x7a,0x1a,0x9a,0xe3,
  0x9e,0xa6,0xa4,0x9d,0x29,0x30,0xe9,0x3e,0x4a,0x2a,0xa8,0x7,0xcd,0x61,0xf5,0xa,
  0x28,0xe9,0x3e,0x98,0x95,0xb4,0x8d,0x92,0xe6,0x40,0x73,0xd8,0x1c,0x4a,0xda,0x96,
  0x4,0xd3,0xee,0xa5,0xac,0x5e,0xd0,0x1c,0xd5,0x8b,0xb2,0xee,0x85,0x79,0x9,0x1b,
  0x29,0x29,0xe7,0x62,0x68,0xe,0xba,0x38,0x87,0x92,0x36,0x26,0xc0,0x82,0x1e,0x94,
  0xb5,0xba,0x14,0x34,0xc7,0x94,0x5a,0x4d,0x59,0x3d,0x60,0x45,0x78,0x5,0x65,0xbd,
  0xe,0xcd,0x31,0xaf,0x53,0xd6,0x8a,0x30,0x2c,0x69,0x45,0x69,0xdd,0xa1,0x39,0xa4,
  0x3b,0xa5,0xb5,0x82,0x45,0xef,0x51,0x56,0x76,0x3,0x68,0x8e,0x68,0x90,0x4d,0x59,
  0xef,0xc1,0xaa,0xda,0xf9,0x94,0xf5,0x63,0x2a,0x34,0x7,0xa4,0xfe,0x48,0x59,0xf9,
  0xb5,0x61,0xd9,0x68,0x4a,0x7b,0x5,0x9a,0x3,0x5e,0xa1,0xb4,0xd1,0xb0,0xae,0xf4,
  0x6e,0x4a,0xbb,0xb,0x9a,0xed,0xee,0xa2,0xb4,0xdd,0xa5,0x61,0x83,0x5e,0x94,0x76,
  0xb4,0x1e,0x34,0x9b,0xd5,0x3b,0x4a,0x69,0xbd,0x60,0x87,0xd0,0x52,0x4a,0x5b,0x91,
  0x2,0xcd,0x56,0x29,0x2b,0x28,0x6d,0x69,0x8,0xb6,0x68,0x4e,0x79,0x2f,0x43,0xb3,
  0xd5,0xcb,0x94,0xd7,0x1c,0x36,0x99,0x41,0x79,0x5d,0xa0,0xd9,0xa8,0xb,0xe5,0xcd,
  0x80,0x5d,0x6a,0xe6,0x50,0x5a,0x56,0x1d,0x68,0xb6,0xa9,0x93,0x45,0x69,0x39,0x35,
  0x61,0x9b,0xc1,0x94,0xb7,0x3c,0x19,0x9a,0x4d,0x92,0x97,0x53,0xde,0x60,0xd8,0x27,
  0xb2,0x8c,0xf2,0x5e,0x84,0x66,0x93,0x17,0x29,0x6f,0x59,0x4,0x36,0x6a,0x54,0x44,
  0x79,0x9d,0xa1,0xd9,0xa2,0x33,0xe5,0x15,0x35,0x82,0xad,0xc6,0x50,0x5e,0xde,0x1f,
  0xa0,0xd9,0xe0,0xf,0x79,0x94,0x37,0x6,0xf6,0x4a,0xd9,0x40,0x79,0x99,0x97,0x43,
  0xb3,0xec,0xf2,0x4c,0xca,0xdb,0x90,0x2,0x9b,0xb5,0x8a,0x51,0xde,0xae,0x5a,0xd0,
  0x2c,0xaa,0xb5,0x8b,0xf2,0x62,0xad,0x60,0xbb,0x57,0x69,0xc2,0xfa,0xf3,0xa0,0x59,
  0x72,0xde,0x7a,0x9a,0xf0,0x2a,0xec,0x77,0xce,0x2e,0x9a,0xb0,0xb4,0x34,0x34,0xb,
  0x4a,0x2f,0xa5,0x9,0xbb,0xce,0x81,0x3,0x3a,0xd0,0x8c,0x39,0x49,0xd0,0x4c,0x4b,
  0x9a,0x43,0x33,0x3a,0xc0,0x11,0xef,0xd3,0x8c,0x19,0x21,0x68,0x26,0x85,0x66,0xd0,
  0x8c,0xf7,0xe1,0x8c,0x2a,0xfb,0x69,0xc6,0xb,0xd0,0x4c,0x7a,0x81,0x66,0xec,0xaf,
  0x2,0x87,0xdc,0x4a,0x53,0x86,0x41,0x33,0x65,0x18,0x4d,0xb9,0x5,0x8e,0x99,0x48,
  0x53,0xee,0x85,0x66,0xc2,0xbd,0x34,0x65,0x2,0x9c,0x53,0x6a,0x3d,0xcd,0x88,0xde,
  0xa,0x4d,0xda,0xad,0x51,0x9a,0xf1,0x53,0x29,0x38,0xe8,0xea,0x42,0x9a,0x91,0xf7,
  0x7,0x68,0x92,0xfe,0x90,0x47,0x33,0xa,0xaf,0x82,0xa3,0x86,0xd2,0x94,0xcc,0xcb,
  0xa1,0x49,0xb9,0x3c,0x93,0xa6,0xc,0x81,0xb3,0xc2,0xdf,0xd2,0x94,0x5d,0xb5,0xa0,
  0x49,0xa8,0xb5,0x8b,0xa6,0x7c,0x13,0x86,0xc3,0x6a,0x1e,0xa6,0x29,0xeb,0x2b,0x41,
  0x13,0x56,0x69,0x3d,0x4d,0x39,0x54,0x3,0x8e,0xbb,0x93,0xe6,0xac,0xaf,0x5,0x4d,
  0x50,0xad,0xf5,0x34,0xa7,0x13,0x5c,0x30,0x95,0xe6,0xec,0x6a,0x8,0x4d,0x48,0xc3,
  0x5d,0x34,0x67,0x32,0xdc,0x50,0x76,0x3,0xcd,0x39,0xfc,0x47,0x68,0x2,0xfe,0x78,
  0x98,0xe6,0xac,0x2d,0xd,0x57,0x5c,0x9a,0x4d,0x73,0xf2,0x6e,0x83,0x76,0x56,0xb7,
  0xe5,0xd1,0x9c,0xac,0xfa,0x70,0x49,0x67,0x9a,0x14,0xed,0xb,0xed,0x2c,0xfa,0x46,
  0x69,0x4e,0xec,0x36,0xb8,0xe6,0x1f,0x34,0xeb,0x9,0x68,0x67,0xf4,0x4,0xcd,0x1a,
  0xd,0xf7,0x24,0xcc,0xa5,0x59,0x2f,0x86,0xa1,0x9d,0x56,0xf8,0x45,0x9a,0xf5,0x45,
  0x18,0x2e,0xaa,0xb4,0x83,0x66,0xcd,0x4c,0x82,0x76,0x1a,0x49,0x33,0x69,0xd6,0xd6,
  0xa,0x70,0x55,0xd3,0x2,0x9a,0xf5,0x75,0x19,0x68,0x25,0x2a,0xf3,0x35,0xcd,0xca,
  0xbb,0xa,0x2e,0xeb,0x4f,0xd3,0x96,0x57,0x86,0x56,0x82,0xca,0xcb,0x69,0x5a,0x2f,
  0xb8,0x6e,0x12,0x4d,0xdb,0x78,0x11,0xb4,0x53,0x5c,0xb4,0x91,0xa6,0x8d,0x87,0xfb,
  0x52,0x96,0xd1,0xb4,0x3d,0x57,0x42,0x3b,0xc9,0x95,0x7b,0x68,0xda,0xc2,0x24,0x78,
  0xa0,0xda,0x76,0x9a,0x96,0x75,0x2d,0xb4,0x13,0x5c,0x9b,0x45,0xd3,0xb6,0x54,0x86,
  0x27,0x2e,0xcf,0xa2,0x69,0x5,0xdd,0xa0,0x1d,0xa7,0x5b,0x1,0x4d,0xcb,0xbc,0x18,
  0x1e,0xb9,0xa1,0x88,0xe6,0x4d,0x48,0x81,0xf6,0xab,0x94,0x9,0x34,0xaf,0xb0,0x35,
  0x3c,0x73,0xf,0x2d,0x58,0x51,0xf,0xda,0xcf,0xea,0xad,0xa0,0x5,0x3d,0xe1,0xa1,
  0x51,0xb4,0xe0,0xc8,0x9d,0xd0,0xfe,0xe3,0xce,0x23,0xb4,0xe0,0x49,0x78,0x29,0x34,
  0x8d,0x56,0x4c,0x4c,0x41,0xdc,0x4b,0x99,0x48,0x2b,0xa6,0xc0,0x5b,0x49,0xf3,0x68,
  0xc5,0xca,0xfa,0x88,0x73,0xf5,0x57,0xd2,0x8a,0xb9,0x49,0xf0,0xd8,0xb9,0xeb,0x68,
  0xc5,0xd1,0x6e,0x88,0x6b,0xdd,0x8e,0xd2,0x8a,0xb5,0xe7,0xc0,0x73,0xb5,0xf7,0xd2,
  0x92,0x57,0x53,0x11,0xb7,0x52,0x5f,0xa5,0x25,0x7b,0x6b,0xc3,0x7,0x1a,0x1f,0xa6,
  0x25,0x3f,0x36,0x40,0x9c,0x6a,0xf0,0x23,0x2d,0x39,0xdc,0x18,0xbe,0xd0,0x3c,0x9b,
  0x96,0x64,0x77,0x47,0x5c,0xea,0x9e,0x4d,0x4b,0xb2,0x9b,0xc3,0x27,0xae,0xcb,0xa7,
  0x35,0xaf,0xa5,0x22,0xee,0xa4,0xbe,0x46,0x6b,0xf2,0xaf,0x83,0x6f,0xb4,0x2b,0xa4,
  0x35,0xab,0x1a,0x20,0xce,0x34,0x58,0x45,0x6b,0xa,0xdb,0xc1,0x47,0x3a,0x47,0x69,
  0x4d,0x76,0x4f,0xc4,0x95,0x9e,0xd9,0xb4,0x26,0xda,0x19,0xbe,0xd2,0x2b,0x46,0x8b,
  0x3e,0xaf,0x83,0xb8,0x51,0xe7,0x73,0x5a,0x14,0xeb,0x5,0x9f,0xb9,0x9f,0x56,0xe5,
  0x8f,0x4c,0x41,0x5c,0x48,0x19,0x99,0x4f,0xab,0xee,0x87,0xef,0xc,0xa1,0x65,0x9b,
  0x6e,0x46,0x1c,0xb8,0x79,0x13,0x2d,0x1b,0x2,0x1f,0x7a,0x8a,0xd6,0xbd,0x5f,0x13,
  0x1,0x57,0xf3,0x7d,0x5a,0xf7,0x14,0x7c,0x69,0x24,0xad,0xcb,0x7e,0x3c,0x11,0x1,
  0x96,0xf8,0x78,0x36,0xad,0x1b,0x9,0x9f,0x1a,0x42,0x1b,0xac,0x6d,0x8d,0xc0,0x6a,
  0xbd,0x96,0x36,0x18,0xc,0xdf,0xba,0x2f,0x46,0x1b,0x4c,0xab,0x82,0x40,0xaa,0x32,
  0x8d,0x36,0x88,0xd,0x80,0x8f,0xf5,0x8a,0xd2,0x6,0x59,0xf,0x46,0x10,0x38,0x91,
  0x7,0xb3,0x68,0x83,0x68,0xf,0xf8,0x5a,0xe7,0x42,0xda,0xe1,0xdf,0x6,0x2,0xc6,
  0xf8,0x37,0xed,0x50,0xd0,0x1,0x3e,0xd7,0x2e,0x9f,0x76,0x88,0xbd,0x5a,0x1,0x1,
  0x52,0xe1,0xd5,0x18,0xed,0x90,0x7b,0x13,0x7c,0xef,0xba,0x6c,0xda,0xe2,0xc0,0xc0,
  0x44,0x4,0x44,0xe2,0xc0,0x3,0xb4,0xc5,0x91,0x96,0x50,0x40,0xf3,0xc3,0xb4,0xc7,
  0x96,0x3e,0x9,0x8,0x80,0x84,0x3e,0x5b,0x68,0x8f,0x43,0x4d,0xa0,0x84,0xc6,0x7b,
  0x69,0x93,0xf4,0x1e,0x61,0x28,0x2e,0xdc,0x23,0x9d,0x36,0xd9,0xd9,0x10,0x8a,0xa8,
  0xbd,0x96,0x76,0x59,0xd7,0x25,0x4,0x85,0x85,0xba,0xac,0xa3,0x5d,0x7e,0x3c,0x1f,
  0xca,0x38,0x67,0x2e,0x6d,0xb3,0xaa,0x43,0x8,0x8a,0xa,0x75,0x58,0x45,0xdb,0xcc,
  0x29,0xb,0x85,0x24,0x4d,0xa1,0x7d,0x56,0x74,0x4b,0x80,0x82,0x12,0xba,0xad,0xa0,
  0x7d,0x5e,0x4f,0x80,0x5a,0x9e,0xa4,0x8d,0x32,0x1e,0x29,0x3,0xc5,0x94,0x79,0x24,
  0x83,0x36,0x1a,0xe,0xe5,0xf4,0x2c,0xa4,0x8d,0xe,0x3f,0x5b,0x1d,0xa,0xa9,0xfe,
  0xec,0x61,0xda,0xa8,0xa0,0x1b,0x14,0xd4,0x3a,0x93,0x76,0x2a,0x9c,0xd2,0x10,0x8a,
  0x68,0x38,0xa5,0x90,0x76,0x3a,0xd4,0x12,0x4a,0xba,0x78,0xb,0xed,0x35,0xa7,0x7d,
  0x4,0xbe,0x17,0x69,0x3f,0x87,0xf6,0xda,0xd2,0x0,0x8a,0xaa,0xbc,0x90,0x36,0xdb,
  0x39,0xaa,0x36,0x7c,0xad,0xf6,0xa8,0x9d,0xb4,0xd9,0xc2,0xca,0x50,0x56,0xd2,0x78,
  0xda,0x2d,0x36,0xa7,0x53,0x12,0x7c,0x2a,0xa9,0xd3,0x9c,0x18,0xed,0xf6,0x52,0x12,
  0x54,0x76,0x77,0x1e,0x6d,0xb7,0xef,0xb9,0x6,0xf0,0xa1,0x6,0xcf,0xed,0xa3,0xed,
  0x72,0x7b,0x42,0x71,0x57,0x6e,0xa1,0x3,0xe6,0xf,0xac,0x4,0x5f,0xa9,0x34,0x70,
  0x3e,0x1d,0xb0,0xb9,0x11,0x94,0x57,0xfe,0xb,0x3a,0x21,0xfa,0x55,0xbf,0x8a,0xf0,
  0x89,0x8a,0xfd,0xbe,0x8a,0xd2,0x9,0xb3,0xcf,0x45,0x0,0x84,0xff,0x1e,0xa3,0x23,
  0x8a,0xbe,0xb8,0xa7,0x3c,0x3c,0x57,0xfe,0x9e,0x2f,0x8a,0xe8,0x88,0xd8,0xc8,0x30,
  0x82,0xe1,0xd6,0x2c,0x3a,0xa4,0x70,0x76,0xef,0xca,0xf0,0x50,0xe5,0xde,0xb3,0xb,
  0xe9,0x90,0xcc,0xb6,0x8,0x8c,0x7a,0x6b,0xe8,0x98,0xd8,0xf,0xa3,0x5a,0x44,0xe0,
  0x81,0x48,0x8b,0x51,0x3f,0xc4,0xe8,0x98,0x95,0x17,0x21,0x40,0xd2,0x5e,0xa3,0x93,
  0x32,0x67,0xf6,0xae,0x6,0x57,0x55,0xeb,0x3d,0x33,0x93,0x4e,0x7a,0x39,0x15,0xc1,
  0xd2,0xe1,0x0,0x9d,0xb5,0x62,0x4c,0x9b,0x72,0x70,0x45,0xb9,0x36,0x63,0x56,0xd0,
  0x59,0xfb,0xda,0x23,0x70,0xaa,0xcd,0xa1,0xd3,0x8a,0x57,0x8e,0xbf,0xab,0x26,0x1c,
  0x55,0xf3,0xae,0xf1,0x2b,0x8b,0xe9,0xb4,0xcf,0xaa,0x20,0x80,0x42,0xf,0xe7,0xd3,
  0x5,0x19,0x33,0xee,0xbf,0x22,0x2,0x7,0x44,0xae,0xb8,0x7f,0x46,0x6,0x5d,0x90,
  0xf7,0x60,0x8,0xc1,0xd4,0x70,0x15,0xdd,0x91,0xf7,0xc3,0x9b,0x83,0x6f,0xac,0x6,
  0xdb,0x54,0xbb,0x71,0xf0,0x9b,0x3f,0xe4,0xd1,0x1d,0x3f,0x5e,0x86,0xc0,0x4a,0x79,
  0x3e,0x46,0xf7,0x1c,0x9c,0x37,0xae,0x5f,0xb3,0x2a,0xb0,0xa4,0x4a,0xb3,0x7e,0xe3,
  0xe6,0x1d,0xa4,0x7b,0x62,0xff,0x9b,0x8c,0x20,0xbb,0x71,0x37,0x5d,0x96,0xbb,0xf6,
  0xd3,0x17,0x1f,0xed,0x70,0xe5,0x39,0x90,0x52,0xae,0xd1,0xed,0x8f,0x8c,0xfb,0x64,
  0x4d,0x2e,0x5d,0xb6,0xfb,0x46,0x4,0x5c,0xc5,0xe9,0xf4,0x46,0xe6,0x8f,0x73,0xdf,
  0x9d,0xf0,0xf7,0x47,0xee,0x6e,0x6b,0xd4,0x2d,0x9f,0x80,0x12,0x24,0x94,0xaf,0x6b,
  0xb4,0xed,0xf9,0xc8,0xdf,0x27,0xcc,0xfa,0xe6,0xc7,0x43,0xf4,0xc6,0xf4,0x8a,0x8,
  0xbe,0xb6,0x19,0xf4,0x5c,0x2c,0x2f,0x6b,0xdf,0x8e,0x4d,0x6b,0x57,0x2c,0x99,0x3f,
  0x7f,0xc9,0x8a,0xb5,0x9b,0x76,0xec,0xcb,0xca,0x8b,0xd1,0x73,0x19,0x6d,0x11,0x17,
  0x4a,0x8f,0x2b,0xa6,0x76,0x8a,0xe2,0x71,0xa5,0x11,0x2f,0xae,0x59,0x43,0xed,0x24,
  0x6b,0xae,0x41,0x1c,0x49,0x7a,0xb2,0x80,0xda,0x71,0xa,0x9e,0x4c,0x42,0x7c,0xb9,
  0x64,0x21,0xb5,0xff,0x5a,0x78,0x9,0xe2,0x4e,0x78,0xd0,0x11,0x6a,0x3f,0x3b,0x32,
  0x28,0x8c,0x78,0x54,0xf5,0x8d,0x18,0x35,0xc6,0x26,0x57,0x45,0xbc,0x6a,0xb2,0x88,
  0x71,0x6f,0xc1,0xd5,0x88,0x63,0xa1,0xee,0x3b,0x18,0xd7,0x32,0xba,0x22,0xce,0xa5,
  0x3d,0x9d,0xc7,0xb8,0x95,0x33,0x22,0x15,0x5a,0xad,0x59,0x8c,0x4f,0xb1,0x69,0x35,
  0xa0,0x1d,0xd3,0xf2,0xdf,0x8c,0x43,0x4b,0xae,0x81,0xf6,0xab,0x70,0x8f,0x74,0xc6,
  0x99,0xb5,0x9d,0x42,0xd0,0x7e,0x97,0xd0,0x67,0xb,0xe3,0x48,0x7a,0xf7,0x30,0xb4,
  0x13,0x25,0xf6,0xcf,0x60,0x9c,0xd8,0xda,0x27,0x1,0xda,0xa9,0x92,0x7,0xed,0x62,
  0x1c,0xd8,0x31,0x30,0x11,0x5a,0xc9,0x52,0x1e,0xde,0xcb,0x80,0xdb,0xf3,0x50,0xa,
  0xb4,0xd3,0x2b,0x35,0x64,0x2f,0x3,0x6c,0xef,0x90,0x52,0xd0,0xce,0x2c,0xa5,0xef,
  0x3a,0x6,0xd4,0xba,0xbe,0x29,0xd0,0xce,0x2e,0xd4,0x6e,0x1e,0x3,0x68,0x5e,0xbb,
  0x10,0x34,0x41,0x57,0xcf,0x88,0x32,0x50,0xa2,0x33,0xae,0x86,0x26,0xe3,0x82,0xb1,
  0x47,0x18,0x18,0x47,0xc6,0x5e,0x0,0x4d,0x56,0xb9,0x21,0xdb,0x19,0x8,0xdb,0x87,
  0x94,0x83,0x66,0x46,0xa4,0xdd,0xc7,0x51,0x2a,0x2e,0xfa,0x71,0xbb,0x8,0x34,0xd3,
  0xaa,0xd,0xdf,0x42,0x85,0x6d,0x19,0x5e,0xd,0x9a,0x35,0xe1,0x1b,0x66,0x15,0x52,
  0x49,0x85,0xb3,0x6e,0x8,0x43,0xb3,0x41,0xa5,0x21,0x1b,0xa8,0x9c,0xd,0x43,0x2a,
  0x41,0xb3,0x4d,0xab,0x49,0x87,0xa8,0x90,0x43,0x93,0x5a,0x41,0xb3,0x57,0x62,0xdb,
  0x29,0x59,0x54,0x42,0xd6,0x94,0xb6,0x89,0xd0,0x1c,0x90,0x7c,0xeb,0xf4,0xa3,0xf4,
  0xb9,0xa3,0xd3,0x6f,0x4d,0x86,0xe6,0x98,0xd4,0x3b,0x66,0xe6,0xd0,0xb7,0x72,0x66,
  0xde,0x91,0xa,0xcd,0x61,0x69,0x5d,0xa6,0xed,0xa7,0xf,0xed,0x9f,0xd6,0x25,0xd,
  0x9a,0x2b,0xc2,0x4d,0x46,0x2c,0x8c,0xd2,0x47,0xa2,0xb,0x47,0x34,0x9,0x43,0x73,
  0x53,0xf9,0x2e,0x93,0x77,0xd3,0x17,0x76,0x4f,0xee,0x52,0x1e,0x9a,0x7,0x42,0x8d,
  0x86,0x7e,0x5b,0x48,0x4f,0x15,0x7e,0x3b,0xb4,0x51,0x8,0x9a,0x77,0x52,0x5b,0xe,
  0x9b,0x9d,0x49,0x4f,0x64,0xce,0x1e,0xd6,0x32,0x15,0x9a,0xf7,0xc2,0x97,0xf,0x98,
  0xba,0x85,0xae,0xda,0x32,0x75,0xc0,0xe5,0x61,0x68,0x3e,0x52,0xbd,0xf3,0xb,0x4b,
  0x73,0xe9,0x82,0xdc,0xa5,0x2f,0x74,0xae,0xe,0xcd,0x8f,0x22,0xf5,0x3b,0x3d,0xfd,
  0xe1,0xe6,0x18,0x1d,0x12,0xdb,0xfc,0xe1,0xd3,0x9d,0xea,0x47,0xa0,0xf9,0x5b,0x99,
  0x66,0xfd,0x5f,0x9a,0x7f,0x98,0xb6,0x3a,0x3c,0xff,0xa5,0xfe,0xcd,0xca,0x40,0x53,
  0x47,0x15,0xa3,0xeb,0xd0,0x89,0x73,0x36,0x14,0xd0,0x92,0x82,0xf4,0x39,0xaf,0xc,
  0xbd,0xd3,0xa8,0x2,0x4d,0x51,0xa1,0xea,0xcd,0xbb,0xf,0x7f,0xed,0x93,0x45,0x1b,
  0xe,0xc6,0x28,0x2c,0x76,0x28,0x7d,0xf1,0xa7,0xaf,0x3f,0xd1,0xbd,0x45,0xf5,0x30,
  0xb4,0xa0,0x8,0x57,0xa8,0xd7,0xac,0x7d,0xaf,0x47,0x47,0x4f,0x9c,0x3a,0xeb,0xa3,
  0xcf,0xe7,0x2e,0x58,0xb6,0x6a,0xfd,0xd6,0xdd,0x7,0xb3,0xb3,0xf,0xee,0xde,0xba,
  0x7e,0xd5,0xb2,0x5,0x73,0x3f,0xff,0x68,0xd6,0xd4,0x89,0xa3,0x1f,0xed,0xd5,0xbe,
  0x59,0xfd,0x8a,0x11,0xc4,0x8d,0xff,0xf,0x8e,0x61,0x39,0xb2,0xef,0x9a,0x19,0xc0,
  0x0,0x0,0x0,0x0,0x49,0x45,0x4e,0x44,0xae,0x42,0x60,0x82,
  
};

static const unsigned char qt_resource_name[] = {
  // stop.png
  0x0,0x8,
  0xb,0x63,0x58,0x7,
  0x0,0x73,
  0x0,0x74,0x0,0x6f,0x0,0x70,0x0,0x2e,0x0,0x70,0x0,0x6e,0x0,0x67,
    // play.png
  0x0,0x8,
  0x2,0x8c,0x59,0xa7,
  0x0,0x70,
  0x0,0x6c,0x0,0x61,0x0,0x79,0x0,0x2e,0x0,0x70,0x0,0x6e,0x0,0x67,
  
};

static const unsigned char qt_resource_struct[] = {
  // :
  0x0,0x0,0x0,0x0,0x0,0x2,0x0,0x0,0x0,0x2,0x0,0x0,0x0,0x1,
0x0,0x0,0x0,0x0,0x0,0x0,0x0,0x0,
  // :/play.png
  0x0,0x0,0x0,0x16,0x0,0x0,0x0,0x0,0x0,0x1,0x0,0x0,0x2a,0x61,
0x0,0x0,0x1,0x93,0xe0,0x50,0x93,0xeb,
  // :/stop.png
  0x0,0x0,0x0,0x0,0x0,0x0,0x0,0x0,0x0,0x1,0x0,0x0,0x0,0x0,
0x0,0x0,0x1,0x93,0xe0,0x51,0x2d,0x1d,

};

#ifdef QT_NAMESPACE
#  define QT_RCC_PREPEND_NAMESPACE(name) ::QT_NAMESPACE::name
#  define QT_RCC_MANGLE_NAMESPACE0(x) x
#  define QT_RCC_MANGLE_NAMESPACE1(a, b) a##_##b
#  define QT_RCC_MANGLE_NAMESPACE2(a, b) QT_RCC_MANGLE_NAMESPACE1(a,b)
#  define QT_RCC_MANGLE_NAMESPACE(name) QT_RCC_MANGLE_NAMESPACE2( \
        QT_RCC_MANGLE_NAMESPACE0(name), QT_RCC_MANGLE_NAMESPACE0(QT_NAMESPACE))
#else
#   define QT_RCC_PREPEND_NAMESPACE(name) name
#   define QT_RCC_MANGLE_NAMESPACE(name) name
#endif

#ifdef QT_NAMESPACE
namespace QT_NAMESPACE {
#endif

bool qRegisterResourceData(int, const unsigned char *, const unsigned char *, const unsigned char *);
bool qUnregisterResourceData(int, const unsigned char *, const unsigned char *, const unsigned char *);

#ifdef QT_NAMESPACE
}
#endif

int QT_RCC_MANGLE_NAMESPACE(qInitResources_resources)();
int QT_RCC_MANGLE_NAMESPACE(qInitResources_resources)()
{
    int version = 3;
    QT_RCC_PREPEND_NAMESPACE(qRegisterResourceData)
        (version, qt_resource_struct, qt_resource_name, qt_resource_data);
    return 1;
}

int QT_RCC_MANGLE_NAMESPACE(qCleanupResources_resources)();
int QT_RCC_MANGLE_NAMESPACE(qCleanupResources_resources)()
{
    int version = 3;
    QT_RCC_PREPEND_NAMESPACE(qUnregisterResourceData)
       (version, qt_resource_struct, qt_resource_name, qt_resource_data);
    return 1;
}

namespace {
   struct initializer {
       initializer() { QT_RCC_MANGLE_NAMESPACE(qInitResources_resources)(); }
       ~initializer() { QT_RCC_MANGLE_NAMESPACE(qCleanupResources_resources)(); }
   } dummy;
}
