[0.000000] (-) TimerEvent: {}
[0.000340] (-) JobUnselected: {'identifier': 'rover_antenna'}
[0.000363] (-) JobUnselected: {'identifier': 'rover_arm'}
[0.000376] (-) JobUnselected: {'identifier': 'rover_auxiliary'}
[0.000387] (-) JobUnselected: {'identifier': 'rover_can'}
[0.000396] (-) JobUnselected: {'identifier': 'rover_drive_train'}
[0.000408] (-) JobUnselected: {'identifier': 'rover_gui'}
[0.000419] (-) JobUnselected: {'identifier': 'rover_joy'}
[0.000425] (-) JobUnselected: {'identifier': 'rover_security'}
[0.000434] (-) JobUnselected: {'identifier': 'rover_sim'}
[0.000444] (rover_msgs) JobQueued: {'identifier': 'rover_msgs', 'dependencies': OrderedDict()}
[0.000467] (rover_msgs) JobStarted: {'identifier': 'rover_msgs'}
[0.002891] (rover_msgs) JobProgress: {'identifier': 'rover_msgs', 'progress': 'cmake'}
[0.003146] (rover_msgs) Command: {'cmd': ['/usr/bin/cmake', '/home/chris/ros2_ws/src/rover/rover_msgs', '-DCMAKE_INSTALL_PREFIX=/home/chris/ros2_ws/src/rover/install/rover_msgs'], 'cwd': '/home/chris/ros2_ws/src/rover/build/rover_msgs', 'env': OrderedDict([('GJS_DEBUG_TOPICS', 'JS ERROR;JS LOG'), ('LESSOPEN', '| /usr/bin/lesspipe %s'), ('USER', 'chris'), ('XDG_SESSION_TYPE', 'wayland'), ('SHLVL', '1'), ('LD_LIBRARY_PATH', '/opt/ros/humble/opt/rviz_ogre_vendor/lib:/opt/ros/humble/lib/aarch64-linux-gnu:/opt/ros/humble/lib'), ('HOME', '/home/chris'), ('OLDPWD', '/home/chris/ros2_ws/src/rover/rover_gui'), ('DESKTOP_SESSION', 'ubuntu'), ('GIO_LAUNCHED_DESKTOP_FILE', '/usr/share/applications/terminator.desktop'), ('ROS_PYTHON_VERSION', '3'), ('GNOME_SHELL_SESSION_MODE', 'ubuntu'), ('GTK_MODULES', 'gail:atk-bridge'), ('MANAGERPID', '1500'), ('SYSTEMD_EXEC_PID', '2657'), ('DBUS_SESSION_BUS_ADDRESS', 'unix:path=/run/user/1000/bus'), ('COLORTERM', 'truecolor'), ('TERMINATOR_DBUS_NAME', 'net.tenshu.Terminator25ef4b219e3b005583550f2b0f9f990c3'), ('GIO_LAUNCHED_DESKTOP_FILE_PID', '3095'), ('IM_CONFIG_PHASE', '1'), ('WAYLAND_DISPLAY', 'wayland-0'), ('ROS_DISTRO', 'humble'), ('LOGNAME', 'chris'), ('JOURNAL_STREAM', '8:15383'), ('_', '/usr/bin/colcon'), ('ROS_VERSION', '2'), ('XDG_SESSION_CLASS', 'user'), ('USERNAME', 'chris'), ('TERM', 'xterm-256color'), ('GNOME_DESKTOP_SESSION_ID', 'this-is-deprecated'), ('ROS_LOCALHOST_ONLY', '0'), ('PATH', '/opt/ros/humble/bin:/usr/local/sbin:/usr/local/bin:/usr/sbin:/usr/bin:/sbin:/bin:/usr/games:/usr/local/games:/snap/bin:/snap/bin'), ('SESSION_MANAGER', 'local/ubuntu:@/tmp/.ICE-unix/2632,unix/ubuntu:/tmp/.ICE-unix/2632'), ('INVOCATION_ID', '74228d50357b43caa5bdd74e5c512d54'), ('XDG_MENU_PREFIX', 'gnome-'), ('GNOME_SETUP_DISPLAY', ':1'), ('XDG_RUNTIME_DIR', '/run/user/1000'), ('DISPLAY', ':0'), ('TERMINATOR_DBUS_PATH', '/net/tenshu/Terminator2'), ('LANG', 'en_US.UTF-8'), ('XDG_CURRENT_DESKTOP', 'ubuntu:GNOME'), ('IBUS_DISABLE_SNOOPER', '1'), ('XMODIFIERS', '@im=ibus'), ('XDG_SESSION_DESKTOP', 'ubuntu'), ('XAUTHORITY', '/run/user/1000/.mutter-Xwaylandauth.ED0O42'), ('LS_COLORS', 'rs=0:di=01;34:ln=01;36:mh=00:pi=40;33:so=01;35:do=01;35:bd=40;33;01:cd=40;33;01:or=40;31;01:mi=00:su=37;41:sg=30;43:ca=30;41:tw=30;42:ow=34;42:st=37;44:ex=01;32:*.tar=01;31:*.tgz=01;31:*.arc=01;31:*.arj=01;31:*.taz=01;31:*.lha=01;31:*.lz4=01;31:*.lzh=01;31:*.lzma=01;31:*.tlz=01;31:*.txz=01;31:*.tzo=01;31:*.t7z=01;31:*.zip=01;31:*.z=01;31:*.dz=01;31:*.gz=01;31:*.lrz=01;31:*.lz=01;31:*.lzo=01;31:*.xz=01;31:*.zst=01;31:*.tzst=01;31:*.bz2=01;31:*.bz=01;31:*.tbz=01;31:*.tbz2=01;31:*.tz=01;31:*.deb=01;31:*.rpm=01;31:*.jar=01;31:*.war=01;31:*.ear=01;31:*.sar=01;31:*.rar=01;31:*.alz=01;31:*.ace=01;31:*.zoo=01;31:*.cpio=01;31:*.7z=01;31:*.rz=01;31:*.cab=01;31:*.wim=01;31:*.swm=01;31:*.dwm=01;31:*.esd=01;31:*.jpg=01;35:*.jpeg=01;35:*.mjpg=01;35:*.mjpeg=01;35:*.gif=01;35:*.bmp=01;35:*.pbm=01;35:*.pgm=01;35:*.ppm=01;35:*.tga=01;35:*.xbm=01;35:*.xpm=01;35:*.tif=01;35:*.tiff=01;35:*.png=01;35:*.svg=01;35:*.svgz=01;35:*.mng=01;35:*.pcx=01;35:*.mov=01;35:*.mpg=01;35:*.mpeg=01;35:*.m2v=01;35:*.mkv=01;35:*.webm=01;35:*.webp=01;35:*.ogm=01;35:*.mp4=01;35:*.m4v=01;35:*.mp4v=01;35:*.vob=01;35:*.qt=01;35:*.nuv=01;35:*.wmv=01;35:*.asf=01;35:*.rm=01;35:*.rmvb=01;35:*.flc=01;35:*.avi=01;35:*.fli=01;35:*.flv=01;35:*.gl=01;35:*.dl=01;35:*.xcf=01;35:*.xwd=01;35:*.yuv=01;35:*.cgm=01;35:*.emf=01;35:*.ogv=01;35:*.ogx=01;35:*.aac=00;36:*.au=00;36:*.flac=00;36:*.m4a=00;36:*.mid=00;36:*.midi=00;36:*.mka=00;36:*.mp3=00;36:*.mpc=00;36:*.ogg=00;36:*.ra=00;36:*.wav=00;36:*.oga=00;36:*.opus=00;36:*.spx=00;36:*.xspf=00;36:'), ('SSH_AGENT_LAUNCHER', 'gnome-keyring'), ('SSH_AUTH_SOCK', '/run/user/1000/keyring/ssh'), ('ROS_DOMAIN_ID', '69'), ('AMENT_PREFIX_PATH', '/opt/ros/humble'), ('SHELL', '/bin/bash'), ('TERMINATOR_UUID', 'urn:uuid:0bb6cfe1-c619-42be-b6e3-95efbcaedf5e'), ('QT_ACCESSIBILITY', '1'), ('GDMSESSION', 'ubuntu'), ('LESSCLOSE', '/usr/bin/lesspipe %s %s'), ('GJS_DEBUG_OUTPUT', 'stderr'), ('QT_IM_MODULE', 'ibus'), ('PWD', '/home/chris/ros2_ws/src/rover/build/rover_msgs'), ('LC_ALL', 'en_US.UTF-8'), ('XDG_CONFIG_DIRS', '/etc/xdg/xdg-ubuntu:/etc/xdg'), ('RCUTILS_COLORIZED_OUTPUT', '1'), ('XDG_DATA_DIRS', '/usr/share/ubuntu:/usr/local/share/:/usr/share/:/var/lib/snapd/desktop'), ('PYTHONPATH', '/opt/ros/humble/lib/python3.10/site-packages:/opt/ros/humble/local/lib/python3.10/dist-packages'), ('COLCON', '1'), ('VTE_VERSION', '6800'), ('CMAKE_PREFIX_PATH', '/opt/ros/humble')]), 'shell': False}
[0.031177] (rover_msgs) StdoutLine: {'line': b'-- The C compiler identification is GNU 11.4.0\n'}
[0.057576] (rover_msgs) StdoutLine: {'line': b'-- The CXX compiler identification is GNU 11.4.0\n'}
[0.060398] (rover_msgs) StdoutLine: {'line': b'-- Detecting C compiler ABI info\n'}
[0.087826] (rover_msgs) StdoutLine: {'line': b'-- Detecting C compiler ABI info - done\n'}
[0.091296] (rover_msgs) StdoutLine: {'line': b'-- Check for working C compiler: /usr/bin/cc - skipped\n'}
[0.091446] (rover_msgs) StdoutLine: {'line': b'-- Detecting C compile features\n'}
[0.091672] (rover_msgs) StdoutLine: {'line': b'-- Detecting C compile features - done\n'}
[0.093045] (rover_msgs) StdoutLine: {'line': b'-- Detecting CXX compiler ABI info\n'}
[0.099587] (-) TimerEvent: {}
[0.124834] (rover_msgs) StdoutLine: {'line': b'-- Detecting CXX compiler ABI info - done\n'}
[0.128745] (rover_msgs) StdoutLine: {'line': b'-- Check for working CXX compiler: /usr/bin/c++ - skipped\n'}
[0.128901] (rover_msgs) StdoutLine: {'line': b'-- Detecting CXX compile features\n'}
[0.129146] (rover_msgs) StdoutLine: {'line': b'-- Detecting CXX compile features - done\n'}
[0.130078] (rover_msgs) StdoutLine: {'line': b'-- Found ament_cmake: 1.3.11 (/opt/ros/humble/share/ament_cmake/cmake)\n'}
[0.193145] (rover_msgs) StdoutLine: {'line': b'-- Found Python3: /usr/bin/python3 (found version "3.10.12") found components: Interpreter \n'}
[0.199673] (-) TimerEvent: {}
[0.228487] (rover_msgs) StdoutLine: {'line': b'-- Found ament_index_cpp: 1.4.0 (/opt/ros/humble/share/ament_index_cpp/cmake)\n'}
[0.229502] (rover_msgs) StdoutLine: {'line': b'-- Found rosidl_default_generators: 1.2.0 (/opt/ros/humble/share/rosidl_default_generators/cmake)\n'}
[0.231721] (rover_msgs) StdoutLine: {'line': b'-- Using all available rosidl_typesupport_c: rosidl_typesupport_fastrtps_c;rosidl_typesupport_introspection_c\n'}
[0.234150] (rover_msgs) StdoutLine: {'line': b'-- Found rosidl_adapter: 3.1.6 (/opt/ros/humble/share/rosidl_adapter/cmake)\n'}
[0.251248] (rover_msgs) StdoutLine: {'line': b'-- Using all available rosidl_typesupport_cpp: rosidl_typesupport_fastrtps_cpp;rosidl_typesupport_introspection_cpp\n'}
[0.267269] (rover_msgs) StdoutLine: {'line': b'-- Found rclcpp: 16.0.12 (/opt/ros/humble/share/rclcpp/cmake)\n'}
[0.287959] (rover_msgs) StdoutLine: {'line': b'-- Found rmw_implementation_cmake: 6.1.2 (/opt/ros/humble/share/rmw_implementation_cmake/cmake)\n'}
[0.288960] (rover_msgs) StdoutLine: {'line': b'-- Found rmw_fastrtps_cpp: 6.2.7 (/opt/ros/humble/share/rmw_fastrtps_cpp/cmake)\n'}
[0.300275] (-) TimerEvent: {}
[0.319261] (rover_msgs) StdoutLine: {'line': b'-- Found OpenSSL: /usr/lib/aarch64-linux-gnu/libcrypto.so (found version "3.0.2")  \n'}
[0.331448] (rover_msgs) StdoutLine: {'line': b'-- Found FastRTPS: /opt/ros/humble/include  \n'}
[0.349498] (rover_msgs) StdoutLine: {'line': b"-- Using RMW implementation 'rmw_fastrtps_cpp' as default\n"}
[0.352672] (rover_msgs) StdoutLine: {'line': b'-- Looking for pthread.h\n'}
[0.381731] (rover_msgs) StdoutLine: {'line': b'-- Looking for pthread.h - found\n'}
[0.381814] (rover_msgs) StdoutLine: {'line': b'-- Performing Test CMAKE_HAVE_LIBC_PTHREAD\n'}
[0.400632] (-) TimerEvent: {}
[0.409976] (rover_msgs) StdoutLine: {'line': b'-- Performing Test CMAKE_HAVE_LIBC_PTHREAD - Success\n'}
[0.410521] (rover_msgs) StdoutLine: {'line': b'-- Found Threads: TRUE  \n'}
[0.501235] (-) TimerEvent: {}
[0.601511] (-) TimerEvent: {}
[0.612380] (rover_msgs) StdoutLine: {'line': b'-- Found ament_cmake_ros: 0.10.0 (/opt/ros/humble/share/ament_cmake_ros/cmake)\n'}
[0.694565] (rover_msgs) StdoutLine: {'line': b'-- Using all available rosidl_typesupport_c: rosidl_typesupport_fastrtps_c;rosidl_typesupport_introspection_c\n'}
[0.701598] (-) TimerEvent: {}
[0.800078] (rover_msgs) StdoutLine: {'line': b'-- Using all available rosidl_typesupport_cpp: rosidl_typesupport_fastrtps_cpp;rosidl_typesupport_introspection_cpp\n'}
[0.801653] (-) TimerEvent: {}
[0.810034] (rover_msgs) StdoutLine: {'line': b'-- Found PythonInterp: /usr/bin/python3 (found suitable version "3.10.12", minimum required is "3.6") \n'}
[0.811034] (rover_msgs) StdoutLine: {'line': b'-- Found python_cmake_module: 0.10.0 (/opt/ros/humble/share/python_cmake_module/cmake)\n'}
[0.824277] (rover_msgs) StdoutLine: {'line': b'-- Found PythonLibs: /usr/lib/aarch64-linux-gnu/libpython3.10.so (found suitable version "3.10.12", minimum required is "3.5") \n'}
[0.824355] (rover_msgs) StdoutLine: {'line': b'-- Using PYTHON_EXECUTABLE: /usr/bin/python3\n'}
[0.824383] (rover_msgs) StdoutLine: {'line': b'-- Using PYTHON_INCLUDE_DIRS: /usr/include/python3.10\n'}
[0.824405] (rover_msgs) StdoutLine: {'line': b'-- Using PYTHON_LIBRARIES: /usr/lib/aarch64-linux-gnu/libpython3.10.so\n'}
[0.833199] (rover_msgs) StdoutLine: {'line': b'-- Found PythonExtra: .so  \n'}
[0.854757] (rover_msgs) StdoutLine: {'line': b'-- Configuring done\n'}
[0.893732] (rover_msgs) StdoutLine: {'line': b'-- Generating done\n'}
[0.900610] (rover_msgs) StdoutLine: {'line': b'-- Build files have been written to: /home/chris/ros2_ws/src/rover/build/rover_msgs\n'}
[0.903158] (-) TimerEvent: {}
[0.906151] (rover_msgs) CommandEnded: {'returncode': 0}
[0.906502] (rover_msgs) JobProgress: {'identifier': 'rover_msgs', 'progress': 'build'}
[0.907174] (rover_msgs) Command: {'cmd': ['/usr/bin/cmake', '--build', '/home/chris/ros2_ws/src/rover/build/rover_msgs', '--', '-j2', '-l2'], 'cwd': '/home/chris/ros2_ws/src/rover/build/rover_msgs', 'env': OrderedDict([('GJS_DEBUG_TOPICS', 'JS ERROR;JS LOG'), ('LESSOPEN', '| /usr/bin/lesspipe %s'), ('USER', 'chris'), ('XDG_SESSION_TYPE', 'wayland'), ('SHLVL', '1'), ('LD_LIBRARY_PATH', '/opt/ros/humble/opt/rviz_ogre_vendor/lib:/opt/ros/humble/lib/aarch64-linux-gnu:/opt/ros/humble/lib'), ('HOME', '/home/chris'), ('OLDPWD', '/home/chris/ros2_ws/src/rover/rover_gui'), ('DESKTOP_SESSION', 'ubuntu'), ('GIO_LAUNCHED_DESKTOP_FILE', '/usr/share/applications/terminator.desktop'), ('ROS_PYTHON_VERSION', '3'), ('GNOME_SHELL_SESSION_MODE', 'ubuntu'), ('GTK_MODULES', 'gail:atk-bridge'), ('MANAGERPID', '1500'), ('SYSTEMD_EXEC_PID', '2657'), ('DBUS_SESSION_BUS_ADDRESS', 'unix:path=/run/user/1000/bus'), ('COLORTERM', 'truecolor'), ('TERMINATOR_DBUS_NAME', 'net.tenshu.Terminator25ef4b219e3b005583550f2b0f9f990c3'), ('GIO_LAUNCHED_DESKTOP_FILE_PID', '3095'), ('IM_CONFIG_PHASE', '1'), ('WAYLAND_DISPLAY', 'wayland-0'), ('ROS_DISTRO', 'humble'), ('LOGNAME', 'chris'), ('JOURNAL_STREAM', '8:15383'), ('_', '/usr/bin/colcon'), ('ROS_VERSION', '2'), ('XDG_SESSION_CLASS', 'user'), ('USERNAME', 'chris'), ('TERM', 'xterm-256color'), ('GNOME_DESKTOP_SESSION_ID', 'this-is-deprecated'), ('ROS_LOCALHOST_ONLY', '0'), ('PATH', '/opt/ros/humble/bin:/usr/local/sbin:/usr/local/bin:/usr/sbin:/usr/bin:/sbin:/bin:/usr/games:/usr/local/games:/snap/bin:/snap/bin'), ('SESSION_MANAGER', 'local/ubuntu:@/tmp/.ICE-unix/2632,unix/ubuntu:/tmp/.ICE-unix/2632'), ('INVOCATION_ID', '74228d50357b43caa5bdd74e5c512d54'), ('XDG_MENU_PREFIX', 'gnome-'), ('GNOME_SETUP_DISPLAY', ':1'), ('XDG_RUNTIME_DIR', '/run/user/1000'), ('DISPLAY', ':0'), ('TERMINATOR_DBUS_PATH', '/net/tenshu/Terminator2'), ('LANG', 'en_US.UTF-8'), ('XDG_CURRENT_DESKTOP', 'ubuntu:GNOME'), ('IBUS_DISABLE_SNOOPER', '1'), ('XMODIFIERS', '@im=ibus'), ('XDG_SESSION_DESKTOP', 'ubuntu'), ('XAUTHORITY', '/run/user/1000/.mutter-Xwaylandauth.ED0O42'), ('LS_COLORS', 'rs=0:di=01;34:ln=01;36:mh=00:pi=40;33:so=01;35:do=01;35:bd=40;33;01:cd=40;33;01:or=40;31;01:mi=00:su=37;41:sg=30;43:ca=30;41:tw=30;42:ow=34;42:st=37;44:ex=01;32:*.tar=01;31:*.tgz=01;31:*.arc=01;31:*.arj=01;31:*.taz=01;31:*.lha=01;31:*.lz4=01;31:*.lzh=01;31:*.lzma=01;31:*.tlz=01;31:*.txz=01;31:*.tzo=01;31:*.t7z=01;31:*.zip=01;31:*.z=01;31:*.dz=01;31:*.gz=01;31:*.lrz=01;31:*.lz=01;31:*.lzo=01;31:*.xz=01;31:*.zst=01;31:*.tzst=01;31:*.bz2=01;31:*.bz=01;31:*.tbz=01;31:*.tbz2=01;31:*.tz=01;31:*.deb=01;31:*.rpm=01;31:*.jar=01;31:*.war=01;31:*.ear=01;31:*.sar=01;31:*.rar=01;31:*.alz=01;31:*.ace=01;31:*.zoo=01;31:*.cpio=01;31:*.7z=01;31:*.rz=01;31:*.cab=01;31:*.wim=01;31:*.swm=01;31:*.dwm=01;31:*.esd=01;31:*.jpg=01;35:*.jpeg=01;35:*.mjpg=01;35:*.mjpeg=01;35:*.gif=01;35:*.bmp=01;35:*.pbm=01;35:*.pgm=01;35:*.ppm=01;35:*.tga=01;35:*.xbm=01;35:*.xpm=01;35:*.tif=01;35:*.tiff=01;35:*.png=01;35:*.svg=01;35:*.svgz=01;35:*.mng=01;35:*.pcx=01;35:*.mov=01;35:*.mpg=01;35:*.mpeg=01;35:*.m2v=01;35:*.mkv=01;35:*.webm=01;35:*.webp=01;35:*.ogm=01;35:*.mp4=01;35:*.m4v=01;35:*.mp4v=01;35:*.vob=01;35:*.qt=01;35:*.nuv=01;35:*.wmv=01;35:*.asf=01;35:*.rm=01;35:*.rmvb=01;35:*.flc=01;35:*.avi=01;35:*.fli=01;35:*.flv=01;35:*.gl=01;35:*.dl=01;35:*.xcf=01;35:*.xwd=01;35:*.yuv=01;35:*.cgm=01;35:*.emf=01;35:*.ogv=01;35:*.ogx=01;35:*.aac=00;36:*.au=00;36:*.flac=00;36:*.m4a=00;36:*.mid=00;36:*.midi=00;36:*.mka=00;36:*.mp3=00;36:*.mpc=00;36:*.ogg=00;36:*.ra=00;36:*.wav=00;36:*.oga=00;36:*.opus=00;36:*.spx=00;36:*.xspf=00;36:'), ('SSH_AGENT_LAUNCHER', 'gnome-keyring'), ('SSH_AUTH_SOCK', '/run/user/1000/keyring/ssh'), ('ROS_DOMAIN_ID', '69'), ('AMENT_PREFIX_PATH', '/opt/ros/humble'), ('SHELL', '/bin/bash'), ('TERMINATOR_UUID', 'urn:uuid:0bb6cfe1-c619-42be-b6e3-95efbcaedf5e'), ('QT_ACCESSIBILITY', '1'), ('GDMSESSION', 'ubuntu'), ('LESSCLOSE', '/usr/bin/lesspipe %s %s'), ('GJS_DEBUG_OUTPUT', 'stderr'), ('QT_IM_MODULE', 'ibus'), ('PWD', '/home/chris/ros2_ws/src/rover/build/rover_msgs'), ('LC_ALL', 'en_US.UTF-8'), ('XDG_CONFIG_DIRS', '/etc/xdg/xdg-ubuntu:/etc/xdg'), ('RCUTILS_COLORIZED_OUTPUT', '1'), ('XDG_DATA_DIRS', '/usr/share/ubuntu:/usr/local/share/:/usr/share/:/var/lib/snapd/desktop'), ('PYTHONPATH', '/opt/ros/humble/lib/python3.10/site-packages:/opt/ros/humble/local/lib/python3.10/dist-packages'), ('COLCON', '1'), ('VTE_VERSION', '6800'), ('CMAKE_PREFIX_PATH', '/opt/ros/humble')]), 'shell': False}
[0.931806] (rover_msgs) StdoutLine: {'line': b'[  0%] \x1b[32mBuilding CXX object CMakeFiles/lib_exec.dir/src/lib.cpp.o\x1b[0m\n'}
[0.934364] (rover_msgs) StdoutLine: {'line': b'[  0%] \x1b[34m\x1b[1mGenerating C++ code for ROS interfaces\x1b[0m\n'}
[1.004610] (-) TimerEvent: {}
[1.100608] (rover_msgs) StdoutLine: {'line': b'[  0%] \x1b[32mBuilding CXX object CMakeFiles/lib_exec.dir/include/rovus_lib/timer.cpp.o\x1b[0m\n'}
[1.104675] (-) TimerEvent: {}
[1.204829] (-) TimerEvent: {}
[1.305007] (-) TimerEvent: {}
[1.352792] (rover_msgs) StdoutLine: {'line': b'[  1%] \x1b[32m\x1b[1mLinking CXX static library liblib_exec.a\x1b[0m\n'}
[1.365928] (rover_msgs) StdoutLine: {'line': b'[  1%] Built target lib_exec\n'}
[1.370160] (rover_msgs) StdoutLine: {'line': b'[  1%] \x1b[34m\x1b[1mGenerating C code for ROS interfaces\x1b[0m\n'}
[1.405074] (-) TimerEvent: {}
[1.505310] (-) TimerEvent: {}
[1.605468] (-) TimerEvent: {}
[1.705604] (-) TimerEvent: {}
[1.805780] (-) TimerEvent: {}
[1.906614] (-) TimerEvent: {}
[2.007674] (-) TimerEvent: {}
[2.107853] (-) TimerEvent: {}
[2.126685] (rover_msgs) StdoutLine: {'line': b'[  1%] Built target rover_msgs__cpp\n'}
[2.136420] (rover_msgs) StdoutLine: {'line': b'[  1%] Built target ament_cmake_python_copy_rover_msgs\n'}
[2.142615] (rover_msgs) StdoutLine: {'line': b'[  1%] \x1b[34m\x1b[1mGenerating C++ type support dispatch for ROS interfaces\x1b[0m\n'}
[2.207925] (-) TimerEvent: {}
[2.308099] (-) TimerEvent: {}
[2.408279] (-) TimerEvent: {}
[2.508460] (-) TimerEvent: {}
[2.563354] (rover_msgs) StdoutLine: {'line': b'[  2%] \x1b[32mBuilding C object CMakeFiles/rover_msgs__rosidl_generator_c.dir/rosidl_generator_c/rover_msgs/msg/detail/antenna_cmd__functions.c.o\x1b[0m\n'}
[2.590620] (rover_msgs) StdoutLine: {'line': b'[  2%] \x1b[32mBuilding C object CMakeFiles/rover_msgs__rosidl_generator_c.dir/rosidl_generator_c/rover_msgs/msg/detail/propulsion_motor__functions.c.o\x1b[0m\n'}
[2.608528] (-) TimerEvent: {}
[2.612053] (rover_msgs) StdoutLine: {'line': b'[  3%] \x1b[32mBuilding C object CMakeFiles/rover_msgs__rosidl_generator_c.dir/rosidl_generator_c/rover_msgs/msg/detail/can_device_status__functions.c.o\x1b[0m\n'}
[2.631282] (rover_msgs) StdoutLine: {'line': b'[  3%] \x1b[32mBuilding C object CMakeFiles/rover_msgs__rosidl_generator_c.dir/rosidl_generator_c/rover_msgs/msg/detail/joy__functions.c.o\x1b[0m\n'}
[2.652213] (rover_msgs) StdoutLine: {'line': b'[  4%] \x1b[32mBuilding C object CMakeFiles/rover_msgs__rosidl_generator_c.dir/rosidl_generator_c/rover_msgs/msg/detail/joy_demux_status__functions.c.o\x1b[0m\n'}
[2.672114] (rover_msgs) StdoutLine: {'line': b'[  4%] \x1b[32mBuilding C object CMakeFiles/rover_msgs__rosidl_generator_c.dir/rosidl_generator_c/rover_msgs/msg/detail/gps__functions.c.o\x1b[0m\n'}
[2.691861] (rover_msgs) StdoutLine: {'line': b'[  4%] \x1b[32mBuilding C object CMakeFiles/rover_msgs__rosidl_generator_c.dir/rosidl_generator_c/rover_msgs/msg/detail/gps_position__functions.c.o\x1b[0m\n'}
[2.708669] (-) TimerEvent: {}
[2.711056] (rover_msgs) StdoutLine: {'line': b'[  5%] \x1b[32mBuilding C object CMakeFiles/rover_msgs__rosidl_generator_c.dir/rosidl_generator_c/rover_msgs/msg/detail/camera_control__functions.c.o\x1b[0m\n'}
[2.721955] (rover_msgs) StdoutLine: {'line': b'[  6%] \x1b[32mBuilding CXX object CMakeFiles/rover_msgs__rosidl_typesupport_cpp.dir/rosidl_typesupport_cpp/rover_msgs/msg/antenna_cmd__type_support.cpp.o\x1b[0m\n'}
[2.731234] (rover_msgs) StdoutLine: {'line': b'[  6%] \x1b[32mBuilding C object CMakeFiles/rover_msgs__rosidl_generator_c.dir/rosidl_generator_c/rover_msgs/msg/detail/light_control__functions.c.o\x1b[0m\n'}
[2.754337] (rover_msgs) StdoutLine: {'line': b'[  7%] \x1b[32mBuilding C object CMakeFiles/rover_msgs__rosidl_generator_c.dir/rosidl_generator_c/rover_msgs/msg/detail/science_control__functions.c.o\x1b[0m\n'}
[2.775450] (rover_msgs) StdoutLine: {'line': b'[  7%] \x1b[32mBuilding C object CMakeFiles/rover_msgs__rosidl_generator_c.dir/rosidl_generator_c/rover_msgs/msg/detail/arm_msg__functions.c.o\x1b[0m\n'}
[2.797010] (rover_msgs) StdoutLine: {'line': b'[  8%] \x1b[32mBuilding C object CMakeFiles/rover_msgs__rosidl_generator_c.dir/rosidl_generator_c/rover_msgs/msg/detail/drivetrain_arbitration__functions.c.o\x1b[0m\n'}
[2.808742] (-) TimerEvent: {}
[2.817193] (rover_msgs) StdoutLine: {'line': b'[  8%] \x1b[32mBuilding C object CMakeFiles/rover_msgs__rosidl_generator_c.dir/rosidl_generator_c/rover_msgs/msg/detail/compass__functions.c.o\x1b[0m\n'}
[2.838669] (rover_msgs) StdoutLine: {'line': b'[  9%] \x1b[32mBuilding C object CMakeFiles/rover_msgs__rosidl_generator_c.dir/rosidl_generator_c/rover_msgs/msg/detail/camera_angle__functions.c.o\x1b[0m\n'}
[2.848977] (rover_msgs) StdoutLine: {'line': b'[  9%] \x1b[32mBuilding CXX object CMakeFiles/rover_msgs__rosidl_typesupport_cpp.dir/rosidl_typesupport_cpp/rover_msgs/msg/propulsion_motor__type_support.cpp.o\x1b[0m\n'}
[2.859591] (rover_msgs) StdoutLine: {'line': b'[  9%] \x1b[32mBuilding C object CMakeFiles/rover_msgs__rosidl_generator_c.dir/rosidl_generator_c/rover_msgs/msg/detail/aruco__functions.c.o\x1b[0m\n'}
[2.879790] (rover_msgs) StdoutLine: {'line': b'[ 10%] \x1b[32mBuilding C object CMakeFiles/rover_msgs__rosidl_generator_c.dir/rosidl_generator_c/rover_msgs/srv/detail/joy_demux_set_state__functions.c.o\x1b[0m\n'}
[2.904772] (rover_msgs) StdoutLine: {'line': b'[ 10%] \x1b[32mBuilding C object CMakeFiles/rover_msgs__rosidl_generator_c.dir/rosidl_generator_c/rover_msgs/srv/detail/antenna_arbitration__functions.c.o\x1b[0m\n'}
[2.908811] (-) TimerEvent: {}
[2.929243] (rover_msgs) StdoutLine: {'line': b'[ 11%] \x1b[32mBuilding C object CMakeFiles/rover_msgs__rosidl_generator_c.dir/rosidl_generator_c/rover_msgs/srv/detail/drive_train_arbitration__functions.c.o\x1b[0m\n'}
[2.955374] (rover_msgs) StdoutLine: {'line': b'[ 11%] \x1b[32mBuilding C object CMakeFiles/rover_msgs__rosidl_generator_c.dir/rosidl_generator_c/rover_msgs/srv/detail/light_control__functions.c.o\x1b[0m\n'}
[2.958967] (rover_msgs) StdoutLine: {'line': b'[ 12%] \x1b[32mBuilding CXX object CMakeFiles/rover_msgs__rosidl_typesupport_cpp.dir/rosidl_typesupport_cpp/rover_msgs/msg/can_device_status__type_support.cpp.o\x1b[0m\n'}
[2.979955] (rover_msgs) StdoutLine: {'line': b'[ 12%] \x1b[32mBuilding C object CMakeFiles/rover_msgs__rosidl_generator_c.dir/rosidl_generator_c/rover_msgs/srv/detail/compass_calibration__functions.c.o\x1b[0m\n'}
[3.004181] (rover_msgs) StdoutLine: {'line': b'[ 13%] \x1b[32mBuilding C object CMakeFiles/rover_msgs__rosidl_generator_c.dir/rosidl_generator_c/rover_msgs/srv/detail/new_gps_goal__functions.c.o\x1b[0m\n'}
[3.008883] (-) TimerEvent: {}
[3.031537] (rover_msgs) StdoutLine: {'line': b'[ 13%] \x1b[32mBuilding C object CMakeFiles/rover_msgs__rosidl_generator_c.dir/rosidl_generator_c/rover_msgs/srv/detail/pano_control__functions.c.o\x1b[0m\n'}
[3.056984] (rover_msgs) StdoutLine: {'line': b'[ 14%] \x1b[32mBuilding C object CMakeFiles/rover_msgs__rosidl_generator_c.dir/rosidl_generator_c/rover_msgs/srv/detail/rtsp_stream__functions.c.o\x1b[0m\n'}
[3.068067] (rover_msgs) StdoutLine: {'line': b'[ 14%] \x1b[32mBuilding CXX object CMakeFiles/rover_msgs__rosidl_typesupport_cpp.dir/rosidl_typesupport_cpp/rover_msgs/msg/joy__type_support.cpp.o\x1b[0m\n'}
[3.082916] (rover_msgs) StdoutLine: {'line': b'[ 14%] \x1b[32mBuilding C object CMakeFiles/rover_msgs__rosidl_generator_c.dir/rosidl_generator_c/rover_msgs/srv/detail/screenshot_control__functions.c.o\x1b[0m\n'}
[3.109620] (-) TimerEvent: {}
[3.110762] (rover_msgs) StdoutLine: {'line': b'[ 15%] \x1b[32m\x1b[1mLinking C shared library librover_msgs__rosidl_generator_c.so\x1b[0m\n'}
[3.130278] (rover_msgs) StdoutLine: {'line': b'[ 15%] Built target rover_msgs__rosidl_generator_c\n'}
[3.133416] (rover_msgs) StdoutLine: {'line': b'[ 16%] \x1b[32mBuilding CXX object CMakeFiles/rover_msgs__rosidl_typesupport_cpp.dir/rosidl_typesupport_cpp/rover_msgs/msg/joy_demux_status__type_support.cpp.o\x1b[0m\n'}
[3.181008] (rover_msgs) StdoutLine: {'line': b'[ 16%] \x1b[34m\x1b[1mGenerating C++ type support for eProsima Fast-RTPS\x1b[0m\n'}
[3.209700] (-) TimerEvent: {}
[3.238908] (rover_msgs) StdoutLine: {'line': b'[ 16%] \x1b[32mBuilding CXX object CMakeFiles/rover_msgs__rosidl_typesupport_cpp.dir/rosidl_typesupport_cpp/rover_msgs/msg/gps__type_support.cpp.o\x1b[0m\n'}
[3.309787] (-) TimerEvent: {}
[3.344358] (rover_msgs) StdoutLine: {'line': b'[ 17%] \x1b[32mBuilding CXX object CMakeFiles/rover_msgs__rosidl_typesupport_cpp.dir/rosidl_typesupport_cpp/rover_msgs/msg/gps_position__type_support.cpp.o\x1b[0m\n'}
[3.409866] (-) TimerEvent: {}
[3.447466] (rover_msgs) StdoutLine: {'line': b'[ 17%] \x1b[32mBuilding CXX object CMakeFiles/rover_msgs__rosidl_typesupport_cpp.dir/rosidl_typesupport_cpp/rover_msgs/msg/camera_control__type_support.cpp.o\x1b[0m\n'}
[3.509946] (-) TimerEvent: {}
[3.551352] (rover_msgs) StdoutLine: {'line': b'[ 18%] \x1b[32mBuilding CXX object CMakeFiles/rover_msgs__rosidl_typesupport_cpp.dir/rosidl_typesupport_cpp/rover_msgs/msg/light_control__type_support.cpp.o\x1b[0m\n'}
[3.610026] (-) TimerEvent: {}
[3.655829] (rover_msgs) StdoutLine: {'line': b'[ 18%] \x1b[32mBuilding CXX object CMakeFiles/rover_msgs__rosidl_typesupport_cpp.dir/rosidl_typesupport_cpp/rover_msgs/msg/science_control__type_support.cpp.o\x1b[0m\n'}
[3.710102] (-) TimerEvent: {}
[3.758828] (rover_msgs) StdoutLine: {'line': b'[ 19%] \x1b[32mBuilding CXX object CMakeFiles/rover_msgs__rosidl_typesupport_cpp.dir/rosidl_typesupport_cpp/rover_msgs/msg/arm_msg__type_support.cpp.o\x1b[0m\n'}
[3.810180] (-) TimerEvent: {}
[3.862394] (rover_msgs) StdoutLine: {'line': b'[ 19%] \x1b[32mBuilding CXX object CMakeFiles/rover_msgs__rosidl_typesupport_cpp.dir/rosidl_typesupport_cpp/rover_msgs/msg/drivetrain_arbitration__type_support.cpp.o\x1b[0m\n'}
[3.910256] (-) TimerEvent: {}
[3.966145] (rover_msgs) StdoutLine: {'line': b'[ 19%] \x1b[32mBuilding CXX object CMakeFiles/rover_msgs__rosidl_typesupport_cpp.dir/rosidl_typesupport_cpp/rover_msgs/msg/compass__type_support.cpp.o\x1b[0m\n'}
[4.010657] (-) TimerEvent: {}
[4.071080] (rover_msgs) StdoutLine: {'line': b'[ 20%] \x1b[32mBuilding CXX object CMakeFiles/rover_msgs__rosidl_typesupport_cpp.dir/rosidl_typesupport_cpp/rover_msgs/msg/camera_angle__type_support.cpp.o\x1b[0m\n'}
[4.072366] (rover_msgs) StdoutLine: {'line': b'[ 21%] \x1b[32mBuilding CXX object CMakeFiles/rover_msgs__rosidl_typesupport_fastrtps_cpp.dir/rosidl_typesupport_fastrtps_cpp/rover_msgs/msg/detail/dds_fastrtps/antenna_cmd__type_support.cpp.o\x1b[0m\n'}
[4.110742] (-) TimerEvent: {}
[4.177960] (rover_msgs) StdoutLine: {'line': b'[ 21%] \x1b[32mBuilding CXX object CMakeFiles/rover_msgs__rosidl_typesupport_cpp.dir/rosidl_typesupport_cpp/rover_msgs/msg/aruco__type_support.cpp.o\x1b[0m\n'}
[4.212617] (-) TimerEvent: {}
[4.242380] (rover_msgs) StdoutLine: {'line': b'[ 21%] \x1b[32mBuilding CXX object CMakeFiles/rover_msgs__rosidl_typesupport_fastrtps_cpp.dir/rosidl_typesupport_fastrtps_cpp/rover_msgs/msg/detail/dds_fastrtps/propulsion_motor__type_support.cpp.o\x1b[0m\n'}
[4.285285] (rover_msgs) StdoutLine: {'line': b'[ 22%] \x1b[32mBuilding CXX object CMakeFiles/rover_msgs__rosidl_typesupport_cpp.dir/rosidl_typesupport_cpp/rover_msgs/srv/joy_demux_set_state__type_support.cpp.o\x1b[0m\n'}
[4.312698] (-) TimerEvent: {}
[4.396509] (rover_msgs) StdoutLine: {'line': b'[ 22%] \x1b[32mBuilding CXX object CMakeFiles/rover_msgs__rosidl_typesupport_cpp.dir/rosidl_typesupport_cpp/rover_msgs/srv/antenna_arbitration__type_support.cpp.o\x1b[0m\n'}
[4.405421] (rover_msgs) StdoutLine: {'line': b'[ 23%] \x1b[32mBuilding CXX object CMakeFiles/rover_msgs__rosidl_typesupport_fastrtps_cpp.dir/rosidl_typesupport_fastrtps_cpp/rover_msgs/msg/detail/dds_fastrtps/can_device_status__type_support.cpp.o\x1b[0m\n'}
[4.412769] (-) TimerEvent: {}
[4.502163] (rover_msgs) StdoutLine: {'line': b'[ 24%] \x1b[32mBuilding CXX object CMakeFiles/rover_msgs__rosidl_typesupport_cpp.dir/rosidl_typesupport_cpp/rover_msgs/srv/drive_train_arbitration__type_support.cpp.o\x1b[0m\n'}
[4.512852] (-) TimerEvent: {}
[4.564476] (rover_msgs) StdoutLine: {'line': b'[ 24%] \x1b[32mBuilding CXX object CMakeFiles/rover_msgs__rosidl_typesupport_fastrtps_cpp.dir/rosidl_typesupport_fastrtps_cpp/rover_msgs/msg/detail/dds_fastrtps/joy__type_support.cpp.o\x1b[0m\n'}
[4.609525] (rover_msgs) StdoutLine: {'line': b'[ 24%] \x1b[32mBuilding CXX object CMakeFiles/rover_msgs__rosidl_typesupport_cpp.dir/rosidl_typesupport_cpp/rover_msgs/srv/light_control__type_support.cpp.o\x1b[0m\n'}
[4.613248] (-) TimerEvent: {}
[4.713679] (-) TimerEvent: {}
[4.715857] (rover_msgs) StdoutLine: {'line': b'[ 25%] \x1b[32mBuilding CXX object CMakeFiles/rover_msgs__rosidl_typesupport_cpp.dir/rosidl_typesupport_cpp/rover_msgs/srv/compass_calibration__type_support.cpp.o\x1b[0m\n'}
[4.722941] (rover_msgs) StdoutLine: {'line': b'[ 26%] \x1b[32mBuilding CXX object CMakeFiles/rover_msgs__rosidl_typesupport_fastrtps_cpp.dir/rosidl_typesupport_fastrtps_cpp/rover_msgs/msg/detail/dds_fastrtps/joy_demux_status__type_support.cpp.o\x1b[0m\n'}
[4.814359] (-) TimerEvent: {}
[4.821616] (rover_msgs) StdoutLine: {'line': b'[ 26%] \x1b[32mBuilding CXX object CMakeFiles/rover_msgs__rosidl_typesupport_cpp.dir/rosidl_typesupport_cpp/rover_msgs/srv/new_gps_goal__type_support.cpp.o\x1b[0m\n'}
[4.880624] (rover_msgs) StdoutLine: {'line': b'[ 26%] \x1b[32mBuilding CXX object CMakeFiles/rover_msgs__rosidl_typesupport_fastrtps_cpp.dir/rosidl_typesupport_fastrtps_cpp/rover_msgs/msg/detail/dds_fastrtps/gps__type_support.cpp.o\x1b[0m\n'}
[4.914445] (-) TimerEvent: {}
[4.928387] (rover_msgs) StdoutLine: {'line': b'[ 27%] \x1b[32mBuilding CXX object CMakeFiles/rover_msgs__rosidl_typesupport_cpp.dir/rosidl_typesupport_cpp/rover_msgs/srv/pano_control__type_support.cpp.o\x1b[0m\n'}
[5.014544] (-) TimerEvent: {}
[5.033354] (rover_msgs) StdoutLine: {'line': b'[ 27%] \x1b[32mBuilding CXX object CMakeFiles/rover_msgs__rosidl_typesupport_cpp.dir/rosidl_typesupport_cpp/rover_msgs/srv/rtsp_stream__type_support.cpp.o\x1b[0m\n'}
[5.037788] (rover_msgs) StdoutLine: {'line': b'[ 27%] \x1b[32mBuilding CXX object CMakeFiles/rover_msgs__rosidl_typesupport_fastrtps_cpp.dir/rosidl_typesupport_fastrtps_cpp/rover_msgs/msg/detail/dds_fastrtps/gps_position__type_support.cpp.o\x1b[0m\n'}
[5.114626] (-) TimerEvent: {}
[5.148429] (rover_msgs) StdoutLine: {'line': b'[ 28%] \x1b[32mBuilding CXX object CMakeFiles/rover_msgs__rosidl_typesupport_cpp.dir/rosidl_typesupport_cpp/rover_msgs/srv/screenshot_control__type_support.cpp.o\x1b[0m\n'}
[5.197063] (rover_msgs) StdoutLine: {'line': b'[ 29%] \x1b[32mBuilding CXX object CMakeFiles/rover_msgs__rosidl_typesupport_fastrtps_cpp.dir/rosidl_typesupport_fastrtps_cpp/rover_msgs/msg/detail/dds_fastrtps/camera_control__type_support.cpp.o\x1b[0m\n'}
[5.214700] (-) TimerEvent: {}
[5.254616] (rover_msgs) StdoutLine: {'line': b'[ 29%] \x1b[32m\x1b[1mLinking CXX shared library librover_msgs__rosidl_typesupport_cpp.so\x1b[0m\n'}
[5.274612] (rover_msgs) StdoutLine: {'line': b'[ 29%] Built target rover_msgs__rosidl_typesupport_cpp\n'}
[5.278902] (rover_msgs) StdoutLine: {'line': b'[ 29%] \x1b[34m\x1b[1mGenerating C++ introspection for ROS interfaces\x1b[0m\n'}
[5.314778] (-) TimerEvent: {}
[5.356734] (rover_msgs) StdoutLine: {'line': b'[ 29%] \x1b[32mBuilding CXX object CMakeFiles/rover_msgs__rosidl_typesupport_fastrtps_cpp.dir/rosidl_typesupport_fastrtps_cpp/rover_msgs/msg/detail/dds_fastrtps/light_control__type_support.cpp.o\x1b[0m\n'}
[5.414861] (-) TimerEvent: {}
[5.515003] (rover_msgs) StdoutLine: {'line': b'[ 30%] \x1b[32mBuilding CXX object CMakeFiles/rover_msgs__rosidl_typesupport_fastrtps_cpp.dir/rosidl_typesupport_fastrtps_cpp/rover_msgs/msg/detail/dds_fastrtps/science_control__type_support.cpp.o\x1b[0m\n'}
[5.515089] (-) TimerEvent: {}
[5.615272] (-) TimerEvent: {}
[5.674603] (rover_msgs) StdoutLine: {'line': b'[ 30%] \x1b[32mBuilding CXX object CMakeFiles/rover_msgs__rosidl_typesupport_fastrtps_cpp.dir/rosidl_typesupport_fastrtps_cpp/rover_msgs/msg/detail/dds_fastrtps/arm_msg__type_support.cpp.o\x1b[0m\n'}
[5.715343] (-) TimerEvent: {}
[5.815542] (-) TimerEvent: {}
[5.831623] (rover_msgs) StdoutLine: {'line': b'[ 31%] \x1b[32mBuilding CXX object CMakeFiles/rover_msgs__rosidl_typesupport_fastrtps_cpp.dir/rosidl_typesupport_fastrtps_cpp/rover_msgs/msg/detail/dds_fastrtps/drivetrain_arbitration__type_support.cpp.o\x1b[0m\n'}
[5.915623] (-) TimerEvent: {}
[5.992563] (rover_msgs) StdoutLine: {'line': b'[ 31%] \x1b[32mBuilding CXX object CMakeFiles/rover_msgs__rosidl_typesupport_fastrtps_cpp.dir/rosidl_typesupport_fastrtps_cpp/rover_msgs/msg/detail/dds_fastrtps/compass__type_support.cpp.o\x1b[0m\n'}
[6.015702] (-) TimerEvent: {}
[6.026308] (rover_msgs) StdoutLine: {'line': b'[ 31%] \x1b[32mBuilding CXX object CMakeFiles/rover_msgs__rosidl_typesupport_introspection_cpp.dir/rosidl_typesupport_introspection_cpp/rover_msgs/msg/detail/antenna_cmd__type_support.cpp.o\x1b[0m\n'}
[6.115795] (-) TimerEvent: {}
[6.167125] (rover_msgs) StdoutLine: {'line': b'[ 32%] \x1b[32mBuilding CXX object CMakeFiles/rover_msgs__rosidl_typesupport_fastrtps_cpp.dir/rosidl_typesupport_fastrtps_cpp/rover_msgs/msg/detail/dds_fastrtps/camera_angle__type_support.cpp.o\x1b[0m\n'}
[6.193580] (rover_msgs) StdoutLine: {'line': b'[ 33%] \x1b[32mBuilding CXX object CMakeFiles/rover_msgs__rosidl_typesupport_introspection_cpp.dir/rosidl_typesupport_introspection_cpp/rover_msgs/msg/detail/propulsion_motor__type_support.cpp.o\x1b[0m\n'}
[6.215872] (-) TimerEvent: {}
[6.316127] (-) TimerEvent: {}
[6.324120] (rover_msgs) StdoutLine: {'line': b'[ 33%] \x1b[32mBuilding CXX object CMakeFiles/rover_msgs__rosidl_typesupport_fastrtps_cpp.dir/rosidl_typesupport_fastrtps_cpp/rover_msgs/msg/detail/dds_fastrtps/aruco__type_support.cpp.o\x1b[0m\n'}
[6.347630] (rover_msgs) StdoutLine: {'line': b'[ 33%] \x1b[32mBuilding CXX object CMakeFiles/rover_msgs__rosidl_typesupport_introspection_cpp.dir/rosidl_typesupport_introspection_cpp/rover_msgs/msg/detail/can_device_status__type_support.cpp.o\x1b[0m\n'}
[6.416217] (-) TimerEvent: {}
[6.495984] (rover_msgs) StdoutLine: {'line': b'[ 34%] \x1b[32mBuilding CXX object CMakeFiles/rover_msgs__rosidl_typesupport_introspection_cpp.dir/rosidl_typesupport_introspection_cpp/rover_msgs/msg/detail/joy__type_support.cpp.o\x1b[0m\n'}
[6.505132] (rover_msgs) StdoutLine: {'line': b'[ 35%] \x1b[32mBuilding CXX object CMakeFiles/rover_msgs__rosidl_typesupport_fastrtps_cpp.dir/rosidl_typesupport_fastrtps_cpp/rover_msgs/srv/detail/dds_fastrtps/joy_demux_set_state__type_support.cpp.o\x1b[0m\n'}
[6.516291] (-) TimerEvent: {}
[6.616514] (-) TimerEvent: {}
[6.652754] (rover_msgs) StdoutLine: {'line': b'[ 35%] \x1b[32mBuilding CXX object CMakeFiles/rover_msgs__rosidl_typesupport_introspection_cpp.dir/rosidl_typesupport_introspection_cpp/rover_msgs/msg/detail/joy_demux_status__type_support.cpp.o\x1b[0m\n'}
[6.678702] (rover_msgs) StdoutLine: {'line': b'[ 35%] \x1b[32mBuilding CXX object CMakeFiles/rover_msgs__rosidl_typesupport_fastrtps_cpp.dir/rosidl_typesupport_fastrtps_cpp/rover_msgs/srv/detail/dds_fastrtps/antenna_arbitration__type_support.cpp.o\x1b[0m\n'}
[6.716602] (-) TimerEvent: {}
[6.801106] (rover_msgs) StdoutLine: {'line': b'[ 36%] \x1b[32mBuilding CXX object CMakeFiles/rover_msgs__rosidl_typesupport_introspection_cpp.dir/rosidl_typesupport_introspection_cpp/rover_msgs/msg/detail/gps__type_support.cpp.o\x1b[0m\n'}
[6.816677] (-) TimerEvent: {}
[6.845919] (rover_msgs) StdoutLine: {'line': b'[ 37%] \x1b[32mBuilding CXX object CMakeFiles/rover_msgs__rosidl_typesupport_fastrtps_cpp.dir/rosidl_typesupport_fastrtps_cpp/rover_msgs/srv/detail/dds_fastrtps/drive_train_arbitration__type_support.cpp.o\x1b[0m\n'}
[6.916777] (-) TimerEvent: {}
[6.947635] (rover_msgs) StdoutLine: {'line': b'[ 37%] \x1b[32mBuilding CXX object CMakeFiles/rover_msgs__rosidl_typesupport_introspection_cpp.dir/rosidl_typesupport_introspection_cpp/rover_msgs/msg/detail/gps_position__type_support.cpp.o\x1b[0m\n'}
[7.009632] (rover_msgs) StdoutLine: {'line': b'[ 37%] \x1b[32mBuilding CXX object CMakeFiles/rover_msgs__rosidl_typesupport_fastrtps_cpp.dir/rosidl_typesupport_fastrtps_cpp/rover_msgs/srv/detail/dds_fastrtps/light_control__type_support.cpp.o\x1b[0m\n'}
[7.016852] (-) TimerEvent: {}
[7.100666] (rover_msgs) StdoutLine: {'line': b'[ 38%] \x1b[32mBuilding CXX object CMakeFiles/rover_msgs__rosidl_typesupport_introspection_cpp.dir/rosidl_typesupport_introspection_cpp/rover_msgs/msg/detail/camera_control__type_support.cpp.o\x1b[0m\n'}
[7.116931] (-) TimerEvent: {}
[7.174170] (rover_msgs) StdoutLine: {'line': b'[ 38%] \x1b[32mBuilding CXX object CMakeFiles/rover_msgs__rosidl_typesupport_fastrtps_cpp.dir/rosidl_typesupport_fastrtps_cpp/rover_msgs/srv/detail/dds_fastrtps/compass_calibration__type_support.cpp.o\x1b[0m\n'}
[7.217022] (-) TimerEvent: {}
[7.255486] (rover_msgs) StdoutLine: {'line': b'[ 38%] \x1b[32mBuilding CXX object CMakeFiles/rover_msgs__rosidl_typesupport_introspection_cpp.dir/rosidl_typesupport_introspection_cpp/rover_msgs/msg/detail/light_control__type_support.cpp.o\x1b[0m\n'}
[7.317118] (-) TimerEvent: {}
[7.334153] (rover_msgs) StdoutLine: {'line': b'[ 39%] \x1b[32mBuilding CXX object CMakeFiles/rover_msgs__rosidl_typesupport_fastrtps_cpp.dir/rosidl_typesupport_fastrtps_cpp/rover_msgs/srv/detail/dds_fastrtps/new_gps_goal__type_support.cpp.o\x1b[0m\n'}
[7.409200] (rover_msgs) StdoutLine: {'line': b'[ 40%] \x1b[32mBuilding CXX object CMakeFiles/rover_msgs__rosidl_typesupport_introspection_cpp.dir/rosidl_typesupport_introspection_cpp/rover_msgs/msg/detail/science_control__type_support.cpp.o\x1b[0m\n'}
[7.417194] (-) TimerEvent: {}
[7.517432] (-) TimerEvent: {}
[7.519943] (rover_msgs) StdoutLine: {'line': b'[ 40%] \x1b[32mBuilding CXX object CMakeFiles/rover_msgs__rosidl_typesupport_fastrtps_cpp.dir/rosidl_typesupport_fastrtps_cpp/rover_msgs/srv/detail/dds_fastrtps/pano_control__type_support.cpp.o\x1b[0m\n'}
[7.557562] (rover_msgs) StdoutLine: {'line': b'[ 40%] \x1b[32mBuilding CXX object CMakeFiles/rover_msgs__rosidl_typesupport_introspection_cpp.dir/rosidl_typesupport_introspection_cpp/rover_msgs/msg/detail/arm_msg__type_support.cpp.o\x1b[0m\n'}
[7.617525] (-) TimerEvent: {}
[7.690381] (rover_msgs) StdoutLine: {'line': b'[ 41%] \x1b[32mBuilding CXX object CMakeFiles/rover_msgs__rosidl_typesupport_fastrtps_cpp.dir/rosidl_typesupport_fastrtps_cpp/rover_msgs/srv/detail/dds_fastrtps/rtsp_stream__type_support.cpp.o\x1b[0m\n'}
[7.711559] (rover_msgs) StdoutLine: {'line': b'[ 42%] \x1b[32mBuilding CXX object CMakeFiles/rover_msgs__rosidl_typesupport_introspection_cpp.dir/rosidl_typesupport_introspection_cpp/rover_msgs/msg/detail/drivetrain_arbitration__type_support.cpp.o\x1b[0m\n'}
[7.717597] (-) TimerEvent: {}
[7.817825] (-) TimerEvent: {}
[7.860948] (rover_msgs) StdoutLine: {'line': b'[ 42%] \x1b[32mBuilding CXX object CMakeFiles/rover_msgs__rosidl_typesupport_fastrtps_cpp.dir/rosidl_typesupport_fastrtps_cpp/rover_msgs/srv/detail/dds_fastrtps/screenshot_control__type_support.cpp.o\x1b[0m\n'}
[7.861292] (rover_msgs) StdoutLine: {'line': b'[ 42%] \x1b[32mBuilding CXX object CMakeFiles/rover_msgs__rosidl_typesupport_introspection_cpp.dir/rosidl_typesupport_introspection_cpp/rover_msgs/msg/detail/compass__type_support.cpp.o\x1b[0m\n'}
[7.917913] (-) TimerEvent: {}
[8.010294] (rover_msgs) StdoutLine: {'line': b'[ 42%] \x1b[32mBuilding CXX object CMakeFiles/rover_msgs__rosidl_typesupport_introspection_cpp.dir/rosidl_typesupport_introspection_cpp/rover_msgs/msg/detail/camera_angle__type_support.cpp.o\x1b[0m\n'}
[8.017986] (-) TimerEvent: {}
[8.026962] (rover_msgs) StdoutLine: {'line': b'[ 43%] \x1b[32m\x1b[1mLinking CXX shared library librover_msgs__rosidl_typesupport_fastrtps_cpp.so\x1b[0m\n'}
[8.065016] (rover_msgs) StdoutLine: {'line': b'[ 43%] Built target rover_msgs__rosidl_typesupport_fastrtps_cpp\n'}
[8.068646] (rover_msgs) StdoutLine: {'line': b'[ 44%] \x1b[32mBuilding CXX object CMakeFiles/rover_msgs__rosidl_typesupport_introspection_cpp.dir/rosidl_typesupport_introspection_cpp/rover_msgs/msg/detail/aruco__type_support.cpp.o\x1b[0m\n'}
[8.118085] (-) TimerEvent: {}
[8.218326] (-) TimerEvent: {}
[8.234518] (rover_msgs) StdoutLine: {'line': b'[ 44%] \x1b[32mBuilding CXX object CMakeFiles/rover_msgs__rosidl_typesupport_introspection_cpp.dir/rosidl_typesupport_introspection_cpp/rover_msgs/srv/detail/joy_demux_set_state__type_support.cpp.o\x1b[0m\n'}
[8.251497] (rover_msgs) StdoutLine: {'line': b'running egg_info\n'}
[8.251822] (rover_msgs) StdoutLine: {'line': b'creating rover_msgs.egg-info\n'}
[8.251897] (rover_msgs) StdoutLine: {'line': b'writing rover_msgs.egg-info/PKG-INFO\n'}
[8.251963] (rover_msgs) StdoutLine: {'line': b'writing dependency_links to rover_msgs.egg-info/dependency_links.txt\n'}
[8.252018] (rover_msgs) StdoutLine: {'line': b'writing top-level names to rover_msgs.egg-info/top_level.txt\n'}
[8.252089] (rover_msgs) StdoutLine: {'line': b"writing manifest file 'rover_msgs.egg-info/SOURCES.txt'\n"}
[8.253625] (rover_msgs) StdoutLine: {'line': b"reading manifest file 'rover_msgs.egg-info/SOURCES.txt'\n"}
[8.253834] (rover_msgs) StdoutLine: {'line': b"writing manifest file 'rover_msgs.egg-info/SOURCES.txt'\n"}
[8.268619] (rover_msgs) StdoutLine: {'line': b'[ 44%] Built target ament_cmake_python_build_rover_msgs_egg\n'}
[8.270678] (rover_msgs) StdoutLine: {'line': b'[ 45%] \x1b[32mBuilding CXX object CMakeFiles/rover_msgs__rosidl_typesupport_introspection_cpp.dir/rosidl_typesupport_introspection_cpp/rover_msgs/srv/detail/antenna_arbitration__type_support.cpp.o\x1b[0m\n'}
[8.318416] (-) TimerEvent: {}
[8.392548] (rover_msgs) StdoutLine: {'line': b'[ 45%] \x1b[34m\x1b[1mGenerating C type support for eProsima Fast-RTPS\x1b[0m\n'}
[8.418496] (-) TimerEvent: {}
[8.420213] (rover_msgs) StdoutLine: {'line': b'[ 45%] \x1b[32mBuilding CXX object CMakeFiles/rover_msgs__rosidl_typesupport_introspection_cpp.dir/rosidl_typesupport_introspection_cpp/rover_msgs/srv/detail/drive_train_arbitration__type_support.cpp.o\x1b[0m\n'}
[8.518590] (-) TimerEvent: {}
[8.578609] (rover_msgs) StdoutLine: {'line': b'[ 46%] \x1b[32mBuilding CXX object CMakeFiles/rover_msgs__rosidl_typesupport_introspection_cpp.dir/rosidl_typesupport_introspection_cpp/rover_msgs/srv/detail/light_control__type_support.cpp.o\x1b[0m\n'}
[8.618663] (-) TimerEvent: {}
[8.718865] (-) TimerEvent: {}
[8.729712] (rover_msgs) StdoutLine: {'line': b'[ 46%] \x1b[32mBuilding CXX object CMakeFiles/rover_msgs__rosidl_typesupport_introspection_cpp.dir/rosidl_typesupport_introspection_cpp/rover_msgs/srv/detail/compass_calibration__type_support.cpp.o\x1b[0m\n'}
[8.818951] (-) TimerEvent: {}
[8.884514] (rover_msgs) StdoutLine: {'line': b'[ 47%] \x1b[32mBuilding CXX object CMakeFiles/rover_msgs__rosidl_typesupport_introspection_cpp.dir/rosidl_typesupport_introspection_cpp/rover_msgs/srv/detail/new_gps_goal__type_support.cpp.o\x1b[0m\n'}
[8.919026] (-) TimerEvent: {}
[9.019230] (-) TimerEvent: {}
[9.052358] (rover_msgs) StdoutLine: {'line': b'[ 47%] \x1b[32mBuilding CXX object CMakeFiles/rover_msgs__rosidl_typesupport_introspection_cpp.dir/rosidl_typesupport_introspection_cpp/rover_msgs/srv/detail/pano_control__type_support.cpp.o\x1b[0m\n'}
[9.119316] (-) TimerEvent: {}
[9.209752] (rover_msgs) StdoutLine: {'line': b'[ 48%] \x1b[32mBuilding CXX object CMakeFiles/rover_msgs__rosidl_typesupport_introspection_cpp.dir/rosidl_typesupport_introspection_cpp/rover_msgs/srv/detail/rtsp_stream__type_support.cpp.o\x1b[0m\n'}
[9.219407] (-) TimerEvent: {}
[9.266865] (rover_msgs) StdoutLine: {'line': b'[ 49%] \x1b[32mBuilding CXX object CMakeFiles/rover_msgs__rosidl_typesupport_fastrtps_c.dir/rosidl_typesupport_fastrtps_c/rover_msgs/msg/detail/antenna_cmd__type_support_c.cpp.o\x1b[0m\n'}
[9.319508] (-) TimerEvent: {}
[9.365180] (rover_msgs) StdoutLine: {'line': b'[ 49%] \x1b[32mBuilding CXX object CMakeFiles/rover_msgs__rosidl_typesupport_introspection_cpp.dir/rosidl_typesupport_introspection_cpp/rover_msgs/srv/detail/screenshot_control__type_support.cpp.o\x1b[0m\n'}
[9.404681] (rover_msgs) StdoutLine: {'line': b'[ 49%] \x1b[32mBuilding CXX object CMakeFiles/rover_msgs__rosidl_typesupport_fastrtps_c.dir/rosidl_typesupport_fastrtps_c/rover_msgs/msg/detail/propulsion_motor__type_support_c.cpp.o\x1b[0m\n'}
[9.419592] (-) TimerEvent: {}
[9.519622] (rover_msgs) StdoutLine: {'line': b'[ 50%] \x1b[32m\x1b[1mLinking CXX shared library librover_msgs__rosidl_typesupport_introspection_cpp.so\x1b[0m\n'}
[9.519729] (-) TimerEvent: {}
[9.542727] (rover_msgs) StdoutLine: {'line': b'[ 51%] \x1b[32mBuilding CXX object CMakeFiles/rover_msgs__rosidl_typesupport_fastrtps_c.dir/rosidl_typesupport_fastrtps_c/rover_msgs/msg/detail/can_device_status__type_support_c.cpp.o\x1b[0m\n'}
[9.552568] (rover_msgs) StdoutLine: {'line': b'[ 51%] Built target rover_msgs__rosidl_typesupport_introspection_cpp\n'}
[9.555935] (rover_msgs) StdoutLine: {'line': b'[ 51%] \x1b[32mBuilding CXX object CMakeFiles/rover_msgs__rosidl_typesupport_fastrtps_c.dir/rosidl_typesupport_fastrtps_c/rover_msgs/msg/detail/joy__type_support_c.cpp.o\x1b[0m\n'}
[9.619830] (-) TimerEvent: {}
[9.682892] (rover_msgs) StdoutLine: {'line': b'[ 52%] \x1b[32mBuilding CXX object CMakeFiles/rover_msgs__rosidl_typesupport_fastrtps_c.dir/rosidl_typesupport_fastrtps_c/rover_msgs/msg/detail/joy_demux_status__type_support_c.cpp.o\x1b[0m\n'}
[9.688543] (rover_msgs) StdoutLine: {'line': b'[ 52%] \x1b[32mBuilding CXX object CMakeFiles/rover_msgs__rosidl_typesupport_fastrtps_c.dir/rosidl_typesupport_fastrtps_c/rover_msgs/msg/detail/gps__type_support_c.cpp.o\x1b[0m\n'}
[9.719905] (-) TimerEvent: {}
[9.818195] (rover_msgs) StdoutLine: {'line': b'[ 53%] \x1b[32mBuilding CXX object CMakeFiles/rover_msgs__rosidl_typesupport_fastrtps_c.dir/rosidl_typesupport_fastrtps_c/rover_msgs/msg/detail/gps_position__type_support_c.cpp.o\x1b[0m\n'}
[9.819976] (-) TimerEvent: {}
[9.822310] (rover_msgs) StdoutLine: {'line': b'[ 53%] \x1b[34m\x1b[1mGenerating C introspection for ROS interfaces\x1b[0m\n'}
[9.920061] (-) TimerEvent: {}
[9.956487] (rover_msgs) StdoutLine: {'line': b'[ 53%] \x1b[32mBuilding CXX object CMakeFiles/rover_msgs__rosidl_typesupport_fastrtps_c.dir/rosidl_typesupport_fastrtps_c/rover_msgs/msg/detail/camera_control__type_support_c.cpp.o\x1b[0m\n'}
[10.020180] (-) TimerEvent: {}
[10.099279] (rover_msgs) StdoutLine: {'line': b'[ 54%] \x1b[32mBuilding CXX object CMakeFiles/rover_msgs__rosidl_typesupport_fastrtps_c.dir/rosidl_typesupport_fastrtps_c/rover_msgs/msg/detail/light_control__type_support_c.cpp.o\x1b[0m\n'}
[10.120254] (-) TimerEvent: {}
[10.220463] (-) TimerEvent: {}
[10.233004] (rover_msgs) StdoutLine: {'line': b'[ 54%] \x1b[32mBuilding CXX object CMakeFiles/rover_msgs__rosidl_typesupport_fastrtps_c.dir/rosidl_typesupport_fastrtps_c/rover_msgs/msg/detail/science_control__type_support_c.cpp.o\x1b[0m\n'}
[10.322610] (-) TimerEvent: {}
[10.368720] (rover_msgs) StdoutLine: {'line': b'[ 54%] \x1b[32mBuilding CXX object CMakeFiles/rover_msgs__rosidl_typesupport_fastrtps_c.dir/rosidl_typesupport_fastrtps_c/rover_msgs/msg/detail/arm_msg__type_support_c.cpp.o\x1b[0m\n'}
[10.422689] (-) TimerEvent: {}
[10.502885] (rover_msgs) StdoutLine: {'line': b'[ 55%] \x1b[32mBuilding CXX object CMakeFiles/rover_msgs__rosidl_typesupport_fastrtps_c.dir/rosidl_typesupport_fastrtps_c/rover_msgs/msg/detail/drivetrain_arbitration__type_support_c.cpp.o\x1b[0m\n'}
[10.522767] (-) TimerEvent: {}
[10.623181] (-) TimerEvent: {}
[10.625447] (rover_msgs) StdoutLine: {'line': b'[ 56%] \x1b[32mBuilding C object CMakeFiles/rover_msgs__rosidl_typesupport_introspection_c.dir/rosidl_typesupport_introspection_c/rover_msgs/msg/detail/antenna_cmd__type_support.c.o\x1b[0m\n'}
[10.640561] (rover_msgs) StdoutLine: {'line': b'[ 56%] \x1b[32mBuilding CXX object CMakeFiles/rover_msgs__rosidl_typesupport_fastrtps_c.dir/rosidl_typesupport_fastrtps_c/rover_msgs/msg/detail/compass__type_support_c.cpp.o\x1b[0m\n'}
[10.640704] (rover_msgs) StdoutLine: {'line': b'[ 56%] \x1b[32mBuilding C object CMakeFiles/rover_msgs__rosidl_typesupport_introspection_c.dir/rosidl_typesupport_introspection_c/rover_msgs/msg/detail/propulsion_motor__type_support.c.o\x1b[0m\n'}
[10.657619] (rover_msgs) StdoutLine: {'line': b'[ 57%] \x1b[32mBuilding C object CMakeFiles/rover_msgs__rosidl_typesupport_introspection_c.dir/rosidl_typesupport_introspection_c/rover_msgs/msg/detail/can_device_status__type_support.c.o\x1b[0m\n'}
[10.671560] (rover_msgs) StdoutLine: {'line': b'[ 57%] \x1b[32mBuilding C object CMakeFiles/rover_msgs__rosidl_typesupport_introspection_c.dir/rosidl_typesupport_introspection_c/rover_msgs/msg/detail/joy__type_support.c.o\x1b[0m\n'}
[10.685800] (rover_msgs) StdoutLine: {'line': b'[ 57%] \x1b[32mBuilding C object CMakeFiles/rover_msgs__rosidl_typesupport_introspection_c.dir/rosidl_typesupport_introspection_c/rover_msgs/msg/detail/joy_demux_status__type_support.c.o\x1b[0m\n'}
[10.700026] (rover_msgs) StdoutLine: {'line': b'[ 58%] \x1b[32mBuilding C object CMakeFiles/rover_msgs__rosidl_typesupport_introspection_c.dir/rosidl_typesupport_introspection_c/rover_msgs/msg/detail/gps__type_support.c.o\x1b[0m\n'}
[10.713012] (rover_msgs) StdoutLine: {'line': b'[ 58%] \x1b[32mBuilding C object CMakeFiles/rover_msgs__rosidl_typesupport_introspection_c.dir/rosidl_typesupport_introspection_c/rover_msgs/msg/detail/gps_position__type_support.c.o\x1b[0m\n'}
[10.723252] (-) TimerEvent: {}
[10.726538] (rover_msgs) StdoutLine: {'line': b'[ 59%] \x1b[32mBuilding C object CMakeFiles/rover_msgs__rosidl_typesupport_introspection_c.dir/rosidl_typesupport_introspection_c/rover_msgs/msg/detail/camera_control__type_support.c.o\x1b[0m\n'}
[10.740934] (rover_msgs) StdoutLine: {'line': b'[ 59%] \x1b[32mBuilding C object CMakeFiles/rover_msgs__rosidl_typesupport_introspection_c.dir/rosidl_typesupport_introspection_c/rover_msgs/msg/detail/light_control__type_support.c.o\x1b[0m\n'}
[10.755815] (rover_msgs) StdoutLine: {'line': b'[ 60%] \x1b[32mBuilding C object CMakeFiles/rover_msgs__rosidl_typesupport_introspection_c.dir/rosidl_typesupport_introspection_c/rover_msgs/msg/detail/science_control__type_support.c.o\x1b[0m\n'}
[10.770952] (rover_msgs) StdoutLine: {'line': b'[ 60%] \x1b[32mBuilding C object CMakeFiles/rover_msgs__rosidl_typesupport_introspection_c.dir/rosidl_typesupport_introspection_c/rover_msgs/msg/detail/arm_msg__type_support.c.o\x1b[0m\n'}
[10.780254] (rover_msgs) StdoutLine: {'line': b'[ 61%] \x1b[32mBuilding CXX object CMakeFiles/rover_msgs__rosidl_typesupport_fastrtps_c.dir/rosidl_typesupport_fastrtps_c/rover_msgs/msg/detail/camera_angle__type_support_c.cpp.o\x1b[0m\n'}
[10.784695] (rover_msgs) StdoutLine: {'line': b'[ 62%] \x1b[32mBuilding C object CMakeFiles/rover_msgs__rosidl_typesupport_introspection_c.dir/rosidl_typesupport_introspection_c/rover_msgs/msg/detail/drivetrain_arbitration__type_support.c.o\x1b[0m\n'}
[10.798037] (rover_msgs) StdoutLine: {'line': b'[ 62%] \x1b[32mBuilding C object CMakeFiles/rover_msgs__rosidl_typesupport_introspection_c.dir/rosidl_typesupport_introspection_c/rover_msgs/msg/detail/compass__type_support.c.o\x1b[0m\n'}
[10.811352] (rover_msgs) StdoutLine: {'line': b'[ 63%] \x1b[32mBuilding C object CMakeFiles/rover_msgs__rosidl_typesupport_introspection_c.dir/rosidl_typesupport_introspection_c/rover_msgs/msg/detail/camera_angle__type_support.c.o\x1b[0m\n'}
[10.823327] (-) TimerEvent: {}
[10.824685] (rover_msgs) StdoutLine: {'line': b'[ 63%] \x1b[32mBuilding C object CMakeFiles/rover_msgs__rosidl_typesupport_introspection_c.dir/rosidl_typesupport_introspection_c/rover_msgs/msg/detail/aruco__type_support.c.o\x1b[0m\n'}
[10.840746] (rover_msgs) StdoutLine: {'line': b'[ 64%] \x1b[32mBuilding C object CMakeFiles/rover_msgs__rosidl_typesupport_introspection_c.dir/rosidl_typesupport_introspection_c/rover_msgs/srv/detail/joy_demux_set_state__type_support.c.o\x1b[0m\n'}
[10.855064] (rover_msgs) StdoutLine: {'line': b'[ 64%] \x1b[32mBuilding C object CMakeFiles/rover_msgs__rosidl_typesupport_introspection_c.dir/rosidl_typesupport_introspection_c/rover_msgs/srv/detail/antenna_arbitration__type_support.c.o\x1b[0m\n'}
[10.870354] (rover_msgs) StdoutLine: {'line': b'[ 64%] \x1b[32mBuilding C object CMakeFiles/rover_msgs__rosidl_typesupport_introspection_c.dir/rosidl_typesupport_introspection_c/rover_msgs/srv/detail/drive_train_arbitration__type_support.c.o\x1b[0m\n'}
[10.886149] (rover_msgs) StdoutLine: {'line': b'[ 65%] \x1b[32mBuilding C object CMakeFiles/rover_msgs__rosidl_typesupport_introspection_c.dir/rosidl_typesupport_introspection_c/rover_msgs/srv/detail/light_control__type_support.c.o\x1b[0m\n'}
[10.901139] (rover_msgs) StdoutLine: {'line': b'[ 65%] \x1b[32mBuilding C object CMakeFiles/rover_msgs__rosidl_typesupport_introspection_c.dir/rosidl_typesupport_introspection_c/rover_msgs/srv/detail/compass_calibration__type_support.c.o\x1b[0m\n'}
[10.916856] (rover_msgs) StdoutLine: {'line': b'[ 66%] \x1b[32mBuilding C object CMakeFiles/rover_msgs__rosidl_typesupport_introspection_c.dir/rosidl_typesupport_introspection_c/rover_msgs/srv/detail/new_gps_goal__type_support.c.o\x1b[0m\n'}
[10.918730] (rover_msgs) StdoutLine: {'line': b'[ 66%] \x1b[32mBuilding CXX object CMakeFiles/rover_msgs__rosidl_typesupport_fastrtps_c.dir/rosidl_typesupport_fastrtps_c/rover_msgs/msg/detail/aruco__type_support_c.cpp.o\x1b[0m\n'}
[10.923400] (-) TimerEvent: {}
[10.934315] (rover_msgs) StdoutLine: {'line': b'[ 66%] \x1b[32mBuilding C object CMakeFiles/rover_msgs__rosidl_typesupport_introspection_c.dir/rosidl_typesupport_introspection_c/rover_msgs/srv/detail/pano_control__type_support.c.o\x1b[0m\n'}
[10.949843] (rover_msgs) StdoutLine: {'line': b'[ 67%] \x1b[32mBuilding C object CMakeFiles/rover_msgs__rosidl_typesupport_introspection_c.dir/rosidl_typesupport_introspection_c/rover_msgs/srv/detail/rtsp_stream__type_support.c.o\x1b[0m\n'}
[10.964337] (rover_msgs) StdoutLine: {'line': b'[ 67%] \x1b[32mBuilding C object CMakeFiles/rover_msgs__rosidl_typesupport_introspection_c.dir/rosidl_typesupport_introspection_c/rover_msgs/srv/detail/screenshot_control__type_support.c.o\x1b[0m\n'}
[10.980604] (rover_msgs) StdoutLine: {'line': b'[ 68%] \x1b[32m\x1b[1mLinking C shared library librover_msgs__rosidl_typesupport_introspection_c.so\x1b[0m\n'}
[10.994365] (rover_msgs) StdoutLine: {'line': b'[ 68%] Built target rover_msgs__rosidl_typesupport_introspection_c\n'}
[10.997579] (rover_msgs) StdoutLine: {'line': b'[ 69%] \x1b[32mBuilding CXX object CMakeFiles/rover_msgs__rosidl_typesupport_fastrtps_c.dir/rosidl_typesupport_fastrtps_c/rover_msgs/srv/detail/joy_demux_set_state__type_support_c.cpp.o\x1b[0m\n'}
[11.023486] (-) TimerEvent: {}
[11.065372] (rover_msgs) StdoutLine: {'line': b'[ 70%] \x1b[34m\x1b[1mGenerating C type support dispatch for ROS interfaces\x1b[0m\n'}
[11.123574] (-) TimerEvent: {}
[11.145556] (rover_msgs) StdoutLine: {'line': b'[ 70%] \x1b[32mBuilding CXX object CMakeFiles/rover_msgs__rosidl_typesupport_fastrtps_c.dir/rosidl_typesupport_fastrtps_c/rover_msgs/srv/detail/antenna_arbitration__type_support_c.cpp.o\x1b[0m\n'}
[11.223610] (-) TimerEvent: {}
[11.283416] (rover_msgs) StdoutLine: {'line': b'[ 71%] \x1b[32mBuilding CXX object CMakeFiles/rover_msgs__rosidl_typesupport_fastrtps_c.dir/rosidl_typesupport_fastrtps_c/rover_msgs/srv/detail/drive_train_arbitration__type_support_c.cpp.o\x1b[0m\n'}
[11.323682] (-) TimerEvent: {}
[11.418868] (rover_msgs) StdoutLine: {'line': b'[ 71%] \x1b[32mBuilding CXX object CMakeFiles/rover_msgs__rosidl_typesupport_fastrtps_c.dir/rosidl_typesupport_fastrtps_c/rover_msgs/srv/detail/light_control__type_support_c.cpp.o\x1b[0m\n'}
[11.423746] (-) TimerEvent: {}
[11.523939] (-) TimerEvent: {}
[11.554991] (rover_msgs) StdoutLine: {'line': b'[ 72%] \x1b[32mBuilding CXX object CMakeFiles/rover_msgs__rosidl_typesupport_fastrtps_c.dir/rosidl_typesupport_fastrtps_c/rover_msgs/srv/detail/compass_calibration__type_support_c.cpp.o\x1b[0m\n'}
[11.624040] (-) TimerEvent: {}
[11.636980] (rover_msgs) StdoutLine: {'line': b'[ 72%] \x1b[32mBuilding CXX object CMakeFiles/rover_msgs__rosidl_typesupport_c.dir/rosidl_typesupport_c/rover_msgs/msg/antenna_cmd__type_support.cpp.o\x1b[0m\n'}
[11.652052] (rover_msgs) StdoutLine: {'line': b'[ 73%] \x1b[32mBuilding CXX object CMakeFiles/rover_msgs__rosidl_typesupport_c.dir/rosidl_typesupport_c/rover_msgs/msg/propulsion_motor__type_support.cpp.o\x1b[0m\n'}
[11.665607] (rover_msgs) StdoutLine: {'line': b'[ 73%] \x1b[32mBuilding CXX object CMakeFiles/rover_msgs__rosidl_typesupport_c.dir/rosidl_typesupport_c/rover_msgs/msg/can_device_status__type_support.cpp.o\x1b[0m\n'}
[11.678646] (rover_msgs) StdoutLine: {'line': b'[ 73%] \x1b[32mBuilding CXX object CMakeFiles/rover_msgs__rosidl_typesupport_c.dir/rosidl_typesupport_c/rover_msgs/msg/joy__type_support.cpp.o\x1b[0m\n'}
[11.691617] (rover_msgs) StdoutLine: {'line': b'[ 74%] \x1b[32mBuilding CXX object CMakeFiles/rover_msgs__rosidl_typesupport_c.dir/rosidl_typesupport_c/rover_msgs/msg/joy_demux_status__type_support.cpp.o\x1b[0m\n'}
[11.695955] (rover_msgs) StdoutLine: {'line': b'[ 74%] \x1b[32mBuilding CXX object CMakeFiles/rover_msgs__rosidl_typesupport_fastrtps_c.dir/rosidl_typesupport_fastrtps_c/rover_msgs/srv/detail/new_gps_goal__type_support_c.cpp.o\x1b[0m\n'}
[11.705979] (rover_msgs) StdoutLine: {'line': b'[ 74%] \x1b[32mBuilding CXX object CMakeFiles/rover_msgs__rosidl_typesupport_c.dir/rosidl_typesupport_c/rover_msgs/msg/gps__type_support.cpp.o\x1b[0m\n'}
[11.718254] (rover_msgs) StdoutLine: {'line': b'[ 75%] \x1b[32mBuilding CXX object CMakeFiles/rover_msgs__rosidl_typesupport_c.dir/rosidl_typesupport_c/rover_msgs/msg/gps_position__type_support.cpp.o\x1b[0m\n'}
[11.724593] (-) TimerEvent: {}
[11.730598] (rover_msgs) StdoutLine: {'line': b'[ 75%] \x1b[32mBuilding CXX object CMakeFiles/rover_msgs__rosidl_typesupport_c.dir/rosidl_typesupport_c/rover_msgs/msg/camera_control__type_support.cpp.o\x1b[0m\n'}
[11.743633] (rover_msgs) StdoutLine: {'line': b'[ 76%] \x1b[32mBuilding CXX object CMakeFiles/rover_msgs__rosidl_typesupport_c.dir/rosidl_typesupport_c/rover_msgs/msg/light_control__type_support.cpp.o\x1b[0m\n'}
[11.756607] (rover_msgs) StdoutLine: {'line': b'[ 76%] \x1b[32mBuilding CXX object CMakeFiles/rover_msgs__rosidl_typesupport_c.dir/rosidl_typesupport_c/rover_msgs/msg/science_control__type_support.cpp.o\x1b[0m\n'}
[11.770663] (rover_msgs) StdoutLine: {'line': b'[ 77%] \x1b[32mBuilding CXX object CMakeFiles/rover_msgs__rosidl_typesupport_c.dir/rosidl_typesupport_c/rover_msgs/msg/arm_msg__type_support.cpp.o\x1b[0m\n'}
[11.783387] (rover_msgs) StdoutLine: {'line': b'[ 77%] \x1b[32mBuilding CXX object CMakeFiles/rover_msgs__rosidl_typesupport_c.dir/rosidl_typesupport_c/rover_msgs/msg/drivetrain_arbitration__type_support.cpp.o\x1b[0m\n'}
[11.796384] (rover_msgs) StdoutLine: {'line': b'[ 78%] \x1b[32mBuilding CXX object CMakeFiles/rover_msgs__rosidl_typesupport_c.dir/rosidl_typesupport_c/rover_msgs/msg/compass__type_support.cpp.o\x1b[0m\n'}
[11.810644] (rover_msgs) StdoutLine: {'line': b'[ 78%] \x1b[32mBuilding CXX object CMakeFiles/rover_msgs__rosidl_typesupport_c.dir/rosidl_typesupport_c/rover_msgs/msg/camera_angle__type_support.cpp.o\x1b[0m\n'}
[11.823672] (rover_msgs) StdoutLine: {'line': b'[ 79%] \x1b[32mBuilding CXX object CMakeFiles/rover_msgs__rosidl_typesupport_c.dir/rosidl_typesupport_c/rover_msgs/msg/aruco__type_support.cpp.o\x1b[0m\n'}
[11.824661] (-) TimerEvent: {}
[11.837292] (rover_msgs) StdoutLine: {'line': b'[ 79%] \x1b[32mBuilding CXX object CMakeFiles/rover_msgs__rosidl_typesupport_c.dir/rosidl_typesupport_c/rover_msgs/srv/joy_demux_set_state__type_support.cpp.o\x1b[0m\n'}
[11.842758] (rover_msgs) StdoutLine: {'line': b'[ 80%] \x1b[32mBuilding CXX object CMakeFiles/rover_msgs__rosidl_typesupport_fastrtps_c.dir/rosidl_typesupport_fastrtps_c/rover_msgs/srv/detail/pano_control__type_support_c.cpp.o\x1b[0m\n'}
[11.852358] (rover_msgs) StdoutLine: {'line': b'[ 80%] \x1b[32mBuilding CXX object CMakeFiles/rover_msgs__rosidl_typesupport_c.dir/rosidl_typesupport_c/rover_msgs/srv/antenna_arbitration__type_support.cpp.o\x1b[0m\n'}
[11.867023] (rover_msgs) StdoutLine: {'line': b'[ 81%] \x1b[32mBuilding CXX object CMakeFiles/rover_msgs__rosidl_typesupport_c.dir/rosidl_typesupport_c/rover_msgs/srv/drive_train_arbitration__type_support.cpp.o\x1b[0m\n'}
[11.880371] (rover_msgs) StdoutLine: {'line': b'[ 81%] \x1b[32mBuilding CXX object CMakeFiles/rover_msgs__rosidl_typesupport_c.dir/rosidl_typesupport_c/rover_msgs/srv/light_control__type_support.cpp.o\x1b[0m\n'}
[11.893684] (rover_msgs) StdoutLine: {'line': b'[ 82%] \x1b[32mBuilding CXX object CMakeFiles/rover_msgs__rosidl_typesupport_c.dir/rosidl_typesupport_c/rover_msgs/srv/compass_calibration__type_support.cpp.o\x1b[0m\n'}
[11.906613] (rover_msgs) StdoutLine: {'line': b'[ 82%] \x1b[32mBuilding CXX object CMakeFiles/rover_msgs__rosidl_typesupport_c.dir/rosidl_typesupport_c/rover_msgs/srv/new_gps_goal__type_support.cpp.o\x1b[0m\n'}
[11.920077] (rover_msgs) StdoutLine: {'line': b'[ 83%] \x1b[32mBuilding CXX object CMakeFiles/rover_msgs__rosidl_typesupport_c.dir/rosidl_typesupport_c/rover_msgs/srv/pano_control__type_support.cpp.o\x1b[0m\n'}
[11.926596] (-) TimerEvent: {}
[11.933747] (rover_msgs) StdoutLine: {'line': b'[ 83%] \x1b[32mBuilding CXX object CMakeFiles/rover_msgs__rosidl_typesupport_c.dir/rosidl_typesupport_c/rover_msgs/srv/rtsp_stream__type_support.cpp.o\x1b[0m\n'}
[11.947703] (rover_msgs) StdoutLine: {'line': b'[ 84%] \x1b[32mBuilding CXX object CMakeFiles/rover_msgs__rosidl_typesupport_c.dir/rosidl_typesupport_c/rover_msgs/srv/screenshot_control__type_support.cpp.o\x1b[0m\n'}
[11.963595] (rover_msgs) StdoutLine: {'line': b'[ 84%] \x1b[32m\x1b[1mLinking CXX shared library librover_msgs__rosidl_typesupport_c.so\x1b[0m\n'}
[11.983468] (rover_msgs) StdoutLine: {'line': b'[ 84%] Built target rover_msgs__rosidl_typesupport_c\n'}
[11.986584] (rover_msgs) StdoutLine: {'line': b'[ 84%] \x1b[32mBuilding CXX object CMakeFiles/rover_msgs__rosidl_typesupport_fastrtps_c.dir/rosidl_typesupport_fastrtps_c/rover_msgs/srv/detail/rtsp_stream__type_support_c.cpp.o\x1b[0m\n'}
[11.986887] (rover_msgs) StdoutLine: {'line': b'[ 84%] \x1b[32mBuilding CXX object CMakeFiles/rover_msgs__rosidl_typesupport_fastrtps_c.dir/rosidl_typesupport_fastrtps_c/rover_msgs/srv/detail/screenshot_control__type_support_c.cpp.o\x1b[0m\n'}
[12.026683] (-) TimerEvent: {}
[12.126923] (-) TimerEvent: {}
[12.133766] (rover_msgs) StdoutLine: {'line': b'[ 85%] \x1b[32m\x1b[1mLinking CXX shared library librover_msgs__rosidl_typesupport_fastrtps_c.so\x1b[0m\n'}
[12.167380] (rover_msgs) StdoutLine: {'line': b'[ 85%] Built target rover_msgs__rosidl_typesupport_fastrtps_c\n'}
[12.174807] (rover_msgs) StdoutLine: {'line': b'[ 85%] Built target rover_msgs\n'}
[12.182714] (rover_msgs) StdoutLine: {'line': b'[ 86%] \x1b[34m\x1b[1mGenerating Python code for ROS interfaces\x1b[0m\n'}
[12.228639] (-) TimerEvent: {}
[12.330614] (-) TimerEvent: {}
[12.431044] (-) TimerEvent: {}
[12.531717] (-) TimerEvent: {}
[12.633181] (-) TimerEvent: {}
[12.735263] (-) TimerEvent: {}
[12.837345] (-) TimerEvent: {}
[12.941202] (-) TimerEvent: {}
[13.042518] (-) TimerEvent: {}
[13.147724] (-) TimerEvent: {}
[13.247894] (-) TimerEvent: {}
[13.349140] (-) TimerEvent: {}
[13.451970] (-) TimerEvent: {}
[13.555736] (-) TimerEvent: {}
[13.656213] (-) TimerEvent: {}
[13.756656] (-) TimerEvent: {}
[13.790919] (rover_msgs) StdoutLine: {'line': b'[ 86%] Built target rover_msgs__py\n'}
[13.798825] (rover_msgs) StdoutLine: {'line': b'[ 86%] \x1b[32mBuilding C object CMakeFiles/rover_msgs__rosidl_generator_py.dir/rosidl_generator_py/rover_msgs/msg/_antenna_cmd_s.c.o\x1b[0m\n'}
[13.798896] (rover_msgs) StdoutLine: {'line': b'[ 87%] \x1b[32mBuilding C object CMakeFiles/rover_msgs__rosidl_generator_py.dir/rosidl_generator_py/rover_msgs/msg/_propulsion_motor_s.c.o\x1b[0m\n'}
[13.856756] (-) TimerEvent: {}
[13.858626] (rover_msgs) StdoutLine: {'line': b'[ 87%] \x1b[32mBuilding C object CMakeFiles/rover_msgs__rosidl_generator_py.dir/rosidl_generator_py/rover_msgs/msg/_can_device_status_s.c.o\x1b[0m\n'}
[13.861973] (rover_msgs) StdoutLine: {'line': b'[ 88%] \x1b[32mBuilding C object CMakeFiles/rover_msgs__rosidl_generator_py.dir/rosidl_generator_py/rover_msgs/msg/_joy_s.c.o\x1b[0m\n'}
[13.902274] (rover_msgs) StdoutLine: {'line': b'[ 88%] \x1b[32mBuilding C object CMakeFiles/rover_msgs__rosidl_generator_py.dir/rosidl_generator_py/rover_msgs/msg/_joy_demux_status_s.c.o\x1b[0m\n'}
[13.907210] (rover_msgs) StdoutLine: {'line': b'[ 88%] \x1b[32mBuilding C object CMakeFiles/rover_msgs__rosidl_generator_py.dir/rosidl_generator_py/rover_msgs/msg/_gps_s.c.o\x1b[0m\n'}
[13.945400] (rover_msgs) StdoutLine: {'line': b'[ 89%] \x1b[32mBuilding C object CMakeFiles/rover_msgs__rosidl_generator_py.dir/rosidl_generator_py/rover_msgs/msg/_gps_position_s.c.o\x1b[0m\n'}
[13.951940] (rover_msgs) StdoutLine: {'line': b'[ 89%] \x1b[32mBuilding C object CMakeFiles/rover_msgs__rosidl_generator_py.dir/rosidl_generator_py/rover_msgs/msg/_camera_control_s.c.o\x1b[0m\n'}
[13.956823] (-) TimerEvent: {}
[13.990613] (rover_msgs) StdoutLine: {'line': b'[ 90%] \x1b[32mBuilding C object CMakeFiles/rover_msgs__rosidl_generator_py.dir/rosidl_generator_py/rover_msgs/msg/_light_control_s.c.o\x1b[0m\n'}
[13.997179] (rover_msgs) StdoutLine: {'line': b'[ 90%] \x1b[32mBuilding C object CMakeFiles/rover_msgs__rosidl_generator_py.dir/rosidl_generator_py/rover_msgs/msg/_science_control_s.c.o\x1b[0m\n'}
[14.033803] (rover_msgs) StdoutLine: {'line': b'[ 91%] \x1b[32mBuilding C object CMakeFiles/rover_msgs__rosidl_generator_py.dir/rosidl_generator_py/rover_msgs/msg/_arm_msg_s.c.o\x1b[0m\n'}
[14.040199] (rover_msgs) StdoutLine: {'line': b'[ 91%] \x1b[32mBuilding C object CMakeFiles/rover_msgs__rosidl_generator_py.dir/rosidl_generator_py/rover_msgs/msg/_drivetrain_arbitration_s.c.o\x1b[0m\n'}
[14.056897] (-) TimerEvent: {}
[14.078636] (rover_msgs) StdoutLine: {'line': b'[ 92%] \x1b[32mBuilding C object CMakeFiles/rover_msgs__rosidl_generator_py.dir/rosidl_generator_py/rover_msgs/msg/_compass_s.c.o\x1b[0m\n'}
[14.082009] (rover_msgs) StdoutLine: {'line': b'[ 92%] \x1b[32mBuilding C object CMakeFiles/rover_msgs__rosidl_generator_py.dir/rosidl_generator_py/rover_msgs/msg/_camera_angle_s.c.o\x1b[0m\n'}
[14.123747] (rover_msgs) StdoutLine: {'line': b'[ 93%] \x1b[32mBuilding C object CMakeFiles/rover_msgs__rosidl_generator_py.dir/rosidl_generator_py/rover_msgs/msg/_aruco_s.c.o\x1b[0m\n'}
[14.127362] (rover_msgs) StdoutLine: {'line': b'[ 93%] \x1b[32mBuilding C object CMakeFiles/rover_msgs__rosidl_generator_py.dir/rosidl_generator_py/rover_msgs/srv/_joy_demux_set_state_s.c.o\x1b[0m\n'}
[14.156981] (-) TimerEvent: {}
[14.170713] (rover_msgs) StdoutLine: {'line': b'[ 94%] \x1b[32mBuilding C object CMakeFiles/rover_msgs__rosidl_generator_py.dir/rosidl_generator_py/rover_msgs/srv/_antenna_arbitration_s.c.o\x1b[0m\n'}
[14.172411] (rover_msgs) StdoutLine: {'line': b'[ 94%] \x1b[32mBuilding C object CMakeFiles/rover_msgs__rosidl_generator_py.dir/rosidl_generator_py/rover_msgs/srv/_drive_train_arbitration_s.c.o\x1b[0m\n'}
[14.217382] (rover_msgs) StdoutLine: {'line': b'[ 94%] \x1b[32mBuilding C object CMakeFiles/rover_msgs__rosidl_generator_py.dir/rosidl_generator_py/rover_msgs/srv/_light_control_s.c.o\x1b[0m\n'}
[14.217858] (rover_msgs) StdoutLine: {'line': b'[ 95%] \x1b[32mBuilding C object CMakeFiles/rover_msgs__rosidl_generator_py.dir/rosidl_generator_py/rover_msgs/srv/_compass_calibration_s.c.o\x1b[0m\n'}
[14.257074] (-) TimerEvent: {}
[14.263699] (rover_msgs) StdoutLine: {'line': b'[ 95%] \x1b[32mBuilding C object CMakeFiles/rover_msgs__rosidl_generator_py.dir/rosidl_generator_py/rover_msgs/srv/_new_gps_goal_s.c.o\x1b[0m\n'}
[14.265212] (rover_msgs) StdoutLine: {'line': b'[ 96%] \x1b[32mBuilding C object CMakeFiles/rover_msgs__rosidl_generator_py.dir/rosidl_generator_py/rover_msgs/srv/_pano_control_s.c.o\x1b[0m\n'}
[14.313568] (rover_msgs) StdoutLine: {'line': b'[ 96%] \x1b[32mBuilding C object CMakeFiles/rover_msgs__rosidl_generator_py.dir/rosidl_generator_py/rover_msgs/srv/_rtsp_stream_s.c.o\x1b[0m\n'}
[14.314849] (rover_msgs) StdoutLine: {'line': b'[ 97%] \x1b[32mBuilding C object CMakeFiles/rover_msgs__rosidl_generator_py.dir/rosidl_generator_py/rover_msgs/srv/_screenshot_control_s.c.o\x1b[0m\n'}
[14.357164] (-) TimerEvent: {}
[14.366614] (rover_msgs) StdoutLine: {'line': b'[ 97%] \x1b[32m\x1b[1mLinking C shared library rosidl_generator_py/rover_msgs/librover_msgs__rosidl_generator_py.so\x1b[0m\n'}
[14.386761] (rover_msgs) StdoutLine: {'line': b'[ 97%] Built target rover_msgs__rosidl_generator_py\n'}
[14.394022] (rover_msgs) StdoutLine: {'line': b'[ 97%] \x1b[32mBuilding C object CMakeFiles/rover_msgs__rosidl_typesupport_fastrtps_c__pyext.dir/rosidl_generator_py/rover_msgs/_rover_msgs_s.ep.rosidl_typesupport_fastrtps_c.c.o\x1b[0m\n'}
[14.394103] (rover_msgs) StdoutLine: {'line': b'[ 97%] \x1b[32mBuilding C object CMakeFiles/rover_msgs__rosidl_typesupport_introspection_c__pyext.dir/rosidl_generator_py/rover_msgs/_rover_msgs_s.ep.rosidl_typesupport_introspection_c.c.o\x1b[0m\n'}
[14.457292] (-) TimerEvent: {}
[14.478834] (rover_msgs) StdoutLine: {'line': b'[ 99%] \x1b[32m\x1b[1mLinking C shared library rosidl_generator_py/rover_msgs/rover_msgs_s__rosidl_typesupport_fastrtps_c.cpython-310-aarch64-linux-gnu.so\x1b[0m\n'}
[14.478955] (rover_msgs) StdoutLine: {'line': b'[ 99%] \x1b[32m\x1b[1mLinking C shared library rosidl_generator_py/rover_msgs/rover_msgs_s__rosidl_typesupport_introspection_c.cpython-310-aarch64-linux-gnu.so\x1b[0m\n'}
[14.493104] (rover_msgs) StdoutLine: {'line': b'[ 99%] Built target rover_msgs__rosidl_typesupport_introspection_c__pyext\n'}
[14.493788] (rover_msgs) StdoutLine: {'line': b'[ 99%] Built target rover_msgs__rosidl_typesupport_fastrtps_c__pyext\n'}
[14.500856] (rover_msgs) StdoutLine: {'line': b'[100%] \x1b[32mBuilding C object CMakeFiles/rover_msgs__rosidl_typesupport_c__pyext.dir/rosidl_generator_py/rover_msgs/_rover_msgs_s.ep.rosidl_typesupport_c.c.o\x1b[0m\n'}
[14.557632] (-) TimerEvent: {}
[14.579392] (rover_msgs) StdoutLine: {'line': b'[100%] \x1b[32m\x1b[1mLinking C shared library rosidl_generator_py/rover_msgs/rover_msgs_s__rosidl_typesupport_c.cpython-310-aarch64-linux-gnu.so\x1b[0m\n'}
[14.592832] (rover_msgs) StdoutLine: {'line': b'[100%] Built target rover_msgs__rosidl_typesupport_c__pyext\n'}
[14.599209] (rover_msgs) CommandEnded: {'returncode': 0}
[14.599608] (rover_msgs) JobProgress: {'identifier': 'rover_msgs', 'progress': 'install'}
[14.603366] (rover_msgs) Command: {'cmd': ['/usr/bin/cmake', '--install', '/home/chris/ros2_ws/src/rover/build/rover_msgs'], 'cwd': '/home/chris/ros2_ws/src/rover/build/rover_msgs', 'env': OrderedDict([('GJS_DEBUG_TOPICS', 'JS ERROR;JS LOG'), ('LESSOPEN', '| /usr/bin/lesspipe %s'), ('USER', 'chris'), ('XDG_SESSION_TYPE', 'wayland'), ('SHLVL', '1'), ('LD_LIBRARY_PATH', '/opt/ros/humble/opt/rviz_ogre_vendor/lib:/opt/ros/humble/lib/aarch64-linux-gnu:/opt/ros/humble/lib'), ('HOME', '/home/chris'), ('OLDPWD', '/home/chris/ros2_ws/src/rover/rover_gui'), ('DESKTOP_SESSION', 'ubuntu'), ('GIO_LAUNCHED_DESKTOP_FILE', '/usr/share/applications/terminator.desktop'), ('ROS_PYTHON_VERSION', '3'), ('GNOME_SHELL_SESSION_MODE', 'ubuntu'), ('GTK_MODULES', 'gail:atk-bridge'), ('MANAGERPID', '1500'), ('SYSTEMD_EXEC_PID', '2657'), ('DBUS_SESSION_BUS_ADDRESS', 'unix:path=/run/user/1000/bus'), ('COLORTERM', 'truecolor'), ('TERMINATOR_DBUS_NAME', 'net.tenshu.Terminator25ef4b219e3b005583550f2b0f9f990c3'), ('GIO_LAUNCHED_DESKTOP_FILE_PID', '3095'), ('IM_CONFIG_PHASE', '1'), ('WAYLAND_DISPLAY', 'wayland-0'), ('ROS_DISTRO', 'humble'), ('LOGNAME', 'chris'), ('JOURNAL_STREAM', '8:15383'), ('_', '/usr/bin/colcon'), ('ROS_VERSION', '2'), ('XDG_SESSION_CLASS', 'user'), ('USERNAME', 'chris'), ('TERM', 'xterm-256color'), ('GNOME_DESKTOP_SESSION_ID', 'this-is-deprecated'), ('ROS_LOCALHOST_ONLY', '0'), ('PATH', '/opt/ros/humble/bin:/usr/local/sbin:/usr/local/bin:/usr/sbin:/usr/bin:/sbin:/bin:/usr/games:/usr/local/games:/snap/bin:/snap/bin'), ('SESSION_MANAGER', 'local/ubuntu:@/tmp/.ICE-unix/2632,unix/ubuntu:/tmp/.ICE-unix/2632'), ('INVOCATION_ID', '74228d50357b43caa5bdd74e5c512d54'), ('XDG_MENU_PREFIX', 'gnome-'), ('GNOME_SETUP_DISPLAY', ':1'), ('XDG_RUNTIME_DIR', '/run/user/1000'), ('DISPLAY', ':0'), ('TERMINATOR_DBUS_PATH', '/net/tenshu/Terminator2'), ('LANG', 'en_US.UTF-8'), ('XDG_CURRENT_DESKTOP', 'ubuntu:GNOME'), ('IBUS_DISABLE_SNOOPER', '1'), ('XMODIFIERS', '@im=ibus'), ('XDG_SESSION_DESKTOP', 'ubuntu'), ('XAUTHORITY', '/run/user/1000/.mutter-Xwaylandauth.ED0O42'), ('LS_COLORS', 'rs=0:di=01;34:ln=01;36:mh=00:pi=40;33:so=01;35:do=01;35:bd=40;33;01:cd=40;33;01:or=40;31;01:mi=00:su=37;41:sg=30;43:ca=30;41:tw=30;42:ow=34;42:st=37;44:ex=01;32:*.tar=01;31:*.tgz=01;31:*.arc=01;31:*.arj=01;31:*.taz=01;31:*.lha=01;31:*.lz4=01;31:*.lzh=01;31:*.lzma=01;31:*.tlz=01;31:*.txz=01;31:*.tzo=01;31:*.t7z=01;31:*.zip=01;31:*.z=01;31:*.dz=01;31:*.gz=01;31:*.lrz=01;31:*.lz=01;31:*.lzo=01;31:*.xz=01;31:*.zst=01;31:*.tzst=01;31:*.bz2=01;31:*.bz=01;31:*.tbz=01;31:*.tbz2=01;31:*.tz=01;31:*.deb=01;31:*.rpm=01;31:*.jar=01;31:*.war=01;31:*.ear=01;31:*.sar=01;31:*.rar=01;31:*.alz=01;31:*.ace=01;31:*.zoo=01;31:*.cpio=01;31:*.7z=01;31:*.rz=01;31:*.cab=01;31:*.wim=01;31:*.swm=01;31:*.dwm=01;31:*.esd=01;31:*.jpg=01;35:*.jpeg=01;35:*.mjpg=01;35:*.mjpeg=01;35:*.gif=01;35:*.bmp=01;35:*.pbm=01;35:*.pgm=01;35:*.ppm=01;35:*.tga=01;35:*.xbm=01;35:*.xpm=01;35:*.tif=01;35:*.tiff=01;35:*.png=01;35:*.svg=01;35:*.svgz=01;35:*.mng=01;35:*.pcx=01;35:*.mov=01;35:*.mpg=01;35:*.mpeg=01;35:*.m2v=01;35:*.mkv=01;35:*.webm=01;35:*.webp=01;35:*.ogm=01;35:*.mp4=01;35:*.m4v=01;35:*.mp4v=01;35:*.vob=01;35:*.qt=01;35:*.nuv=01;35:*.wmv=01;35:*.asf=01;35:*.rm=01;35:*.rmvb=01;35:*.flc=01;35:*.avi=01;35:*.fli=01;35:*.flv=01;35:*.gl=01;35:*.dl=01;35:*.xcf=01;35:*.xwd=01;35:*.yuv=01;35:*.cgm=01;35:*.emf=01;35:*.ogv=01;35:*.ogx=01;35:*.aac=00;36:*.au=00;36:*.flac=00;36:*.m4a=00;36:*.mid=00;36:*.midi=00;36:*.mka=00;36:*.mp3=00;36:*.mpc=00;36:*.ogg=00;36:*.ra=00;36:*.wav=00;36:*.oga=00;36:*.opus=00;36:*.spx=00;36:*.xspf=00;36:'), ('SSH_AGENT_LAUNCHER', 'gnome-keyring'), ('SSH_AUTH_SOCK', '/run/user/1000/keyring/ssh'), ('ROS_DOMAIN_ID', '69'), ('AMENT_PREFIX_PATH', '/opt/ros/humble'), ('SHELL', '/bin/bash'), ('TERMINATOR_UUID', 'urn:uuid:0bb6cfe1-c619-42be-b6e3-95efbcaedf5e'), ('QT_ACCESSIBILITY', '1'), ('GDMSESSION', 'ubuntu'), ('LESSCLOSE', '/usr/bin/lesspipe %s %s'), ('GJS_DEBUG_OUTPUT', 'stderr'), ('QT_IM_MODULE', 'ibus'), ('PWD', '/home/chris/ros2_ws/src/rover/build/rover_msgs'), ('LC_ALL', 'en_US.UTF-8'), ('XDG_CONFIG_DIRS', '/etc/xdg/xdg-ubuntu:/etc/xdg'), ('RCUTILS_COLORIZED_OUTPUT', '1'), ('XDG_DATA_DIRS', '/usr/share/ubuntu:/usr/local/share/:/usr/share/:/var/lib/snapd/desktop'), ('PYTHONPATH', '/opt/ros/humble/lib/python3.10/site-packages:/opt/ros/humble/local/lib/python3.10/dist-packages'), ('COLCON', '1'), ('VTE_VERSION', '6800'), ('CMAKE_PREFIX_PATH', '/opt/ros/humble')]), 'shell': False}
[14.606412] (rover_msgs) StdoutLine: {'line': b'-- Install configuration: ""\n'}
[14.606507] (rover_msgs) StdoutLine: {'line': b'-- Installing: /home/chris/ros2_ws/src/rover/install/rover_msgs/share/rover_msgs/environment/library_path.sh\n'}
[14.606562] (rover_msgs) StdoutLine: {'line': b'-- Installing: /home/chris/ros2_ws/src/rover/install/rover_msgs/share/rover_msgs/environment/library_path.dsv\n'}
[14.606612] (rover_msgs) StdoutLine: {'line': b'-- Installing: /home/chris/ros2_ws/src/rover/install/rover_msgs/include/rovus_lib\n'}
[14.606678] (rover_msgs) StdoutLine: {'line': b'-- Installing: /home/chris/ros2_ws/src/rover/install/rover_msgs/include/rovus_lib/timer.hpp\n'}
[14.606717] (rover_msgs) StdoutLine: {'line': b'-- Installing: /home/chris/ros2_ws/src/rover/install/rover_msgs/include/rovus_lib/timer.cpp\n'}
[14.606748] (rover_msgs) StdoutLine: {'line': b'-- Installing: /home/chris/ros2_ws/src/rover/install/rover_msgs/include/rovus_lib/macros.h\n'}
[14.606779] (rover_msgs) StdoutLine: {'line': b'-- Installing: /home/chris/ros2_ws/src/rover/install/rover_msgs/include/rovus_lib/rovus_exceptions.h\n'}
[14.606809] (rover_msgs) StdoutLine: {'line': b'-- Installing: /home/chris/ros2_ws/src/rover/install/rover_msgs/include/rovus_lib/moving_average.hpp\n'}
[14.606883] (rover_msgs) StdoutLine: {'line': b'-- Installing: /home/chris/ros2_ws/src/rover/install/rover_msgs/lib/liblib_exec.a\n'}
[14.606966] (rover_msgs) StdoutLine: {'line': b'-- Installing: /home/chris/ros2_ws/src/rover/install/rover_msgs/share/ament_index/resource_index/rosidl_interfaces/rover_msgs\n'}
[14.607003] (rover_msgs) StdoutLine: {'line': b'-- Installing: /home/chris/ros2_ws/src/rover/install/rover_msgs/include/rover_msgs/rover_msgs\n'}
[14.607033] (rover_msgs) StdoutLine: {'line': b'-- Installing: /home/chris/ros2_ws/src/rover/install/rover_msgs/include/rover_msgs/rover_msgs/srv\n'}
[14.607064] (rover_msgs) StdoutLine: {'line': b'-- Installing: /home/chris/ros2_ws/src/rover/install/rover_msgs/include/rover_msgs/rover_msgs/srv/new_gps_goal.h\n'}
[14.607103] (rover_msgs) StdoutLine: {'line': b'-- Installing: /home/chris/ros2_ws/src/rover/install/rover_msgs/include/rover_msgs/rover_msgs/srv/antenna_arbitration.h\n'}
[14.607138] (rover_msgs) StdoutLine: {'line': b'-- Installing: /home/chris/ros2_ws/src/rover/install/rover_msgs/include/rover_msgs/rover_msgs/srv/light_control.h\n'}
[14.607173] (rover_msgs) StdoutLine: {'line': b'-- Installing: /home/chris/ros2_ws/src/rover/install/rover_msgs/include/rover_msgs/rover_msgs/srv/joy_demux_set_state.h\n'}
[14.607210] (rover_msgs) StdoutLine: {'line': b'-- Installing: /home/chris/ros2_ws/src/rover/install/rover_msgs/include/rover_msgs/rover_msgs/srv/pano_control.h\n'}
[14.607240] (rover_msgs) StdoutLine: {'line': b'-- Installing: /home/chris/ros2_ws/src/rover/install/rover_msgs/include/rover_msgs/rover_msgs/srv/screenshot_control.h\n'}
[14.607273] (rover_msgs) StdoutLine: {'line': b'-- Installing: /home/chris/ros2_ws/src/rover/install/rover_msgs/include/rover_msgs/rover_msgs/srv/detail\n'}
[14.607336] (rover_msgs) StdoutLine: {'line': b'-- Installing: /home/chris/ros2_ws/src/rover/install/rover_msgs/include/rover_msgs/rover_msgs/srv/detail/light_control__type_support.h\n'}
[14.607374] (rover_msgs) StdoutLine: {'line': b'-- Installing: /home/chris/ros2_ws/src/rover/install/rover_msgs/include/rover_msgs/rover_msgs/srv/detail/screenshot_control__struct.h\n'}
[14.607404] (rover_msgs) StdoutLine: {'line': b'-- Installing: /home/chris/ros2_ws/src/rover/install/rover_msgs/include/rover_msgs/rover_msgs/srv/detail/compass_calibration__functions.c\n'}
[14.607436] (rover_msgs) StdoutLine: {'line': b'-- Installing: /home/chris/ros2_ws/src/rover/install/rover_msgs/include/rover_msgs/rover_msgs/srv/detail/new_gps_goal__type_support.h\n'}
[14.607474] (rover_msgs) StdoutLine: {'line': b'-- Installing: /home/chris/ros2_ws/src/rover/install/rover_msgs/include/rover_msgs/rover_msgs/srv/detail/light_control__functions.h\n'}
[14.607517] (rover_msgs) StdoutLine: {'line': b'-- Installing: /home/chris/ros2_ws/src/rover/install/rover_msgs/include/rover_msgs/rover_msgs/srv/detail/rtsp_stream__functions.h\n'}
[14.607558] (rover_msgs) StdoutLine: {'line': b'-- Installing: /home/chris/ros2_ws/src/rover/install/rover_msgs/include/rover_msgs/rover_msgs/srv/detail/screenshot_control__type_support.h\n'}
[14.607603] (rover_msgs) StdoutLine: {'line': b'-- Installing: /home/chris/ros2_ws/src/rover/install/rover_msgs/include/rover_msgs/rover_msgs/srv/detail/drive_train_arbitration__type_support.h\n'}
[14.607635] (rover_msgs) StdoutLine: {'line': b'-- Installing: /home/chris/ros2_ws/src/rover/install/rover_msgs/include/rover_msgs/rover_msgs/srv/detail/screenshot_control__functions.h\n'}
[14.607697] (rover_msgs) StdoutLine: {'line': b'-- Installing: /home/chris/ros2_ws/src/rover/install/rover_msgs/include/rover_msgs/rover_msgs/srv/detail/new_gps_goal__struct.h\n'}
[14.607735] (rover_msgs) StdoutLine: {'line': b'-- Installing: /home/chris/ros2_ws/src/rover/install/rover_msgs/include/rover_msgs/rover_msgs/srv/detail/screenshot_control__functions.c\n'}
[14.607765] (rover_msgs) StdoutLine: {'line': b'-- Installing: /home/chris/ros2_ws/src/rover/install/rover_msgs/include/rover_msgs/rover_msgs/srv/detail/pano_control__struct.h\n'}
[14.607795] (rover_msgs) StdoutLine: {'line': b'-- Installing: /home/chris/ros2_ws/src/rover/install/rover_msgs/include/rover_msgs/rover_msgs/srv/detail/new_gps_goal__functions.h\n'}
[14.607861] (rover_msgs) StdoutLine: {'line': b'-- Installing: /home/chris/ros2_ws/src/rover/install/rover_msgs/include/rover_msgs/rover_msgs/srv/detail/pano_control__type_support.h\n'}
[14.607898] (rover_msgs) StdoutLine: {'line': b'-- Installing: /home/chris/ros2_ws/src/rover/install/rover_msgs/include/rover_msgs/rover_msgs/srv/detail/joy_demux_set_state__functions.c\n'}
[14.607929] (rover_msgs) StdoutLine: {'line': b'-- Installing: /home/chris/ros2_ws/src/rover/install/rover_msgs/include/rover_msgs/rover_msgs/srv/detail/compass_calibration__functions.h\n'}
[14.607998] (rover_msgs) StdoutLine: {'line': b'-- Installing: /home/chris/ros2_ws/src/rover/install/rover_msgs/include/rover_msgs/rover_msgs/srv/detail/pano_control__functions.h\n'}
[14.608035] (rover_msgs) StdoutLine: {'line': b'-- Installing: /home/chris/ros2_ws/src/rover/install/rover_msgs/include/rover_msgs/rover_msgs/srv/detail/antenna_arbitration__functions.c\n'}
[14.608065] (rover_msgs) StdoutLine: {'line': b'-- Installing: /home/chris/ros2_ws/src/rover/install/rover_msgs/include/rover_msgs/rover_msgs/srv/detail/pano_control__functions.c\n'}
[14.608126] (rover_msgs) StdoutLine: {'line': b'-- Installing: /home/chris/ros2_ws/src/rover/install/rover_msgs/include/rover_msgs/rover_msgs/srv/detail/antenna_arbitration__functions.h\n'}
[14.608163] (rover_msgs) StdoutLine: {'line': b'-- Installing: /home/chris/ros2_ws/src/rover/install/rover_msgs/include/rover_msgs/rover_msgs/srv/detail/compass_calibration__type_support.h\n'}
[14.608197] (rover_msgs) StdoutLine: {'line': b'-- Installing: /home/chris/ros2_ws/src/rover/install/rover_msgs/include/rover_msgs/rover_msgs/srv/detail/drive_train_arbitration__functions.h\n'}
[14.608244] (rover_msgs) StdoutLine: {'line': b'-- Installing: /home/chris/ros2_ws/src/rover/install/rover_msgs/include/rover_msgs/rover_msgs/srv/detail/light_control__functions.c\n'}
[14.608285] (rover_msgs) StdoutLine: {'line': b'-- Installing: /home/chris/ros2_ws/src/rover/install/rover_msgs/include/rover_msgs/rover_msgs/srv/detail/drive_train_arbitration__struct.h\n'}
[14.608323] (rover_msgs) StdoutLine: {'line': b'-- Installing: /home/chris/ros2_ws/src/rover/install/rover_msgs/include/rover_msgs/rover_msgs/srv/detail/antenna_arbitration__struct.h\n'}
[14.608355] (rover_msgs) StdoutLine: {'line': b'-- Installing: /home/chris/ros2_ws/src/rover/install/rover_msgs/include/rover_msgs/rover_msgs/srv/detail/joy_demux_set_state__functions.h\n'}
[14.608416] (rover_msgs) StdoutLine: {'line': b'-- Installing: /home/chris/ros2_ws/src/rover/install/rover_msgs/include/rover_msgs/rover_msgs/srv/detail/new_gps_goal__functions.c\n'}
[14.608453] (rover_msgs) StdoutLine: {'line': b'-- Installing: /home/chris/ros2_ws/src/rover/install/rover_msgs/include/rover_msgs/rover_msgs/srv/detail/antenna_arbitration__type_support.h\n'}
[14.608485] (rover_msgs) StdoutLine: {'line': b'-- Installing: /home/chris/ros2_ws/src/rover/install/rover_msgs/include/rover_msgs/rover_msgs/srv/detail/drive_train_arbitration__functions.c\n'}
[14.608528] (rover_msgs) StdoutLine: {'line': b'-- Installing: /home/chris/ros2_ws/src/rover/install/rover_msgs/include/rover_msgs/rover_msgs/srv/detail/joy_demux_set_state__struct.h\n'}
[14.608558] (rover_msgs) StdoutLine: {'line': b'-- Installing: /home/chris/ros2_ws/src/rover/install/rover_msgs/include/rover_msgs/rover_msgs/srv/detail/light_control__struct.h\n'}
[14.608681] (rover_msgs) StdoutLine: {'line': b'-- Installing: /home/chris/ros2_ws/src/rover/install/rover_msgs/include/rover_msgs/rover_msgs/srv/detail/compass_calibration__struct.h\n'}
[14.608719] (rover_msgs) StdoutLine: {'line': b'-- Installing: /home/chris/ros2_ws/src/rover/install/rover_msgs/include/rover_msgs/rover_msgs/srv/detail/rtsp_stream__functions.c\n'}
[14.608748] (rover_msgs) StdoutLine: {'line': b'-- Installing: /home/chris/ros2_ws/src/rover/install/rover_msgs/include/rover_msgs/rover_msgs/srv/detail/rtsp_stream__type_support.h\n'}
[14.608778] (rover_msgs) StdoutLine: {'line': b'-- Installing: /home/chris/ros2_ws/src/rover/install/rover_msgs/include/rover_msgs/rover_msgs/srv/detail/rtsp_stream__struct.h\n'}
[14.608837] (rover_msgs) StdoutLine: {'line': b'-- Installing: /home/chris/ros2_ws/src/rover/install/rover_msgs/include/rover_msgs/rover_msgs/srv/detail/joy_demux_set_state__type_support.h\n'}
[14.608874] (rover_msgs) StdoutLine: {'line': b'-- Installing: /home/chris/ros2_ws/src/rover/install/rover_msgs/include/rover_msgs/rover_msgs/srv/compass_calibration.h\n'}
[14.608904] (rover_msgs) StdoutLine: {'line': b'-- Installing: /home/chris/ros2_ws/src/rover/install/rover_msgs/include/rover_msgs/rover_msgs/srv/rtsp_stream.h\n'}
[14.608933] (rover_msgs) StdoutLine: {'line': b'-- Installing: /home/chris/ros2_ws/src/rover/install/rover_msgs/include/rover_msgs/rover_msgs/srv/drive_train_arbitration.h\n'}
[14.608962] (rover_msgs) StdoutLine: {'line': b'-- Installing: /home/chris/ros2_ws/src/rover/install/rover_msgs/include/rover_msgs/rover_msgs/msg\n'}
[14.609001] (rover_msgs) StdoutLine: {'line': b'-- Installing: /home/chris/ros2_ws/src/rover/install/rover_msgs/include/rover_msgs/rover_msgs/msg/camera_control.h\n'}
[14.609054] (rover_msgs) StdoutLine: {'line': b'-- Installing: /home/chris/ros2_ws/src/rover/install/rover_msgs/include/rover_msgs/rover_msgs/msg/compass.h\n'}
[14.609090] (rover_msgs) StdoutLine: {'line': b'-- Installing: /home/chris/ros2_ws/src/rover/install/rover_msgs/include/rover_msgs/rover_msgs/msg/light_control.h\n'}
[14.609119] (rover_msgs) StdoutLine: {'line': b'-- Installing: /home/chris/ros2_ws/src/rover/install/rover_msgs/include/rover_msgs/rover_msgs/msg/gps.h\n'}
[14.609161] (rover_msgs) StdoutLine: {'line': b'-- Installing: /home/chris/ros2_ws/src/rover/install/rover_msgs/include/rover_msgs/rover_msgs/msg/gps_position.h\n'}
[14.609190] (rover_msgs) StdoutLine: {'line': b'-- Installing: /home/chris/ros2_ws/src/rover/install/rover_msgs/include/rover_msgs/rover_msgs/msg/detail\n'}
[14.609254] (rover_msgs) StdoutLine: {'line': b'-- Installing: /home/chris/ros2_ws/src/rover/install/rover_msgs/include/rover_msgs/rover_msgs/msg/detail/drivetrain_arbitration__functions.c\n'}
[14.609291] (rover_msgs) StdoutLine: {'line': b'-- Installing: /home/chris/ros2_ws/src/rover/install/rover_msgs/include/rover_msgs/rover_msgs/msg/detail/light_control__type_support.h\n'}
[14.609323] (rover_msgs) StdoutLine: {'line': b'-- Installing: /home/chris/ros2_ws/src/rover/install/rover_msgs/include/rover_msgs/rover_msgs/msg/detail/joy_demux_status__functions.c\n'}
[14.609352] (rover_msgs) StdoutLine: {'line': b'-- Installing: /home/chris/ros2_ws/src/rover/install/rover_msgs/include/rover_msgs/rover_msgs/msg/detail/joy__functions.h\n'}
[14.609387] (rover_msgs) StdoutLine: {'line': b'-- Installing: /home/chris/ros2_ws/src/rover/install/rover_msgs/include/rover_msgs/rover_msgs/msg/detail/gps_position__functions.h\n'}
[14.609449] (rover_msgs) StdoutLine: {'line': b'-- Installing: /home/chris/ros2_ws/src/rover/install/rover_msgs/include/rover_msgs/rover_msgs/msg/detail/arm_msg__functions.c\n'}
[14.609486] (rover_msgs) StdoutLine: {'line': b'-- Installing: /home/chris/ros2_ws/src/rover/install/rover_msgs/include/rover_msgs/rover_msgs/msg/detail/arm_msg__struct.h\n'}
[14.609516] (rover_msgs) StdoutLine: {'line': b'-- Installing: /home/chris/ros2_ws/src/rover/install/rover_msgs/include/rover_msgs/rover_msgs/msg/detail/camera_angle__struct.h\n'}
[14.609545] (rover_msgs) StdoutLine: {'line': b'-- Installing: /home/chris/ros2_ws/src/rover/install/rover_msgs/include/rover_msgs/rover_msgs/msg/detail/joy_demux_status__struct.h\n'}
[14.609586] (rover_msgs) StdoutLine: {'line': b'-- Installing: /home/chris/ros2_ws/src/rover/install/rover_msgs/include/rover_msgs/rover_msgs/msg/detail/compass__functions.c\n'}
[14.609619] (rover_msgs) StdoutLine: {'line': b'-- Installing: /home/chris/ros2_ws/src/rover/install/rover_msgs/include/rover_msgs/rover_msgs/msg/detail/light_control__functions.h\n'}
[14.609656] (rover_msgs) StdoutLine: {'line': b'-- Installing: /home/chris/ros2_ws/src/rover/install/rover_msgs/include/rover_msgs/rover_msgs/msg/detail/gps_position__functions.c\n'}
[14.609718] (rover_msgs) StdoutLine: {'line': b'-- Installing: /home/chris/ros2_ws/src/rover/install/rover_msgs/include/rover_msgs/rover_msgs/msg/detail/camera_control__functions.h\n'}
[14.610697] (rover_msgs) StdoutLine: {'line': b'-- Installing: /home/chris/ros2_ws/src/rover/install/rover_msgs/include/rover_msgs/rover_msgs/msg/detail/aruco__functions.c\n'}
[14.610732] (rover_msgs) StdoutLine: {'line': b'-- Installing: /home/chris/ros2_ws/src/rover/install/rover_msgs/include/rover_msgs/rover_msgs/msg/detail/gps__struct.h\n'}
[14.610757] (rover_msgs) StdoutLine: {'line': b'-- Installing: /home/chris/ros2_ws/src/rover/install/rover_msgs/include/rover_msgs/rover_msgs/msg/detail/aruco__functions.h\n'}
[14.610780] (rover_msgs) StdoutLine: {'line': b'-- Installing: /home/chris/ros2_ws/src/rover/install/rover_msgs/include/rover_msgs/rover_msgs/msg/detail/antenna_cmd__type_support.h\n'}
[14.610801] (rover_msgs) StdoutLine: {'line': b'-- Installing: /home/chris/ros2_ws/src/rover/install/rover_msgs/include/rover_msgs/rover_msgs/msg/detail/gps__type_support.h\n'}
[14.610821] (rover_msgs) StdoutLine: {'line': b'-- Installing: /home/chris/ros2_ws/src/rover/install/rover_msgs/include/rover_msgs/rover_msgs/msg/detail/propulsion_motor__struct.h\n'}
[14.610841] (rover_msgs) StdoutLine: {'line': b'-- Installing: /home/chris/ros2_ws/src/rover/install/rover_msgs/include/rover_msgs/rover_msgs/msg/detail/camera_control__type_support.h\n'}
[14.610861] (rover_msgs) StdoutLine: {'line': b'-- Installing: /home/chris/ros2_ws/src/rover/install/rover_msgs/include/rover_msgs/rover_msgs/msg/detail/gps__functions.h\n'}
[14.610881] (rover_msgs) StdoutLine: {'line': b'-- Installing: /home/chris/ros2_ws/src/rover/install/rover_msgs/include/rover_msgs/rover_msgs/msg/detail/drivetrain_arbitration__struct.h\n'}
[14.610901] (rover_msgs) StdoutLine: {'line': b'-- Installing: /home/chris/ros2_ws/src/rover/install/rover_msgs/include/rover_msgs/rover_msgs/msg/detail/aruco__struct.h\n'}
[14.610920] (rover_msgs) StdoutLine: {'line': b'-- Installing: /home/chris/ros2_ws/src/rover/install/rover_msgs/include/rover_msgs/rover_msgs/msg/detail/gps_position__type_support.h\n'}
[14.610940] (rover_msgs) StdoutLine: {'line': b'-- Installing: /home/chris/ros2_ws/src/rover/install/rover_msgs/include/rover_msgs/rover_msgs/msg/detail/drivetrain_arbitration__type_support.h\n'}
[14.610961] (rover_msgs) StdoutLine: {'line': b'-- Installing: /home/chris/ros2_ws/src/rover/install/rover_msgs/include/rover_msgs/rover_msgs/msg/detail/camera_control__functions.c\n'}
[14.610980] (rover_msgs) StdoutLine: {'line': b'-- Installing: /home/chris/ros2_ws/src/rover/install/rover_msgs/include/rover_msgs/rover_msgs/msg/detail/arm_msg__type_support.h\n'}
[14.611000] (rover_msgs) StdoutLine: {'line': b'-- Installing: /home/chris/ros2_ws/src/rover/install/rover_msgs/include/rover_msgs/rover_msgs/msg/detail/joy_demux_status__type_support.h\n'}
[14.611020] (rover_msgs) StdoutLine: {'line': b'-- Installing: /home/chris/ros2_ws/src/rover/install/rover_msgs/include/rover_msgs/rover_msgs/msg/detail/can_device_status__struct.h\n'}
[14.611040] (rover_msgs) StdoutLine: {'line': b'-- Installing: /home/chris/ros2_ws/src/rover/install/rover_msgs/include/rover_msgs/rover_msgs/msg/detail/compass__functions.h\n'}
[14.611059] (rover_msgs) StdoutLine: {'line': b'-- Installing: /home/chris/ros2_ws/src/rover/install/rover_msgs/include/rover_msgs/rover_msgs/msg/detail/science_control__functions.h\n'}
[14.611079] (rover_msgs) StdoutLine: {'line': b'-- Installing: /home/chris/ros2_ws/src/rover/install/rover_msgs/include/rover_msgs/rover_msgs/msg/detail/antenna_cmd__struct.h\n'}
[14.611099] (rover_msgs) StdoutLine: {'line': b'-- Installing: /home/chris/ros2_ws/src/rover/install/rover_msgs/include/rover_msgs/rover_msgs/msg/detail/joy__type_support.h\n'}
[14.611119] (rover_msgs) StdoutLine: {'line': b'-- Installing: /home/chris/ros2_ws/src/rover/install/rover_msgs/include/rover_msgs/rover_msgs/msg/detail/drivetrain_arbitration__functions.h\n'}
[14.611138] (rover_msgs) StdoutLine: {'line': b'-- Installing: /home/chris/ros2_ws/src/rover/install/rover_msgs/include/rover_msgs/rover_msgs/msg/detail/antenna_cmd__functions.c\n'}
[14.611158] (rover_msgs) StdoutLine: {'line': b'-- Installing: /home/chris/ros2_ws/src/rover/install/rover_msgs/include/rover_msgs/rover_msgs/msg/detail/science_control__functions.c\n'}
[14.611177] (rover_msgs) StdoutLine: {'line': b'-- Installing: /home/chris/ros2_ws/src/rover/install/rover_msgs/include/rover_msgs/rover_msgs/msg/detail/propulsion_motor__functions.c\n'}
[14.611197] (rover_msgs) StdoutLine: {'line': b'-- Installing: /home/chris/ros2_ws/src/rover/install/rover_msgs/include/rover_msgs/rover_msgs/msg/detail/gps_position__struct.h\n'}
[14.611225] (rover_msgs) StdoutLine: {'line': b'-- Installing: /home/chris/ros2_ws/src/rover/install/rover_msgs/include/rover_msgs/rover_msgs/msg/detail/compass__type_support.h\n'}
[14.611246] (rover_msgs) StdoutLine: {'line': b'-- Installing: /home/chris/ros2_ws/src/rover/install/rover_msgs/include/rover_msgs/rover_msgs/msg/detail/can_device_status__functions.c\n'}
[14.611291] (rover_msgs) StdoutLine: {'line': b'-- Installing: /home/chris/ros2_ws/src/rover/install/rover_msgs/include/rover_msgs/rover_msgs/msg/detail/light_control__functions.c\n'}
[14.611312] (rover_msgs) StdoutLine: {'line': b'-- Installing: /home/chris/ros2_ws/src/rover/install/rover_msgs/include/rover_msgs/rover_msgs/msg/detail/propulsion_motor__functions.h\n'}
[14.611344] (rover_msgs) StdoutLine: {'line': b'-- Installing: /home/chris/ros2_ws/src/rover/install/rover_msgs/include/rover_msgs/rover_msgs/msg/detail/propulsion_motor__type_support.h\n'}
[14.611365] (rover_msgs) StdoutLine: {'line': b'-- Installing: /home/chris/ros2_ws/src/rover/install/rover_msgs/include/rover_msgs/rover_msgs/msg/detail/camera_angle__type_support.h\n'}
[14.611399] (rover_msgs) StdoutLine: {'line': b'-- Installing: /home/chris/ros2_ws/src/rover/install/rover_msgs/include/rover_msgs/rover_msgs/msg/detail/compass__struct.h\n'}
[14.611433] (rover_msgs) StdoutLine: {'line': b'-- Installing: /home/chris/ros2_ws/src/rover/install/rover_msgs/include/rover_msgs/rover_msgs/msg/detail/science_control__type_support.h\n'}
[14.611459] (rover_msgs) StdoutLine: {'line': b'-- Installing: /home/chris/ros2_ws/src/rover/install/rover_msgs/include/rover_msgs/rover_msgs/msg/detail/can_device_status__functions.h\n'}
[14.611500] (rover_msgs) StdoutLine: {'line': b'-- Installing: /home/chris/ros2_ws/src/rover/install/rover_msgs/include/rover_msgs/rover_msgs/msg/detail/camera_angle__functions.h\n'}
[14.611533] (rover_msgs) StdoutLine: {'line': b'-- Installing: /home/chris/ros2_ws/src/rover/install/rover_msgs/include/rover_msgs/rover_msgs/msg/detail/arm_msg__functions.h\n'}
[14.611566] (rover_msgs) StdoutLine: {'line': b'-- Installing: /home/chris/ros2_ws/src/rover/install/rover_msgs/include/rover_msgs/rover_msgs/msg/detail/antenna_cmd__functions.h\n'}
[14.611607] (rover_msgs) StdoutLine: {'line': b'-- Installing: /home/chris/ros2_ws/src/rover/install/rover_msgs/include/rover_msgs/rover_msgs/msg/detail/light_control__struct.h\n'}
[14.611633] (rover_msgs) StdoutLine: {'line': b'-- Installing: /home/chris/ros2_ws/src/rover/install/rover_msgs/include/rover_msgs/rover_msgs/msg/detail/joy__functions.c\n'}
[14.611661] (rover_msgs) StdoutLine: {'line': b'-- Installing: /home/chris/ros2_ws/src/rover/install/rover_msgs/include/rover_msgs/rover_msgs/msg/detail/science_control__struct.h\n'}
[14.611690] (rover_msgs) StdoutLine: {'line': b'-- Installing: /home/chris/ros2_ws/src/rover/install/rover_msgs/include/rover_msgs/rover_msgs/msg/detail/joy__struct.h\n'}
[14.611715] (rover_msgs) StdoutLine: {'line': b'-- Installing: /home/chris/ros2_ws/src/rover/install/rover_msgs/include/rover_msgs/rover_msgs/msg/detail/camera_control__struct.h\n'}
[14.611750] (rover_msgs) StdoutLine: {'line': b'-- Installing: /home/chris/ros2_ws/src/rover/install/rover_msgs/include/rover_msgs/rover_msgs/msg/detail/joy_demux_status__functions.h\n'}
[14.611787] (rover_msgs) StdoutLine: {'line': b'-- Installing: /home/chris/ros2_ws/src/rover/install/rover_msgs/include/rover_msgs/rover_msgs/msg/detail/aruco__type_support.h\n'}
[14.611828] (rover_msgs) StdoutLine: {'line': b'-- Installing: /home/chris/ros2_ws/src/rover/install/rover_msgs/include/rover_msgs/rover_msgs/msg/detail/gps__functions.c\n'}
[14.611859] (rover_msgs) StdoutLine: {'line': b'-- Installing: /home/chris/ros2_ws/src/rover/install/rover_msgs/include/rover_msgs/rover_msgs/msg/detail/camera_angle__functions.c\n'}
[14.611879] (rover_msgs) StdoutLine: {'line': b'-- Installing: /home/chris/ros2_ws/src/rover/install/rover_msgs/include/rover_msgs/rover_msgs/msg/detail/can_device_status__type_support.h\n'}
[14.611912] (rover_msgs) StdoutLine: {'line': b'-- Installing: /home/chris/ros2_ws/src/rover/install/rover_msgs/include/rover_msgs/rover_msgs/msg/drivetrain_arbitration.h\n'}
[14.611944] (rover_msgs) StdoutLine: {'line': b'-- Installing: /home/chris/ros2_ws/src/rover/install/rover_msgs/include/rover_msgs/rover_msgs/msg/arm_msg.h\n'}
[14.611964] (rover_msgs) StdoutLine: {'line': b'-- Installing: /home/chris/ros2_ws/src/rover/install/rover_msgs/include/rover_msgs/rover_msgs/msg/rosidl_generator_c__visibility_control.h\n'}
[14.611996] (rover_msgs) StdoutLine: {'line': b'-- Installing: /home/chris/ros2_ws/src/rover/install/rover_msgs/include/rover_msgs/rover_msgs/msg/aruco.h\n'}
[14.612016] (rover_msgs) StdoutLine: {'line': b'-- Installing: /home/chris/ros2_ws/src/rover/install/rover_msgs/include/rover_msgs/rover_msgs/msg/can_device_status.h\n'}
[14.612048] (rover_msgs) StdoutLine: {'line': b'-- Installing: /home/chris/ros2_ws/src/rover/install/rover_msgs/include/rover_msgs/rover_msgs/msg/science_control.h\n'}
[14.612068] (rover_msgs) StdoutLine: {'line': b'-- Installing: /home/chris/ros2_ws/src/rover/install/rover_msgs/include/rover_msgs/rover_msgs/msg/joy_demux_status.h\n'}
[14.612088] (rover_msgs) StdoutLine: {'line': b'-- Installing: /home/chris/ros2_ws/src/rover/install/rover_msgs/include/rover_msgs/rover_msgs/msg/camera_angle.h\n'}
[14.612108] (rover_msgs) StdoutLine: {'line': b'-- Installing: /home/chris/ros2_ws/src/rover/install/rover_msgs/include/rover_msgs/rover_msgs/msg/antenna_cmd.h\n'}
[14.612127] (rover_msgs) StdoutLine: {'line': b'-- Installing: /home/chris/ros2_ws/src/rover/install/rover_msgs/include/rover_msgs/rover_msgs/msg/joy.h\n'}
[14.612147] (rover_msgs) StdoutLine: {'line': b'-- Installing: /home/chris/ros2_ws/src/rover/install/rover_msgs/include/rover_msgs/rover_msgs/msg/propulsion_motor.h\n'}
[14.612168] (rover_msgs) StdoutLine: {'line': b'-- Installing: /home/chris/ros2_ws/src/rover/install/rover_msgs/lib/librover_msgs__rosidl_generator_c.so\n'}
[14.612266] (rover_msgs) StdoutLine: {'line': b'-- Set runtime path of "/home/chris/ros2_ws/src/rover/install/rover_msgs/lib/librover_msgs__rosidl_generator_c.so" to ""\n'}
[14.612304] (rover_msgs) StdoutLine: {'line': b'-- Up-to-date: /home/chris/ros2_ws/src/rover/install/rover_msgs/include/rover_msgs/rover_msgs\n'}
[14.612330] (rover_msgs) StdoutLine: {'line': b'-- Up-to-date: /home/chris/ros2_ws/src/rover/install/rover_msgs/include/rover_msgs/rover_msgs/srv\n'}
[14.612350] (rover_msgs) StdoutLine: {'line': b'-- Up-to-date: /home/chris/ros2_ws/src/rover/install/rover_msgs/include/rover_msgs/rover_msgs/srv/detail\n'}
[14.612379] (rover_msgs) StdoutLine: {'line': b'-- Installing: /home/chris/ros2_ws/src/rover/install/rover_msgs/include/rover_msgs/rover_msgs/srv/detail/joy_demux_set_state__rosidl_typesupport_fastrtps_c.h\n'}
[14.612418] (rover_msgs) StdoutLine: {'line': b'-- Installing: /home/chris/ros2_ws/src/rover/install/rover_msgs/include/rover_msgs/rover_msgs/srv/detail/light_control__rosidl_typesupport_fastrtps_c.h\n'}
[14.612449] (rover_msgs) StdoutLine: {'line': b'-- Installing: /home/chris/ros2_ws/src/rover/install/rover_msgs/include/rover_msgs/rover_msgs/srv/detail/compass_calibration__rosidl_typesupport_fastrtps_c.h\n'}
[14.612478] (rover_msgs) StdoutLine: {'line': b'-- Installing: /home/chris/ros2_ws/src/rover/install/rover_msgs/include/rover_msgs/rover_msgs/srv/detail/drive_train_arbitration__rosidl_typesupport_fastrtps_c.h\n'}
[14.612513] (rover_msgs) StdoutLine: {'line': b'-- Installing: /home/chris/ros2_ws/src/rover/install/rover_msgs/include/rover_msgs/rover_msgs/srv/detail/antenna_arbitration__rosidl_typesupport_fastrtps_c.h\n'}
[14.612545] (rover_msgs) StdoutLine: {'line': b'-- Installing: /home/chris/ros2_ws/src/rover/install/rover_msgs/include/rover_msgs/rover_msgs/srv/detail/pano_control__rosidl_typesupport_fastrtps_c.h\n'}
[14.612606] (rover_msgs) StdoutLine: {'line': b'-- Installing: /home/chris/ros2_ws/src/rover/install/rover_msgs/include/rover_msgs/rover_msgs/srv/detail/screenshot_control__rosidl_typesupport_fastrtps_c.h\n'}
[14.612643] (rover_msgs) StdoutLine: {'line': b'-- Installing: /home/chris/ros2_ws/src/rover/install/rover_msgs/include/rover_msgs/rover_msgs/srv/detail/rtsp_stream__rosidl_typesupport_fastrtps_c.h\n'}
[14.612706] (rover_msgs) StdoutLine: {'line': b'-- Installing: /home/chris/ros2_ws/src/rover/install/rover_msgs/include/rover_msgs/rover_msgs/srv/detail/new_gps_goal__rosidl_typesupport_fastrtps_c.h\n'}
[14.612742] (rover_msgs) StdoutLine: {'line': b'-- Up-to-date: /home/chris/ros2_ws/src/rover/install/rover_msgs/include/rover_msgs/rover_msgs/msg\n'}
[14.612770] (rover_msgs) StdoutLine: {'line': b'-- Up-to-date: /home/chris/ros2_ws/src/rover/install/rover_msgs/include/rover_msgs/rover_msgs/msg/detail\n'}
[14.612797] (rover_msgs) StdoutLine: {'line': b'-- Installing: /home/chris/ros2_ws/src/rover/install/rover_msgs/include/rover_msgs/rover_msgs/msg/detail/drivetrain_arbitration__rosidl_typesupport_fastrtps_c.h\n'}
[14.612832] (rover_msgs) StdoutLine: {'line': b'-- Installing: /home/chris/ros2_ws/src/rover/install/rover_msgs/include/rover_msgs/rover_msgs/msg/detail/antenna_cmd__rosidl_typesupport_fastrtps_c.h\n'}
[14.612863] (rover_msgs) StdoutLine: {'line': b'-- Installing: /home/chris/ros2_ws/src/rover/install/rover_msgs/include/rover_msgs/rover_msgs/msg/detail/camera_angle__rosidl_typesupport_fastrtps_c.h\n'}
[14.612914] (rover_msgs) StdoutLine: {'line': b'-- Installing: /home/chris/ros2_ws/src/rover/install/rover_msgs/include/rover_msgs/rover_msgs/msg/detail/gps__rosidl_typesupport_fastrtps_c.h\n'}
[14.612947] (rover_msgs) StdoutLine: {'line': b'-- Installing: /home/chris/ros2_ws/src/rover/install/rover_msgs/include/rover_msgs/rover_msgs/msg/detail/can_device_status__rosidl_typesupport_fastrtps_c.h\n'}
[14.612984] (rover_msgs) StdoutLine: {'line': b'-- Installing: /home/chris/ros2_ws/src/rover/install/rover_msgs/include/rover_msgs/rover_msgs/msg/detail/propulsion_motor__rosidl_typesupport_fastrtps_c.h\n'}
[14.613018] (rover_msgs) StdoutLine: {'line': b'-- Installing: /home/chris/ros2_ws/src/rover/install/rover_msgs/include/rover_msgs/rover_msgs/msg/detail/aruco__rosidl_typesupport_fastrtps_c.h\n'}
[14.613054] (rover_msgs) StdoutLine: {'line': b'-- Installing: /home/chris/ros2_ws/src/rover/install/rover_msgs/include/rover_msgs/rover_msgs/msg/detail/joy__rosidl_typesupport_fastrtps_c.h\n'}
[14.613134] (rover_msgs) StdoutLine: {'line': b'-- Installing: /home/chris/ros2_ws/src/rover/install/rover_msgs/include/rover_msgs/rover_msgs/msg/detail/science_control__rosidl_typesupport_fastrtps_c.h\n'}
[14.613192] (rover_msgs) StdoutLine: {'line': b'-- Installing: /home/chris/ros2_ws/src/rover/install/rover_msgs/include/rover_msgs/rover_msgs/msg/detail/compass__rosidl_typesupport_fastrtps_c.h\n'}
[14.613238] (rover_msgs) StdoutLine: {'line': b'-- Installing: /home/chris/ros2_ws/src/rover/install/rover_msgs/include/rover_msgs/rover_msgs/msg/detail/arm_msg__rosidl_typesupport_fastrtps_c.h\n'}
[14.613277] (rover_msgs) StdoutLine: {'line': b'-- Installing: /home/chris/ros2_ws/src/rover/install/rover_msgs/include/rover_msgs/rover_msgs/msg/detail/light_control__rosidl_typesupport_fastrtps_c.h\n'}
[14.613321] (rover_msgs) StdoutLine: {'line': b'-- Installing: /home/chris/ros2_ws/src/rover/install/rover_msgs/include/rover_msgs/rover_msgs/msg/detail/gps_position__rosidl_typesupport_fastrtps_c.h\n'}
[14.613399] (rover_msgs) StdoutLine: {'line': b'-- Installing: /home/chris/ros2_ws/src/rover/install/rover_msgs/include/rover_msgs/rover_msgs/msg/detail/camera_control__rosidl_typesupport_fastrtps_c.h\n'}
[14.613435] (rover_msgs) StdoutLine: {'line': b'-- Installing: /home/chris/ros2_ws/src/rover/install/rover_msgs/include/rover_msgs/rover_msgs/msg/detail/joy_demux_status__rosidl_typesupport_fastrtps_c.h\n'}
[14.613473] (rover_msgs) StdoutLine: {'line': b'-- Installing: /home/chris/ros2_ws/src/rover/install/rover_msgs/include/rover_msgs/rover_msgs/msg/rosidl_typesupport_fastrtps_c__visibility_control.h\n'}
[14.613562] (rover_msgs) StdoutLine: {'line': b'-- Installing: /home/chris/ros2_ws/src/rover/install/rover_msgs/lib/librover_msgs__rosidl_typesupport_fastrtps_c.so\n'}
[14.613791] (rover_msgs) StdoutLine: {'line': b'-- Set runtime path of "/home/chris/ros2_ws/src/rover/install/rover_msgs/lib/librover_msgs__rosidl_typesupport_fastrtps_c.so" to ""\n'}
[14.613831] (rover_msgs) StdoutLine: {'line': b'-- Up-to-date: /home/chris/ros2_ws/src/rover/install/rover_msgs/include/rover_msgs/rover_msgs\n'}
[14.613859] (rover_msgs) StdoutLine: {'line': b'-- Up-to-date: /home/chris/ros2_ws/src/rover/install/rover_msgs/include/rover_msgs/rover_msgs/srv\n'}
[14.613879] (rover_msgs) StdoutLine: {'line': b'-- Up-to-date: /home/chris/ros2_ws/src/rover/install/rover_msgs/include/rover_msgs/rover_msgs/srv/detail\n'}
[14.613909] (rover_msgs) StdoutLine: {'line': b'-- Installing: /home/chris/ros2_ws/src/rover/install/rover_msgs/include/rover_msgs/rover_msgs/srv/detail/joy_demux_set_state__rosidl_typesupport_introspection_c.h\n'}
[14.613944] (rover_msgs) StdoutLine: {'line': b'-- Installing: /home/chris/ros2_ws/src/rover/install/rover_msgs/include/rover_msgs/rover_msgs/srv/detail/rtsp_stream__rosidl_typesupport_introspection_c.h\n'}
[14.613965] (rover_msgs) StdoutLine: {'line': b'-- Installing: /home/chris/ros2_ws/src/rover/install/rover_msgs/include/rover_msgs/rover_msgs/srv/detail/compass_calibration__type_support.c\n'}
[14.613994] (rover_msgs) StdoutLine: {'line': b'-- Installing: /home/chris/ros2_ws/src/rover/install/rover_msgs/include/rover_msgs/rover_msgs/srv/detail/pano_control__type_support.c\n'}
[14.614028] (rover_msgs) StdoutLine: {'line': b'-- Installing: /home/chris/ros2_ws/src/rover/install/rover_msgs/include/rover_msgs/rover_msgs/srv/detail/screenshot_control__type_support.c\n'}
[14.614093] (rover_msgs) StdoutLine: {'line': b'-- Installing: /home/chris/ros2_ws/src/rover/install/rover_msgs/include/rover_msgs/rover_msgs/srv/detail/antenna_arbitration__rosidl_typesupport_introspection_c.h\n'}
[14.614130] (rover_msgs) StdoutLine: {'line': b'-- Installing: /home/chris/ros2_ws/src/rover/install/rover_msgs/include/rover_msgs/rover_msgs/srv/detail/antenna_arbitration__type_support.c\n'}
[14.614163] (rover_msgs) StdoutLine: {'line': b'-- Installing: /home/chris/ros2_ws/src/rover/install/rover_msgs/include/rover_msgs/rover_msgs/srv/detail/light_control__rosidl_typesupport_introspection_c.h\n'}
[14.614208] (rover_msgs) StdoutLine: {'line': b'-- Installing: /home/chris/ros2_ws/src/rover/install/rover_msgs/include/rover_msgs/rover_msgs/srv/detail/new_gps_goal__rosidl_typesupport_introspection_c.h\n'}
[14.614243] (rover_msgs) StdoutLine: {'line': b'-- Installing: /home/chris/ros2_ws/src/rover/install/rover_msgs/include/rover_msgs/rover_msgs/srv/detail/rtsp_stream__type_support.c\n'}
[14.614311] (rover_msgs) StdoutLine: {'line': b'-- Installing: /home/chris/ros2_ws/src/rover/install/rover_msgs/include/rover_msgs/rover_msgs/srv/detail/screenshot_control__rosidl_typesupport_introspection_c.h\n'}
[14.614347] (rover_msgs) StdoutLine: {'line': b'-- Installing: /home/chris/ros2_ws/src/rover/install/rover_msgs/include/rover_msgs/rover_msgs/srv/detail/joy_demux_set_state__type_support.c\n'}
[14.614380] (rover_msgs) StdoutLine: {'line': b'-- Installing: /home/chris/ros2_ws/src/rover/install/rover_msgs/include/rover_msgs/rover_msgs/srv/detail/drive_train_arbitration__type_support.c\n'}
[14.614453] (rover_msgs) StdoutLine: {'line': b'-- Installing: /home/chris/ros2_ws/src/rover/install/rover_msgs/include/rover_msgs/rover_msgs/srv/detail/new_gps_goal__type_support.c\n'}
[14.614488] (rover_msgs) StdoutLine: {'line': b'-- Installing: /home/chris/ros2_ws/src/rover/install/rover_msgs/include/rover_msgs/rover_msgs/srv/detail/drive_train_arbitration__rosidl_typesupport_introspection_c.h\n'}
[14.614529] (rover_msgs) StdoutLine: {'line': b'-- Installing: /home/chris/ros2_ws/src/rover/install/rover_msgs/include/rover_msgs/rover_msgs/srv/detail/compass_calibration__rosidl_typesupport_introspection_c.h\n'}
[14.614582] (rover_msgs) StdoutLine: {'line': b'-- Installing: /home/chris/ros2_ws/src/rover/install/rover_msgs/include/rover_msgs/rover_msgs/srv/detail/pano_control__rosidl_typesupport_introspection_c.h\n'}
[14.614629] (rover_msgs) StdoutLine: {'line': b'-- Installing: /home/chris/ros2_ws/src/rover/install/rover_msgs/include/rover_msgs/rover_msgs/srv/detail/light_control__type_support.c\n'}
[14.614670] (rover_msgs) StdoutLine: {'line': b'-- Up-to-date: /home/chris/ros2_ws/src/rover/install/rover_msgs/include/rover_msgs/rover_msgs/msg\n'}
[14.614708] (rover_msgs) StdoutLine: {'line': b'-- Installing: /home/chris/ros2_ws/src/rover/install/rover_msgs/include/rover_msgs/rover_msgs/msg/rosidl_typesupport_introspection_c__visibility_control.h\n'}
[14.614751] (rover_msgs) StdoutLine: {'line': b'-- Up-to-date: /home/chris/ros2_ws/src/rover/install/rover_msgs/include/rover_msgs/rover_msgs/msg/detail\n'}
[14.614772] (rover_msgs) StdoutLine: {'line': b'-- Installing: /home/chris/ros2_ws/src/rover/install/rover_msgs/include/rover_msgs/rover_msgs/msg/detail/camera_control__type_support.c\n'}
[14.614808] (rover_msgs) StdoutLine: {'line': b'-- Installing: /home/chris/ros2_ws/src/rover/install/rover_msgs/include/rover_msgs/rover_msgs/msg/detail/aruco__type_support.c\n'}
[14.614843] (rover_msgs) StdoutLine: {'line': b'-- Installing: /home/chris/ros2_ws/src/rover/install/rover_msgs/include/rover_msgs/rover_msgs/msg/detail/arm_msg__type_support.c\n'}
[14.614877] (rover_msgs) StdoutLine: {'line': b'-- Installing: /home/chris/ros2_ws/src/rover/install/rover_msgs/include/rover_msgs/rover_msgs/msg/detail/science_control__type_support.c\n'}
[14.614918] (rover_msgs) StdoutLine: {'line': b'-- Installing: /home/chris/ros2_ws/src/rover/install/rover_msgs/include/rover_msgs/rover_msgs/msg/detail/can_device_status__type_support.c\n'}
[14.614987] (rover_msgs) StdoutLine: {'line': b'-- Installing: /home/chris/ros2_ws/src/rover/install/rover_msgs/include/rover_msgs/rover_msgs/msg/detail/propulsion_motor__type_support.c\n'}
[14.615024] (rover_msgs) StdoutLine: {'line': b'-- Installing: /home/chris/ros2_ws/src/rover/install/rover_msgs/include/rover_msgs/rover_msgs/msg/detail/propulsion_motor__rosidl_typesupport_introspection_c.h\n'}
[14.615062] (rover_msgs) StdoutLine: {'line': b'-- Installing: /home/chris/ros2_ws/src/rover/install/rover_msgs/include/rover_msgs/rover_msgs/msg/detail/camera_control__rosidl_typesupport_introspection_c.h\n'}
[14.615103] (rover_msgs) StdoutLine: {'line': b'-- Installing: /home/chris/ros2_ws/src/rover/install/rover_msgs/include/rover_msgs/rover_msgs/msg/detail/can_device_status__rosidl_typesupport_introspection_c.h\n'}
[14.615140] (rover_msgs) StdoutLine: {'line': b'-- Installing: /home/chris/ros2_ws/src/rover/install/rover_msgs/include/rover_msgs/rover_msgs/msg/detail/joy__type_support.c\n'}
[14.615202] (rover_msgs) StdoutLine: {'line': b'-- Installing: /home/chris/ros2_ws/src/rover/install/rover_msgs/include/rover_msgs/rover_msgs/msg/detail/gps_position__rosidl_typesupport_introspection_c.h\n'}
[14.615238] (rover_msgs) StdoutLine: {'line': b'-- Installing: /home/chris/ros2_ws/src/rover/install/rover_msgs/include/rover_msgs/rover_msgs/msg/detail/camera_angle__rosidl_typesupport_introspection_c.h\n'}
[14.615286] (rover_msgs) StdoutLine: {'line': b'-- Installing: /home/chris/ros2_ws/src/rover/install/rover_msgs/include/rover_msgs/rover_msgs/msg/detail/light_control__rosidl_typesupport_introspection_c.h\n'}
[14.615327] (rover_msgs) StdoutLine: {'line': b'-- Installing: /home/chris/ros2_ws/src/rover/install/rover_msgs/include/rover_msgs/rover_msgs/msg/detail/drivetrain_arbitration__rosidl_typesupport_introspection_c.h\n'}
[14.615360] (rover_msgs) StdoutLine: {'line': b'-- Installing: /home/chris/ros2_ws/src/rover/install/rover_msgs/include/rover_msgs/rover_msgs/msg/detail/drivetrain_arbitration__type_support.c\n'}
[14.615421] (rover_msgs) StdoutLine: {'line': b'-- Installing: /home/chris/ros2_ws/src/rover/install/rover_msgs/include/rover_msgs/rover_msgs/msg/detail/aruco__rosidl_typesupport_introspection_c.h\n'}
[14.615458] (rover_msgs) StdoutLine: {'line': b'-- Installing: /home/chris/ros2_ws/src/rover/install/rover_msgs/include/rover_msgs/rover_msgs/msg/detail/gps_position__type_support.c\n'}
[14.615497] (rover_msgs) StdoutLine: {'line': b'-- Installing: /home/chris/ros2_ws/src/rover/install/rover_msgs/include/rover_msgs/rover_msgs/msg/detail/arm_msg__rosidl_typesupport_introspection_c.h\n'}
[14.615541] (rover_msgs) StdoutLine: {'line': b'-- Installing: /home/chris/ros2_ws/src/rover/install/rover_msgs/include/rover_msgs/rover_msgs/msg/detail/compass__rosidl_typesupport_introspection_c.h\n'}
[14.615589] (rover_msgs) StdoutLine: {'line': b'-- Installing: /home/chris/ros2_ws/src/rover/install/rover_msgs/include/rover_msgs/rover_msgs/msg/detail/antenna_cmd__rosidl_typesupport_introspection_c.h\n'}
[14.615633] (rover_msgs) StdoutLine: {'line': b'-- Installing: /home/chris/ros2_ws/src/rover/install/rover_msgs/include/rover_msgs/rover_msgs/msg/detail/compass__type_support.c\n'}
[14.615692] (rover_msgs) StdoutLine: {'line': b'-- Installing: /home/chris/ros2_ws/src/rover/install/rover_msgs/include/rover_msgs/rover_msgs/msg/detail/science_control__rosidl_typesupport_introspection_c.h\n'}
[14.615727] (rover_msgs) StdoutLine: {'line': b'-- Installing: /home/chris/ros2_ws/src/rover/install/rover_msgs/include/rover_msgs/rover_msgs/msg/detail/antenna_cmd__type_support.c\n'}
[14.615763] (rover_msgs) StdoutLine: {'line': b'-- Installing: /home/chris/ros2_ws/src/rover/install/rover_msgs/include/rover_msgs/rover_msgs/msg/detail/joy_demux_status__type_support.c\n'}
[14.615806] (rover_msgs) StdoutLine: {'line': b'-- Installing: /home/chris/ros2_ws/src/rover/install/rover_msgs/include/rover_msgs/rover_msgs/msg/detail/camera_angle__type_support.c\n'}
[14.615846] (rover_msgs) StdoutLine: {'line': b'-- Installing: /home/chris/ros2_ws/src/rover/install/rover_msgs/include/rover_msgs/rover_msgs/msg/detail/joy_demux_status__rosidl_typesupport_introspection_c.h\n'}
[14.615924] (rover_msgs) StdoutLine: {'line': b'-- Installing: /home/chris/ros2_ws/src/rover/install/rover_msgs/include/rover_msgs/rover_msgs/msg/detail/gps__rosidl_typesupport_introspection_c.h\n'}
[14.615959] (rover_msgs) StdoutLine: {'line': b'-- Installing: /home/chris/ros2_ws/src/rover/install/rover_msgs/include/rover_msgs/rover_msgs/msg/detail/joy__rosidl_typesupport_introspection_c.h\n'}
[14.616001] (rover_msgs) StdoutLine: {'line': b'-- Installing: /home/chris/ros2_ws/src/rover/install/rover_msgs/include/rover_msgs/rover_msgs/msg/detail/light_control__type_support.c\n'}
[14.616041] (rover_msgs) StdoutLine: {'line': b'-- Installing: /home/chris/ros2_ws/src/rover/install/rover_msgs/include/rover_msgs/rover_msgs/msg/detail/gps__type_support.c\n'}
[14.616128] (rover_msgs) StdoutLine: {'line': b'-- Installing: /home/chris/ros2_ws/src/rover/install/rover_msgs/lib/librover_msgs__rosidl_typesupport_introspection_c.so\n'}
[14.616303] (rover_msgs) StdoutLine: {'line': b'-- Set runtime path of "/home/chris/ros2_ws/src/rover/install/rover_msgs/lib/librover_msgs__rosidl_typesupport_introspection_c.so" to ""\n'}
[14.616337] (rover_msgs) StdoutLine: {'line': b'-- Installing: /home/chris/ros2_ws/src/rover/install/rover_msgs/lib/librover_msgs__rosidl_typesupport_c.so\n'}
[14.616477] (rover_msgs) StdoutLine: {'line': b'-- Set runtime path of "/home/chris/ros2_ws/src/rover/install/rover_msgs/lib/librover_msgs__rosidl_typesupport_c.so" to ""\n'}
[14.616518] (rover_msgs) StdoutLine: {'line': b'-- Up-to-date: /home/chris/ros2_ws/src/rover/install/rover_msgs/include/rover_msgs/rover_msgs\n'}
[14.616540] (rover_msgs) StdoutLine: {'line': b'-- Up-to-date: /home/chris/ros2_ws/src/rover/install/rover_msgs/include/rover_msgs/rover_msgs/srv\n'}
[14.616563] (rover_msgs) StdoutLine: {'line': b'-- Installing: /home/chris/ros2_ws/src/rover/install/rover_msgs/include/rover_msgs/rover_msgs/srv/screenshot_control.hpp\n'}
[14.616610] (rover_msgs) StdoutLine: {'line': b'-- Installing: /home/chris/ros2_ws/src/rover/install/rover_msgs/include/rover_msgs/rover_msgs/srv/light_control.hpp\n'}
[14.616638] (rover_msgs) StdoutLine: {'line': b'-- Installing: /home/chris/ros2_ws/src/rover/install/rover_msgs/include/rover_msgs/rover_msgs/srv/pano_control.hpp\n'}
[14.616671] (rover_msgs) StdoutLine: {'line': b'-- Installing: /home/chris/ros2_ws/src/rover/install/rover_msgs/include/rover_msgs/rover_msgs/srv/antenna_arbitration.hpp\n'}
[14.616697] (rover_msgs) StdoutLine: {'line': b'-- Up-to-date: /home/chris/ros2_ws/src/rover/install/rover_msgs/include/rover_msgs/rover_msgs/srv/detail\n'}
[14.616724] (rover_msgs) StdoutLine: {'line': b'-- Installing: /home/chris/ros2_ws/src/rover/install/rover_msgs/include/rover_msgs/rover_msgs/srv/detail/rtsp_stream__traits.hpp\n'}
[14.616754] (rover_msgs) StdoutLine: {'line': b'-- Installing: /home/chris/ros2_ws/src/rover/install/rover_msgs/include/rover_msgs/rover_msgs/srv/detail/screenshot_control__type_support.hpp\n'}
[14.616817] (rover_msgs) StdoutLine: {'line': b'-- Installing: /home/chris/ros2_ws/src/rover/install/rover_msgs/include/rover_msgs/rover_msgs/srv/detail/new_gps_goal__type_support.hpp\n'}
[14.616864] (rover_msgs) StdoutLine: {'line': b'-- Installing: /home/chris/ros2_ws/src/rover/install/rover_msgs/include/rover_msgs/rover_msgs/srv/detail/new_gps_goal__builder.hpp\n'}
[14.616903] (rover_msgs) StdoutLine: {'line': b'-- Installing: /home/chris/ros2_ws/src/rover/install/rover_msgs/include/rover_msgs/rover_msgs/srv/detail/rtsp_stream__type_support.hpp\n'}
[14.616937] (rover_msgs) StdoutLine: {'line': b'-- Installing: /home/chris/ros2_ws/src/rover/install/rover_msgs/include/rover_msgs/rover_msgs/srv/detail/antenna_arbitration__type_support.hpp\n'}
[14.616987] (rover_msgs) StdoutLine: {'line': b'-- Installing: /home/chris/ros2_ws/src/rover/install/rover_msgs/include/rover_msgs/rover_msgs/srv/detail/drive_train_arbitration__type_support.hpp\n'}
[14.617017] (rover_msgs) StdoutLine: {'line': b'-- Installing: /home/chris/ros2_ws/src/rover/install/rover_msgs/include/rover_msgs/rover_msgs/srv/detail/joy_demux_set_state__builder.hpp\n'}
[14.617060] (rover_msgs) StdoutLine: {'line': b'-- Installing: /home/chris/ros2_ws/src/rover/install/rover_msgs/include/rover_msgs/rover_msgs/srv/detail/light_control__builder.hpp\n'}
[14.617100] (rover_msgs) StdoutLine: {'line': b'-- Installing: /home/chris/ros2_ws/src/rover/install/rover_msgs/include/rover_msgs/rover_msgs/srv/detail/pano_control__builder.hpp\n'}
[14.617157] (rover_msgs) StdoutLine: {'line': b'-- Installing: /home/chris/ros2_ws/src/rover/install/rover_msgs/include/rover_msgs/rover_msgs/srv/detail/drive_train_arbitration__struct.hpp\n'}
[14.617193] (rover_msgs) StdoutLine: {'line': b'-- Installing: /home/chris/ros2_ws/src/rover/install/rover_msgs/include/rover_msgs/rover_msgs/srv/detail/joy_demux_set_state__type_support.hpp\n'}
[14.617229] (rover_msgs) StdoutLine: {'line': b'-- Installing: /home/chris/ros2_ws/src/rover/install/rover_msgs/include/rover_msgs/rover_msgs/srv/detail/new_gps_goal__struct.hpp\n'}
[14.617308] (rover_msgs) StdoutLine: {'line': b'-- Installing: /home/chris/ros2_ws/src/rover/install/rover_msgs/include/rover_msgs/rover_msgs/srv/detail/compass_calibration__builder.hpp\n'}
[14.617342] (rover_msgs) StdoutLine: {'line': b'-- Installing: /home/chris/ros2_ws/src/rover/install/rover_msgs/include/rover_msgs/rover_msgs/srv/detail/pano_control__type_support.hpp\n'}
[14.617378] (rover_msgs) StdoutLine: {'line': b'-- Installing: /home/chris/ros2_ws/src/rover/install/rover_msgs/include/rover_msgs/rover_msgs/srv/detail/joy_demux_set_state__struct.hpp\n'}
[14.617421] (rover_msgs) StdoutLine: {'line': b'-- Installing: /home/chris/ros2_ws/src/rover/install/rover_msgs/include/rover_msgs/rover_msgs/srv/detail/screenshot_control__traits.hpp\n'}
[14.617483] (rover_msgs) StdoutLine: {'line': b'-- Installing: /home/chris/ros2_ws/src/rover/install/rover_msgs/include/rover_msgs/rover_msgs/srv/detail/rtsp_stream__struct.hpp\n'}
[14.617518] (rover_msgs) StdoutLine: {'line': b'-- Installing: /home/chris/ros2_ws/src/rover/install/rover_msgs/include/rover_msgs/rover_msgs/srv/detail/light_control__type_support.hpp\n'}
[14.617551] (rover_msgs) StdoutLine: {'line': b'-- Installing: /home/chris/ros2_ws/src/rover/install/rover_msgs/include/rover_msgs/rover_msgs/srv/detail/drive_train_arbitration__builder.hpp\n'}
[14.617608] (rover_msgs) StdoutLine: {'line': b'-- Installing: /home/chris/ros2_ws/src/rover/install/rover_msgs/include/rover_msgs/rover_msgs/srv/detail/new_gps_goal__traits.hpp\n'}
[14.617668] (rover_msgs) StdoutLine: {'line': b'-- Installing: /home/chris/ros2_ws/src/rover/install/rover_msgs/include/rover_msgs/rover_msgs/srv/detail/light_control__traits.hpp\n'}
[14.618636] (rover_msgs) StdoutLine: {'line': b'-- Installing: /home/chris/ros2_ws/src/rover/install/rover_msgs/include/rover_msgs/rover_msgs/srv/detail/compass_calibration__type_support.hpp\n'}
[14.618665] (rover_msgs) StdoutLine: {'line': b'-- Installing: /home/chris/ros2_ws/src/rover/install/rover_msgs/include/rover_msgs/rover_msgs/srv/detail/screenshot_control__builder.hpp\n'}
[14.618685] (rover_msgs) StdoutLine: {'line': b'-- Installing: /home/chris/ros2_ws/src/rover/install/rover_msgs/include/rover_msgs/rover_msgs/srv/detail/drive_train_arbitration__traits.hpp\n'}
[14.618705] (rover_msgs) StdoutLine: {'line': b'-- Installing: /home/chris/ros2_ws/src/rover/install/rover_msgs/include/rover_msgs/rover_msgs/srv/detail/antenna_arbitration__traits.hpp\n'}
[14.618725] (rover_msgs) StdoutLine: {'line': b'-- Installing: /home/chris/ros2_ws/src/rover/install/rover_msgs/include/rover_msgs/rover_msgs/srv/detail/compass_calibration__struct.hpp\n'}
[14.618744] (rover_msgs) StdoutLine: {'line': b'-- Installing: /home/chris/ros2_ws/src/rover/install/rover_msgs/include/rover_msgs/rover_msgs/srv/detail/antenna_arbitration__struct.hpp\n'}
[14.618767] (rover_msgs) StdoutLine: {'line': b'-- Installing: /home/chris/ros2_ws/src/rover/install/rover_msgs/include/rover_msgs/rover_msgs/srv/detail/pano_control__traits.hpp\n'}
[14.618786] (rover_msgs) StdoutLine: {'line': b'-- Installing: /home/chris/ros2_ws/src/rover/install/rover_msgs/include/rover_msgs/rover_msgs/srv/detail/pano_control__struct.hpp\n'}
[14.618807] (rover_msgs) StdoutLine: {'line': b'-- Installing: /home/chris/ros2_ws/src/rover/install/rover_msgs/include/rover_msgs/rover_msgs/srv/detail/rtsp_stream__builder.hpp\n'}
[14.618827] (rover_msgs) StdoutLine: {'line': b'-- Installing: /home/chris/ros2_ws/src/rover/install/rover_msgs/include/rover_msgs/rover_msgs/srv/detail/light_control__struct.hpp\n'}
[14.618847] (rover_msgs) StdoutLine: {'line': b'-- Installing: /home/chris/ros2_ws/src/rover/install/rover_msgs/include/rover_msgs/rover_msgs/srv/detail/compass_calibration__traits.hpp\n'}
[14.618867] (rover_msgs) StdoutLine: {'line': b'-- Installing: /home/chris/ros2_ws/src/rover/install/rover_msgs/include/rover_msgs/rover_msgs/srv/detail/antenna_arbitration__builder.hpp\n'}
[14.618887] (rover_msgs) StdoutLine: {'line': b'-- Installing: /home/chris/ros2_ws/src/rover/install/rover_msgs/include/rover_msgs/rover_msgs/srv/detail/screenshot_control__struct.hpp\n'}
[14.618906] (rover_msgs) StdoutLine: {'line': b'-- Installing: /home/chris/ros2_ws/src/rover/install/rover_msgs/include/rover_msgs/rover_msgs/srv/detail/joy_demux_set_state__traits.hpp\n'}
[14.618926] (rover_msgs) StdoutLine: {'line': b'-- Installing: /home/chris/ros2_ws/src/rover/install/rover_msgs/include/rover_msgs/rover_msgs/srv/new_gps_goal.hpp\n'}
[14.618946] (rover_msgs) StdoutLine: {'line': b'-- Installing: /home/chris/ros2_ws/src/rover/install/rover_msgs/include/rover_msgs/rover_msgs/srv/compass_calibration.hpp\n'}
[14.618965] (rover_msgs) StdoutLine: {'line': b'-- Installing: /home/chris/ros2_ws/src/rover/install/rover_msgs/include/rover_msgs/rover_msgs/srv/drive_train_arbitration.hpp\n'}
[14.618985] (rover_msgs) StdoutLine: {'line': b'-- Installing: /home/chris/ros2_ws/src/rover/install/rover_msgs/include/rover_msgs/rover_msgs/srv/rtsp_stream.hpp\n'}
[14.619005] (rover_msgs) StdoutLine: {'line': b'-- Installing: /home/chris/ros2_ws/src/rover/install/rover_msgs/include/rover_msgs/rover_msgs/srv/joy_demux_set_state.hpp\n'}
[14.619025] (rover_msgs) StdoutLine: {'line': b'-- Up-to-date: /home/chris/ros2_ws/src/rover/install/rover_msgs/include/rover_msgs/rover_msgs/msg\n'}
[14.619045] (rover_msgs) StdoutLine: {'line': b'-- Installing: /home/chris/ros2_ws/src/rover/install/rover_msgs/include/rover_msgs/rover_msgs/msg/propulsion_motor.hpp\n'}
[14.619065] (rover_msgs) StdoutLine: {'line': b'-- Installing: /home/chris/ros2_ws/src/rover/install/rover_msgs/include/rover_msgs/rover_msgs/msg/light_control.hpp\n'}
[14.619085] (rover_msgs) StdoutLine: {'line': b'-- Installing: /home/chris/ros2_ws/src/rover/install/rover_msgs/include/rover_msgs/rover_msgs/msg/drivetrain_arbitration.hpp\n'}
[14.619105] (rover_msgs) StdoutLine: {'line': b'-- Installing: /home/chris/ros2_ws/src/rover/install/rover_msgs/include/rover_msgs/rover_msgs/msg/rosidl_generator_cpp__visibility_control.hpp\n'}
[14.619154] (rover_msgs) StdoutLine: {'line': b'-- Installing: /home/chris/ros2_ws/src/rover/install/rover_msgs/include/rover_msgs/rover_msgs/msg/joy_demux_status.hpp\n'}
[14.619175] (rover_msgs) StdoutLine: {'line': b'-- Installing: /home/chris/ros2_ws/src/rover/install/rover_msgs/include/rover_msgs/rover_msgs/msg/joy.hpp\n'}
[14.619195] (rover_msgs) StdoutLine: {'line': b'-- Installing: /home/chris/ros2_ws/src/rover/install/rover_msgs/include/rover_msgs/rover_msgs/msg/gps_position.hpp\n'}
[14.619215] (rover_msgs) StdoutLine: {'line': b'-- Up-to-date: /home/chris/ros2_ws/src/rover/install/rover_msgs/include/rover_msgs/rover_msgs/msg/detail\n'}
[14.619240] (rover_msgs) StdoutLine: {'line': b'-- Installing: /home/chris/ros2_ws/src/rover/install/rover_msgs/include/rover_msgs/rover_msgs/msg/detail/arm_msg__struct.hpp\n'}
[14.619264] (rover_msgs) StdoutLine: {'line': b'-- Installing: /home/chris/ros2_ws/src/rover/install/rover_msgs/include/rover_msgs/rover_msgs/msg/detail/can_device_status__traits.hpp\n'}
[14.619283] (rover_msgs) StdoutLine: {'line': b'-- Installing: /home/chris/ros2_ws/src/rover/install/rover_msgs/include/rover_msgs/rover_msgs/msg/detail/gps__type_support.hpp\n'}
[14.619320] (rover_msgs) StdoutLine: {'line': b'-- Installing: /home/chris/ros2_ws/src/rover/install/rover_msgs/include/rover_msgs/rover_msgs/msg/detail/aruco__builder.hpp\n'}
[14.619340] (rover_msgs) StdoutLine: {'line': b'-- Installing: /home/chris/ros2_ws/src/rover/install/rover_msgs/include/rover_msgs/rover_msgs/msg/detail/drivetrain_arbitration__type_support.hpp\n'}
[14.619360] (rover_msgs) StdoutLine: {'line': b'-- Installing: /home/chris/ros2_ws/src/rover/install/rover_msgs/include/rover_msgs/rover_msgs/msg/detail/science_control__builder.hpp\n'}
[14.619379] (rover_msgs) StdoutLine: {'line': b'-- Installing: /home/chris/ros2_ws/src/rover/install/rover_msgs/include/rover_msgs/rover_msgs/msg/detail/propulsion_motor__type_support.hpp\n'}
[14.619399] (rover_msgs) StdoutLine: {'line': b'-- Installing: /home/chris/ros2_ws/src/rover/install/rover_msgs/include/rover_msgs/rover_msgs/msg/detail/drivetrain_arbitration__struct.hpp\n'}
[14.619419] (rover_msgs) StdoutLine: {'line': b'-- Installing: /home/chris/ros2_ws/src/rover/install/rover_msgs/include/rover_msgs/rover_msgs/msg/detail/camera_angle__type_support.hpp\n'}
[14.619439] (rover_msgs) StdoutLine: {'line': b'-- Installing: /home/chris/ros2_ws/src/rover/install/rover_msgs/include/rover_msgs/rover_msgs/msg/detail/drivetrain_arbitration__traits.hpp\n'}
[14.619458] (rover_msgs) StdoutLine: {'line': b'-- Installing: /home/chris/ros2_ws/src/rover/install/rover_msgs/include/rover_msgs/rover_msgs/msg/detail/arm_msg__builder.hpp\n'}
[14.619503] (rover_msgs) StdoutLine: {'line': b'-- Installing: /home/chris/ros2_ws/src/rover/install/rover_msgs/include/rover_msgs/rover_msgs/msg/detail/light_control__builder.hpp\n'}
[14.619523] (rover_msgs) StdoutLine: {'line': b'-- Installing: /home/chris/ros2_ws/src/rover/install/rover_msgs/include/rover_msgs/rover_msgs/msg/detail/antenna_cmd__builder.hpp\n'}
[14.619543] (rover_msgs) StdoutLine: {'line': b'-- Installing: /home/chris/ros2_ws/src/rover/install/rover_msgs/include/rover_msgs/rover_msgs/msg/detail/antenna_cmd__struct.hpp\n'}
[14.619563] (rover_msgs) StdoutLine: {'line': b'-- Installing: /home/chris/ros2_ws/src/rover/install/rover_msgs/include/rover_msgs/rover_msgs/msg/detail/can_device_status__type_support.hpp\n'}
[14.619590] (rover_msgs) StdoutLine: {'line': b'-- Installing: /home/chris/ros2_ws/src/rover/install/rover_msgs/include/rover_msgs/rover_msgs/msg/detail/science_control__traits.hpp\n'}
[14.619618] (rover_msgs) StdoutLine: {'line': b'-- Installing: /home/chris/ros2_ws/src/rover/install/rover_msgs/include/rover_msgs/rover_msgs/msg/detail/arm_msg__traits.hpp\n'}
[14.619643] (rover_msgs) StdoutLine: {'line': b'-- Installing: /home/chris/ros2_ws/src/rover/install/rover_msgs/include/rover_msgs/rover_msgs/msg/detail/can_device_status__builder.hpp\n'}
[14.619669] (rover_msgs) StdoutLine: {'line': b'-- Installing: /home/chris/ros2_ws/src/rover/install/rover_msgs/include/rover_msgs/rover_msgs/msg/detail/camera_control__traits.hpp\n'}
[14.619689] (rover_msgs) StdoutLine: {'line': b'-- Installing: /home/chris/ros2_ws/src/rover/install/rover_msgs/include/rover_msgs/rover_msgs/msg/detail/joy_demux_status__builder.hpp\n'}
[14.619731] (rover_msgs) StdoutLine: {'line': b'-- Installing: /home/chris/ros2_ws/src/rover/install/rover_msgs/include/rover_msgs/rover_msgs/msg/detail/gps_position__type_support.hpp\n'}
[14.619763] (rover_msgs) StdoutLine: {'line': b'-- Installing: /home/chris/ros2_ws/src/rover/install/rover_msgs/include/rover_msgs/rover_msgs/msg/detail/compass__traits.hpp\n'}
[14.619784] (rover_msgs) StdoutLine: {'line': b'-- Installing: /home/chris/ros2_ws/src/rover/install/rover_msgs/include/rover_msgs/rover_msgs/msg/detail/propulsion_motor__traits.hpp\n'}
[14.619818] (rover_msgs) StdoutLine: {'line': b'-- Installing: /home/chris/ros2_ws/src/rover/install/rover_msgs/include/rover_msgs/rover_msgs/msg/detail/light_control__type_support.hpp\n'}
[14.619844] (rover_msgs) StdoutLine: {'line': b'-- Installing: /home/chris/ros2_ws/src/rover/install/rover_msgs/include/rover_msgs/rover_msgs/msg/detail/aruco__traits.hpp\n'}
[14.619870] (rover_msgs) StdoutLine: {'line': b'-- Installing: /home/chris/ros2_ws/src/rover/install/rover_msgs/include/rover_msgs/rover_msgs/msg/detail/gps_position__struct.hpp\n'}
[14.619891] (rover_msgs) StdoutLine: {'line': b'-- Installing: /home/chris/ros2_ws/src/rover/install/rover_msgs/include/rover_msgs/rover_msgs/msg/detail/gps_position__builder.hpp\n'}
[14.621660] (rover_msgs) StdoutLine: {'line': b'-- Installing: /home/chris/ros2_ws/src/rover/install/rover_msgs/include/rover_msgs/rover_msgs/msg/detail/aruco__type_support.hpp\n'}
[14.621688] (rover_msgs) StdoutLine: {'line': b'-- Installing: /home/chris/ros2_ws/src/rover/install/rover_msgs/include/rover_msgs/rover_msgs/msg/detail/camera_control__type_support.hpp\n'}
[14.621708] (rover_msgs) StdoutLine: {'line': b'-- Installing: /home/chris/ros2_ws/src/rover/install/rover_msgs/include/rover_msgs/rover_msgs/msg/detail/can_device_status__struct.hpp\n'}
[14.621728] (rover_msgs) StdoutLine: {'line': b'-- Installing: /home/chris/ros2_ws/src/rover/install/rover_msgs/include/rover_msgs/rover_msgs/msg/detail/arm_msg__type_support.hpp\n'}
[14.621748] (rover_msgs) StdoutLine: {'line': b'-- Installing: /home/chris/ros2_ws/src/rover/install/rover_msgs/include/rover_msgs/rover_msgs/msg/detail/light_control__traits.hpp\n'}
[14.621767] (rover_msgs) StdoutLine: {'line': b'-- Installing: /home/chris/ros2_ws/src/rover/install/rover_msgs/include/rover_msgs/rover_msgs/msg/detail/antenna_cmd__type_support.hpp\n'}
[14.621787] (rover_msgs) StdoutLine: {'line': b'-- Installing: /home/chris/ros2_ws/src/rover/install/rover_msgs/include/rover_msgs/rover_msgs/msg/detail/compass__type_support.hpp\n'}
[14.621807] (rover_msgs) StdoutLine: {'line': b'-- Installing: /home/chris/ros2_ws/src/rover/install/rover_msgs/include/rover_msgs/rover_msgs/msg/detail/joy__type_support.hpp\n'}
[14.621826] (rover_msgs) StdoutLine: {'line': b'-- Installing: /home/chris/ros2_ws/src/rover/install/rover_msgs/include/rover_msgs/rover_msgs/msg/detail/camera_angle__traits.hpp\n'}
[14.621846] (rover_msgs) StdoutLine: {'line': b'-- Installing: /home/chris/ros2_ws/src/rover/install/rover_msgs/include/rover_msgs/rover_msgs/msg/detail/gps__traits.hpp\n'}
[14.621865] (rover_msgs) StdoutLine: {'line': b'-- Installing: /home/chris/ros2_ws/src/rover/install/rover_msgs/include/rover_msgs/rover_msgs/msg/detail/drivetrain_arbitration__builder.hpp\n'}
[14.621885] (rover_msgs) StdoutLine: {'line': b'-- Installing: /home/chris/ros2_ws/src/rover/install/rover_msgs/include/rover_msgs/rover_msgs/msg/detail/propulsion_motor__struct.hpp\n'}
[14.621904] (rover_msgs) StdoutLine: {'line': b'-- Installing: /home/chris/ros2_ws/src/rover/install/rover_msgs/include/rover_msgs/rover_msgs/msg/detail/gps__struct.hpp\n'}
[14.621924] (rover_msgs) StdoutLine: {'line': b'-- Installing: /home/chris/ros2_ws/src/rover/install/rover_msgs/include/rover_msgs/rover_msgs/msg/detail/propulsion_motor__builder.hpp\n'}
[14.621943] (rover_msgs) StdoutLine: {'line': b'-- Installing: /home/chris/ros2_ws/src/rover/install/rover_msgs/include/rover_msgs/rover_msgs/msg/detail/joy_demux_status__type_support.hpp\n'}
[14.621965] (rover_msgs) StdoutLine: {'line': b'-- Installing: /home/chris/ros2_ws/src/rover/install/rover_msgs/include/rover_msgs/rover_msgs/msg/detail/compass__struct.hpp\n'}
[14.621985] (rover_msgs) StdoutLine: {'line': b'-- Installing: /home/chris/ros2_ws/src/rover/install/rover_msgs/include/rover_msgs/rover_msgs/msg/detail/compass__builder.hpp\n'}
[14.622004] (rover_msgs) StdoutLine: {'line': b'-- Installing: /home/chris/ros2_ws/src/rover/install/rover_msgs/include/rover_msgs/rover_msgs/msg/detail/science_control__type_support.hpp\n'}
[14.622024] (rover_msgs) StdoutLine: {'line': b'-- Installing: /home/chris/ros2_ws/src/rover/install/rover_msgs/include/rover_msgs/rover_msgs/msg/detail/camera_angle__builder.hpp\n'}
[14.622043] (rover_msgs) StdoutLine: {'line': b'-- Installing: /home/chris/ros2_ws/src/rover/install/rover_msgs/include/rover_msgs/rover_msgs/msg/detail/joy_demux_status__traits.hpp\n'}
[14.622063] (rover_msgs) StdoutLine: {'line': b'-- Installing: /home/chris/ros2_ws/src/rover/install/rover_msgs/include/rover_msgs/rover_msgs/msg/detail/camera_control__builder.hpp\n'}
[14.622084] (rover_msgs) StdoutLine: {'line': b'-- Installing: /home/chris/ros2_ws/src/rover/install/rover_msgs/include/rover_msgs/rover_msgs/msg/detail/science_control__struct.hpp\n'}
[14.622103] (rover_msgs) StdoutLine: {'line': b'-- Installing: /home/chris/ros2_ws/src/rover/install/rover_msgs/include/rover_msgs/rover_msgs/msg/detail/camera_control__struct.hpp\n'}
[14.622124] (rover_msgs) StdoutLine: {'line': b'-- Installing: /home/chris/ros2_ws/src/rover/install/rover_msgs/include/rover_msgs/rover_msgs/msg/detail/joy__struct.hpp\n'}
[14.622150] (rover_msgs) StdoutLine: {'line': b'-- Installing: /home/chris/ros2_ws/src/rover/install/rover_msgs/include/rover_msgs/rover_msgs/msg/detail/light_control__struct.hpp\n'}
[14.622173] (rover_msgs) StdoutLine: {'line': b'-- Installing: /home/chris/ros2_ws/src/rover/install/rover_msgs/include/rover_msgs/rover_msgs/msg/detail/antenna_cmd__traits.hpp\n'}
[14.622193] (rover_msgs) StdoutLine: {'line': b'-- Installing: /home/chris/ros2_ws/src/rover/install/rover_msgs/include/rover_msgs/rover_msgs/msg/detail/joy__builder.hpp\n'}
[14.622213] (rover_msgs) StdoutLine: {'line': b'-- Installing: /home/chris/ros2_ws/src/rover/install/rover_msgs/include/rover_msgs/rover_msgs/msg/detail/joy_demux_status__struct.hpp\n'}
[14.622232] (rover_msgs) StdoutLine: {'line': b'-- Installing: /home/chris/ros2_ws/src/rover/install/rover_msgs/include/rover_msgs/rover_msgs/msg/detail/aruco__struct.hpp\n'}
[14.622252] (rover_msgs) StdoutLine: {'line': b'-- Installing: /home/chris/ros2_ws/src/rover/install/rover_msgs/include/rover_msgs/rover_msgs/msg/detail/gps__builder.hpp\n'}
[14.622271] (rover_msgs) StdoutLine: {'line': b'-- Installing: /home/chris/ros2_ws/src/rover/install/rover_msgs/include/rover_msgs/rover_msgs/msg/detail/gps_position__traits.hpp\n'}
[14.622290] (rover_msgs) StdoutLine: {'line': b'-- Installing: /home/chris/ros2_ws/src/rover/install/rover_msgs/include/rover_msgs/rover_msgs/msg/detail/joy__traits.hpp\n'}
[14.622310] (rover_msgs) StdoutLine: {'line': b'-- Installing: /home/chris/ros2_ws/src/rover/install/rover_msgs/include/rover_msgs/rover_msgs/msg/detail/camera_angle__struct.hpp\n'}
[14.622330] (rover_msgs) StdoutLine: {'line': b'-- Installing: /home/chris/ros2_ws/src/rover/install/rover_msgs/include/rover_msgs/rover_msgs/msg/can_device_status.hpp\n'}
[14.622349] (rover_msgs) StdoutLine: {'line': b'-- Installing: /home/chris/ros2_ws/src/rover/install/rover_msgs/include/rover_msgs/rover_msgs/msg/camera_angle.hpp\n'}
[14.622369] (rover_msgs) StdoutLine: {'line': b'-- Installing: /home/chris/ros2_ws/src/rover/install/rover_msgs/include/rover_msgs/rover_msgs/msg/gps.hpp\n'}
[14.622389] (rover_msgs) StdoutLine: {'line': b'-- Installing: /home/chris/ros2_ws/src/rover/install/rover_msgs/include/rover_msgs/rover_msgs/msg/aruco.hpp\n'}
[14.622408] (rover_msgs) StdoutLine: {'line': b'-- Installing: /home/chris/ros2_ws/src/rover/install/rover_msgs/include/rover_msgs/rover_msgs/msg/antenna_cmd.hpp\n'}
[14.622428] (rover_msgs) StdoutLine: {'line': b'-- Installing: /home/chris/ros2_ws/src/rover/install/rover_msgs/include/rover_msgs/rover_msgs/msg/camera_control.hpp\n'}
[14.622447] (rover_msgs) StdoutLine: {'line': b'-- Installing: /home/chris/ros2_ws/src/rover/install/rover_msgs/include/rover_msgs/rover_msgs/msg/compass.hpp\n'}
[14.622467] (rover_msgs) StdoutLine: {'line': b'-- Installing: /home/chris/ros2_ws/src/rover/install/rover_msgs/include/rover_msgs/rover_msgs/msg/arm_msg.hpp\n'}
[14.622486] (rover_msgs) StdoutLine: {'line': b'-- Installing: /home/chris/ros2_ws/src/rover/install/rover_msgs/include/rover_msgs/rover_msgs/msg/science_control.hpp\n'}
[14.622506] (rover_msgs) StdoutLine: {'line': b'-- Up-to-date: /home/chris/ros2_ws/src/rover/install/rover_msgs/include/rover_msgs/rover_msgs\n'}
[14.622525] (rover_msgs) StdoutLine: {'line': b'-- Up-to-date: /home/chris/ros2_ws/src/rover/install/rover_msgs/include/rover_msgs/rover_msgs/srv\n'}
[14.622545] (rover_msgs) StdoutLine: {'line': b'-- Up-to-date: /home/chris/ros2_ws/src/rover/install/rover_msgs/include/rover_msgs/rover_msgs/srv/detail\n'}
[14.622566] (rover_msgs) StdoutLine: {'line': b'-- Installing: /home/chris/ros2_ws/src/rover/install/rover_msgs/include/rover_msgs/rover_msgs/srv/detail/light_control__rosidl_typesupport_fastrtps_cpp.hpp\n'}
[14.622601] (rover_msgs) StdoutLine: {'line': b'-- Installing: /home/chris/ros2_ws/src/rover/install/rover_msgs/include/rover_msgs/rover_msgs/srv/detail/pano_control__rosidl_typesupport_fastrtps_cpp.hpp\n'}
[14.622622] (rover_msgs) StdoutLine: {'line': b'-- Installing: /home/chris/ros2_ws/src/rover/install/rover_msgs/include/rover_msgs/rover_msgs/srv/detail/dds_fastrtps\n'}
[14.622680] (rover_msgs) StdoutLine: {'line': b'-- Installing: /home/chris/ros2_ws/src/rover/install/rover_msgs/include/rover_msgs/rover_msgs/srv/detail/antenna_arbitration__rosidl_typesupport_fastrtps_cpp.hpp\n'}
[14.622701] (rover_msgs) StdoutLine: {'line': b'-- Installing: /home/chris/ros2_ws/src/rover/install/rover_msgs/include/rover_msgs/rover_msgs/srv/detail/joy_demux_set_state__rosidl_typesupport_fastrtps_cpp.hpp\n'}
[14.622734] (rover_msgs) StdoutLine: {'line': b'-- Installing: /home/chris/ros2_ws/src/rover/install/rover_msgs/include/rover_msgs/rover_msgs/srv/detail/rtsp_stream__rosidl_typesupport_fastrtps_cpp.hpp\n'}
[14.622754] (rover_msgs) StdoutLine: {'line': b'-- Installing: /home/chris/ros2_ws/src/rover/install/rover_msgs/include/rover_msgs/rover_msgs/srv/detail/new_gps_goal__rosidl_typesupport_fastrtps_cpp.hpp\n'}
[14.622774] (rover_msgs) StdoutLine: {'line': b'-- Installing: /home/chris/ros2_ws/src/rover/install/rover_msgs/include/rover_msgs/rover_msgs/srv/detail/drive_train_arbitration__rosidl_typesupport_fastrtps_cpp.hpp\n'}
[14.622817] (rover_msgs) StdoutLine: {'line': b'-- Installing: /home/chris/ros2_ws/src/rover/install/rover_msgs/include/rover_msgs/rover_msgs/srv/detail/screenshot_control__rosidl_typesupport_fastrtps_cpp.hpp\n'}
[14.622837] (rover_msgs) StdoutLine: {'line': b'-- Installing: /home/chris/ros2_ws/src/rover/install/rover_msgs/include/rover_msgs/rover_msgs/srv/detail/compass_calibration__rosidl_typesupport_fastrtps_cpp.hpp\n'}
[14.622857] (rover_msgs) StdoutLine: {'line': b'-- Up-to-date: /home/chris/ros2_ws/src/rover/install/rover_msgs/include/rover_msgs/rover_msgs/msg\n'}
[14.622876] (rover_msgs) StdoutLine: {'line': b'-- Up-to-date: /home/chris/ros2_ws/src/rover/install/rover_msgs/include/rover_msgs/rover_msgs/msg/detail\n'}
[14.622896] (rover_msgs) StdoutLine: {'line': b'-- Installing: /home/chris/ros2_ws/src/rover/install/rover_msgs/include/rover_msgs/rover_msgs/msg/detail/propulsion_motor__rosidl_typesupport_fastrtps_cpp.hpp\n'}
[14.622916] (rover_msgs) StdoutLine: {'line': b'-- Installing: /home/chris/ros2_ws/src/rover/install/rover_msgs/include/rover_msgs/rover_msgs/msg/detail/gps__rosidl_typesupport_fastrtps_cpp.hpp\n'}
[14.622936] (rover_msgs) StdoutLine: {'line': b'-- Installing: /home/chris/ros2_ws/src/rover/install/rover_msgs/include/rover_msgs/rover_msgs/msg/detail/science_control__rosidl_typesupport_fastrtps_cpp.hpp\n'}
[14.622955] (rover_msgs) StdoutLine: {'line': b'-- Installing: /home/chris/ros2_ws/src/rover/install/rover_msgs/include/rover_msgs/rover_msgs/msg/detail/light_control__rosidl_typesupport_fastrtps_cpp.hpp\n'}
[14.622975] (rover_msgs) StdoutLine: {'line': b'-- Installing: /home/chris/ros2_ws/src/rover/install/rover_msgs/include/rover_msgs/rover_msgs/msg/detail/joy_demux_status__rosidl_typesupport_fastrtps_cpp.hpp\n'}
[14.622995] (rover_msgs) StdoutLine: {'line': b'-- Installing: /home/chris/ros2_ws/src/rover/install/rover_msgs/include/rover_msgs/rover_msgs/msg/detail/drivetrain_arbitration__rosidl_typesupport_fastrtps_cpp.hpp\n'}
[14.623027] (rover_msgs) StdoutLine: {'line': b'-- Installing: /home/chris/ros2_ws/src/rover/install/rover_msgs/include/rover_msgs/rover_msgs/msg/detail/aruco__rosidl_typesupport_fastrtps_cpp.hpp\n'}
[14.623077] (rover_msgs) StdoutLine: {'line': b'-- Installing: /home/chris/ros2_ws/src/rover/install/rover_msgs/include/rover_msgs/rover_msgs/msg/detail/dds_fastrtps\n'}
[14.623118] (rover_msgs) StdoutLine: {'line': b'-- Installing: /home/chris/ros2_ws/src/rover/install/rover_msgs/include/rover_msgs/rover_msgs/msg/detail/compass__rosidl_typesupport_fastrtps_cpp.hpp\n'}
[14.623138] (rover_msgs) StdoutLine: {'line': b'-- Installing: /home/chris/ros2_ws/src/rover/install/rover_msgs/include/rover_msgs/rover_msgs/msg/detail/camera_control__rosidl_typesupport_fastrtps_cpp.hpp\n'}
[14.623166] (rover_msgs) StdoutLine: {'line': b'-- Installing: /home/chris/ros2_ws/src/rover/install/rover_msgs/include/rover_msgs/rover_msgs/msg/detail/joy__rosidl_typesupport_fastrtps_cpp.hpp\n'}
[14.623191] (rover_msgs) StdoutLine: {'line': b'-- Installing: /home/chris/ros2_ws/src/rover/install/rover_msgs/include/rover_msgs/rover_msgs/msg/detail/arm_msg__rosidl_typesupport_fastrtps_cpp.hpp\n'}
[14.623218] (rover_msgs) StdoutLine: {'line': b'-- Installing: /home/chris/ros2_ws/src/rover/install/rover_msgs/include/rover_msgs/rover_msgs/msg/detail/gps_position__rosidl_typesupport_fastrtps_cpp.hpp\n'}
[14.623238] (rover_msgs) StdoutLine: {'line': b'-- Installing: /home/chris/ros2_ws/src/rover/install/rover_msgs/include/rover_msgs/rover_msgs/msg/detail/antenna_cmd__rosidl_typesupport_fastrtps_cpp.hpp\n'}
[14.623270] (rover_msgs) StdoutLine: {'line': b'-- Installing: /home/chris/ros2_ws/src/rover/install/rover_msgs/include/rover_msgs/rover_msgs/msg/detail/camera_angle__rosidl_typesupport_fastrtps_cpp.hpp\n'}
[14.623290] (rover_msgs) StdoutLine: {'line': b'-- Installing: /home/chris/ros2_ws/src/rover/install/rover_msgs/include/rover_msgs/rover_msgs/msg/detail/can_device_status__rosidl_typesupport_fastrtps_cpp.hpp\n'}
[14.623322] (rover_msgs) StdoutLine: {'line': b'-- Installing: /home/chris/ros2_ws/src/rover/install/rover_msgs/include/rover_msgs/rover_msgs/msg/rosidl_typesupport_fastrtps_cpp__visibility_control.h\n'}
[14.623343] (rover_msgs) StdoutLine: {'line': b'-- Installing: /home/chris/ros2_ws/src/rover/install/rover_msgs/lib/librover_msgs__rosidl_typesupport_fastrtps_cpp.so\n'}
[14.623377] (rover_msgs) StdoutLine: {'line': b'-- Set runtime path of "/home/chris/ros2_ws/src/rover/install/rover_msgs/lib/librover_msgs__rosidl_typesupport_fastrtps_cpp.so" to ""\n'}
[14.623403] (rover_msgs) StdoutLine: {'line': b'-- Up-to-date: /home/chris/ros2_ws/src/rover/install/rover_msgs/include/rover_msgs/rover_msgs\n'}
[14.623429] (rover_msgs) StdoutLine: {'line': b'-- Up-to-date: /home/chris/ros2_ws/src/rover/install/rover_msgs/include/rover_msgs/rover_msgs/srv\n'}
[14.623461] (rover_msgs) StdoutLine: {'line': b'-- Up-to-date: /home/chris/ros2_ws/src/rover/install/rover_msgs/include/rover_msgs/rover_msgs/srv/detail\n'}
[14.623482] (rover_msgs) StdoutLine: {'line': b'-- Installing: /home/chris/ros2_ws/src/rover/install/rover_msgs/include/rover_msgs/rover_msgs/srv/detail/antenna_arbitration__type_support.cpp\n'}
[14.623517] (rover_msgs) StdoutLine: {'line': b'-- Installing: /home/chris/ros2_ws/src/rover/install/rover_msgs/include/rover_msgs/rover_msgs/srv/detail/light_control__type_support.cpp\n'}
[14.623542] (rover_msgs) StdoutLine: {'line': b'-- Installing: /home/chris/ros2_ws/src/rover/install/rover_msgs/include/rover_msgs/rover_msgs/srv/detail/joy_demux_set_state__type_support.cpp\n'}
[14.623568] (rover_msgs) StdoutLine: {'line': b'-- Installing: /home/chris/ros2_ws/src/rover/install/rover_msgs/include/rover_msgs/rover_msgs/srv/detail/drive_train_arbitration__rosidl_typesupport_introspection_cpp.hpp\n'}
[14.623608] (rover_msgs) StdoutLine: {'line': b'-- Installing: /home/chris/ros2_ws/src/rover/install/rover_msgs/include/rover_msgs/rover_msgs/srv/detail/screenshot_control__type_support.cpp\n'}
[14.623628] (rover_msgs) StdoutLine: {'line': b'-- Installing: /home/chris/ros2_ws/src/rover/install/rover_msgs/include/rover_msgs/rover_msgs/srv/detail/rtsp_stream__type_support.cpp\n'}
[14.623660] (rover_msgs) StdoutLine: {'line': b'-- Installing: /home/chris/ros2_ws/src/rover/install/rover_msgs/include/rover_msgs/rover_msgs/srv/detail/drive_train_arbitration__type_support.cpp\n'}
[14.623692] (rover_msgs) StdoutLine: {'line': b'-- Installing: /home/chris/ros2_ws/src/rover/install/rover_msgs/include/rover_msgs/rover_msgs/srv/detail/antenna_arbitration__rosidl_typesupport_introspection_cpp.hpp\n'}
[14.623713] (rover_msgs) StdoutLine: {'line': b'-- Installing: /home/chris/ros2_ws/src/rover/install/rover_msgs/include/rover_msgs/rover_msgs/srv/detail/light_control__rosidl_typesupport_introspection_cpp.hpp\n'}
[14.623741] (rover_msgs) StdoutLine: {'line': b'-- Installing: /home/chris/ros2_ws/src/rover/install/rover_msgs/include/rover_msgs/rover_msgs/srv/detail/compass_calibration__rosidl_typesupport_introspection_cpp.hpp\n'}
[14.623767] (rover_msgs) StdoutLine: {'line': b'-- Installing: /home/chris/ros2_ws/src/rover/install/rover_msgs/include/rover_msgs/rover_msgs/srv/detail/pano_control__rosidl_typesupport_introspection_cpp.hpp\n'}
[14.623794] (rover_msgs) StdoutLine: {'line': b'-- Installing: /home/chris/ros2_ws/src/rover/install/rover_msgs/include/rover_msgs/rover_msgs/srv/detail/new_gps_goal__rosidl_typesupport_introspection_cpp.hpp\n'}
[14.623825] (rover_msgs) StdoutLine: {'line': b'-- Installing: /home/chris/ros2_ws/src/rover/install/rover_msgs/include/rover_msgs/rover_msgs/srv/detail/rtsp_stream__rosidl_typesupport_introspection_cpp.hpp\n'}
[14.623845] (rover_msgs) StdoutLine: {'line': b'-- Installing: /home/chris/ros2_ws/src/rover/install/rover_msgs/include/rover_msgs/rover_msgs/srv/detail/compass_calibration__type_support.cpp\n'}
[14.623886] (rover_msgs) StdoutLine: {'line': b'-- Installing: /home/chris/ros2_ws/src/rover/install/rover_msgs/include/rover_msgs/rover_msgs/srv/detail/pano_control__type_support.cpp\n'}
[14.623907] (rover_msgs) StdoutLine: {'line': b'-- Installing: /home/chris/ros2_ws/src/rover/install/rover_msgs/include/rover_msgs/rover_msgs/srv/detail/joy_demux_set_state__rosidl_typesupport_introspection_cpp.hpp\n'}
[14.623937] (rover_msgs) StdoutLine: {'line': b'-- Installing: /home/chris/ros2_ws/src/rover/install/rover_msgs/include/rover_msgs/rover_msgs/srv/detail/new_gps_goal__type_support.cpp\n'}
[14.623974] (rover_msgs) StdoutLine: {'line': b'-- Installing: /home/chris/ros2_ws/src/rover/install/rover_msgs/include/rover_msgs/rover_msgs/srv/detail/screenshot_control__rosidl_typesupport_introspection_cpp.hpp\n'}
[14.624012] (rover_msgs) StdoutLine: {'line': b'-- Up-to-date: /home/chris/ros2_ws/src/rover/install/rover_msgs/include/rover_msgs/rover_msgs/msg\n'}
[14.624032] (rover_msgs) StdoutLine: {'line': b'-- Up-to-date: /home/chris/ros2_ws/src/rover/install/rover_msgs/include/rover_msgs/rover_msgs/msg/detail\n'}
[14.624064] (rover_msgs) StdoutLine: {'line': b'-- Installing: /home/chris/ros2_ws/src/rover/install/rover_msgs/include/rover_msgs/rover_msgs/msg/detail/can_device_status__rosidl_typesupport_introspection_cpp.hpp\n'}
[14.624090] (rover_msgs) StdoutLine: {'line': b'-- Installing: /home/chris/ros2_ws/src/rover/install/rover_msgs/include/rover_msgs/rover_msgs/msg/detail/gps_position__type_support.cpp\n'}
[14.624116] (rover_msgs) StdoutLine: {'line': b'-- Installing: /home/chris/ros2_ws/src/rover/install/rover_msgs/include/rover_msgs/rover_msgs/msg/detail/light_control__type_support.cpp\n'}
[14.624145] (rover_msgs) StdoutLine: {'line': b'-- Installing: /home/chris/ros2_ws/src/rover/install/rover_msgs/include/rover_msgs/rover_msgs/msg/detail/aruco__rosidl_typesupport_introspection_cpp.hpp\n'}
[14.624181] (rover_msgs) StdoutLine: {'line': b'-- Installing: /home/chris/ros2_ws/src/rover/install/rover_msgs/include/rover_msgs/rover_msgs/msg/detail/arm_msg__rosidl_typesupport_introspection_cpp.hpp\n'}
[14.624226] (rover_msgs) StdoutLine: {'line': b'-- Installing: /home/chris/ros2_ws/src/rover/install/rover_msgs/include/rover_msgs/rover_msgs/msg/detail/compass__type_support.cpp\n'}
[14.624292] (rover_msgs) StdoutLine: {'line': b'-- Installing: /home/chris/ros2_ws/src/rover/install/rover_msgs/include/rover_msgs/rover_msgs/msg/detail/arm_msg__type_support.cpp\n'}
[14.624332] (rover_msgs) StdoutLine: {'line': b'-- Installing: /home/chris/ros2_ws/src/rover/install/rover_msgs/include/rover_msgs/rover_msgs/msg/detail/antenna_cmd__rosidl_typesupport_introspection_cpp.hpp\n'}
[14.624376] (rover_msgs) StdoutLine: {'line': b'-- Installing: /home/chris/ros2_ws/src/rover/install/rover_msgs/include/rover_msgs/rover_msgs/msg/detail/science_control__type_support.cpp\n'}
[14.624440] (rover_msgs) StdoutLine: {'line': b'-- Installing: /home/chris/ros2_ws/src/rover/install/rover_msgs/include/rover_msgs/rover_msgs/msg/detail/joy_demux_status__rosidl_typesupport_introspection_cpp.hpp\n'}
[14.624475] (rover_msgs) StdoutLine: {'line': b'-- Installing: /home/chris/ros2_ws/src/rover/install/rover_msgs/include/rover_msgs/rover_msgs/msg/detail/propulsion_motor__type_support.cpp\n'}
[14.624547] (rover_msgs) StdoutLine: {'line': b'-- Installing: /home/chris/ros2_ws/src/rover/install/rover_msgs/include/rover_msgs/rover_msgs/msg/detail/gps__rosidl_typesupport_introspection_cpp.hpp\n'}
[14.624590] (rover_msgs) StdoutLine: {'line': b'-- Installing: /home/chris/ros2_ws/src/rover/install/rover_msgs/include/rover_msgs/rover_msgs/msg/detail/camera_angle__type_support.cpp\n'}
[14.624651] (rover_msgs) StdoutLine: {'line': b'-- Installing: /home/chris/ros2_ws/src/rover/install/rover_msgs/include/rover_msgs/rover_msgs/msg/detail/science_control__rosidl_typesupport_introspection_cpp.hpp\n'}
[14.624694] (rover_msgs) StdoutLine: {'line': b'-- Installing: /home/chris/ros2_ws/src/rover/install/rover_msgs/include/rover_msgs/rover_msgs/msg/detail/can_device_status__type_support.cpp\n'}
[14.624756] (rover_msgs) StdoutLine: {'line': b'-- Installing: /home/chris/ros2_ws/src/rover/install/rover_msgs/include/rover_msgs/rover_msgs/msg/detail/gps__type_support.cpp\n'}
[14.624798] (rover_msgs) StdoutLine: {'line': b'-- Installing: /home/chris/ros2_ws/src/rover/install/rover_msgs/include/rover_msgs/rover_msgs/msg/detail/camera_control__rosidl_typesupport_introspection_cpp.hpp\n'}
[14.624874] (rover_msgs) StdoutLine: {'line': b'-- Installing: /home/chris/ros2_ws/src/rover/install/rover_msgs/include/rover_msgs/rover_msgs/msg/detail/joy_demux_status__type_support.cpp\n'}
[14.624915] (rover_msgs) StdoutLine: {'line': b'-- Installing: /home/chris/ros2_ws/src/rover/install/rover_msgs/include/rover_msgs/rover_msgs/msg/detail/propulsion_motor__rosidl_typesupport_introspection_cpp.hpp\n'}
[14.624975] (rover_msgs) StdoutLine: {'line': b'-- Installing: /home/chris/ros2_ws/src/rover/install/rover_msgs/include/rover_msgs/rover_msgs/msg/detail/light_control__rosidl_typesupport_introspection_cpp.hpp\n'}
[14.625011] (rover_msgs) StdoutLine: {'line': b'-- Installing: /home/chris/ros2_ws/src/rover/install/rover_msgs/include/rover_msgs/rover_msgs/msg/detail/camera_angle__rosidl_typesupport_introspection_cpp.hpp\n'}
[14.625049] (rover_msgs) StdoutLine: {'line': b'-- Installing: /home/chris/ros2_ws/src/rover/install/rover_msgs/include/rover_msgs/rover_msgs/msg/detail/antenna_cmd__type_support.cpp\n'}
[14.625112] (rover_msgs) StdoutLine: {'line': b'-- Installing: /home/chris/ros2_ws/src/rover/install/rover_msgs/include/rover_msgs/rover_msgs/msg/detail/joy__rosidl_typesupport_introspection_cpp.hpp\n'}
[14.625149] (rover_msgs) StdoutLine: {'line': b'-- Installing: /home/chris/ros2_ws/src/rover/install/rover_msgs/include/rover_msgs/rover_msgs/msg/detail/drivetrain_arbitration__rosidl_typesupport_introspection_cpp.hpp\n'}
[14.625212] (rover_msgs) StdoutLine: {'line': b'-- Installing: /home/chris/ros2_ws/src/rover/install/rover_msgs/include/rover_msgs/rover_msgs/msg/detail/compass__rosidl_typesupport_introspection_cpp.hpp\n'}
[14.625246] (rover_msgs) StdoutLine: {'line': b'-- Installing: /home/chris/ros2_ws/src/rover/install/rover_msgs/include/rover_msgs/rover_msgs/msg/detail/aruco__type_support.cpp\n'}
[14.625295] (rover_msgs) StdoutLine: {'line': b'-- Installing: /home/chris/ros2_ws/src/rover/install/rover_msgs/include/rover_msgs/rover_msgs/msg/detail/joy__type_support.cpp\n'}
[14.625339] (rover_msgs) StdoutLine: {'line': b'-- Installing: /home/chris/ros2_ws/src/rover/install/rover_msgs/include/rover_msgs/rover_msgs/msg/detail/camera_control__type_support.cpp\n'}
[14.625400] (rover_msgs) StdoutLine: {'line': b'-- Installing: /home/chris/ros2_ws/src/rover/install/rover_msgs/include/rover_msgs/rover_msgs/msg/detail/gps_position__rosidl_typesupport_introspection_cpp.hpp\n'}
[14.625441] (rover_msgs) StdoutLine: {'line': b'-- Installing: /home/chris/ros2_ws/src/rover/install/rover_msgs/include/rover_msgs/rover_msgs/msg/detail/drivetrain_arbitration__type_support.cpp\n'}
[14.625519] (rover_msgs) StdoutLine: {'line': b'-- Installing: /home/chris/ros2_ws/src/rover/install/rover_msgs/lib/librover_msgs__rosidl_typesupport_introspection_cpp.so\n'}
[14.625779] (rover_msgs) StdoutLine: {'line': b'-- Set runtime path of "/home/chris/ros2_ws/src/rover/install/rover_msgs/lib/librover_msgs__rosidl_typesupport_introspection_cpp.so" to ""\n'}
[14.625815] (rover_msgs) StdoutLine: {'line': b'-- Installing: /home/chris/ros2_ws/src/rover/install/rover_msgs/lib/librover_msgs__rosidl_typesupport_cpp.so\n'}
[14.625971] (rover_msgs) StdoutLine: {'line': b'-- Set runtime path of "/home/chris/ros2_ws/src/rover/install/rover_msgs/lib/librover_msgs__rosidl_typesupport_cpp.so" to ""\n'}
[14.626013] (rover_msgs) StdoutLine: {'line': b'-- Installing: /home/chris/ros2_ws/src/rover/install/rover_msgs/share/rover_msgs/environment/pythonpath.sh\n'}
[14.626052] (rover_msgs) StdoutLine: {'line': b'-- Installing: /home/chris/ros2_ws/src/rover/install/rover_msgs/share/rover_msgs/environment/pythonpath.dsv\n'}
[14.626125] (rover_msgs) StdoutLine: {'line': b'-- Installing: /home/chris/ros2_ws/src/rover/install/rover_msgs/local/lib/python3.10/dist-packages/rover_msgs-0.0.0-py3.10.egg-info\n'}
[14.626197] (rover_msgs) StdoutLine: {'line': b'-- Installing: /home/chris/ros2_ws/src/rover/install/rover_msgs/local/lib/python3.10/dist-packages/rover_msgs-0.0.0-py3.10.egg-info/PKG-INFO\n'}
[14.626230] (rover_msgs) StdoutLine: {'line': b'-- Installing: /home/chris/ros2_ws/src/rover/install/rover_msgs/local/lib/python3.10/dist-packages/rover_msgs-0.0.0-py3.10.egg-info/top_level.txt\n'}
[14.626263] (rover_msgs) StdoutLine: {'line': b'-- Installing: /home/chris/ros2_ws/src/rover/install/rover_msgs/local/lib/python3.10/dist-packages/rover_msgs-0.0.0-py3.10.egg-info/dependency_links.txt\n'}
[14.626303] (rover_msgs) StdoutLine: {'line': b'-- Installing: /home/chris/ros2_ws/src/rover/install/rover_msgs/local/lib/python3.10/dist-packages/rover_msgs-0.0.0-py3.10.egg-info/SOURCES.txt\n'}
[14.626384] (rover_msgs) StdoutLine: {'line': b'-- Installing: /home/chris/ros2_ws/src/rover/install/rover_msgs/local/lib/python3.10/dist-packages/rover_msgs\n'}
[14.626424] (rover_msgs) StdoutLine: {'line': b'-- Installing: /home/chris/ros2_ws/src/rover/install/rover_msgs/local/lib/python3.10/dist-packages/rover_msgs/_rover_msgs_s.ep.rosidl_typesupport_fastrtps_c.c\n'}
[14.626554] (rover_msgs) StdoutLine: {'line': b'-- Installing: /home/chris/ros2_ws/src/rover/install/rover_msgs/local/lib/python3.10/dist-packages/rover_msgs/srv\n'}
[14.626594] (rover_msgs) StdoutLine: {'line': b'-- Installing: /home/chris/ros2_ws/src/rover/install/rover_msgs/local/lib/python3.10/dist-packages/rover_msgs/srv/_pano_control.py\n'}
[14.626630] (rover_msgs) StdoutLine: {'line': b'-- Installing: /home/chris/ros2_ws/src/rover/install/rover_msgs/local/lib/python3.10/dist-packages/rover_msgs/srv/_compass_calibration.py\n'}
[14.626691] (rover_msgs) StdoutLine: {'line': b'-- Installing: /home/chris/ros2_ws/src/rover/install/rover_msgs/local/lib/python3.10/dist-packages/rover_msgs/srv/_drive_train_arbitration_s.c\n'}
[14.626725] (rover_msgs) StdoutLine: {'line': b'-- Installing: /home/chris/ros2_ws/src/rover/install/rover_msgs/local/lib/python3.10/dist-packages/rover_msgs/srv/_rtsp_stream_s.c\n'}
[14.626762] (rover_msgs) StdoutLine: {'line': b'-- Installing: /home/chris/ros2_ws/src/rover/install/rover_msgs/local/lib/python3.10/dist-packages/rover_msgs/srv/_drive_train_arbitration.py\n'}
[14.626822] (rover_msgs) StdoutLine: {'line': b'-- Installing: /home/chris/ros2_ws/src/rover/install/rover_msgs/local/lib/python3.10/dist-packages/rover_msgs/srv/_pano_control_s.c\n'}
[14.626857] (rover_msgs) StdoutLine: {'line': b'-- Installing: /home/chris/ros2_ws/src/rover/install/rover_msgs/local/lib/python3.10/dist-packages/rover_msgs/srv/_compass_calibration_s.c\n'}
[14.626898] (rover_msgs) StdoutLine: {'line': b'-- Installing: /home/chris/ros2_ws/src/rover/install/rover_msgs/local/lib/python3.10/dist-packages/rover_msgs/srv/_antenna_arbitration_s.c\n'}
[14.626956] (rover_msgs) StdoutLine: {'line': b'-- Installing: /home/chris/ros2_ws/src/rover/install/rover_msgs/local/lib/python3.10/dist-packages/rover_msgs/srv/_joy_demux_set_state.py\n'}
[14.626991] (rover_msgs) StdoutLine: {'line': b'-- Installing: /home/chris/ros2_ws/src/rover/install/rover_msgs/local/lib/python3.10/dist-packages/rover_msgs/srv/_rtsp_stream.py\n'}
[14.627064] (rover_msgs) StdoutLine: {'line': b'-- Installing: /home/chris/ros2_ws/src/rover/install/rover_msgs/local/lib/python3.10/dist-packages/rover_msgs/srv/_light_control_s.c\n'}
[14.627098] (rover_msgs) StdoutLine: {'line': b'-- Installing: /home/chris/ros2_ws/src/rover/install/rover_msgs/local/lib/python3.10/dist-packages/rover_msgs/srv/_antenna_arbitration.py\n'}
[14.627158] (rover_msgs) StdoutLine: {'line': b'-- Installing: /home/chris/ros2_ws/src/rover/install/rover_msgs/local/lib/python3.10/dist-packages/rover_msgs/srv/_screenshot_control.py\n'}
[14.627193] (rover_msgs) StdoutLine: {'line': b'-- Installing: /home/chris/ros2_ws/src/rover/install/rover_msgs/local/lib/python3.10/dist-packages/rover_msgs/srv/_joy_demux_set_state_s.c\n'}
[14.627231] (rover_msgs) StdoutLine: {'line': b'-- Installing: /home/chris/ros2_ws/src/rover/install/rover_msgs/local/lib/python3.10/dist-packages/rover_msgs/srv/_light_control.py\n'}
[14.627293] (rover_msgs) StdoutLine: {'line': b'-- Installing: /home/chris/ros2_ws/src/rover/install/rover_msgs/local/lib/python3.10/dist-packages/rover_msgs/srv/_new_gps_goal.py\n'}
[14.627327] (rover_msgs) StdoutLine: {'line': b'-- Installing: /home/chris/ros2_ws/src/rover/install/rover_msgs/local/lib/python3.10/dist-packages/rover_msgs/srv/_new_gps_goal_s.c\n'}
[14.627390] (rover_msgs) StdoutLine: {'line': b'-- Installing: /home/chris/ros2_ws/src/rover/install/rover_msgs/local/lib/python3.10/dist-packages/rover_msgs/srv/__init__.py\n'}
[14.627426] (rover_msgs) StdoutLine: {'line': b'-- Installing: /home/chris/ros2_ws/src/rover/install/rover_msgs/local/lib/python3.10/dist-packages/rover_msgs/srv/_screenshot_control_s.c\n'}
[14.627466] (rover_msgs) StdoutLine: {'line': b'-- Installing: /home/chris/ros2_ws/src/rover/install/rover_msgs/local/lib/python3.10/dist-packages/rover_msgs/rover_msgs_s__rosidl_typesupport_fastrtps_c.cpython-310-aarch64-linux-gnu.so\n'}
[14.627563] (rover_msgs) StdoutLine: {'line': b'-- Installing: /home/chris/ros2_ws/src/rover/install/rover_msgs/local/lib/python3.10/dist-packages/rover_msgs/rover_msgs_s__rosidl_typesupport_introspection_c.cpython-310-aarch64-linux-gnu.so\n'}
[14.627661] (rover_msgs) StdoutLine: {'line': b'-- Installing: /home/chris/ros2_ws/src/rover/install/rover_msgs/local/lib/python3.10/dist-packages/rover_msgs/rover_msgs_s__rosidl_typesupport_c.cpython-310-aarch64-linux-gnu.so\n'}
[14.627749] (rover_msgs) StdoutLine: {'line': b'-- Installing: /home/chris/ros2_ws/src/rover/install/rover_msgs/local/lib/python3.10/dist-packages/rover_msgs/librover_msgs__rosidl_generator_py.so\n'}
[14.627851] (rover_msgs) StdoutLine: {'line': b'-- Installing: /home/chris/ros2_ws/src/rover/install/rover_msgs/local/lib/python3.10/dist-packages/rover_msgs/_rover_msgs_s.ep.rosidl_typesupport_c.c\n'}
[14.627980] (rover_msgs) StdoutLine: {'line': b'-- Installing: /home/chris/ros2_ws/src/rover/install/rover_msgs/local/lib/python3.10/dist-packages/rover_msgs/msg\n'}
[14.628013] (rover_msgs) StdoutLine: {'line': b'-- Installing: /home/chris/ros2_ws/src/rover/install/rover_msgs/local/lib/python3.10/dist-packages/rover_msgs/msg/_camera_control_s.c\n'}
[14.628051] (rover_msgs) StdoutLine: {'line': b'-- Installing: /home/chris/ros2_ws/src/rover/install/rover_msgs/local/lib/python3.10/dist-packages/rover_msgs/msg/_joy_demux_status.py\n'}
[14.628111] (rover_msgs) StdoutLine: {'line': b'-- Installing: /home/chris/ros2_ws/src/rover/install/rover_msgs/local/lib/python3.10/dist-packages/rover_msgs/msg/_compass_s.c\n'}
[14.628147] (rover_msgs) StdoutLine: {'line': b'-- Installing: /home/chris/ros2_ws/src/rover/install/rover_msgs/local/lib/python3.10/dist-packages/rover_msgs/msg/_drivetrain_arbitration.py\n'}
[14.628180] (rover_msgs) StdoutLine: {'line': b'-- Installing: /home/chris/ros2_ws/src/rover/install/rover_msgs/local/lib/python3.10/dist-packages/rover_msgs/msg/_gps_s.c\n'}
[14.628239] (rover_msgs) StdoutLine: {'line': b'-- Installing: /home/chris/ros2_ws/src/rover/install/rover_msgs/local/lib/python3.10/dist-packages/rover_msgs/msg/_can_device_status_s.c\n'}
[14.628280] (rover_msgs) StdoutLine: {'line': b'-- Installing: /home/chris/ros2_ws/src/rover/install/rover_msgs/local/lib/python3.10/dist-packages/rover_msgs/msg/_science_control_s.c\n'}
[14.628317] (rover_msgs) StdoutLine: {'line': b'-- Installing: /home/chris/ros2_ws/src/rover/install/rover_msgs/local/lib/python3.10/dist-packages/rover_msgs/msg/_arm_msg.py\n'}
[14.628379] (rover_msgs) StdoutLine: {'line': b'-- Installing: /home/chris/ros2_ws/src/rover/install/rover_msgs/local/lib/python3.10/dist-packages/rover_msgs/msg/_aruco.py\n'}
[14.628414] (rover_msgs) StdoutLine: {'line': b'-- Installing: /home/chris/ros2_ws/src/rover/install/rover_msgs/local/lib/python3.10/dist-packages/rover_msgs/msg/_camera_angle_s.c\n'}
[14.628450] (rover_msgs) StdoutLine: {'line': b'-- Installing: /home/chris/ros2_ws/src/rover/install/rover_msgs/local/lib/python3.10/dist-packages/rover_msgs/msg/_gps_position.py\n'}
[14.628511] (rover_msgs) StdoutLine: {'line': b'-- Installing: /home/chris/ros2_ws/src/rover/install/rover_msgs/local/lib/python3.10/dist-packages/rover_msgs/msg/_joy_s.c\n'}
[14.628545] (rover_msgs) StdoutLine: {'line': b'-- Installing: /home/chris/ros2_ws/src/rover/install/rover_msgs/local/lib/python3.10/dist-packages/rover_msgs/msg/_camera_angle.py\n'}
[14.628595] (rover_msgs) StdoutLine: {'line': b'-- Installing: /home/chris/ros2_ws/src/rover/install/rover_msgs/local/lib/python3.10/dist-packages/rover_msgs/msg/_propulsion_motor.py\n'}
[14.628637] (rover_msgs) StdoutLine: {'line': b'-- Installing: /home/chris/ros2_ws/src/rover/install/rover_msgs/local/lib/python3.10/dist-packages/rover_msgs/msg/_joy.py\n'}
[14.628698] (rover_msgs) StdoutLine: {'line': b'-- Installing: /home/chris/ros2_ws/src/rover/install/rover_msgs/local/lib/python3.10/dist-packages/rover_msgs/msg/_compass.py\n'}
[14.628732] (rover_msgs) StdoutLine: {'line': b'-- Installing: /home/chris/ros2_ws/src/rover/install/rover_msgs/local/lib/python3.10/dist-packages/rover_msgs/msg/_drivetrain_arbitration_s.c\n'}
[14.628770] (rover_msgs) StdoutLine: {'line': b'-- Installing: /home/chris/ros2_ws/src/rover/install/rover_msgs/local/lib/python3.10/dist-packages/rover_msgs/msg/_propulsion_motor_s.c\n'}
[14.628831] (rover_msgs) StdoutLine: {'line': b'-- Installing: /home/chris/ros2_ws/src/rover/install/rover_msgs/local/lib/python3.10/dist-packages/rover_msgs/msg/_light_control_s.c\n'}
[14.628865] (rover_msgs) StdoutLine: {'line': b'-- Installing: /home/chris/ros2_ws/src/rover/install/rover_msgs/local/lib/python3.10/dist-packages/rover_msgs/msg/_antenna_cmd.py\n'}
[14.628920] (rover_msgs) StdoutLine: {'line': b'-- Installing: /home/chris/ros2_ws/src/rover/install/rover_msgs/local/lib/python3.10/dist-packages/rover_msgs/msg/_camera_control.py\n'}
[14.628956] (rover_msgs) StdoutLine: {'line': b'-- Installing: /home/chris/ros2_ws/src/rover/install/rover_msgs/local/lib/python3.10/dist-packages/rover_msgs/msg/_antenna_cmd_s.c\n'}
[14.628990] (rover_msgs) StdoutLine: {'line': b'-- Installing: /home/chris/ros2_ws/src/rover/install/rover_msgs/local/lib/python3.10/dist-packages/rover_msgs/msg/_gps.py\n'}
[14.629051] (rover_msgs) StdoutLine: {'line': b'-- Installing: /home/chris/ros2_ws/src/rover/install/rover_msgs/local/lib/python3.10/dist-packages/rover_msgs/msg/_science_control.py\n'}
[14.629090] (rover_msgs) StdoutLine: {'line': b'-- Installing: /home/chris/ros2_ws/src/rover/install/rover_msgs/local/lib/python3.10/dist-packages/rover_msgs/msg/_arm_msg_s.c\n'}
[14.629133] (rover_msgs) StdoutLine: {'line': b'-- Installing: /home/chris/ros2_ws/src/rover/install/rover_msgs/local/lib/python3.10/dist-packages/rover_msgs/msg/_aruco_s.c\n'}
[14.629193] (rover_msgs) StdoutLine: {'line': b'-- Installing: /home/chris/ros2_ws/src/rover/install/rover_msgs/local/lib/python3.10/dist-packages/rover_msgs/msg/_light_control.py\n'}
[14.629227] (rover_msgs) StdoutLine: {'line': b'-- Installing: /home/chris/ros2_ws/src/rover/install/rover_msgs/local/lib/python3.10/dist-packages/rover_msgs/msg/_joy_demux_status_s.c\n'}
[14.629261] (rover_msgs) StdoutLine: {'line': b'-- Installing: /home/chris/ros2_ws/src/rover/install/rover_msgs/local/lib/python3.10/dist-packages/rover_msgs/msg/_gps_position_s.c\n'}
[14.629326] (rover_msgs) StdoutLine: {'line': b'-- Installing: /home/chris/ros2_ws/src/rover/install/rover_msgs/local/lib/python3.10/dist-packages/rover_msgs/msg/__init__.py\n'}
[14.629359] (rover_msgs) StdoutLine: {'line': b'-- Installing: /home/chris/ros2_ws/src/rover/install/rover_msgs/local/lib/python3.10/dist-packages/rover_msgs/msg/_can_device_status.py\n'}
[14.629399] (rover_msgs) StdoutLine: {'line': b'-- Installing: /home/chris/ros2_ws/src/rover/install/rover_msgs/local/lib/python3.10/dist-packages/rover_msgs/_rover_msgs_s.ep.rosidl_typesupport_introspection_c.c\n'}
[14.629532] (rover_msgs) StdoutLine: {'line': b'-- Installing: /home/chris/ros2_ws/src/rover/install/rover_msgs/local/lib/python3.10/dist-packages/rover_msgs/__init__.py\n'}
[14.658015] (-) TimerEvent: {}
[14.658122] (rover_msgs) StdoutLine: {'line': b"Listing '/home/chris/ros2_ws/src/rover/install/rover_msgs/local/lib/python3.10/dist-packages/rover_msgs'...\n"}
[14.658164] (rover_msgs) StdoutLine: {'line': b"Compiling '/home/chris/ros2_ws/src/rover/install/rover_msgs/local/lib/python3.10/dist-packages/rover_msgs/__init__.py'...\n"}
[14.658188] (rover_msgs) StdoutLine: {'line': b"Listing '/home/chris/ros2_ws/src/rover/install/rover_msgs/local/lib/python3.10/dist-packages/rover_msgs/msg'...\n"}
[14.658208] (rover_msgs) StdoutLine: {'line': b"Compiling '/home/chris/ros2_ws/src/rover/install/rover_msgs/local/lib/python3.10/dist-packages/rover_msgs/msg/__init__.py'...\n"}
[14.658229] (rover_msgs) StdoutLine: {'line': b"Compiling '/home/chris/ros2_ws/src/rover/install/rover_msgs/local/lib/python3.10/dist-packages/rover_msgs/msg/_antenna_cmd.py'...\n"}
[14.658250] (rover_msgs) StdoutLine: {'line': b"Compiling '/home/chris/ros2_ws/src/rover/install/rover_msgs/local/lib/python3.10/dist-packages/rover_msgs/msg/_arm_msg.py'...\n"}
[14.658270] (rover_msgs) StdoutLine: {'line': b"Compiling '/home/chris/ros2_ws/src/rover/install/rover_msgs/local/lib/python3.10/dist-packages/rover_msgs/msg/_aruco.py'...\n"}
[14.658290] (rover_msgs) StdoutLine: {'line': b"Compiling '/home/chris/ros2_ws/src/rover/install/rover_msgs/local/lib/python3.10/dist-packages/rover_msgs/msg/_camera_angle.py'...\n"}
[14.658310] (rover_msgs) StdoutLine: {'line': b"Compiling '/home/chris/ros2_ws/src/rover/install/rover_msgs/local/lib/python3.10/dist-packages/rover_msgs/msg/_camera_control.py'...\n"}
[14.658331] (rover_msgs) StdoutLine: {'line': b"Compiling '/home/chris/ros2_ws/src/rover/install/rover_msgs/local/lib/python3.10/dist-packages/rover_msgs/msg/_can_device_status.py'...\n"}
[14.658351] (rover_msgs) StdoutLine: {'line': b"Compiling '/home/chris/ros2_ws/src/rover/install/rover_msgs/local/lib/python3.10/dist-packages/rover_msgs/msg/_compass.py'...\n"}
[14.658371] (rover_msgs) StdoutLine: {'line': b"Compiling '/home/chris/ros2_ws/src/rover/install/rover_msgs/local/lib/python3.10/dist-packages/rover_msgs/msg/_drivetrain_arbitration.py'...\n"}
[14.658391] (rover_msgs) StdoutLine: {'line': b"Compiling '/home/chris/ros2_ws/src/rover/install/rover_msgs/local/lib/python3.10/dist-packages/rover_msgs/msg/_gps.py'...\n"}
[14.658411] (rover_msgs) StdoutLine: {'line': b"Compiling '/home/chris/ros2_ws/src/rover/install/rover_msgs/local/lib/python3.10/dist-packages/rover_msgs/msg/_gps_position.py'...\n"}
[14.658430] (rover_msgs) StdoutLine: {'line': b"Compiling '/home/chris/ros2_ws/src/rover/install/rover_msgs/local/lib/python3.10/dist-packages/rover_msgs/msg/_joy.py'...\n"}
[14.658453] (rover_msgs) StdoutLine: {'line': b"Compiling '/home/chris/ros2_ws/src/rover/install/rover_msgs/local/lib/python3.10/dist-packages/rover_msgs/msg/_joy_demux_status.py'...\n"}
[14.658473] (rover_msgs) StdoutLine: {'line': b"Compiling '/home/chris/ros2_ws/src/rover/install/rover_msgs/local/lib/python3.10/dist-packages/rover_msgs/msg/_light_control.py'...\n"}
[14.658494] (rover_msgs) StdoutLine: {'line': b"Compiling '/home/chris/ros2_ws/src/rover/install/rover_msgs/local/lib/python3.10/dist-packages/rover_msgs/msg/_propulsion_motor.py'...\n"}
[14.658514] (rover_msgs) StdoutLine: {'line': b"Compiling '/home/chris/ros2_ws/src/rover/install/rover_msgs/local/lib/python3.10/dist-packages/rover_msgs/msg/_science_control.py'...\n"}
[14.658534] (rover_msgs) StdoutLine: {'line': b"Listing '/home/chris/ros2_ws/src/rover/install/rover_msgs/local/lib/python3.10/dist-packages/rover_msgs/srv'...\n"}
[14.658554] (rover_msgs) StdoutLine: {'line': b"Compiling '/home/chris/ros2_ws/src/rover/install/rover_msgs/local/lib/python3.10/dist-packages/rover_msgs/srv/__init__.py'...\n"}
[14.658582] (rover_msgs) StdoutLine: {'line': b"Compiling '/home/chris/ros2_ws/src/rover/install/rover_msgs/local/lib/python3.10/dist-packages/rover_msgs/srv/_antenna_arbitration.py'...\n"}
[14.658605] (rover_msgs) StdoutLine: {'line': b"Compiling '/home/chris/ros2_ws/src/rover/install/rover_msgs/local/lib/python3.10/dist-packages/rover_msgs/srv/_compass_calibration.py'...\n"}
[14.658625] (rover_msgs) StdoutLine: {'line': b"Compiling '/home/chris/ros2_ws/src/rover/install/rover_msgs/local/lib/python3.10/dist-packages/rover_msgs/srv/_drive_train_arbitration.py'...\n"}
[14.658647] (rover_msgs) StdoutLine: {'line': b"Compiling '/home/chris/ros2_ws/src/rover/install/rover_msgs/local/lib/python3.10/dist-packages/rover_msgs/srv/_joy_demux_set_state.py'...\n"}
[14.658666] (rover_msgs) StdoutLine: {'line': b"Compiling '/home/chris/ros2_ws/src/rover/install/rover_msgs/local/lib/python3.10/dist-packages/rover_msgs/srv/_light_control.py'...\n"}
[14.658686] (rover_msgs) StdoutLine: {'line': b"Compiling '/home/chris/ros2_ws/src/rover/install/rover_msgs/local/lib/python3.10/dist-packages/rover_msgs/srv/_new_gps_goal.py'...\n"}
[14.658706] (rover_msgs) StdoutLine: {'line': b"Compiling '/home/chris/ros2_ws/src/rover/install/rover_msgs/local/lib/python3.10/dist-packages/rover_msgs/srv/_pano_control.py'...\n"}
[14.658725] (rover_msgs) StdoutLine: {'line': b"Compiling '/home/chris/ros2_ws/src/rover/install/rover_msgs/local/lib/python3.10/dist-packages/rover_msgs/srv/_rtsp_stream.py'...\n"}
[14.658745] (rover_msgs) StdoutLine: {'line': b"Compiling '/home/chris/ros2_ws/src/rover/install/rover_msgs/local/lib/python3.10/dist-packages/rover_msgs/srv/_screenshot_control.py'...\n"}
[14.660416] (rover_msgs) StdoutLine: {'line': b'-- Installing: /home/chris/ros2_ws/src/rover/install/rover_msgs/local/lib/python3.10/dist-packages/rover_msgs/rover_msgs_s__rosidl_typesupport_fastrtps_c.cpython-310-aarch64-linux-gnu.so\n'}
[14.660620] (rover_msgs) StdoutLine: {'line': b'-- Set runtime path of "/home/chris/ros2_ws/src/rover/install/rover_msgs/local/lib/python3.10/dist-packages/rover_msgs/rover_msgs_s__rosidl_typesupport_fastrtps_c.cpython-310-aarch64-linux-gnu.so" to ""\n'}
[14.660712] (rover_msgs) StdoutLine: {'line': b'-- Installing: /home/chris/ros2_ws/src/rover/install/rover_msgs/local/lib/python3.10/dist-packages/rover_msgs/rover_msgs_s__rosidl_typesupport_introspection_c.cpython-310-aarch64-linux-gnu.so\n'}
[14.660874] (rover_msgs) StdoutLine: {'line': b'-- Set runtime path of "/home/chris/ros2_ws/src/rover/install/rover_msgs/local/lib/python3.10/dist-packages/rover_msgs/rover_msgs_s__rosidl_typesupport_introspection_c.cpython-310-aarch64-linux-gnu.so" to ""\n'}
[14.660967] (rover_msgs) StdoutLine: {'line': b'-- Installing: /home/chris/ros2_ws/src/rover/install/rover_msgs/local/lib/python3.10/dist-packages/rover_msgs/rover_msgs_s__rosidl_typesupport_c.cpython-310-aarch64-linux-gnu.so\n'}
[14.661135] (rover_msgs) StdoutLine: {'line': b'-- Set runtime path of "/home/chris/ros2_ws/src/rover/install/rover_msgs/local/lib/python3.10/dist-packages/rover_msgs/rover_msgs_s__rosidl_typesupport_c.cpython-310-aarch64-linux-gnu.so" to ""\n'}
[14.661169] (rover_msgs) StdoutLine: {'line': b'-- Installing: /home/chris/ros2_ws/src/rover/install/rover_msgs/lib/librover_msgs__rosidl_generator_py.so\n'}
[14.661364] (rover_msgs) StdoutLine: {'line': b'-- Set runtime path of "/home/chris/ros2_ws/src/rover/install/rover_msgs/lib/librover_msgs__rosidl_generator_py.so" to ""\n'}
[14.661398] (rover_msgs) StdoutLine: {'line': b'-- Installing: /home/chris/ros2_ws/src/rover/install/rover_msgs/share/rover_msgs/msg/AntennaCmd.idl\n'}
[14.661493] (rover_msgs) StdoutLine: {'line': b'-- Installing: /home/chris/ros2_ws/src/rover/install/rover_msgs/share/rover_msgs/msg/PropulsionMotor.idl\n'}
[14.661559] (rover_msgs) StdoutLine: {'line': b'-- Installing: /home/chris/ros2_ws/src/rover/install/rover_msgs/share/rover_msgs/msg/CanDeviceStatus.idl\n'}
[14.661614] (rover_msgs) StdoutLine: {'line': b'-- Installing: /home/chris/ros2_ws/src/rover/install/rover_msgs/share/rover_msgs/msg/Joy.idl\n'}
[14.661687] (rover_msgs) StdoutLine: {'line': b'-- Installing: /home/chris/ros2_ws/src/rover/install/rover_msgs/share/rover_msgs/msg/JoyDemuxStatus.idl\n'}
[14.661753] (rover_msgs) StdoutLine: {'line': b'-- Installing: /home/chris/ros2_ws/src/rover/install/rover_msgs/share/rover_msgs/msg/Gps.idl\n'}
[14.661800] (rover_msgs) StdoutLine: {'line': b'-- Installing: /home/chris/ros2_ws/src/rover/install/rover_msgs/share/rover_msgs/msg/GpsPosition.idl\n'}
[14.661871] (rover_msgs) StdoutLine: {'line': b'-- Installing: /home/chris/ros2_ws/src/rover/install/rover_msgs/share/rover_msgs/msg/CameraControl.idl\n'}
[14.661937] (rover_msgs) StdoutLine: {'line': b'-- Installing: /home/chris/ros2_ws/src/rover/install/rover_msgs/share/rover_msgs/msg/LightControl.idl\n'}
[14.661985] (rover_msgs) StdoutLine: {'line': b'-- Installing: /home/chris/ros2_ws/src/rover/install/rover_msgs/share/rover_msgs/msg/ScienceControl.idl\n'}
[14.662055] (rover_msgs) StdoutLine: {'line': b'-- Installing: /home/chris/ros2_ws/src/rover/install/rover_msgs/share/rover_msgs/msg/ArmMsg.idl\n'}
[14.662119] (rover_msgs) StdoutLine: {'line': b'-- Installing: /home/chris/ros2_ws/src/rover/install/rover_msgs/share/rover_msgs/msg/DrivetrainArbitration.idl\n'}
[14.662185] (rover_msgs) StdoutLine: {'line': b'-- Installing: /home/chris/ros2_ws/src/rover/install/rover_msgs/share/rover_msgs/msg/Compass.idl\n'}
[14.662251] (rover_msgs) StdoutLine: {'line': b'-- Installing: /home/chris/ros2_ws/src/rover/install/rover_msgs/share/rover_msgs/msg/CameraAngle.idl\n'}
[14.662316] (rover_msgs) StdoutLine: {'line': b'-- Installing: /home/chris/ros2_ws/src/rover/install/rover_msgs/share/rover_msgs/msg/Aruco.idl\n'}
[14.662394] (rover_msgs) StdoutLine: {'line': b'-- Installing: /home/chris/ros2_ws/src/rover/install/rover_msgs/share/rover_msgs/srv/JoyDemuxSetState.idl\n'}
[14.662458] (rover_msgs) StdoutLine: {'line': b'-- Installing: /home/chris/ros2_ws/src/rover/install/rover_msgs/share/rover_msgs/srv/AntennaArbitration.idl\n'}
[14.662522] (rover_msgs) StdoutLine: {'line': b'-- Installing: /home/chris/ros2_ws/src/rover/install/rover_msgs/share/rover_msgs/srv/DriveTrainArbitration.idl\n'}
[14.662568] (rover_msgs) StdoutLine: {'line': b'-- Installing: /home/chris/ros2_ws/src/rover/install/rover_msgs/share/rover_msgs/srv/LightControl.idl\n'}
[14.662663] (rover_msgs) StdoutLine: {'line': b'-- Installing: /home/chris/ros2_ws/src/rover/install/rover_msgs/share/rover_msgs/srv/CompassCalibration.idl\n'}
[14.662746] (rover_msgs) StdoutLine: {'line': b'-- Installing: /home/chris/ros2_ws/src/rover/install/rover_msgs/share/rover_msgs/srv/NewGpsGoal.idl\n'}
[14.662832] (rover_msgs) StdoutLine: {'line': b'-- Installing: /home/chris/ros2_ws/src/rover/install/rover_msgs/share/rover_msgs/srv/PanoControl.idl\n'}
[14.662900] (rover_msgs) StdoutLine: {'line': b'-- Installing: /home/chris/ros2_ws/src/rover/install/rover_msgs/share/rover_msgs/srv/RtspStream.idl\n'}
[14.662969] (rover_msgs) StdoutLine: {'line': b'-- Installing: /home/chris/ros2_ws/src/rover/install/rover_msgs/share/rover_msgs/srv/ScreenshotControl.idl\n'}
[14.663038] (rover_msgs) StdoutLine: {'line': b'-- Installing: /home/chris/ros2_ws/src/rover/install/rover_msgs/share/rover_msgs/msg/AntennaCmd.msg\n'}
[14.663105] (rover_msgs) StdoutLine: {'line': b'-- Installing: /home/chris/ros2_ws/src/rover/install/rover_msgs/share/rover_msgs/msg/PropulsionMotor.msg\n'}
[14.663168] (rover_msgs) StdoutLine: {'line': b'-- Installing: /home/chris/ros2_ws/src/rover/install/rover_msgs/share/rover_msgs/msg/CanDeviceStatus.msg\n'}
[14.663234] (rover_msgs) StdoutLine: {'line': b'-- Installing: /home/chris/ros2_ws/src/rover/install/rover_msgs/share/rover_msgs/msg/Joy.msg\n'}
[14.663283] (rover_msgs) StdoutLine: {'line': b'-- Installing: /home/chris/ros2_ws/src/rover/install/rover_msgs/share/rover_msgs/msg/JoyDemuxStatus.msg\n'}
[14.663357] (rover_msgs) StdoutLine: {'line': b'-- Installing: /home/chris/ros2_ws/src/rover/install/rover_msgs/share/rover_msgs/msg/Gps.msg\n'}
[14.663415] (rover_msgs) StdoutLine: {'line': b'-- Installing: /home/chris/ros2_ws/src/rover/install/rover_msgs/share/rover_msgs/msg/GpsPosition.msg\n'}
[14.663478] (rover_msgs) StdoutLine: {'line': b'-- Installing: /home/chris/ros2_ws/src/rover/install/rover_msgs/share/rover_msgs/msg/CameraControl.msg\n'}
[14.663543] (rover_msgs) StdoutLine: {'line': b'-- Installing: /home/chris/ros2_ws/src/rover/install/rover_msgs/share/rover_msgs/msg/LightControl.msg\n'}
[14.663633] (rover_msgs) StdoutLine: {'line': b'-- Installing: /home/chris/ros2_ws/src/rover/install/rover_msgs/share/rover_msgs/msg/ScienceControl.msg\n'}
[14.663677] (rover_msgs) StdoutLine: {'line': b'-- Installing: /home/chris/ros2_ws/src/rover/install/rover_msgs/share/rover_msgs/msg/ArmMsg.msg\n'}
[14.663751] (rover_msgs) StdoutLine: {'line': b'-- Installing: /home/chris/ros2_ws/src/rover/install/rover_msgs/share/rover_msgs/msg/DrivetrainArbitration.msg\n'}
[14.663815] (rover_msgs) StdoutLine: {'line': b'-- Installing: /home/chris/ros2_ws/src/rover/install/rover_msgs/share/rover_msgs/msg/Compass.msg\n'}
[14.663880] (rover_msgs) StdoutLine: {'line': b'-- Installing: /home/chris/ros2_ws/src/rover/install/rover_msgs/share/rover_msgs/msg/CameraAngle.msg\n'}
[14.663964] (rover_msgs) StdoutLine: {'line': b'-- Installing: /home/chris/ros2_ws/src/rover/install/rover_msgs/share/rover_msgs/msg/Aruco.msg\n'}
[14.664037] (rover_msgs) StdoutLine: {'line': b'-- Installing: /home/chris/ros2_ws/src/rover/install/rover_msgs/share/rover_msgs/srv/JoyDemuxSetState.srv\n'}
[14.664102] (rover_msgs) StdoutLine: {'line': b'-- Installing: /home/chris/ros2_ws/src/rover/install/rover_msgs/share/rover_msgs/srv/JoyDemuxSetState_Request.msg\n'}
[14.664170] (rover_msgs) StdoutLine: {'line': b'-- Installing: /home/chris/ros2_ws/src/rover/install/rover_msgs/share/rover_msgs/srv/JoyDemuxSetState_Response.msg\n'}
[14.664243] (rover_msgs) StdoutLine: {'line': b'-- Installing: /home/chris/ros2_ws/src/rover/install/rover_msgs/share/rover_msgs/srv/AntennaArbitration.srv\n'}
[14.664328] (rover_msgs) StdoutLine: {'line': b'-- Installing: /home/chris/ros2_ws/src/rover/install/rover_msgs/share/rover_msgs/srv/AntennaArbitration_Request.msg\n'}
[14.664400] (rover_msgs) StdoutLine: {'line': b'-- Installing: /home/chris/ros2_ws/src/rover/install/rover_msgs/share/rover_msgs/srv/AntennaArbitration_Response.msg\n'}
[14.664479] (rover_msgs) StdoutLine: {'line': b'-- Installing: /home/chris/ros2_ws/src/rover/install/rover_msgs/share/rover_msgs/srv/DriveTrainArbitration.srv\n'}
[14.664525] (rover_msgs) StdoutLine: {'line': b'-- Installing: /home/chris/ros2_ws/src/rover/install/rover_msgs/share/rover_msgs/srv/DriveTrainArbitration_Request.msg\n'}
[14.664598] (rover_msgs) StdoutLine: {'line': b'-- Installing: /home/chris/ros2_ws/src/rover/install/rover_msgs/share/rover_msgs/srv/DriveTrainArbitration_Response.msg\n'}
[14.664665] (rover_msgs) StdoutLine: {'line': b'-- Installing: /home/chris/ros2_ws/src/rover/install/rover_msgs/share/rover_msgs/srv/LightControl.srv\n'}
[14.664712] (rover_msgs) StdoutLine: {'line': b'-- Installing: /home/chris/ros2_ws/src/rover/install/rover_msgs/share/rover_msgs/srv/LightControl_Request.msg\n'}
[14.664782] (rover_msgs) StdoutLine: {'line': b'-- Installing: /home/chris/ros2_ws/src/rover/install/rover_msgs/share/rover_msgs/srv/LightControl_Response.msg\n'}
[14.664854] (rover_msgs) StdoutLine: {'line': b'-- Installing: /home/chris/ros2_ws/src/rover/install/rover_msgs/share/rover_msgs/srv/CompassCalibration.srv\n'}
[14.664910] (rover_msgs) StdoutLine: {'line': b'-- Installing: /home/chris/ros2_ws/src/rover/install/rover_msgs/share/rover_msgs/srv/CompassCalibration_Request.msg\n'}
[14.664973] (rover_msgs) StdoutLine: {'line': b'-- Installing: /home/chris/ros2_ws/src/rover/install/rover_msgs/share/rover_msgs/srv/CompassCalibration_Response.msg\n'}
[14.665036] (rover_msgs) StdoutLine: {'line': b'-- Installing: /home/chris/ros2_ws/src/rover/install/rover_msgs/share/rover_msgs/srv/NewGpsGoal.srv\n'}
[14.665100] (rover_msgs) StdoutLine: {'line': b'-- Installing: /home/chris/ros2_ws/src/rover/install/rover_msgs/share/rover_msgs/srv/NewGpsGoal_Request.msg\n'}
[14.665167] (rover_msgs) StdoutLine: {'line': b'-- Installing: /home/chris/ros2_ws/src/rover/install/rover_msgs/share/rover_msgs/srv/NewGpsGoal_Response.msg\n'}
[14.665236] (rover_msgs) StdoutLine: {'line': b'-- Installing: /home/chris/ros2_ws/src/rover/install/rover_msgs/share/rover_msgs/srv/PanoControl.srv\n'}
[14.665300] (rover_msgs) StdoutLine: {'line': b'-- Installing: /home/chris/ros2_ws/src/rover/install/rover_msgs/share/rover_msgs/srv/PanoControl_Request.msg\n'}
[14.665366] (rover_msgs) StdoutLine: {'line': b'-- Installing: /home/chris/ros2_ws/src/rover/install/rover_msgs/share/rover_msgs/srv/PanoControl_Response.msg\n'}
[14.665432] (rover_msgs) StdoutLine: {'line': b'-- Installing: /home/chris/ros2_ws/src/rover/install/rover_msgs/share/rover_msgs/srv/RtspStream.srv\n'}
[14.665506] (rover_msgs) StdoutLine: {'line': b'-- Installing: /home/chris/ros2_ws/src/rover/install/rover_msgs/share/rover_msgs/srv/RtspStream_Request.msg\n'}
[14.665566] (rover_msgs) StdoutLine: {'line': b'-- Installing: /home/chris/ros2_ws/src/rover/install/rover_msgs/share/rover_msgs/srv/RtspStream_Response.msg\n'}
[14.665648] (rover_msgs) StdoutLine: {'line': b'-- Installing: /home/chris/ros2_ws/src/rover/install/rover_msgs/share/rover_msgs/srv/ScreenshotControl.srv\n'}
[14.665712] (rover_msgs) StdoutLine: {'line': b'-- Installing: /home/chris/ros2_ws/src/rover/install/rover_msgs/share/rover_msgs/srv/ScreenshotControl_Request.msg\n'}
[14.665778] (rover_msgs) StdoutLine: {'line': b'-- Installing: /home/chris/ros2_ws/src/rover/install/rover_msgs/share/rover_msgs/srv/ScreenshotControl_Response.msg\n'}
[14.665841] (rover_msgs) StdoutLine: {'line': b'-- Installing: /home/chris/ros2_ws/src/rover/install/rover_msgs/share/rover_msgs//launch\n'}
[14.665875] (rover_msgs) StdoutLine: {'line': b'-- Installing: /home/chris/ros2_ws/src/rover/install/rover_msgs/share/rover_msgs//launch/terminal_logger.launch.py\n'}
[14.665918] (rover_msgs) StdoutLine: {'line': b'-- Installing: /home/chris/ros2_ws/src/rover/install/rover_msgs/share/rover_msgs//launch/rover.launch.py\n'}
[14.665958] (rover_msgs) StdoutLine: {'line': b'-- Installing: /home/chris/ros2_ws/src/rover/install/rover_msgs/share/rover_msgs//launch/base.launch.py\n'}
[14.666057] (rover_msgs) StdoutLine: {'line': b'-- Installing: /home/chris/ros2_ws/src/rover/install/rover_msgs/share/ament_index/resource_index/package_run_dependencies/rover_msgs\n'}
[14.666137] (rover_msgs) StdoutLine: {'line': b'-- Installing: /home/chris/ros2_ws/src/rover/install/rover_msgs/share/ament_index/resource_index/parent_prefix_path/rover_msgs\n'}
[14.666210] (rover_msgs) StdoutLine: {'line': b'-- Installing: /home/chris/ros2_ws/src/rover/install/rover_msgs/share/rover_msgs/environment/ament_prefix_path.sh\n'}
[14.666276] (rover_msgs) StdoutLine: {'line': b'-- Installing: /home/chris/ros2_ws/src/rover/install/rover_msgs/share/rover_msgs/environment/ament_prefix_path.dsv\n'}
[14.666343] (rover_msgs) StdoutLine: {'line': b'-- Installing: /home/chris/ros2_ws/src/rover/install/rover_msgs/share/rover_msgs/environment/path.sh\n'}
[14.666416] (rover_msgs) StdoutLine: {'line': b'-- Installing: /home/chris/ros2_ws/src/rover/install/rover_msgs/share/rover_msgs/environment/path.dsv\n'}
[14.666480] (rover_msgs) StdoutLine: {'line': b'-- Installing: /home/chris/ros2_ws/src/rover/install/rover_msgs/share/rover_msgs/local_setup.bash\n'}
[14.666550] (rover_msgs) StdoutLine: {'line': b'-- Installing: /home/chris/ros2_ws/src/rover/install/rover_msgs/share/rover_msgs/local_setup.sh\n'}
[14.666625] (rover_msgs) StdoutLine: {'line': b'-- Installing: /home/chris/ros2_ws/src/rover/install/rover_msgs/share/rover_msgs/local_setup.zsh\n'}
[14.666691] (rover_msgs) StdoutLine: {'line': b'-- Installing: /home/chris/ros2_ws/src/rover/install/rover_msgs/share/rover_msgs/local_setup.dsv\n'}
[14.666738] (rover_msgs) StdoutLine: {'line': b'-- Installing: /home/chris/ros2_ws/src/rover/install/rover_msgs/share/rover_msgs/package.dsv\n'}
[14.666830] (rover_msgs) StdoutLine: {'line': b'-- Installing: /home/chris/ros2_ws/src/rover/install/rover_msgs/share/ament_index/resource_index/packages/rover_msgs\n'}
[14.666923] (rover_msgs) StdoutLine: {'line': b'-- Installing: /home/chris/ros2_ws/src/rover/install/rover_msgs/share/rover_msgs/cmake/lib_execExport.cmake\n'}
[14.666996] (rover_msgs) StdoutLine: {'line': b'-- Installing: /home/chris/ros2_ws/src/rover/install/rover_msgs/share/rover_msgs/cmake/lib_execExport-noconfig.cmake\n'}
[14.667054] (rover_msgs) StdoutLine: {'line': b'-- Installing: /home/chris/ros2_ws/src/rover/install/rover_msgs/share/rover_msgs/cmake/export_rover_msgs__rosidl_generator_cExport.cmake\n'}
[14.667128] (rover_msgs) StdoutLine: {'line': b'-- Installing: /home/chris/ros2_ws/src/rover/install/rover_msgs/share/rover_msgs/cmake/export_rover_msgs__rosidl_generator_cExport-noconfig.cmake\n'}
[14.667200] (rover_msgs) StdoutLine: {'line': b'-- Installing: /home/chris/ros2_ws/src/rover/install/rover_msgs/share/rover_msgs/cmake/export_rover_msgs__rosidl_typesupport_fastrtps_cExport.cmake\n'}
[14.667268] (rover_msgs) StdoutLine: {'line': b'-- Installing: /home/chris/ros2_ws/src/rover/install/rover_msgs/share/rover_msgs/cmake/export_rover_msgs__rosidl_typesupport_fastrtps_cExport-noconfig.cmake\n'}
[14.667340] (rover_msgs) StdoutLine: {'line': b'-- Installing: /home/chris/ros2_ws/src/rover/install/rover_msgs/share/rover_msgs/cmake/rover_msgs__rosidl_typesupport_introspection_cExport.cmake\n'}
[14.667412] (rover_msgs) StdoutLine: {'line': b'-- Installing: /home/chris/ros2_ws/src/rover/install/rover_msgs/share/rover_msgs/cmake/rover_msgs__rosidl_typesupport_introspection_cExport-noconfig.cmake\n'}
[14.667496] (rover_msgs) StdoutLine: {'line': b'-- Installing: /home/chris/ros2_ws/src/rover/install/rover_msgs/share/rover_msgs/cmake/rover_msgs__rosidl_typesupport_cExport.cmake\n'}
[14.667568] (rover_msgs) StdoutLine: {'line': b'-- Installing: /home/chris/ros2_ws/src/rover/install/rover_msgs/share/rover_msgs/cmake/rover_msgs__rosidl_typesupport_cExport-noconfig.cmake\n'}
[14.667670] (rover_msgs) StdoutLine: {'line': b'-- Installing: /home/chris/ros2_ws/src/rover/install/rover_msgs/share/rover_msgs/cmake/export_rover_msgs__rosidl_generator_cppExport.cmake\n'}
[14.667735] (rover_msgs) StdoutLine: {'line': b'-- Installing: /home/chris/ros2_ws/src/rover/install/rover_msgs/share/rover_msgs/cmake/export_rover_msgs__rosidl_typesupport_fastrtps_cppExport.cmake\n'}
[14.667811] (rover_msgs) StdoutLine: {'line': b'-- Installing: /home/chris/ros2_ws/src/rover/install/rover_msgs/share/rover_msgs/cmake/export_rover_msgs__rosidl_typesupport_fastrtps_cppExport-noconfig.cmake\n'}
[14.667892] (rover_msgs) StdoutLine: {'line': b'-- Installing: /home/chris/ros2_ws/src/rover/install/rover_msgs/share/rover_msgs/cmake/rover_msgs__rosidl_typesupport_introspection_cppExport.cmake\n'}
[14.667968] (rover_msgs) StdoutLine: {'line': b'-- Installing: /home/chris/ros2_ws/src/rover/install/rover_msgs/share/rover_msgs/cmake/rover_msgs__rosidl_typesupport_introspection_cppExport-noconfig.cmake\n'}
[14.668047] (rover_msgs) StdoutLine: {'line': b'-- Installing: /home/chris/ros2_ws/src/rover/install/rover_msgs/share/rover_msgs/cmake/rover_msgs__rosidl_typesupport_cppExport.cmake\n'}
[14.668117] (rover_msgs) StdoutLine: {'line': b'-- Installing: /home/chris/ros2_ws/src/rover/install/rover_msgs/share/rover_msgs/cmake/rover_msgs__rosidl_typesupport_cppExport-noconfig.cmake\n'}
[14.668188] (rover_msgs) StdoutLine: {'line': b'-- Installing: /home/chris/ros2_ws/src/rover/install/rover_msgs/share/rover_msgs/cmake/export_rover_msgs__rosidl_generator_pyExport.cmake\n'}
[14.668259] (rover_msgs) StdoutLine: {'line': b'-- Installing: /home/chris/ros2_ws/src/rover/install/rover_msgs/share/rover_msgs/cmake/export_rover_msgs__rosidl_generator_pyExport-noconfig.cmake\n'}
[14.668325] (rover_msgs) StdoutLine: {'line': b'-- Installing: /home/chris/ros2_ws/src/rover/install/rover_msgs/share/rover_msgs/cmake/ament_cmake_export_targets-extras.cmake\n'}
[14.668396] (rover_msgs) StdoutLine: {'line': b'-- Installing: /home/chris/ros2_ws/src/rover/install/rover_msgs/share/rover_msgs/cmake/rosidl_cmake-extras.cmake\n'}
[14.668465] (rover_msgs) StdoutLine: {'line': b'-- Installing: /home/chris/ros2_ws/src/rover/install/rover_msgs/share/rover_msgs/cmake/ament_cmake_export_include_directories-extras.cmake\n'}
[14.668537] (rover_msgs) StdoutLine: {'line': b'-- Installing: /home/chris/ros2_ws/src/rover/install/rover_msgs/share/rover_msgs/cmake/ament_cmake_export_libraries-extras.cmake\n'}
[14.668636] (rover_msgs) StdoutLine: {'line': b'-- Installing: /home/chris/ros2_ws/src/rover/install/rover_msgs/share/rover_msgs/cmake/rosidl_cmake_export_typesupport_targets-extras.cmake\n'}
[14.668684] (rover_msgs) StdoutLine: {'line': b'-- Installing: /home/chris/ros2_ws/src/rover/install/rover_msgs/share/rover_msgs/cmake/ament_cmake_export_dependencies-extras.cmake\n'}
[14.668800] (rover_msgs) StdoutLine: {'line': b'-- Installing: /home/chris/ros2_ws/src/rover/install/rover_msgs/share/rover_msgs/cmake/rosidl_cmake_export_typesupport_libraries-extras.cmake\n'}
[14.668856] (rover_msgs) StdoutLine: {'line': b'-- Installing: /home/chris/ros2_ws/src/rover/install/rover_msgs/share/rover_msgs/cmake/rover_msgsConfig.cmake\n'}
[14.669024] (rover_msgs) StdoutLine: {'line': b'-- Installing: /home/chris/ros2_ws/src/rover/install/rover_msgs/share/rover_msgs/cmake/rover_msgsConfig-version.cmake\n'}
[14.669060] (rover_msgs) StdoutLine: {'line': b'-- Installing: /home/chris/ros2_ws/src/rover/install/rover_msgs/share/rover_msgs/package.xml\n'}
[14.670609] (rover_msgs) CommandEnded: {'returncode': 0}
[14.679077] (rover_msgs) JobEnded: {'identifier': 'rover_msgs', 'rc': 0}
[14.679334] (-) EventReactorShutdown: {}
