[0.132s] Invoking command in '/home/chris/ros2_ws/src/rover/build/rover_msgs': CMAKE_PREFIX_PATH=${CMAKE_PREFIX_PATH}:/home/chris/ros2_ws/install/rover_sim:/home/chris/ros2_ws/install/panorama:/home/chris/ros2_ws/install/moveit_configs_utils:/opt/ros/humble /usr/bin/cmake --build /home/chris/ros2_ws/src/rover/build/rover_msgs -- -j12 -l12
[0.200s] [35m[1mConsolidate compiler generated dependencies of target lib_exec[0m
[0.201s] [  1%] [34m[1mGenerating C code for ROS interfaces[0m
[0.216s] [  2%] [34m[1mGenerating C++ code for ROS interfaces[0m
[0.216s] [  2%] Built target lib_exec
[0.226s] [  2%] Built target ament_cmake_python_copy_rover_msgs
[0.657s] running egg_info
[0.658s] writing rover_msgs.egg-info/PKG-INFO
[0.658s] writing dependency_links to rover_msgs.egg-info/dependency_links.txt
[0.658s] writing top-level names to rover_msgs.egg-info/top_level.txt
[0.661s] reading manifest file 'rover_msgs.egg-info/SOURCES.txt'
[0.662s] writing manifest file 'rover_msgs.egg-info/SOURCES.txt'
[0.695s] [  2%] Built target ament_cmake_python_build_rover_msgs_egg
[2.839s] [  2%] Built target rover_msgs__cpp
[2.855s] [  2%] [34m[1mGenerating C++ type support for eProsima Fast-RTPS[0m
[2.855s] [  2%] [34m[1mGenerating C++ type support dispatch for ROS interfaces[0m
[2.855s] [  2%] [34m[1mGenerating C++ introspection for ROS interfaces[0m
[3.164s] [  2%] [32mBuilding C object CMakeFiles/rover_msgs__rosidl_generator_c.dir/rosidl_generator_c/rover_msgs/msg/detail/can_device_status__functions.c.o[0m
[3.165s] [  3%] [32mBuilding C object CMakeFiles/rover_msgs__rosidl_generator_c.dir/rosidl_generator_c/rover_msgs/msg/detail/antenna_cmd__functions.c.o[0m
[3.165s] [  3%] [32mBuilding C object CMakeFiles/rover_msgs__rosidl_generator_c.dir/rosidl_generator_c/rover_msgs/msg/detail/propulsion_motor__functions.c.o[0m
[3.166s] [  3%] [32mBuilding C object CMakeFiles/rover_msgs__rosidl_generator_c.dir/rosidl_generator_c/rover_msgs/msg/detail/joy_demux_status__functions.c.o[0m
[3.166s] [  4%] [32mBuilding C object CMakeFiles/rover_msgs__rosidl_generator_c.dir/rosidl_generator_c/rover_msgs/msg/detail/gps__functions.c.o[0m
[3.166s] [  4%] [32mBuilding C object CMakeFiles/rover_msgs__rosidl_generator_c.dir/rosidl_generator_c/rover_msgs/msg/detail/gps_position__functions.c.o[0m
[3.167s] [  5%] [32mBuilding C object CMakeFiles/rover_msgs__rosidl_generator_c.dir/rosidl_generator_c/rover_msgs/msg/detail/joy__functions.c.o[0m
[3.167s] [  6%] [32mBuilding C object CMakeFiles/rover_msgs__rosidl_generator_c.dir/rosidl_generator_c/rover_msgs/msg/detail/light_control__functions.c.o[0m
[3.168s] [  6%] [32mBuilding C object CMakeFiles/rover_msgs__rosidl_generator_c.dir/rosidl_generator_c/rover_msgs/msg/detail/camera_control__functions.c.o[0m
[3.273s] [  6%] [32mBuilding C object CMakeFiles/rover_msgs__rosidl_generator_c.dir/rosidl_generator_c/rover_msgs/msg/detail/science_control__functions.c.o[0m
[3.274s] [  7%] [32mBuilding C object CMakeFiles/rover_msgs__rosidl_generator_c.dir/rosidl_generator_c/rover_msgs/msg/detail/compass__functions.c.o[0m
[3.274s] [  8%] [32mBuilding C object CMakeFiles/rover_msgs__rosidl_generator_c.dir/rosidl_generator_c/rover_msgs/msg/detail/aruco__functions.c.o[0m
[3.275s] [  8%] [32mBuilding C object CMakeFiles/rover_msgs__rosidl_generator_c.dir/rosidl_generator_c/rover_msgs/msg/detail/camera_angle__functions.c.o[0m
[3.276s] [  8%] [32mBuilding C object CMakeFiles/rover_msgs__rosidl_generator_c.dir/rosidl_generator_c/rover_msgs/msg/detail/drivetrain_arbitration__functions.c.o[0m
[3.278s] [  8%] [32mBuilding C object CMakeFiles/rover_msgs__rosidl_generator_c.dir/rosidl_generator_c/rover_msgs/srv/detail/joy_demux_set_state__functions.c.o[0m
[3.279s] [  9%] [32mBuilding C object CMakeFiles/rover_msgs__rosidl_generator_c.dir/rosidl_generator_c/rover_msgs/srv/detail/antenna_arbitration__functions.c.o[0m
[3.280s] [  9%] [32mBuilding C object CMakeFiles/rover_msgs__rosidl_generator_c.dir/rosidl_generator_c/rover_msgs/srv/detail/drive_train_arbitration__functions.c.o[0m
[3.281s] [ 10%] [32mBuilding C object CMakeFiles/rover_msgs__rosidl_generator_c.dir/rosidl_generator_c/rover_msgs/msg/detail/arm_msg__functions.c.o[0m
[3.376s] [ 11%] [32mBuilding C object CMakeFiles/rover_msgs__rosidl_generator_c.dir/rosidl_generator_c/rover_msgs/srv/detail/light_control__functions.c.o[0m
[3.376s] [ 11%] [32mBuilding C object CMakeFiles/rover_msgs__rosidl_generator_c.dir/rosidl_generator_c/rover_msgs/srv/detail/compass_calibration__functions.c.o[0m
[3.382s] [ 11%] [32mBuilding C object CMakeFiles/rover_msgs__rosidl_generator_c.dir/rosidl_generator_c/rover_msgs/srv/detail/new_gps_goal__functions.c.o[0m
[3.385s] [ 11%] [32mBuilding C object CMakeFiles/rover_msgs__rosidl_generator_c.dir/rosidl_generator_c/rover_msgs/srv/detail/rtsp_stream__functions.c.o[0m
[3.392s] [ 12%] [32mBuilding C object CMakeFiles/rover_msgs__rosidl_generator_c.dir/rosidl_generator_c/rover_msgs/srv/detail/pano_control__functions.c.o[0m
[3.394s] [ 13%] [32mBuilding C object CMakeFiles/rover_msgs__rosidl_generator_c.dir/rosidl_generator_c/rover_msgs/srv/detail/screenshot_control__functions.c.o[0m
[3.510s] [ 13%] [32m[1mLinking C shared library librover_msgs__rosidl_generator_c.so[0m
[3.582s] [ 13%] Built target rover_msgs__rosidl_generator_c
[3.598s] [ 13%] [34m[1mGenerating C type support dispatch for ROS interfaces[0m
[3.598s] [ 13%] [34m[1mGenerating C introspection for ROS interfaces[0m
[3.599s] [ 13%] [34m[1mGenerating C type support for eProsima Fast-RTPS[0m
[4.862s] [ 14%] [32mBuilding CXX object CMakeFiles/rover_msgs__rosidl_typesupport_cpp.dir/rosidl_typesupport_cpp/rover_msgs/msg/propulsion_motor__type_support.cpp.o[0m
[4.862s] [ 14%] [32mBuilding CXX object CMakeFiles/rover_msgs__rosidl_typesupport_cpp.dir/rosidl_typesupport_cpp/rover_msgs/msg/can_device_status__type_support.cpp.o[0m
[4.863s] [ 15%] [32mBuilding CXX object CMakeFiles/rover_msgs__rosidl_typesupport_cpp.dir/rosidl_typesupport_cpp/rover_msgs/msg/antenna_cmd__type_support.cpp.o[0m
[4.864s] [ 16%] [32mBuilding CXX object CMakeFiles/rover_msgs__rosidl_typesupport_cpp.dir/rosidl_typesupport_cpp/rover_msgs/msg/joy_demux_status__type_support.cpp.o[0m
[4.867s] [ 16%] [32mBuilding CXX object CMakeFiles/rover_msgs__rosidl_typesupport_cpp.dir/rosidl_typesupport_cpp/rover_msgs/msg/gps__type_support.cpp.o[0m
[4.871s] [ 16%] [32mBuilding CXX object CMakeFiles/rover_msgs__rosidl_typesupport_cpp.dir/rosidl_typesupport_cpp/rover_msgs/msg/joy__type_support.cpp.o[0m
[4.878s] [ 16%] [32mBuilding CXX object CMakeFiles/rover_msgs__rosidl_typesupport_cpp.dir/rosidl_typesupport_cpp/rover_msgs/msg/gps_position__type_support.cpp.o[0m
[5.471s] [ 17%] [32mBuilding CXX object CMakeFiles/rover_msgs__rosidl_typesupport_cpp.dir/rosidl_typesupport_cpp/rover_msgs/msg/camera_control__type_support.cpp.o[0m
[5.477s] [ 17%] [32mBuilding CXX object CMakeFiles/rover_msgs__rosidl_typesupport_cpp.dir/rosidl_typesupport_cpp/rover_msgs/msg/light_control__type_support.cpp.o[0m
[5.482s] [ 18%] [32mBuilding CXX object CMakeFiles/rover_msgs__rosidl_typesupport_cpp.dir/rosidl_typesupport_cpp/rover_msgs/msg/science_control__type_support.cpp.o[0m
[5.483s] [ 18%] [32mBuilding CXX object CMakeFiles/rover_msgs__rosidl_typesupport_cpp.dir/rosidl_typesupport_cpp/rover_msgs/msg/arm_msg__type_support.cpp.o[0m
[5.495s] [ 19%] [32mBuilding CXX object CMakeFiles/rover_msgs__rosidl_typesupport_cpp.dir/rosidl_typesupport_cpp/rover_msgs/msg/drivetrain_arbitration__type_support.cpp.o[0m
[5.501s] [ 19%] [32mBuilding CXX object CMakeFiles/rover_msgs__rosidl_typesupport_cpp.dir/rosidl_typesupport_cpp/rover_msgs/msg/compass__type_support.cpp.o[0m
[5.530s] [ 20%] [32mBuilding CXX object CMakeFiles/rover_msgs__rosidl_typesupport_cpp.dir/rosidl_typesupport_cpp/rover_msgs/msg/camera_angle__type_support.cpp.o[0m
[6.120s] [ 20%] [32mBuilding CXX object CMakeFiles/rover_msgs__rosidl_typesupport_cpp.dir/rosidl_typesupport_cpp/rover_msgs/msg/aruco__type_support.cpp.o[0m
[6.128s] [ 21%] [32mBuilding CXX object CMakeFiles/rover_msgs__rosidl_typesupport_cpp.dir/rosidl_typesupport_cpp/rover_msgs/srv/joy_demux_set_state__type_support.cpp.o[0m
[6.132s] [ 21%] [32mBuilding CXX object CMakeFiles/rover_msgs__rosidl_typesupport_cpp.dir/rosidl_typesupport_cpp/rover_msgs/srv/antenna_arbitration__type_support.cpp.o[0m
[6.137s] [ 22%] [32mBuilding CXX object CMakeFiles/rover_msgs__rosidl_typesupport_cpp.dir/rosidl_typesupport_cpp/rover_msgs/srv/drive_train_arbitration__type_support.cpp.o[0m
[6.170s] [ 23%] [32mBuilding CXX object CMakeFiles/rover_msgs__rosidl_typesupport_c.dir/rosidl_typesupport_c/rover_msgs/msg/antenna_cmd__type_support.cpp.o[0m
[6.171s] [ 23%] [32mBuilding CXX object CMakeFiles/rover_msgs__rosidl_typesupport_cpp.dir/rosidl_typesupport_cpp/rover_msgs/srv/light_control__type_support.cpp.o[0m
[6.171s] [ 23%] [32mBuilding CXX object CMakeFiles/rover_msgs__rosidl_typesupport_cpp.dir/rosidl_typesupport_cpp/rover_msgs/srv/compass_calibration__type_support.cpp.o[0m
[6.196s] [ 23%] [32mBuilding CXX object CMakeFiles/rover_msgs__rosidl_typesupport_c.dir/rosidl_typesupport_c/rover_msgs/msg/propulsion_motor__type_support.cpp.o[0m
[6.256s] [ 24%] [32mBuilding CXX object CMakeFiles/rover_msgs__rosidl_typesupport_c.dir/rosidl_typesupport_c/rover_msgs/msg/can_device_status__type_support.cpp.o[0m
[6.268s] [ 25%] [32mBuilding CXX object CMakeFiles/rover_msgs__rosidl_typesupport_cpp.dir/rosidl_typesupport_cpp/rover_msgs/srv/new_gps_goal__type_support.cpp.o[0m
[6.326s] [ 25%] [32mBuilding CXX object CMakeFiles/rover_msgs__rosidl_typesupport_c.dir/rosidl_typesupport_c/rover_msgs/msg/joy__type_support.cpp.o[0m
[6.391s] [ 26%] [32mBuilding CXX object CMakeFiles/rover_msgs__rosidl_typesupport_c.dir/rosidl_typesupport_c/rover_msgs/msg/joy_demux_status__type_support.cpp.o[0m
[6.473s] [ 26%] [32mBuilding CXX object CMakeFiles/rover_msgs__rosidl_typesupport_c.dir/rosidl_typesupport_c/rover_msgs/msg/gps__type_support.cpp.o[0m
[6.492s] [ 26%] [32mBuilding CXX object CMakeFiles/rover_msgs__rosidl_typesupport_introspection_cpp.dir/rosidl_typesupport_introspection_cpp/rover_msgs/msg/detail/antenna_cmd__type_support.cpp.o[0m
[6.540s] [ 27%] [32mBuilding CXX object CMakeFiles/rover_msgs__rosidl_typesupport_c.dir/rosidl_typesupport_c/rover_msgs/msg/gps_position__type_support.cpp.o[0m
[6.608s] [ 27%] [32mBuilding CXX object CMakeFiles/rover_msgs__rosidl_typesupport_c.dir/rosidl_typesupport_c/rover_msgs/msg/camera_control__type_support.cpp.o[0m
[6.685s] [ 27%] [32mBuilding CXX object CMakeFiles/rover_msgs__rosidl_typesupport_c.dir/rosidl_typesupport_c/rover_msgs/msg/light_control__type_support.cpp.o[0m
[6.754s] [ 28%] [32mBuilding CXX object CMakeFiles/rover_msgs__rosidl_typesupport_c.dir/rosidl_typesupport_c/rover_msgs/msg/science_control__type_support.cpp.o[0m
[6.776s] [ 29%] [32mBuilding CXX object CMakeFiles/rover_msgs__rosidl_typesupport_introspection_cpp.dir/rosidl_typesupport_introspection_cpp/rover_msgs/msg/detail/propulsion_motor__type_support.cpp.o[0m
[6.777s] [ 29%] [32mBuilding CXX object CMakeFiles/rover_msgs__rosidl_typesupport_introspection_cpp.dir/rosidl_typesupport_introspection_cpp/rover_msgs/msg/detail/can_device_status__type_support.cpp.o[0m
[6.797s] [ 29%] [32mBuilding CXX object CMakeFiles/rover_msgs__rosidl_typesupport_c.dir/rosidl_typesupport_c/rover_msgs/msg/arm_msg__type_support.cpp.o[0m
[6.830s] [ 30%] [32mBuilding CXX object CMakeFiles/rover_msgs__rosidl_typesupport_introspection_cpp.dir/rosidl_typesupport_introspection_cpp/rover_msgs/msg/detail/joy__type_support.cpp.o[0m
[6.841s] [ 30%] [32mBuilding CXX object CMakeFiles/rover_msgs__rosidl_typesupport_introspection_cpp.dir/rosidl_typesupport_introspection_cpp/rover_msgs/msg/detail/joy_demux_status__type_support.cpp.o[0m
[6.844s] [ 30%] [32mBuilding CXX object CMakeFiles/rover_msgs__rosidl_typesupport_cpp.dir/rosidl_typesupport_cpp/rover_msgs/srv/pano_control__type_support.cpp.o[0m
[6.862s] [ 30%] [32mBuilding CXX object CMakeFiles/rover_msgs__rosidl_typesupport_c.dir/rosidl_typesupport_c/rover_msgs/msg/compass__type_support.cpp.o[0m
[6.863s] [ 31%] [32mBuilding CXX object CMakeFiles/rover_msgs__rosidl_typesupport_c.dir/rosidl_typesupport_c/rover_msgs/msg/drivetrain_arbitration__type_support.cpp.o[0m
[6.923s] [ 32%] [32mBuilding CXX object CMakeFiles/rover_msgs__rosidl_typesupport_c.dir/rosidl_typesupport_c/rover_msgs/msg/camera_angle__type_support.cpp.o[0m
[6.934s] [ 33%] [32mBuilding CXX object CMakeFiles/rover_msgs__rosidl_typesupport_introspection_cpp.dir/rosidl_typesupport_introspection_cpp/rover_msgs/msg/detail/gps__type_support.cpp.o[0m
[6.939s] [ 33%] [32mBuilding CXX object CMakeFiles/rover_msgs__rosidl_typesupport_c.dir/rosidl_typesupport_c/rover_msgs/msg/aruco__type_support.cpp.o[0m
[6.989s] [ 33%] [32mBuilding CXX object CMakeFiles/rover_msgs__rosidl_typesupport_introspection_cpp.dir/rosidl_typesupport_introspection_cpp/rover_msgs/msg/detail/gps_position__type_support.cpp.o[0m
[7.042s] [ 34%] [32mBuilding CXX object CMakeFiles/rover_msgs__rosidl_typesupport_c.dir/rosidl_typesupport_c/rover_msgs/srv/joy_demux_set_state__type_support.cpp.o[0m
[7.123s] [ 34%] [32mBuilding CXX object CMakeFiles/rover_msgs__rosidl_typesupport_c.dir/rosidl_typesupport_c/rover_msgs/srv/antenna_arbitration__type_support.cpp.o[0m
[7.232s] [ 35%] [32mBuilding CXX object CMakeFiles/rover_msgs__rosidl_typesupport_c.dir/rosidl_typesupport_c/rover_msgs/srv/drive_train_arbitration__type_support.cpp.o[0m
[7.310s] [ 35%] [32mBuilding CXX object CMakeFiles/rover_msgs__rosidl_typesupport_c.dir/rosidl_typesupport_c/rover_msgs/srv/light_control__type_support.cpp.o[0m
[7.410s] [ 36%] [32mBuilding CXX object CMakeFiles/rover_msgs__rosidl_typesupport_c.dir/rosidl_typesupport_c/rover_msgs/srv/compass_calibration__type_support.cpp.o[0m
[7.456s] [ 37%] [32mBuilding CXX object CMakeFiles/rover_msgs__rosidl_typesupport_fastrtps_cpp.dir/rosidl_typesupport_fastrtps_cpp/rover_msgs/msg/detail/dds_fastrtps/antenna_cmd__type_support.cpp.o[0m
[7.484s] [ 37%] [32mBuilding CXX object CMakeFiles/rover_msgs__rosidl_typesupport_c.dir/rosidl_typesupport_c/rover_msgs/srv/new_gps_goal__type_support.cpp.o[0m
[7.536s] [ 37%] [32mBuilding CXX object CMakeFiles/rover_msgs__rosidl_typesupport_fastrtps_cpp.dir/rosidl_typesupport_fastrtps_cpp/rover_msgs/msg/detail/dds_fastrtps/propulsion_motor__type_support.cpp.o[0m
[7.564s] [ 38%] [32mBuilding CXX object CMakeFiles/rover_msgs__rosidl_typesupport_cpp.dir/rosidl_typesupport_cpp/rover_msgs/srv/rtsp_stream__type_support.cpp.o[0m
[7.564s] [ 38%] [32mBuilding CXX object CMakeFiles/rover_msgs__rosidl_typesupport_c.dir/rosidl_typesupport_c/rover_msgs/srv/pano_control__type_support.cpp.o[0m
[7.661s] [ 39%] [32mBuilding CXX object CMakeFiles/rover_msgs__rosidl_typesupport_c.dir/rosidl_typesupport_c/rover_msgs/srv/rtsp_stream__type_support.cpp.o[0m
[7.694s] [ 40%] [32mBuilding C object CMakeFiles/rover_msgs__rosidl_typesupport_introspection_c.dir/rosidl_typesupport_introspection_c/rover_msgs/msg/detail/antenna_cmd__type_support.c.o[0m
[7.745s] [ 40%] [32mBuilding CXX object CMakeFiles/rover_msgs__rosidl_typesupport_c.dir/rosidl_typesupport_c/rover_msgs/srv/screenshot_control__type_support.cpp.o[0m
[7.748s] [ 40%] [32mBuilding CXX object CMakeFiles/rover_msgs__rosidl_typesupport_cpp.dir/rosidl_typesupport_cpp/rover_msgs/srv/screenshot_control__type_support.cpp.o[0m
[7.764s] [ 40%] [32mBuilding CXX object CMakeFiles/rover_msgs__rosidl_typesupport_fastrtps_cpp.dir/rosidl_typesupport_fastrtps_cpp/rover_msgs/msg/detail/dds_fastrtps/can_device_status__type_support.cpp.o[0m
[7.768s] [ 41%] [32mBuilding CXX object CMakeFiles/rover_msgs__rosidl_typesupport_fastrtps_cpp.dir/rosidl_typesupport_fastrtps_cpp/rover_msgs/msg/detail/dds_fastrtps/joy__type_support.cpp.o[0m
[7.785s] [ 41%] [32mBuilding C object CMakeFiles/rover_msgs__rosidl_typesupport_introspection_c.dir/rosidl_typesupport_introspection_c/rover_msgs/msg/detail/propulsion_motor__type_support.c.o[0m
[7.810s] [ 41%] [32mBuilding CXX object CMakeFiles/rover_msgs__rosidl_typesupport_fastrtps_cpp.dir/rosidl_typesupport_fastrtps_cpp/rover_msgs/msg/detail/dds_fastrtps/joy_demux_status__type_support.cpp.o[0m
[7.818s] [ 42%] [32m[1mLinking CXX shared library librover_msgs__rosidl_typesupport_c.so[0m
[7.839s] [ 42%] [32mBuilding C object CMakeFiles/rover_msgs__rosidl_typesupport_introspection_c.dir/rosidl_typesupport_introspection_c/rover_msgs/msg/detail/can_device_status__type_support.c.o[0m
[7.881s] [ 43%] [32mBuilding CXX object CMakeFiles/rover_msgs__rosidl_typesupport_fastrtps_cpp.dir/rosidl_typesupport_fastrtps_cpp/rover_msgs/msg/detail/dds_fastrtps/gps__type_support.cpp.o[0m
[7.920s] [ 44%] [32mBuilding C object CMakeFiles/rover_msgs__rosidl_typesupport_introspection_c.dir/rosidl_typesupport_introspection_c/rover_msgs/msg/detail/joy__type_support.c.o[0m
[7.929s] [ 44%] Built target rover_msgs__rosidl_typesupport_c
[7.933s] [ 45%] [32mBuilding CXX object CMakeFiles/rover_msgs__rosidl_typesupport_introspection_cpp.dir/rosidl_typesupport_introspection_cpp/rover_msgs/msg/detail/camera_control__type_support.cpp.o[0m
[7.951s] [ 45%] [32mBuilding CXX object CMakeFiles/rover_msgs__rosidl_typesupport_fastrtps_cpp.dir/rosidl_typesupport_fastrtps_cpp/rover_msgs/msg/detail/dds_fastrtps/gps_position__type_support.cpp.o[0m
[7.996s] [ 45%] [32mBuilding C object CMakeFiles/rover_msgs__rosidl_typesupport_introspection_c.dir/rosidl_typesupport_introspection_c/rover_msgs/msg/detail/joy_demux_status__type_support.c.o[0m
[8.074s] [ 46%] [32mBuilding C object CMakeFiles/rover_msgs__rosidl_typesupport_introspection_c.dir/rosidl_typesupport_introspection_c/rover_msgs/msg/detail/gps__type_support.c.o[0m
[8.101s] [ 47%] [32mBuilding CXX object CMakeFiles/rover_msgs__rosidl_typesupport_fastrtps_c.dir/rosidl_typesupport_fastrtps_c/rover_msgs/msg/detail/antenna_cmd__type_support_c.cpp.o[0m
[8.153s] [ 47%] [32mBuilding C object CMakeFiles/rover_msgs__rosidl_typesupport_introspection_c.dir/rosidl_typesupport_introspection_c/rover_msgs/msg/detail/gps_position__type_support.c.o[0m
[8.231s] [ 47%] [32mBuilding CXX object CMakeFiles/rover_msgs__rosidl_typesupport_fastrtps_c.dir/rosidl_typesupport_fastrtps_c/rover_msgs/msg/detail/propulsion_motor__type_support_c.cpp.o[0m
[8.233s] [ 48%] [32mBuilding C object CMakeFiles/rover_msgs__rosidl_typesupport_introspection_c.dir/rosidl_typesupport_introspection_c/rover_msgs/msg/detail/camera_control__type_support.c.o[0m
[8.320s] [ 48%] [32mBuilding C object CMakeFiles/rover_msgs__rosidl_typesupport_introspection_c.dir/rosidl_typesupport_introspection_c/rover_msgs/msg/detail/light_control__type_support.c.o[0m
[8.397s] [ 49%] [32m[1mLinking CXX shared library librover_msgs__rosidl_typesupport_cpp.so[0m
[8.397s] [ 50%] [32mBuilding C object CMakeFiles/rover_msgs__rosidl_typesupport_introspection_c.dir/rosidl_typesupport_introspection_c/rover_msgs/msg/detail/science_control__type_support.c.o[0m
[8.477s] [ 50%] [32mBuilding CXX object CMakeFiles/rover_msgs__rosidl_typesupport_introspection_cpp.dir/rosidl_typesupport_introspection_cpp/rover_msgs/msg/detail/light_control__type_support.cpp.o[0m
[8.478s] [ 50%] [32mBuilding C object CMakeFiles/rover_msgs__rosidl_typesupport_introspection_c.dir/rosidl_typesupport_introspection_c/rover_msgs/msg/detail/arm_msg__type_support.c.o[0m
[8.497s] [ 51%] [32mBuilding C object CMakeFiles/rover_msgs__rosidl_typesupport_introspection_c.dir/rosidl_typesupport_introspection_c/rover_msgs/msg/detail/drivetrain_arbitration__type_support.c.o[0m
[8.530s] [ 51%] Built target rover_msgs__rosidl_typesupport_cpp
[8.565s] [ 52%] [32mBuilding CXX object CMakeFiles/rover_msgs__rosidl_typesupport_fastrtps_cpp.dir/rosidl_typesupport_fastrtps_cpp/rover_msgs/msg/detail/dds_fastrtps/camera_control__type_support.cpp.o[0m
[8.575s] [ 53%] [32mBuilding CXX object CMakeFiles/rover_msgs__rosidl_typesupport_introspection_cpp.dir/rosidl_typesupport_introspection_cpp/rover_msgs/msg/detail/science_control__type_support.cpp.o[0m
[8.616s] [ 53%] [32mBuilding C object CMakeFiles/rover_msgs__rosidl_typesupport_introspection_c.dir/rosidl_typesupport_introspection_c/rover_msgs/msg/detail/compass__type_support.c.o[0m
[8.729s] [ 54%] [32mBuilding C object CMakeFiles/rover_msgs__rosidl_typesupport_introspection_c.dir/rosidl_typesupport_introspection_c/rover_msgs/msg/detail/camera_angle__type_support.c.o[0m
[8.806s] [ 54%] [32mBuilding C object CMakeFiles/rover_msgs__rosidl_typesupport_introspection_c.dir/rosidl_typesupport_introspection_c/rover_msgs/msg/detail/aruco__type_support.c.o[0m
[8.841s] [ 54%] [32mBuilding C object CMakeFiles/rover_msgs__rosidl_typesupport_introspection_c.dir/rosidl_typesupport_introspection_c/rover_msgs/srv/detail/joy_demux_set_state__type_support.c.o[0m
[8.891s] [ 54%] [32mBuilding CXX object CMakeFiles/rover_msgs__rosidl_typesupport_introspection_cpp.dir/rosidl_typesupport_introspection_cpp/rover_msgs/msg/detail/arm_msg__type_support.cpp.o[0m
[8.895s] [ 55%] [32mBuilding CXX object CMakeFiles/rover_msgs__rosidl_typesupport_fastrtps_c.dir/rosidl_typesupport_fastrtps_c/rover_msgs/msg/detail/can_device_status__type_support_c.cpp.o[0m
[8.920s] [ 56%] [32mBuilding CXX object CMakeFiles/rover_msgs__rosidl_typesupport_introspection_cpp.dir/rosidl_typesupport_introspection_cpp/rover_msgs/msg/detail/drivetrain_arbitration__type_support.cpp.o[0m
[8.929s] [ 57%] [32mBuilding C object CMakeFiles/rover_msgs__rosidl_typesupport_introspection_c.dir/rosidl_typesupport_introspection_c/rover_msgs/srv/detail/drive_train_arbitration__type_support.c.o[0m
[8.931s] [ 57%] [32mBuilding C object CMakeFiles/rover_msgs__rosidl_typesupport_introspection_c.dir/rosidl_typesupport_introspection_c/rover_msgs/srv/detail/antenna_arbitration__type_support.c.o[0m
[8.986s] [ 58%] [32mBuilding CXX object CMakeFiles/rover_msgs__rosidl_typesupport_introspection_cpp.dir/rosidl_typesupport_introspection_cpp/rover_msgs/msg/detail/compass__type_support.cpp.o[0m
[8.986s] [ 58%] [32mBuilding C object CMakeFiles/rover_msgs__rosidl_typesupport_introspection_c.dir/rosidl_typesupport_introspection_c/rover_msgs/srv/detail/light_control__type_support.c.o[0m
[8.991s] [ 58%] [32mBuilding CXX object CMakeFiles/rover_msgs__rosidl_typesupport_introspection_cpp.dir/rosidl_typesupport_introspection_cpp/rover_msgs/msg/detail/camera_angle__type_support.cpp.o[0m
[9.015s] [ 59%] [32mBuilding CXX object CMakeFiles/rover_msgs__rosidl_typesupport_introspection_cpp.dir/rosidl_typesupport_introspection_cpp/rover_msgs/msg/detail/aruco__type_support.cpp.o[0m
[9.026s] [ 59%] [32mBuilding CXX object CMakeFiles/rover_msgs__rosidl_typesupport_fastrtps_c.dir/rosidl_typesupport_fastrtps_c/rover_msgs/msg/detail/joy__type_support_c.cpp.o[0m
[9.078s] [ 59%] [32mBuilding C object CMakeFiles/rover_msgs__rosidl_typesupport_introspection_c.dir/rosidl_typesupport_introspection_c/rover_msgs/srv/detail/compass_calibration__type_support.c.o[0m
[9.129s] [ 60%] [32mBuilding C object CMakeFiles/rover_msgs__rosidl_typesupport_introspection_c.dir/rosidl_typesupport_introspection_c/rover_msgs/srv/detail/new_gps_goal__type_support.c.o[0m
[9.165s] [ 60%] [32mBuilding CXX object CMakeFiles/rover_msgs__rosidl_typesupport_fastrtps_c.dir/rosidl_typesupport_fastrtps_c/rover_msgs/msg/detail/joy_demux_status__type_support_c.cpp.o[0m
[9.229s] [ 60%] [32mBuilding C object CMakeFiles/rover_msgs__rosidl_typesupport_introspection_c.dir/rosidl_typesupport_introspection_c/rover_msgs/srv/detail/pano_control__type_support.c.o[0m
[9.322s] [ 61%] [32mBuilding C object CMakeFiles/rover_msgs__rosidl_typesupport_introspection_c.dir/rosidl_typesupport_introspection_c/rover_msgs/srv/detail/rtsp_stream__type_support.c.o[0m
[9.414s] [ 61%] [32mBuilding C object CMakeFiles/rover_msgs__rosidl_typesupport_introspection_c.dir/rosidl_typesupport_introspection_c/rover_msgs/srv/detail/screenshot_control__type_support.c.o[0m
[9.517s] [ 62%] [32m[1mLinking C shared library librover_msgs__rosidl_typesupport_introspection_c.so[0m
[9.548s] [ 62%] [32mBuilding CXX object CMakeFiles/rover_msgs__rosidl_typesupport_fastrtps_cpp.dir/rosidl_typesupport_fastrtps_cpp/rover_msgs/msg/detail/dds_fastrtps/light_control__type_support.cpp.o[0m
[9.558s] [ 63%] [32mBuilding CXX object CMakeFiles/rover_msgs__rosidl_typesupport_fastrtps_c.dir/rosidl_typesupport_fastrtps_c/rover_msgs/msg/detail/gps__type_support_c.cpp.o[0m
[9.599s] [ 64%] [32mBuilding CXX object CMakeFiles/rover_msgs__rosidl_typesupport_fastrtps_cpp.dir/rosidl_typesupport_fastrtps_cpp/rover_msgs/msg/detail/dds_fastrtps/science_control__type_support.cpp.o[0m
[9.626s] [ 64%] Built target rover_msgs__rosidl_typesupport_introspection_c
[9.644s] [ 64%] [32mBuilding CXX object CMakeFiles/rover_msgs__rosidl_typesupport_introspection_cpp.dir/rosidl_typesupport_introspection_cpp/rover_msgs/srv/detail/joy_demux_set_state__type_support.cpp.o[0m
[9.770s] [ 64%] [32mBuilding CXX object CMakeFiles/rover_msgs__rosidl_typesupport_fastrtps_c.dir/rosidl_typesupport_fastrtps_c/rover_msgs/msg/detail/gps_position__type_support_c.cpp.o[0m
[9.807s] [ 65%] [32mBuilding CXX object CMakeFiles/rover_msgs__rosidl_typesupport_fastrtps_c.dir/rosidl_typesupport_fastrtps_c/rover_msgs/msg/detail/camera_control__type_support_c.cpp.o[0m
[9.853s] [ 65%] [32mBuilding CXX object CMakeFiles/rover_msgs__rosidl_typesupport_fastrtps_cpp.dir/rosidl_typesupport_fastrtps_cpp/rover_msgs/msg/detail/dds_fastrtps/arm_msg__type_support.cpp.o[0m
[9.945s] [ 65%] [32mBuilding CXX object CMakeFiles/rover_msgs__rosidl_typesupport_fastrtps_c.dir/rosidl_typesupport_fastrtps_c/rover_msgs/msg/detail/light_control__type_support_c.cpp.o[0m
[9.963s] [ 66%] [32mBuilding CXX object CMakeFiles/rover_msgs__rosidl_typesupport_fastrtps_cpp.dir/rosidl_typesupport_fastrtps_cpp/rover_msgs/msg/detail/dds_fastrtps/drivetrain_arbitration__type_support.cpp.o[0m
[9.973s] [ 67%] [32mBuilding CXX object CMakeFiles/rover_msgs__rosidl_typesupport_fastrtps_c.dir/rosidl_typesupport_fastrtps_c/rover_msgs/msg/detail/science_control__type_support_c.cpp.o[0m
[9.986s] [ 67%] [32mBuilding CXX object CMakeFiles/rover_msgs__rosidl_typesupport_fastrtps_c.dir/rosidl_typesupport_fastrtps_c/rover_msgs/msg/detail/arm_msg__type_support_c.cpp.o[0m
[10.040s] [ 67%] [32mBuilding CXX object CMakeFiles/rover_msgs__rosidl_typesupport_fastrtps_cpp.dir/rosidl_typesupport_fastrtps_cpp/rover_msgs/msg/detail/dds_fastrtps/compass__type_support.cpp.o[0m
[10.385s] [ 68%] [32mBuilding CXX object CMakeFiles/rover_msgs__rosidl_typesupport_introspection_cpp.dir/rosidl_typesupport_introspection_cpp/rover_msgs/srv/detail/antenna_arbitration__type_support.cpp.o[0m
[10.559s] [ 69%] [32mBuilding CXX object CMakeFiles/rover_msgs__rosidl_typesupport_fastrtps_cpp.dir/rosidl_typesupport_fastrtps_cpp/rover_msgs/msg/detail/dds_fastrtps/camera_angle__type_support.cpp.o[0m
[10.563s] [ 69%] [32mBuilding CXX object CMakeFiles/rover_msgs__rosidl_typesupport_fastrtps_cpp.dir/rosidl_typesupport_fastrtps_cpp/rover_msgs/msg/detail/dds_fastrtps/aruco__type_support.cpp.o[0m
[10.576s] [ 70%] [32mBuilding CXX object CMakeFiles/rover_msgs__rosidl_typesupport_fastrtps_c.dir/rosidl_typesupport_fastrtps_c/rover_msgs/msg/detail/drivetrain_arbitration__type_support_c.cpp.o[0m
[10.629s] [ 70%] [32mBuilding CXX object CMakeFiles/rover_msgs__rosidl_typesupport_fastrtps_cpp.dir/rosidl_typesupport_fastrtps_cpp/rover_msgs/srv/detail/dds_fastrtps/joy_demux_set_state__type_support.cpp.o[0m
[10.637s] [ 70%] [32mBuilding CXX object CMakeFiles/rover_msgs__rosidl_typesupport_introspection_cpp.dir/rosidl_typesupport_introspection_cpp/rover_msgs/srv/detail/drive_train_arbitration__type_support.cpp.o[0m
[10.767s] [ 71%] [32mBuilding CXX object CMakeFiles/rover_msgs__rosidl_typesupport_fastrtps_cpp.dir/rosidl_typesupport_fastrtps_cpp/rover_msgs/srv/detail/dds_fastrtps/antenna_arbitration__type_support.cpp.o[0m
[10.775s] [ 71%] [32mBuilding CXX object CMakeFiles/rover_msgs__rosidl_typesupport_fastrtps_cpp.dir/rosidl_typesupport_fastrtps_cpp/rover_msgs/srv/detail/dds_fastrtps/drive_train_arbitration__type_support.cpp.o[0m
[10.801s] [ 71%] [32mBuilding CXX object CMakeFiles/rover_msgs__rosidl_typesupport_fastrtps_c.dir/rosidl_typesupport_fastrtps_c/rover_msgs/msg/detail/compass__type_support_c.cpp.o[0m
[10.857s] [ 72%] [32mBuilding CXX object CMakeFiles/rover_msgs__rosidl_typesupport_fastrtps_cpp.dir/rosidl_typesupport_fastrtps_cpp/rover_msgs/srv/detail/dds_fastrtps/light_control__type_support.cpp.o[0m
[10.913s] [ 72%] [32mBuilding CXX object CMakeFiles/rover_msgs__rosidl_typesupport_fastrtps_cpp.dir/rosidl_typesupport_fastrtps_cpp/rover_msgs/srv/detail/dds_fastrtps/compass_calibration__type_support.cpp.o[0m
[10.991s] [ 73%] [32mBuilding CXX object CMakeFiles/rover_msgs__rosidl_typesupport_introspection_cpp.dir/rosidl_typesupport_introspection_cpp/rover_msgs/srv/detail/light_control__type_support.cpp.o[0m
[11.326s] [ 74%] [32mBuilding CXX object CMakeFiles/rover_msgs__rosidl_typesupport_fastrtps_c.dir/rosidl_typesupport_fastrtps_c/rover_msgs/msg/detail/camera_angle__type_support_c.cpp.o[0m
[11.370s] [ 75%] [32mBuilding CXX object CMakeFiles/rover_msgs__rosidl_typesupport_fastrtps_cpp.dir/rosidl_typesupport_fastrtps_cpp/rover_msgs/srv/detail/dds_fastrtps/new_gps_goal__type_support.cpp.o[0m
[11.579s] [ 75%] [32mBuilding CXX object CMakeFiles/rover_msgs__rosidl_typesupport_fastrtps_cpp.dir/rosidl_typesupport_fastrtps_cpp/rover_msgs/srv/detail/dds_fastrtps/pano_control__type_support.cpp.o[0m
[11.595s] [ 75%] [32mBuilding CXX object CMakeFiles/rover_msgs__rosidl_typesupport_introspection_cpp.dir/rosidl_typesupport_introspection_cpp/rover_msgs/srv/detail/compass_calibration__type_support.cpp.o[0m
[11.648s] [ 76%] [32mBuilding CXX object CMakeFiles/rover_msgs__rosidl_typesupport_fastrtps_cpp.dir/rosidl_typesupport_fastrtps_cpp/rover_msgs/srv/detail/dds_fastrtps/rtsp_stream__type_support.cpp.o[0m
[11.655s] [ 76%] [32mBuilding CXX object CMakeFiles/rover_msgs__rosidl_typesupport_fastrtps_c.dir/rosidl_typesupport_fastrtps_c/rover_msgs/msg/detail/aruco__type_support_c.cpp.o[0m
[11.735s] [ 77%] [32mBuilding CXX object CMakeFiles/rover_msgs__rosidl_typesupport_fastrtps_c.dir/rosidl_typesupport_fastrtps_c/rover_msgs/srv/detail/joy_demux_set_state__type_support_c.cpp.o[0m
[11.736s] [ 78%] [32mBuilding CXX object CMakeFiles/rover_msgs__rosidl_typesupport_introspection_cpp.dir/rosidl_typesupport_introspection_cpp/rover_msgs/srv/detail/new_gps_goal__type_support.cpp.o[0m
[11.832s] [ 78%] [32mBuilding CXX object CMakeFiles/rover_msgs__rosidl_typesupport_introspection_cpp.dir/rosidl_typesupport_introspection_cpp/rover_msgs/srv/detail/pano_control__type_support.cpp.o[0m
[11.846s] [ 78%] [32mBuilding CXX object CMakeFiles/rover_msgs__rosidl_typesupport_fastrtps_c.dir/rosidl_typesupport_fastrtps_c/rover_msgs/srv/detail/antenna_arbitration__type_support_c.cpp.o[0m
[11.941s] [ 78%] [32mBuilding CXX object CMakeFiles/rover_msgs__rosidl_typesupport_fastrtps_cpp.dir/rosidl_typesupport_fastrtps_cpp/rover_msgs/srv/detail/dds_fastrtps/screenshot_control__type_support.cpp.o[0m
[11.948s] [ 78%] [32mBuilding CXX object CMakeFiles/rover_msgs__rosidl_typesupport_fastrtps_c.dir/rosidl_typesupport_fastrtps_c/rover_msgs/srv/detail/drive_train_arbitration__type_support_c.cpp.o[0m
[12.272s] [ 79%] [32mBuilding CXX object CMakeFiles/rover_msgs__rosidl_typesupport_introspection_cpp.dir/rosidl_typesupport_introspection_cpp/rover_msgs/srv/detail/rtsp_stream__type_support.cpp.o[0m
[12.444s] [ 79%] [32mBuilding CXX object CMakeFiles/rover_msgs__rosidl_typesupport_introspection_cpp.dir/rosidl_typesupport_introspection_cpp/rover_msgs/srv/detail/screenshot_control__type_support.cpp.o[0m
[12.455s] [ 80%] [32mBuilding CXX object CMakeFiles/rover_msgs__rosidl_typesupport_fastrtps_c.dir/rosidl_typesupport_fastrtps_c/rover_msgs/srv/detail/light_control__type_support_c.cpp.o[0m
[12.554s] [ 80%] [32mBuilding CXX object CMakeFiles/rover_msgs__rosidl_typesupport_fastrtps_c.dir/rosidl_typesupport_fastrtps_c/rover_msgs/srv/detail/compass_calibration__type_support_c.cpp.o[0m
[12.624s] [ 81%] [32mBuilding CXX object CMakeFiles/rover_msgs__rosidl_typesupport_fastrtps_c.dir/rosidl_typesupport_fastrtps_c/rover_msgs/srv/detail/new_gps_goal__type_support_c.cpp.o[0m
[12.683s] [ 81%] [32mBuilding CXX object CMakeFiles/rover_msgs__rosidl_typesupport_fastrtps_c.dir/rosidl_typesupport_fastrtps_c/rover_msgs/srv/detail/pano_control__type_support_c.cpp.o[0m
[12.721s] [ 82%] [32mBuilding CXX object CMakeFiles/rover_msgs__rosidl_typesupport_fastrtps_c.dir/rosidl_typesupport_fastrtps_c/rover_msgs/srv/detail/rtsp_stream__type_support_c.cpp.o[0m
[12.741s] [ 82%] [32mBuilding CXX object CMakeFiles/rover_msgs__rosidl_typesupport_fastrtps_c.dir/rosidl_typesupport_fastrtps_c/rover_msgs/srv/detail/screenshot_control__type_support_c.cpp.o[0m
[12.961s] [ 83%] [32m[1mLinking CXX shared library librover_msgs__rosidl_typesupport_fastrtps_cpp.so[0m
[13.222s] [ 83%] Built target rover_msgs__rosidl_typesupport_fastrtps_cpp
[13.264s] [ 84%] [32m[1mLinking CXX shared library librover_msgs__rosidl_typesupport_introspection_cpp.so[0m
[13.403s] [ 84%] Built target rover_msgs__rosidl_typesupport_introspection_cpp
[13.469s] [ 85%] [32m[1mLinking CXX shared library librover_msgs__rosidl_typesupport_fastrtps_c.so[0m
[13.587s] [ 85%] Built target rover_msgs__rosidl_typesupport_fastrtps_c
[13.616s] [ 85%] Built target rover_msgs
[13.648s] [ 85%] [34m[1mGenerating Python code for ROS interfaces[0m
[18.352s] [ 85%] Built target rover_msgs__py
[18.384s] [ 85%] [32mBuilding C object CMakeFiles/rover_msgs__rosidl_generator_py.dir/rosidl_generator_py/rover_msgs/msg/_propulsion_motor_s.c.o[0m
[18.385s] [ 87%] [32mBuilding C object CMakeFiles/rover_msgs__rosidl_generator_py.dir/rosidl_generator_py/rover_msgs/msg/_antenna_cmd_s.c.o[0m
[18.386s] [ 87%] [32mBuilding C object CMakeFiles/rover_msgs__rosidl_generator_py.dir/rosidl_generator_py/rover_msgs/msg/_can_device_status_s.c.o[0m
[18.386s] [ 87%] [32mBuilding C object CMakeFiles/rover_msgs__rosidl_generator_py.dir/rosidl_generator_py/rover_msgs/msg/_joy_s.c.o[0m
[18.387s] [ 88%] [32mBuilding C object CMakeFiles/rover_msgs__rosidl_generator_py.dir/rosidl_generator_py/rover_msgs/msg/_joy_demux_status_s.c.o[0m
[18.387s] [ 88%] [32mBuilding C object CMakeFiles/rover_msgs__rosidl_generator_py.dir/rosidl_generator_py/rover_msgs/msg/_gps_s.c.o[0m
[18.389s] [ 89%] [32mBuilding C object CMakeFiles/rover_msgs__rosidl_generator_py.dir/rosidl_generator_py/rover_msgs/msg/_camera_control_s.c.o[0m
[18.389s] [ 89%] [32mBuilding C object CMakeFiles/rover_msgs__rosidl_generator_py.dir/rosidl_generator_py/rover_msgs/msg/_gps_position_s.c.o[0m
[18.389s] [ 90%] [32mBuilding C object CMakeFiles/rover_msgs__rosidl_generator_py.dir/rosidl_generator_py/rover_msgs/msg/_science_control_s.c.o[0m
[18.390s] [ 90%] [32mBuilding C object CMakeFiles/rover_msgs__rosidl_generator_py.dir/rosidl_generator_py/rover_msgs/msg/_arm_msg_s.c.o[0m
[18.395s] [ 90%] [32mBuilding C object CMakeFiles/rover_msgs__rosidl_generator_py.dir/rosidl_generator_py/rover_msgs/msg/_light_control_s.c.o[0m
[18.396s] [ 91%] [32mBuilding C object CMakeFiles/rover_msgs__rosidl_generator_py.dir/rosidl_generator_py/rover_msgs/msg/_drivetrain_arbitration_s.c.o[0m
[18.635s] [ 92%] [32mBuilding C object CMakeFiles/rover_msgs__rosidl_generator_py.dir/rosidl_generator_py/rover_msgs/msg/_camera_angle_s.c.o[0m
[18.637s] [ 92%] [32mBuilding C object CMakeFiles/rover_msgs__rosidl_generator_py.dir/rosidl_generator_py/rover_msgs/msg/_compass_s.c.o[0m
[18.638s] [ 92%] [32mBuilding C object CMakeFiles/rover_msgs__rosidl_generator_py.dir/rosidl_generator_py/rover_msgs/msg/_aruco_s.c.o[0m
[18.639s] [ 92%] [32mBuilding C object CMakeFiles/rover_msgs__rosidl_generator_py.dir/rosidl_generator_py/rover_msgs/srv/_antenna_arbitration_s.c.o[0m
[18.639s] [ 93%] [32mBuilding C object CMakeFiles/rover_msgs__rosidl_generator_py.dir/rosidl_generator_py/rover_msgs/srv/_joy_demux_set_state_s.c.o[0m
[18.641s] [ 94%] [32mBuilding C object CMakeFiles/rover_msgs__rosidl_generator_py.dir/rosidl_generator_py/rover_msgs/srv/_drive_train_arbitration_s.c.o[0m
[18.641s] [ 94%] [32mBuilding C object CMakeFiles/rover_msgs__rosidl_generator_py.dir/rosidl_generator_py/rover_msgs/srv/_light_control_s.c.o[0m
[18.643s] [ 95%] [32mBuilding C object CMakeFiles/rover_msgs__rosidl_generator_py.dir/rosidl_generator_py/rover_msgs/srv/_compass_calibration_s.c.o[0m
[18.647s] [ 95%] [32mBuilding C object CMakeFiles/rover_msgs__rosidl_generator_py.dir/rosidl_generator_py/rover_msgs/srv/_new_gps_goal_s.c.o[0m
[18.652s] [ 95%] [32mBuilding C object CMakeFiles/rover_msgs__rosidl_generator_py.dir/rosidl_generator_py/rover_msgs/srv/_pano_control_s.c.o[0m
[18.653s] [ 96%] [32mBuilding C object CMakeFiles/rover_msgs__rosidl_generator_py.dir/rosidl_generator_py/rover_msgs/srv/_rtsp_stream_s.c.o[0m
[18.678s] [ 96%] [32mBuilding C object CMakeFiles/rover_msgs__rosidl_generator_py.dir/rosidl_generator_py/rover_msgs/srv/_screenshot_control_s.c.o[0m
[18.932s] [ 97%] [32m[1mLinking C shared library rosidl_generator_py/rover_msgs/librover_msgs__rosidl_generator_py.so[0m
[18.997s] [ 97%] Built target rover_msgs__rosidl_generator_py
[19.026s] [ 97%] [32mBuilding C object CMakeFiles/rover_msgs__rosidl_typesupport_c__pyext.dir/rosidl_generator_py/rover_msgs/_rover_msgs_s.ep.rosidl_typesupport_c.c.o[0m
[19.026s] [ 97%] [32mBuilding C object CMakeFiles/rover_msgs__rosidl_typesupport_fastrtps_c__pyext.dir/rosidl_generator_py/rover_msgs/_rover_msgs_s.ep.rosidl_typesupport_fastrtps_c.c.o[0m
[19.026s] [ 97%] [32mBuilding C object CMakeFiles/rover_msgs__rosidl_typesupport_introspection_c__pyext.dir/rosidl_generator_py/rover_msgs/_rover_msgs_s.ep.rosidl_typesupport_introspection_c.c.o[0m
[19.295s] [ 98%] [32m[1mLinking C shared library rosidl_generator_py/rover_msgs/rover_msgs_s__rosidl_typesupport_c.cpython-310-x86_64-linux-gnu.so[0m
[19.298s] [ 99%] [32m[1mLinking C shared library rosidl_generator_py/rover_msgs/rover_msgs_s__rosidl_typesupport_introspection_c.cpython-310-x86_64-linux-gnu.so[0m
[19.307s] [100%] [32m[1mLinking C shared library rosidl_generator_py/rover_msgs/rover_msgs_s__rosidl_typesupport_fastrtps_c.cpython-310-x86_64-linux-gnu.so[0m
[19.345s] [100%] Built target rover_msgs__rosidl_typesupport_c__pyext
[19.348s] [100%] Built target rover_msgs__rosidl_typesupport_introspection_c__pyext
[19.359s] [100%] Built target rover_msgs__rosidl_typesupport_fastrtps_c__pyext
[19.376s] Invoked command in '/home/chris/ros2_ws/src/rover/build/rover_msgs' returned '0': CMAKE_PREFIX_PATH=${CMAKE_PREFIX_PATH}:/home/chris/ros2_ws/install/rover_sim:/home/chris/ros2_ws/install/panorama:/home/chris/ros2_ws/install/moveit_configs_utils:/opt/ros/humble /usr/bin/cmake --build /home/chris/ros2_ws/src/rover/build/rover_msgs -- -j12 -l12
[20.186s] Invoking command in '/home/chris/ros2_ws/src/rover/build/rover_msgs': CMAKE_PREFIX_PATH=${CMAKE_PREFIX_PATH}:/home/chris/ros2_ws/install/rover_sim:/home/chris/ros2_ws/install/panorama:/home/chris/ros2_ws/install/moveit_configs_utils:/opt/ros/humble /usr/bin/cmake --install /home/chris/ros2_ws/src/rover/build/rover_msgs
[20.197s] -- Install configuration: ""
[20.197s] -- Installing: /home/chris/ros2_ws/src/rover/install/rover_msgs/share/rover_msgs/environment/library_path.sh
[20.197s] -- Installing: /home/chris/ros2_ws/src/rover/install/rover_msgs/share/rover_msgs/environment/library_path.dsv
[20.198s] -- Installing: /home/chris/ros2_ws/src/rover/install/rover_msgs/include/rovus_lib
[20.198s] -- Installing: /home/chris/ros2_ws/src/rover/install/rover_msgs/include/rovus_lib/timer.hpp
[20.198s] -- Installing: /home/chris/ros2_ws/src/rover/install/rover_msgs/include/rovus_lib/moving_average.hpp
[20.198s] -- Installing: /home/chris/ros2_ws/src/rover/install/rover_msgs/include/rovus_lib/macros.h
[20.198s] -- Installing: /home/chris/ros2_ws/src/rover/install/rover_msgs/include/rovus_lib/rovus_exceptions.h
[20.199s] -- Installing: /home/chris/ros2_ws/src/rover/install/rover_msgs/lib/liblib_exec.a
[20.199s] -- Installing: /home/chris/ros2_ws/src/rover/install/rover_msgs/share/ament_index/resource_index/rosidl_interfaces/rover_msgs
[20.199s] -- Installing: /home/chris/ros2_ws/src/rover/install/rover_msgs/include/rover_msgs/rover_msgs
[20.200s] -- Installing: /home/chris/ros2_ws/src/rover/install/rover_msgs/include/rover_msgs/rover_msgs/msg
[20.200s] -- Installing: /home/chris/ros2_ws/src/rover/install/rover_msgs/include/rover_msgs/rover_msgs/msg/detail
[20.200s] -- Installing: /home/chris/ros2_ws/src/rover/install/rover_msgs/include/rover_msgs/rover_msgs/msg/detail/can_device_status__functions.h
[20.200s] -- Installing: /home/chris/ros2_ws/src/rover/install/rover_msgs/include/rover_msgs/rover_msgs/msg/detail/gps_position__functions.h
[20.200s] -- Installing: /home/chris/ros2_ws/src/rover/install/rover_msgs/include/rover_msgs/rover_msgs/msg/detail/science_control__functions.h
[20.200s] -- Installing: /home/chris/ros2_ws/src/rover/install/rover_msgs/include/rover_msgs/rover_msgs/msg/detail/camera_angle__functions.c
[20.201s] -- Installing: /home/chris/ros2_ws/src/rover/install/rover_msgs/include/rover_msgs/rover_msgs/msg/detail/drivetrain_arbitration__functions.h
[20.201s] -- Installing: /home/chris/ros2_ws/src/rover/install/rover_msgs/include/rover_msgs/rover_msgs/msg/detail/joy_demux_status__type_support.h
[20.201s] -- Installing: /home/chris/ros2_ws/src/rover/install/rover_msgs/include/rover_msgs/rover_msgs/msg/detail/drivetrain_arbitration__type_support.h
[20.201s] -- Installing: /home/chris/ros2_ws/src/rover/install/rover_msgs/include/rover_msgs/rover_msgs/msg/detail/aruco__functions.h
[20.202s] -- Installing: /home/chris/ros2_ws/src/rover/install/rover_msgs/include/rover_msgs/rover_msgs/msg/detail/propulsion_motor__type_support.h
[20.202s] -- Installing: /home/chris/ros2_ws/src/rover/install/rover_msgs/include/rover_msgs/rover_msgs/msg/detail/antenna_cmd__type_support.h
[20.202s] -- Installing: /home/chris/ros2_ws/src/rover/install/rover_msgs/include/rover_msgs/rover_msgs/msg/detail/propulsion_motor__functions.c
[20.202s] -- Installing: /home/chris/ros2_ws/src/rover/install/rover_msgs/include/rover_msgs/rover_msgs/msg/detail/light_control__functions.h
[20.203s] -- Installing: /home/chris/ros2_ws/src/rover/install/rover_msgs/include/rover_msgs/rover_msgs/msg/detail/science_control__struct.h
[20.203s] -- Installing: /home/chris/ros2_ws/src/rover/install/rover_msgs/include/rover_msgs/rover_msgs/msg/detail/antenna_cmd__struct.h
[20.203s] -- Installing: /home/chris/ros2_ws/src/rover/install/rover_msgs/include/rover_msgs/rover_msgs/msg/detail/compass__functions.c
[20.203s] -- Installing: /home/chris/ros2_ws/src/rover/install/rover_msgs/include/rover_msgs/rover_msgs/msg/detail/arm_msg__functions.h
[20.203s] -- Installing: /home/chris/ros2_ws/src/rover/install/rover_msgs/include/rover_msgs/rover_msgs/msg/detail/science_control__functions.c
[20.204s] -- Installing: /home/chris/ros2_ws/src/rover/install/rover_msgs/include/rover_msgs/rover_msgs/msg/detail/joy__struct.h
[20.204s] -- Installing: /home/chris/ros2_ws/src/rover/install/rover_msgs/include/rover_msgs/rover_msgs/msg/detail/gps__type_support.h
[20.204s] -- Installing: /home/chris/ros2_ws/src/rover/install/rover_msgs/include/rover_msgs/rover_msgs/msg/detail/gps_position__type_support.h
[20.204s] -- Installing: /home/chris/ros2_ws/src/rover/install/rover_msgs/include/rover_msgs/rover_msgs/msg/detail/arm_msg__struct.h
[20.205s] -- Installing: /home/chris/ros2_ws/src/rover/install/rover_msgs/include/rover_msgs/rover_msgs/msg/detail/can_device_status__functions.c
[20.205s] -- Installing: /home/chris/ros2_ws/src/rover/install/rover_msgs/include/rover_msgs/rover_msgs/msg/detail/can_device_status__type_support.h
[20.205s] -- Installing: /home/chris/ros2_ws/src/rover/install/rover_msgs/include/rover_msgs/rover_msgs/msg/detail/gps__struct.h
[20.205s] -- Installing: /home/chris/ros2_ws/src/rover/install/rover_msgs/include/rover_msgs/rover_msgs/msg/detail/antenna_cmd__functions.h
[20.205s] -- Installing: /home/chris/ros2_ws/src/rover/install/rover_msgs/include/rover_msgs/rover_msgs/msg/detail/gps_position__struct.h
[20.206s] -- Installing: /home/chris/ros2_ws/src/rover/install/rover_msgs/include/rover_msgs/rover_msgs/msg/detail/propulsion_motor__functions.h
[20.206s] -- Installing: /home/chris/ros2_ws/src/rover/install/rover_msgs/include/rover_msgs/rover_msgs/msg/detail/camera_angle__type_support.h
[20.206s] -- Installing: /home/chris/ros2_ws/src/rover/install/rover_msgs/include/rover_msgs/rover_msgs/msg/detail/antenna_cmd__functions.c
[20.206s] -- Installing: /home/chris/ros2_ws/src/rover/install/rover_msgs/include/rover_msgs/rover_msgs/msg/detail/gps_position__functions.c
[20.207s] -- Installing: /home/chris/ros2_ws/src/rover/install/rover_msgs/include/rover_msgs/rover_msgs/msg/detail/camera_control__functions.c
[20.207s] -- Installing: /home/chris/ros2_ws/src/rover/install/rover_msgs/include/rover_msgs/rover_msgs/msg/detail/camera_control__struct.h
[20.207s] -- Installing: /home/chris/ros2_ws/src/rover/install/rover_msgs/include/rover_msgs/rover_msgs/msg/detail/camera_angle__functions.h
[20.207s] -- Installing: /home/chris/ros2_ws/src/rover/install/rover_msgs/include/rover_msgs/rover_msgs/msg/detail/science_control__type_support.h
[20.207s] -- Installing: /home/chris/ros2_ws/src/rover/install/rover_msgs/include/rover_msgs/rover_msgs/msg/detail/arm_msg__functions.c
[20.208s] -- Installing: /home/chris/ros2_ws/src/rover/install/rover_msgs/include/rover_msgs/rover_msgs/msg/detail/joy__functions.c
[20.208s] -- Installing: /home/chris/ros2_ws/src/rover/install/rover_msgs/include/rover_msgs/rover_msgs/msg/detail/compass__type_support.h
[20.208s] -- Installing: /home/chris/ros2_ws/src/rover/install/rover_msgs/include/rover_msgs/rover_msgs/msg/detail/light_control__type_support.h
[20.208s] -- Installing: /home/chris/ros2_ws/src/rover/install/rover_msgs/include/rover_msgs/rover_msgs/msg/detail/joy_demux_status__functions.c
[20.209s] -- Installing: /home/chris/ros2_ws/src/rover/install/rover_msgs/include/rover_msgs/rover_msgs/msg/detail/propulsion_motor__struct.h
[20.209s] -- Installing: /home/chris/ros2_ws/src/rover/install/rover_msgs/include/rover_msgs/rover_msgs/msg/detail/joy_demux_status__struct.h
[20.209s] -- Installing: /home/chris/ros2_ws/src/rover/install/rover_msgs/include/rover_msgs/rover_msgs/msg/detail/light_control__struct.h
[20.209s] -- Installing: /home/chris/ros2_ws/src/rover/install/rover_msgs/include/rover_msgs/rover_msgs/msg/detail/aruco__struct.h
[20.209s] -- Installing: /home/chris/ros2_ws/src/rover/install/rover_msgs/include/rover_msgs/rover_msgs/msg/detail/joy_demux_status__functions.h
[20.210s] -- Installing: /home/chris/ros2_ws/src/rover/install/rover_msgs/include/rover_msgs/rover_msgs/msg/detail/compass__functions.h
[20.210s] -- Installing: /home/chris/ros2_ws/src/rover/install/rover_msgs/include/rover_msgs/rover_msgs/msg/detail/camera_angle__struct.h
[20.210s] -- Installing: /home/chris/ros2_ws/src/rover/install/rover_msgs/include/rover_msgs/rover_msgs/msg/detail/aruco__type_support.h
[20.210s] -- Installing: /home/chris/ros2_ws/src/rover/install/rover_msgs/include/rover_msgs/rover_msgs/msg/detail/gps__functions.c
[20.210s] -- Installing: /home/chris/ros2_ws/src/rover/install/rover_msgs/include/rover_msgs/rover_msgs/msg/detail/can_device_status__struct.h
[20.211s] -- Installing: /home/chris/ros2_ws/src/rover/install/rover_msgs/include/rover_msgs/rover_msgs/msg/detail/drivetrain_arbitration__struct.h
[20.211s] -- Installing: /home/chris/ros2_ws/src/rover/install/rover_msgs/include/rover_msgs/rover_msgs/msg/detail/joy__type_support.h
[20.211s] -- Installing: /home/chris/ros2_ws/src/rover/install/rover_msgs/include/rover_msgs/rover_msgs/msg/detail/light_control__functions.c
[20.211s] -- Installing: /home/chris/ros2_ws/src/rover/install/rover_msgs/include/rover_msgs/rover_msgs/msg/detail/compass__struct.h
[20.212s] -- Installing: /home/chris/ros2_ws/src/rover/install/rover_msgs/include/rover_msgs/rover_msgs/msg/detail/camera_control__functions.h
[20.212s] -- Installing: /home/chris/ros2_ws/src/rover/install/rover_msgs/include/rover_msgs/rover_msgs/msg/detail/camera_control__type_support.h
[20.212s] -- Installing: /home/chris/ros2_ws/src/rover/install/rover_msgs/include/rover_msgs/rover_msgs/msg/detail/aruco__functions.c
[20.212s] -- Installing: /home/chris/ros2_ws/src/rover/install/rover_msgs/include/rover_msgs/rover_msgs/msg/detail/joy__functions.h
[20.212s] -- Installing: /home/chris/ros2_ws/src/rover/install/rover_msgs/include/rover_msgs/rover_msgs/msg/detail/drivetrain_arbitration__functions.c
[20.213s] -- Installing: /home/chris/ros2_ws/src/rover/install/rover_msgs/include/rover_msgs/rover_msgs/msg/detail/arm_msg__type_support.h
[20.213s] -- Installing: /home/chris/ros2_ws/src/rover/install/rover_msgs/include/rover_msgs/rover_msgs/msg/detail/gps__functions.h
[20.213s] -- Installing: /home/chris/ros2_ws/src/rover/install/rover_msgs/include/rover_msgs/rover_msgs/msg/camera_angle.h
[20.213s] -- Installing: /home/chris/ros2_ws/src/rover/install/rover_msgs/include/rover_msgs/rover_msgs/msg/science_control.h
[20.214s] -- Installing: /home/chris/ros2_ws/src/rover/install/rover_msgs/include/rover_msgs/rover_msgs/msg/light_control.h
[20.214s] -- Installing: /home/chris/ros2_ws/src/rover/install/rover_msgs/include/rover_msgs/rover_msgs/msg/propulsion_motor.h
[20.214s] -- Installing: /home/chris/ros2_ws/src/rover/install/rover_msgs/include/rover_msgs/rover_msgs/msg/rosidl_generator_c__visibility_control.h
[20.214s] -- Installing: /home/chris/ros2_ws/src/rover/install/rover_msgs/include/rover_msgs/rover_msgs/msg/antenna_cmd.h
[20.214s] -- Installing: /home/chris/ros2_ws/src/rover/install/rover_msgs/include/rover_msgs/rover_msgs/msg/arm_msg.h
[20.215s] -- Installing: /home/chris/ros2_ws/src/rover/install/rover_msgs/include/rover_msgs/rover_msgs/msg/gps_position.h
[20.215s] -- Installing: /home/chris/ros2_ws/src/rover/install/rover_msgs/include/rover_msgs/rover_msgs/msg/gps.h
[20.215s] -- Installing: /home/chris/ros2_ws/src/rover/install/rover_msgs/include/rover_msgs/rover_msgs/msg/compass.h
[20.215s] -- Installing: /home/chris/ros2_ws/src/rover/install/rover_msgs/include/rover_msgs/rover_msgs/msg/can_device_status.h
[20.215s] -- Installing: /home/chris/ros2_ws/src/rover/install/rover_msgs/include/rover_msgs/rover_msgs/msg/joy_demux_status.h
[20.216s] -- Installing: /home/chris/ros2_ws/src/rover/install/rover_msgs/include/rover_msgs/rover_msgs/msg/drivetrain_arbitration.h
[20.216s] -- Installing: /home/chris/ros2_ws/src/rover/install/rover_msgs/include/rover_msgs/rover_msgs/msg/joy.h
[20.216s] -- Installing: /home/chris/ros2_ws/src/rover/install/rover_msgs/include/rover_msgs/rover_msgs/msg/aruco.h
[20.216s] -- Installing: /home/chris/ros2_ws/src/rover/install/rover_msgs/include/rover_msgs/rover_msgs/msg/camera_control.h
[20.216s] -- Installing: /home/chris/ros2_ws/src/rover/install/rover_msgs/include/rover_msgs/rover_msgs/srv
[20.217s] -- Installing: /home/chris/ros2_ws/src/rover/install/rover_msgs/include/rover_msgs/rover_msgs/srv/drive_train_arbitration.h
[20.217s] -- Installing: /home/chris/ros2_ws/src/rover/install/rover_msgs/include/rover_msgs/rover_msgs/srv/antenna_arbitration.h
[20.217s] -- Installing: /home/chris/ros2_ws/src/rover/install/rover_msgs/include/rover_msgs/rover_msgs/srv/detail
[20.217s] -- Installing: /home/chris/ros2_ws/src/rover/install/rover_msgs/include/rover_msgs/rover_msgs/srv/detail/new_gps_goal__type_support.h
[20.217s] -- Installing: /home/chris/ros2_ws/src/rover/install/rover_msgs/include/rover_msgs/rover_msgs/srv/detail/pano_control__functions.c
[20.218s] -- Installing: /home/chris/ros2_ws/src/rover/install/rover_msgs/include/rover_msgs/rover_msgs/srv/detail/joy_demux_set_state__functions.c
[20.218s] -- Installing: /home/chris/ros2_ws/src/rover/install/rover_msgs/include/rover_msgs/rover_msgs/srv/detail/new_gps_goal__functions.c
[20.218s] -- Installing: /home/chris/ros2_ws/src/rover/install/rover_msgs/include/rover_msgs/rover_msgs/srv/detail/light_control__functions.h
[20.218s] -- Installing: /home/chris/ros2_ws/src/rover/install/rover_msgs/include/rover_msgs/rover_msgs/srv/detail/rtsp_stream__struct.h
[20.218s] -- Installing: /home/chris/ros2_ws/src/rover/install/rover_msgs/include/rover_msgs/rover_msgs/srv/detail/pano_control__functions.h
[20.219s] -- Installing: /home/chris/ros2_ws/src/rover/install/rover_msgs/include/rover_msgs/rover_msgs/srv/detail/drive_train_arbitration__functions.h
[20.219s] -- Installing: /home/chris/ros2_ws/src/rover/install/rover_msgs/include/rover_msgs/rover_msgs/srv/detail/antenna_arbitration__functions.c
[20.219s] -- Installing: /home/chris/ros2_ws/src/rover/install/rover_msgs/include/rover_msgs/rover_msgs/srv/detail/rtsp_stream__functions.h
[20.219s] -- Installing: /home/chris/ros2_ws/src/rover/install/rover_msgs/include/rover_msgs/rover_msgs/srv/detail/antenna_arbitration__functions.h
[20.220s] -- Installing: /home/chris/ros2_ws/src/rover/install/rover_msgs/include/rover_msgs/rover_msgs/srv/detail/compass_calibration__functions.h
[20.220s] -- Installing: /home/chris/ros2_ws/src/rover/install/rover_msgs/include/rover_msgs/rover_msgs/srv/detail/new_gps_goal__struct.h
[20.220s] -- Installing: /home/chris/ros2_ws/src/rover/install/rover_msgs/include/rover_msgs/rover_msgs/srv/detail/drive_train_arbitration__type_support.h
[20.220s] -- Installing: /home/chris/ros2_ws/src/rover/install/rover_msgs/include/rover_msgs/rover_msgs/srv/detail/compass_calibration__functions.c
[20.220s] -- Installing: /home/chris/ros2_ws/src/rover/install/rover_msgs/include/rover_msgs/rover_msgs/srv/detail/new_gps_goal__functions.h
[20.221s] -- Installing: /home/chris/ros2_ws/src/rover/install/rover_msgs/include/rover_msgs/rover_msgs/srv/detail/joy_demux_set_state__functions.h
[20.221s] -- Installing: /home/chris/ros2_ws/src/rover/install/rover_msgs/include/rover_msgs/rover_msgs/srv/detail/rtsp_stream__functions.c
[20.221s] -- Installing: /home/chris/ros2_ws/src/rover/install/rover_msgs/include/rover_msgs/rover_msgs/srv/detail/screenshot_control__functions.h
[20.221s] -- Installing: /home/chris/ros2_ws/src/rover/install/rover_msgs/include/rover_msgs/rover_msgs/srv/detail/pano_control__type_support.h
[20.222s] -- Installing: /home/chris/ros2_ws/src/rover/install/rover_msgs/include/rover_msgs/rover_msgs/srv/detail/joy_demux_set_state__type_support.h
[20.222s] -- Installing: /home/chris/ros2_ws/src/rover/install/rover_msgs/include/rover_msgs/rover_msgs/srv/detail/screenshot_control__functions.c
[20.222s] -- Installing: /home/chris/ros2_ws/src/rover/install/rover_msgs/include/rover_msgs/rover_msgs/srv/detail/screenshot_control__struct.h
[20.222s] -- Installing: /home/chris/ros2_ws/src/rover/install/rover_msgs/include/rover_msgs/rover_msgs/srv/detail/antenna_arbitration__type_support.h
[20.222s] -- Installing: /home/chris/ros2_ws/src/rover/install/rover_msgs/include/rover_msgs/rover_msgs/srv/detail/light_control__type_support.h
[20.223s] -- Installing: /home/chris/ros2_ws/src/rover/install/rover_msgs/include/rover_msgs/rover_msgs/srv/detail/rtsp_stream__type_support.h
[20.223s] -- Installing: /home/chris/ros2_ws/src/rover/install/rover_msgs/include/rover_msgs/rover_msgs/srv/detail/light_control__struct.h
[20.223s] -- Installing: /home/chris/ros2_ws/src/rover/install/rover_msgs/include/rover_msgs/rover_msgs/srv/detail/drive_train_arbitration__struct.h
[20.223s] -- Installing: /home/chris/ros2_ws/src/rover/install/rover_msgs/include/rover_msgs/rover_msgs/srv/detail/screenshot_control__type_support.h
[20.223s] -- Installing: /home/chris/ros2_ws/src/rover/install/rover_msgs/include/rover_msgs/rover_msgs/srv/detail/joy_demux_set_state__struct.h
[20.224s] -- Installing: /home/chris/ros2_ws/src/rover/install/rover_msgs/include/rover_msgs/rover_msgs/srv/detail/light_control__functions.c
[20.224s] -- Installing: /home/chris/ros2_ws/src/rover/install/rover_msgs/include/rover_msgs/rover_msgs/srv/detail/pano_control__struct.h
[20.224s] -- Installing: /home/chris/ros2_ws/src/rover/install/rover_msgs/include/rover_msgs/rover_msgs/srv/detail/compass_calibration__struct.h
[20.224s] -- Installing: /home/chris/ros2_ws/src/rover/install/rover_msgs/include/rover_msgs/rover_msgs/srv/detail/compass_calibration__type_support.h
[20.225s] -- Installing: /home/chris/ros2_ws/src/rover/install/rover_msgs/include/rover_msgs/rover_msgs/srv/detail/antenna_arbitration__struct.h
[20.225s] -- Installing: /home/chris/ros2_ws/src/rover/install/rover_msgs/include/rover_msgs/rover_msgs/srv/detail/drive_train_arbitration__functions.c
[20.225s] -- Installing: /home/chris/ros2_ws/src/rover/install/rover_msgs/include/rover_msgs/rover_msgs/srv/screenshot_control.h
[20.225s] -- Installing: /home/chris/ros2_ws/src/rover/install/rover_msgs/include/rover_msgs/rover_msgs/srv/light_control.h
[20.225s] -- Installing: /home/chris/ros2_ws/src/rover/install/rover_msgs/include/rover_msgs/rover_msgs/srv/joy_demux_set_state.h
[20.226s] -- Installing: /home/chris/ros2_ws/src/rover/install/rover_msgs/include/rover_msgs/rover_msgs/srv/new_gps_goal.h
[20.226s] -- Installing: /home/chris/ros2_ws/src/rover/install/rover_msgs/include/rover_msgs/rover_msgs/srv/compass_calibration.h
[20.226s] -- Installing: /home/chris/ros2_ws/src/rover/install/rover_msgs/include/rover_msgs/rover_msgs/srv/pano_control.h
[20.226s] -- Installing: /home/chris/ros2_ws/src/rover/install/rover_msgs/include/rover_msgs/rover_msgs/srv/rtsp_stream.h
[20.227s] -- Installing: /home/chris/ros2_ws/src/rover/install/rover_msgs/lib/librover_msgs__rosidl_generator_c.so
[20.228s] -- Set runtime path of "/home/chris/ros2_ws/src/rover/install/rover_msgs/lib/librover_msgs__rosidl_generator_c.so" to ""
[20.228s] -- Up-to-date: /home/chris/ros2_ws/src/rover/install/rover_msgs/include/rover_msgs/rover_msgs
[20.228s] -- Up-to-date: /home/chris/ros2_ws/src/rover/install/rover_msgs/include/rover_msgs/rover_msgs/msg
[20.229s] -- Up-to-date: /home/chris/ros2_ws/src/rover/install/rover_msgs/include/rover_msgs/rover_msgs/msg/detail
[20.229s] -- Installing: /home/chris/ros2_ws/src/rover/install/rover_msgs/include/rover_msgs/rover_msgs/msg/detail/camera_angle__rosidl_typesupport_fastrtps_c.h
[20.229s] -- Installing: /home/chris/ros2_ws/src/rover/install/rover_msgs/include/rover_msgs/rover_msgs/msg/detail/light_control__rosidl_typesupport_fastrtps_c.h
[20.229s] -- Installing: /home/chris/ros2_ws/src/rover/install/rover_msgs/include/rover_msgs/rover_msgs/msg/detail/compass__rosidl_typesupport_fastrtps_c.h
[20.229s] -- Installing: /home/chris/ros2_ws/src/rover/install/rover_msgs/include/rover_msgs/rover_msgs/msg/detail/joy__rosidl_typesupport_fastrtps_c.h
[20.229s] -- Installing: /home/chris/ros2_ws/src/rover/install/rover_msgs/include/rover_msgs/rover_msgs/msg/detail/gps__rosidl_typesupport_fastrtps_c.h
[20.230s] -- Installing: /home/chris/ros2_ws/src/rover/install/rover_msgs/include/rover_msgs/rover_msgs/msg/detail/arm_msg__rosidl_typesupport_fastrtps_c.h
[20.230s] -- Installing: /home/chris/ros2_ws/src/rover/install/rover_msgs/include/rover_msgs/rover_msgs/msg/detail/antenna_cmd__rosidl_typesupport_fastrtps_c.h
[20.230s] -- Installing: /home/chris/ros2_ws/src/rover/install/rover_msgs/include/rover_msgs/rover_msgs/msg/detail/joy_demux_status__rosidl_typesupport_fastrtps_c.h
[20.230s] -- Installing: /home/chris/ros2_ws/src/rover/install/rover_msgs/include/rover_msgs/rover_msgs/msg/detail/propulsion_motor__rosidl_typesupport_fastrtps_c.h
[20.230s] -- Installing: /home/chris/ros2_ws/src/rover/install/rover_msgs/include/rover_msgs/rover_msgs/msg/detail/camera_control__rosidl_typesupport_fastrtps_c.h
[20.231s] -- Installing: /home/chris/ros2_ws/src/rover/install/rover_msgs/include/rover_msgs/rover_msgs/msg/detail/can_device_status__rosidl_typesupport_fastrtps_c.h
[20.231s] -- Installing: /home/chris/ros2_ws/src/rover/install/rover_msgs/include/rover_msgs/rover_msgs/msg/detail/aruco__rosidl_typesupport_fastrtps_c.h
[20.231s] -- Installing: /home/chris/ros2_ws/src/rover/install/rover_msgs/include/rover_msgs/rover_msgs/msg/detail/drivetrain_arbitration__rosidl_typesupport_fastrtps_c.h
[20.231s] -- Installing: /home/chris/ros2_ws/src/rover/install/rover_msgs/include/rover_msgs/rover_msgs/msg/detail/science_control__rosidl_typesupport_fastrtps_c.h
[20.232s] -- Installing: /home/chris/ros2_ws/src/rover/install/rover_msgs/include/rover_msgs/rover_msgs/msg/detail/gps_position__rosidl_typesupport_fastrtps_c.h
[20.232s] -- Installing: /home/chris/ros2_ws/src/rover/install/rover_msgs/include/rover_msgs/rover_msgs/msg/rosidl_typesupport_fastrtps_c__visibility_control.h
[20.232s] -- Up-to-date: /home/chris/ros2_ws/src/rover/install/rover_msgs/include/rover_msgs/rover_msgs/srv
[20.232s] -- Up-to-date: /home/chris/ros2_ws/src/rover/install/rover_msgs/include/rover_msgs/rover_msgs/srv/detail
[20.232s] -- Installing: /home/chris/ros2_ws/src/rover/install/rover_msgs/include/rover_msgs/rover_msgs/srv/detail/screenshot_control__rosidl_typesupport_fastrtps_c.h
[20.233s] -- Installing: /home/chris/ros2_ws/src/rover/install/rover_msgs/include/rover_msgs/rover_msgs/srv/detail/pano_control__rosidl_typesupport_fastrtps_c.h
[20.233s] -- Installing: /home/chris/ros2_ws/src/rover/install/rover_msgs/include/rover_msgs/rover_msgs/srv/detail/light_control__rosidl_typesupport_fastrtps_c.h
[20.233s] -- Installing: /home/chris/ros2_ws/src/rover/install/rover_msgs/include/rover_msgs/rover_msgs/srv/detail/compass_calibration__rosidl_typesupport_fastrtps_c.h
[20.233s] -- Installing: /home/chris/ros2_ws/src/rover/install/rover_msgs/include/rover_msgs/rover_msgs/srv/detail/antenna_arbitration__rosidl_typesupport_fastrtps_c.h
[20.234s] -- Installing: /home/chris/ros2_ws/src/rover/install/rover_msgs/include/rover_msgs/rover_msgs/srv/detail/drive_train_arbitration__rosidl_typesupport_fastrtps_c.h
[20.234s] -- Installing: /home/chris/ros2_ws/src/rover/install/rover_msgs/include/rover_msgs/rover_msgs/srv/detail/joy_demux_set_state__rosidl_typesupport_fastrtps_c.h
[20.234s] -- Installing: /home/chris/ros2_ws/src/rover/install/rover_msgs/include/rover_msgs/rover_msgs/srv/detail/new_gps_goal__rosidl_typesupport_fastrtps_c.h
[20.234s] -- Installing: /home/chris/ros2_ws/src/rover/install/rover_msgs/include/rover_msgs/rover_msgs/srv/detail/rtsp_stream__rosidl_typesupport_fastrtps_c.h
[20.235s] -- Installing: /home/chris/ros2_ws/src/rover/install/rover_msgs/lib/librover_msgs__rosidl_typesupport_fastrtps_c.so
[20.236s] -- Set runtime path of "/home/chris/ros2_ws/src/rover/install/rover_msgs/lib/librover_msgs__rosidl_typesupport_fastrtps_c.so" to ""
[20.236s] -- Up-to-date: /home/chris/ros2_ws/src/rover/install/rover_msgs/include/rover_msgs/rover_msgs
[20.236s] -- Up-to-date: /home/chris/ros2_ws/src/rover/install/rover_msgs/include/rover_msgs/rover_msgs/msg
[20.237s] -- Up-to-date: /home/chris/ros2_ws/src/rover/install/rover_msgs/include/rover_msgs/rover_msgs/msg/detail
[20.237s] -- Installing: /home/chris/ros2_ws/src/rover/install/rover_msgs/include/rover_msgs/rover_msgs/msg/detail/aruco__type_support.c
[20.237s] -- Installing: /home/chris/ros2_ws/src/rover/install/rover_msgs/include/rover_msgs/rover_msgs/msg/detail/drivetrain_arbitration__rosidl_typesupport_introspection_c.h
[20.237s] -- Installing: /home/chris/ros2_ws/src/rover/install/rover_msgs/include/rover_msgs/rover_msgs/msg/detail/joy_demux_status__rosidl_typesupport_introspection_c.h
[20.237s] -- Installing: /home/chris/ros2_ws/src/rover/install/rover_msgs/include/rover_msgs/rover_msgs/msg/detail/can_device_status__type_support.c
[20.237s] -- Installing: /home/chris/ros2_ws/src/rover/install/rover_msgs/include/rover_msgs/rover_msgs/msg/detail/science_control__rosidl_typesupport_introspection_c.h
[20.237s] -- Installing: /home/chris/ros2_ws/src/rover/install/rover_msgs/include/rover_msgs/rover_msgs/msg/detail/gps__rosidl_typesupport_introspection_c.h
[20.238s] -- Installing: /home/chris/ros2_ws/src/rover/install/rover_msgs/include/rover_msgs/rover_msgs/msg/detail/science_control__type_support.c
[20.238s] -- Installing: /home/chris/ros2_ws/src/rover/install/rover_msgs/include/rover_msgs/rover_msgs/msg/detail/can_device_status__rosidl_typesupport_introspection_c.h
[20.238s] -- Installing: /home/chris/ros2_ws/src/rover/install/rover_msgs/include/rover_msgs/rover_msgs/msg/detail/propulsion_motor__rosidl_typesupport_introspection_c.h
[20.238s] -- Installing: /home/chris/ros2_ws/src/rover/install/rover_msgs/include/rover_msgs/rover_msgs/msg/detail/antenna_cmd__type_support.c
[20.239s] -- Installing: /home/chris/ros2_ws/src/rover/install/rover_msgs/include/rover_msgs/rover_msgs/msg/detail/aruco__rosidl_typesupport_introspection_c.h
[20.239s] -- Installing: /home/chris/ros2_ws/src/rover/install/rover_msgs/include/rover_msgs/rover_msgs/msg/detail/arm_msg__type_support.c
[20.239s] -- Installing: /home/chris/ros2_ws/src/rover/install/rover_msgs/include/rover_msgs/rover_msgs/msg/detail/arm_msg__rosidl_typesupport_introspection_c.h
[20.239s] -- Installing: /home/chris/ros2_ws/src/rover/install/rover_msgs/include/rover_msgs/rover_msgs/msg/detail/joy__type_support.c
[20.240s] -- Installing: /home/chris/ros2_ws/src/rover/install/rover_msgs/include/rover_msgs/rover_msgs/msg/detail/compass__type_support.c
[20.240s] -- Installing: /home/chris/ros2_ws/src/rover/install/rover_msgs/include/rover_msgs/rover_msgs/msg/detail/camera_control__type_support.c
[20.240s] -- Installing: /home/chris/ros2_ws/src/rover/install/rover_msgs/include/rover_msgs/rover_msgs/msg/detail/camera_control__rosidl_typesupport_introspection_c.h
[20.240s] -- Installing: /home/chris/ros2_ws/src/rover/install/rover_msgs/include/rover_msgs/rover_msgs/msg/detail/antenna_cmd__rosidl_typesupport_introspection_c.h
[20.241s] -- Installing: /home/chris/ros2_ws/src/rover/install/rover_msgs/include/rover_msgs/rover_msgs/msg/detail/camera_angle__type_support.c
[20.241s] -- Installing: /home/chris/ros2_ws/src/rover/install/rover_msgs/include/rover_msgs/rover_msgs/msg/detail/light_control__rosidl_typesupport_introspection_c.h
[20.241s] -- Installing: /home/chris/ros2_ws/src/rover/install/rover_msgs/include/rover_msgs/rover_msgs/msg/detail/compass__rosidl_typesupport_introspection_c.h
[20.241s] -- Installing: /home/chris/ros2_ws/src/rover/install/rover_msgs/include/rover_msgs/rover_msgs/msg/detail/propulsion_motor__type_support.c
[20.242s] -- Installing: /home/chris/ros2_ws/src/rover/install/rover_msgs/include/rover_msgs/rover_msgs/msg/detail/gps_position__type_support.c
[20.242s] -- Installing: /home/chris/ros2_ws/src/rover/install/rover_msgs/include/rover_msgs/rover_msgs/msg/detail/light_control__type_support.c
[20.242s] -- Installing: /home/chris/ros2_ws/src/rover/install/rover_msgs/include/rover_msgs/rover_msgs/msg/detail/drivetrain_arbitration__type_support.c
[20.242s] -- Installing: /home/chris/ros2_ws/src/rover/install/rover_msgs/include/rover_msgs/rover_msgs/msg/detail/joy__rosidl_typesupport_introspection_c.h
[20.243s] -- Installing: /home/chris/ros2_ws/src/rover/install/rover_msgs/include/rover_msgs/rover_msgs/msg/detail/gps_position__rosidl_typesupport_introspection_c.h
[20.243s] -- Installing: /home/chris/ros2_ws/src/rover/install/rover_msgs/include/rover_msgs/rover_msgs/msg/detail/joy_demux_status__type_support.c
[20.243s] -- Installing: /home/chris/ros2_ws/src/rover/install/rover_msgs/include/rover_msgs/rover_msgs/msg/detail/camera_angle__rosidl_typesupport_introspection_c.h
[20.243s] -- Installing: /home/chris/ros2_ws/src/rover/install/rover_msgs/include/rover_msgs/rover_msgs/msg/detail/gps__type_support.c
[20.243s] -- Installing: /home/chris/ros2_ws/src/rover/install/rover_msgs/include/rover_msgs/rover_msgs/msg/rosidl_typesupport_introspection_c__visibility_control.h
[20.244s] -- Up-to-date: /home/chris/ros2_ws/src/rover/install/rover_msgs/include/rover_msgs/rover_msgs/srv
[20.244s] -- Up-to-date: /home/chris/ros2_ws/src/rover/install/rover_msgs/include/rover_msgs/rover_msgs/srv/detail
[20.244s] -- Installing: /home/chris/ros2_ws/src/rover/install/rover_msgs/include/rover_msgs/rover_msgs/srv/detail/pano_control__type_support.c
[20.244s] -- Installing: /home/chris/ros2_ws/src/rover/install/rover_msgs/include/rover_msgs/rover_msgs/srv/detail/compass_calibration__type_support.c
[20.244s] -- Installing: /home/chris/ros2_ws/src/rover/install/rover_msgs/include/rover_msgs/rover_msgs/srv/detail/new_gps_goal__rosidl_typesupport_introspection_c.h
[20.244s] -- Installing: /home/chris/ros2_ws/src/rover/install/rover_msgs/include/rover_msgs/rover_msgs/srv/detail/joy_demux_set_state__type_support.c
[20.245s] -- Installing: /home/chris/ros2_ws/src/rover/install/rover_msgs/include/rover_msgs/rover_msgs/srv/detail/pano_control__rosidl_typesupport_introspection_c.h
[20.245s] -- Installing: /home/chris/ros2_ws/src/rover/install/rover_msgs/include/rover_msgs/rover_msgs/srv/detail/screenshot_control__rosidl_typesupport_introspection_c.h
[20.245s] -- Installing: /home/chris/ros2_ws/src/rover/install/rover_msgs/include/rover_msgs/rover_msgs/srv/detail/screenshot_control__type_support.c
[20.245s] -- Installing: /home/chris/ros2_ws/src/rover/install/rover_msgs/include/rover_msgs/rover_msgs/srv/detail/drive_train_arbitration__type_support.c
[20.246s] -- Installing: /home/chris/ros2_ws/src/rover/install/rover_msgs/include/rover_msgs/rover_msgs/srv/detail/antenna_arbitration__rosidl_typesupport_introspection_c.h
[20.246s] -- Installing: /home/chris/ros2_ws/src/rover/install/rover_msgs/include/rover_msgs/rover_msgs/srv/detail/rtsp_stream__type_support.c
[20.246s] -- Installing: /home/chris/ros2_ws/src/rover/install/rover_msgs/include/rover_msgs/rover_msgs/srv/detail/light_control__rosidl_typesupport_introspection_c.h
[20.246s] -- Installing: /home/chris/ros2_ws/src/rover/install/rover_msgs/include/rover_msgs/rover_msgs/srv/detail/light_control__type_support.c
[20.247s] -- Installing: /home/chris/ros2_ws/src/rover/install/rover_msgs/include/rover_msgs/rover_msgs/srv/detail/rtsp_stream__rosidl_typesupport_introspection_c.h
[20.247s] -- Installing: /home/chris/ros2_ws/src/rover/install/rover_msgs/include/rover_msgs/rover_msgs/srv/detail/compass_calibration__rosidl_typesupport_introspection_c.h
[20.247s] -- Installing: /home/chris/ros2_ws/src/rover/install/rover_msgs/include/rover_msgs/rover_msgs/srv/detail/drive_train_arbitration__rosidl_typesupport_introspection_c.h
[20.247s] -- Installing: /home/chris/ros2_ws/src/rover/install/rover_msgs/include/rover_msgs/rover_msgs/srv/detail/antenna_arbitration__type_support.c
[20.248s] -- Installing: /home/chris/ros2_ws/src/rover/install/rover_msgs/include/rover_msgs/rover_msgs/srv/detail/joy_demux_set_state__rosidl_typesupport_introspection_c.h
[20.248s] -- Installing: /home/chris/ros2_ws/src/rover/install/rover_msgs/include/rover_msgs/rover_msgs/srv/detail/new_gps_goal__type_support.c
[20.248s] -- Installing: /home/chris/ros2_ws/src/rover/install/rover_msgs/lib/librover_msgs__rosidl_typesupport_introspection_c.so
[20.249s] -- Set runtime path of "/home/chris/ros2_ws/src/rover/install/rover_msgs/lib/librover_msgs__rosidl_typesupport_introspection_c.so" to ""
[20.249s] -- Installing: /home/chris/ros2_ws/src/rover/install/rover_msgs/lib/librover_msgs__rosidl_typesupport_c.so
[20.250s] -- Set runtime path of "/home/chris/ros2_ws/src/rover/install/rover_msgs/lib/librover_msgs__rosidl_typesupport_c.so" to ""
[20.250s] -- Up-to-date: /home/chris/ros2_ws/src/rover/install/rover_msgs/include/rover_msgs/rover_msgs
[20.251s] -- Up-to-date: /home/chris/ros2_ws/src/rover/install/rover_msgs/include/rover_msgs/rover_msgs/msg
[20.251s] -- Installing: /home/chris/ros2_ws/src/rover/install/rover_msgs/include/rover_msgs/rover_msgs/msg/camera_angle.hpp
[20.251s] -- Installing: /home/chris/ros2_ws/src/rover/install/rover_msgs/include/rover_msgs/rover_msgs/msg/joy_demux_status.hpp
[20.251s] -- Up-to-date: /home/chris/ros2_ws/src/rover/install/rover_msgs/include/rover_msgs/rover_msgs/msg/detail
[20.251s] -- Installing: /home/chris/ros2_ws/src/rover/install/rover_msgs/include/rover_msgs/rover_msgs/msg/detail/antenna_cmd__builder.hpp
[20.251s] -- Installing: /home/chris/ros2_ws/src/rover/install/rover_msgs/include/rover_msgs/rover_msgs/msg/detail/science_control__struct.hpp
[20.251s] -- Installing: /home/chris/ros2_ws/src/rover/install/rover_msgs/include/rover_msgs/rover_msgs/msg/detail/arm_msg__traits.hpp
[20.252s] -- Installing: /home/chris/ros2_ws/src/rover/install/rover_msgs/include/rover_msgs/rover_msgs/msg/detail/drivetrain_arbitration__traits.hpp
[20.252s] -- Installing: /home/chris/ros2_ws/src/rover/install/rover_msgs/include/rover_msgs/rover_msgs/msg/detail/gps_position__builder.hpp
[20.252s] -- Installing: /home/chris/ros2_ws/src/rover/install/rover_msgs/include/rover_msgs/rover_msgs/msg/detail/camera_control__struct.hpp
[20.252s] -- Installing: /home/chris/ros2_ws/src/rover/install/rover_msgs/include/rover_msgs/rover_msgs/msg/detail/compass__struct.hpp
[20.253s] -- Installing: /home/chris/ros2_ws/src/rover/install/rover_msgs/include/rover_msgs/rover_msgs/msg/detail/arm_msg__builder.hpp
[20.253s] -- Installing: /home/chris/ros2_ws/src/rover/install/rover_msgs/include/rover_msgs/rover_msgs/msg/detail/joy_demux_status__builder.hpp
[20.253s] -- Installing: /home/chris/ros2_ws/src/rover/install/rover_msgs/include/rover_msgs/rover_msgs/msg/detail/joy_demux_status__struct.hpp
[20.253s] -- Installing: /home/chris/ros2_ws/src/rover/install/rover_msgs/include/rover_msgs/rover_msgs/msg/detail/joy__builder.hpp
[20.253s] -- Installing: /home/chris/ros2_ws/src/rover/install/rover_msgs/include/rover_msgs/rover_msgs/msg/detail/camera_control__builder.hpp
[20.254s] -- Installing: /home/chris/ros2_ws/src/rover/install/rover_msgs/include/rover_msgs/rover_msgs/msg/detail/light_control__struct.hpp
[20.254s] -- Installing: /home/chris/ros2_ws/src/rover/install/rover_msgs/include/rover_msgs/rover_msgs/msg/detail/gps__builder.hpp
[20.254s] -- Installing: /home/chris/ros2_ws/src/rover/install/rover_msgs/include/rover_msgs/rover_msgs/msg/detail/can_device_status__builder.hpp
[20.254s] -- Installing: /home/chris/ros2_ws/src/rover/install/rover_msgs/include/rover_msgs/rover_msgs/msg/detail/joy_demux_status__traits.hpp
[20.255s] -- Installing: /home/chris/ros2_ws/src/rover/install/rover_msgs/include/rover_msgs/rover_msgs/msg/detail/aruco__builder.hpp
[20.255s] -- Installing: /home/chris/ros2_ws/src/rover/install/rover_msgs/include/rover_msgs/rover_msgs/msg/detail/antenna_cmd__struct.hpp
[20.255s] -- Installing: /home/chris/ros2_ws/src/rover/install/rover_msgs/include/rover_msgs/rover_msgs/msg/detail/gps_position__traits.hpp
[20.255s] -- Installing: /home/chris/ros2_ws/src/rover/install/rover_msgs/include/rover_msgs/rover_msgs/msg/detail/compass__builder.hpp
[20.256s] -- Installing: /home/chris/ros2_ws/src/rover/install/rover_msgs/include/rover_msgs/rover_msgs/msg/detail/light_control__traits.hpp
[20.256s] -- Installing: /home/chris/ros2_ws/src/rover/install/rover_msgs/include/rover_msgs/rover_msgs/msg/detail/joy__struct.hpp
[20.256s] -- Installing: /home/chris/ros2_ws/src/rover/install/rover_msgs/include/rover_msgs/rover_msgs/msg/detail/gps__struct.hpp
[20.256s] -- Installing: /home/chris/ros2_ws/src/rover/install/rover_msgs/include/rover_msgs/rover_msgs/msg/detail/can_device_status__struct.hpp
[20.256s] -- Installing: /home/chris/ros2_ws/src/rover/install/rover_msgs/include/rover_msgs/rover_msgs/msg/detail/aruco__traits.hpp
[20.257s] -- Installing: /home/chris/ros2_ws/src/rover/install/rover_msgs/include/rover_msgs/rover_msgs/msg/detail/propulsion_motor__traits.hpp
[20.257s] -- Installing: /home/chris/ros2_ws/src/rover/install/rover_msgs/include/rover_msgs/rover_msgs/msg/detail/propulsion_motor__builder.hpp
[20.257s] -- Installing: /home/chris/ros2_ws/src/rover/install/rover_msgs/include/rover_msgs/rover_msgs/msg/detail/camera_angle__struct.hpp
[20.257s] -- Installing: /home/chris/ros2_ws/src/rover/install/rover_msgs/include/rover_msgs/rover_msgs/msg/detail/light_control__builder.hpp
[20.257s] -- Installing: /home/chris/ros2_ws/src/rover/install/rover_msgs/include/rover_msgs/rover_msgs/msg/detail/arm_msg__struct.hpp
[20.257s] -- Installing: /home/chris/ros2_ws/src/rover/install/rover_msgs/include/rover_msgs/rover_msgs/msg/detail/gps__traits.hpp
[20.257s] -- Installing: /home/chris/ros2_ws/src/rover/install/rover_msgs/include/rover_msgs/rover_msgs/msg/detail/drivetrain_arbitration__builder.hpp
[20.258s] -- Installing: /home/chris/ros2_ws/src/rover/install/rover_msgs/include/rover_msgs/rover_msgs/msg/detail/gps_position__struct.hpp
[20.258s] -- Installing: /home/chris/ros2_ws/src/rover/install/rover_msgs/include/rover_msgs/rover_msgs/msg/detail/camera_angle__builder.hpp
[20.258s] -- Installing: /home/chris/ros2_ws/src/rover/install/rover_msgs/include/rover_msgs/rover_msgs/msg/detail/compass__traits.hpp
[20.258s] -- Installing: /home/chris/ros2_ws/src/rover/install/rover_msgs/include/rover_msgs/rover_msgs/msg/detail/camera_control__traits.hpp
[20.258s] -- Installing: /home/chris/ros2_ws/src/rover/install/rover_msgs/include/rover_msgs/rover_msgs/msg/detail/can_device_status__traits.hpp
[20.258s] -- Installing: /home/chris/ros2_ws/src/rover/install/rover_msgs/include/rover_msgs/rover_msgs/msg/detail/aruco__struct.hpp
[20.259s] -- Installing: /home/chris/ros2_ws/src/rover/install/rover_msgs/include/rover_msgs/rover_msgs/msg/detail/joy__traits.hpp
[20.259s] -- Installing: /home/chris/ros2_ws/src/rover/install/rover_msgs/include/rover_msgs/rover_msgs/msg/detail/antenna_cmd__traits.hpp
[20.259s] -- Installing: /home/chris/ros2_ws/src/rover/install/rover_msgs/include/rover_msgs/rover_msgs/msg/detail/propulsion_motor__struct.hpp
[20.259s] -- Installing: /home/chris/ros2_ws/src/rover/install/rover_msgs/include/rover_msgs/rover_msgs/msg/detail/camera_angle__traits.hpp
[20.259s] -- Installing: /home/chris/ros2_ws/src/rover/install/rover_msgs/include/rover_msgs/rover_msgs/msg/detail/science_control__traits.hpp
[20.259s] -- Installing: /home/chris/ros2_ws/src/rover/install/rover_msgs/include/rover_msgs/rover_msgs/msg/detail/science_control__builder.hpp
[20.260s] -- Installing: /home/chris/ros2_ws/src/rover/install/rover_msgs/include/rover_msgs/rover_msgs/msg/detail/drivetrain_arbitration__struct.hpp
[20.260s] -- Installing: /home/chris/ros2_ws/src/rover/install/rover_msgs/include/rover_msgs/rover_msgs/msg/camera_control.hpp
[20.260s] -- Installing: /home/chris/ros2_ws/src/rover/install/rover_msgs/include/rover_msgs/rover_msgs/msg/can_device_status.hpp
[20.260s] -- Installing: /home/chris/ros2_ws/src/rover/install/rover_msgs/include/rover_msgs/rover_msgs/msg/gps_position.hpp
[20.260s] -- Installing: /home/chris/ros2_ws/src/rover/install/rover_msgs/include/rover_msgs/rover_msgs/msg/joy.hpp
[20.261s] -- Installing: /home/chris/ros2_ws/src/rover/install/rover_msgs/include/rover_msgs/rover_msgs/msg/gps.hpp
[20.261s] -- Installing: /home/chris/ros2_ws/src/rover/install/rover_msgs/include/rover_msgs/rover_msgs/msg/propulsion_motor.hpp
[20.261s] -- Installing: /home/chris/ros2_ws/src/rover/install/rover_msgs/include/rover_msgs/rover_msgs/msg/arm_msg.hpp
[20.261s] -- Installing: /home/chris/ros2_ws/src/rover/install/rover_msgs/include/rover_msgs/rover_msgs/msg/compass.hpp
[20.261s] -- Installing: /home/chris/ros2_ws/src/rover/install/rover_msgs/include/rover_msgs/rover_msgs/msg/science_control.hpp
[20.261s] -- Installing: /home/chris/ros2_ws/src/rover/install/rover_msgs/include/rover_msgs/rover_msgs/msg/drivetrain_arbitration.hpp
[20.261s] -- Installing: /home/chris/ros2_ws/src/rover/install/rover_msgs/include/rover_msgs/rover_msgs/msg/light_control.hpp
[20.261s] -- Installing: /home/chris/ros2_ws/src/rover/install/rover_msgs/include/rover_msgs/rover_msgs/msg/antenna_cmd.hpp
[20.262s] -- Installing: /home/chris/ros2_ws/src/rover/install/rover_msgs/include/rover_msgs/rover_msgs/msg/aruco.hpp
[20.262s] -- Up-to-date: /home/chris/ros2_ws/src/rover/install/rover_msgs/include/rover_msgs/rover_msgs/srv
[20.262s] -- Installing: /home/chris/ros2_ws/src/rover/install/rover_msgs/include/rover_msgs/rover_msgs/srv/rtsp_stream.hpp
[20.262s] -- Up-to-date: /home/chris/ros2_ws/src/rover/install/rover_msgs/include/rover_msgs/rover_msgs/srv/detail
[20.262s] -- Installing: /home/chris/ros2_ws/src/rover/install/rover_msgs/include/rover_msgs/rover_msgs/srv/detail/antenna_arbitration__struct.hpp
[20.262s] -- Installing: /home/chris/ros2_ws/src/rover/install/rover_msgs/include/rover_msgs/rover_msgs/srv/detail/new_gps_goal__builder.hpp
[20.262s] -- Installing: /home/chris/ros2_ws/src/rover/install/rover_msgs/include/rover_msgs/rover_msgs/srv/detail/light_control__struct.hpp
[20.263s] -- Installing: /home/chris/ros2_ws/src/rover/install/rover_msgs/include/rover_msgs/rover_msgs/srv/detail/pano_control__traits.hpp
[20.263s] -- Installing: /home/chris/ros2_ws/src/rover/install/rover_msgs/include/rover_msgs/rover_msgs/srv/detail/new_gps_goal__struct.hpp
[20.263s] -- Installing: /home/chris/ros2_ws/src/rover/install/rover_msgs/include/rover_msgs/rover_msgs/srv/detail/drive_train_arbitration__traits.hpp
[20.263s] -- Installing: /home/chris/ros2_ws/src/rover/install/rover_msgs/include/rover_msgs/rover_msgs/srv/detail/drive_train_arbitration__struct.hpp
[20.263s] -- Installing: /home/chris/ros2_ws/src/rover/install/rover_msgs/include/rover_msgs/rover_msgs/srv/detail/compass_calibration__traits.hpp
[20.263s] -- Installing: /home/chris/ros2_ws/src/rover/install/rover_msgs/include/rover_msgs/rover_msgs/srv/detail/joy_demux_set_state__struct.hpp
[20.264s] -- Installing: /home/chris/ros2_ws/src/rover/install/rover_msgs/include/rover_msgs/rover_msgs/srv/detail/compass_calibration__builder.hpp
[20.264s] -- Installing: /home/chris/ros2_ws/src/rover/install/rover_msgs/include/rover_msgs/rover_msgs/srv/detail/rtsp_stream__traits.hpp
[20.264s] -- Installing: /home/chris/ros2_ws/src/rover/install/rover_msgs/include/rover_msgs/rover_msgs/srv/detail/pano_control__builder.hpp
[20.264s] -- Installing: /home/chris/ros2_ws/src/rover/install/rover_msgs/include/rover_msgs/rover_msgs/srv/detail/light_control__traits.hpp
[20.264s] -- Installing: /home/chris/ros2_ws/src/rover/install/rover_msgs/include/rover_msgs/rover_msgs/srv/detail/compass_calibration__struct.hpp
[20.264s] -- Installing: /home/chris/ros2_ws/src/rover/install/rover_msgs/include/rover_msgs/rover_msgs/srv/detail/screenshot_control__traits.hpp
[20.265s] -- Installing: /home/chris/ros2_ws/src/rover/install/rover_msgs/include/rover_msgs/rover_msgs/srv/detail/screenshot_control__builder.hpp
[20.265s] -- Installing: /home/chris/ros2_ws/src/rover/install/rover_msgs/include/rover_msgs/rover_msgs/srv/detail/screenshot_control__struct.hpp
[20.265s] -- Installing: /home/chris/ros2_ws/src/rover/install/rover_msgs/include/rover_msgs/rover_msgs/srv/detail/light_control__builder.hpp
[20.265s] -- Installing: /home/chris/ros2_ws/src/rover/install/rover_msgs/include/rover_msgs/rover_msgs/srv/detail/antenna_arbitration__builder.hpp
[20.265s] -- Installing: /home/chris/ros2_ws/src/rover/install/rover_msgs/include/rover_msgs/rover_msgs/srv/detail/new_gps_goal__traits.hpp
[20.265s] -- Installing: /home/chris/ros2_ws/src/rover/install/rover_msgs/include/rover_msgs/rover_msgs/srv/detail/rtsp_stream__struct.hpp
[20.266s] -- Installing: /home/chris/ros2_ws/src/rover/install/rover_msgs/include/rover_msgs/rover_msgs/srv/detail/rtsp_stream__builder.hpp
[20.266s] -- Installing: /home/chris/ros2_ws/src/rover/install/rover_msgs/include/rover_msgs/rover_msgs/srv/detail/joy_demux_set_state__builder.hpp
[20.266s] -- Installing: /home/chris/ros2_ws/src/rover/install/rover_msgs/include/rover_msgs/rover_msgs/srv/detail/pano_control__struct.hpp
[20.266s] -- Installing: /home/chris/ros2_ws/src/rover/install/rover_msgs/include/rover_msgs/rover_msgs/srv/detail/antenna_arbitration__traits.hpp
[20.266s] -- Installing: /home/chris/ros2_ws/src/rover/install/rover_msgs/include/rover_msgs/rover_msgs/srv/detail/drive_train_arbitration__builder.hpp
[20.266s] -- Installing: /home/chris/ros2_ws/src/rover/install/rover_msgs/include/rover_msgs/rover_msgs/srv/detail/joy_demux_set_state__traits.hpp
[20.267s] -- Installing: /home/chris/ros2_ws/src/rover/install/rover_msgs/include/rover_msgs/rover_msgs/srv/screenshot_control.hpp
[20.267s] -- Installing: /home/chris/ros2_ws/src/rover/install/rover_msgs/include/rover_msgs/rover_msgs/srv/joy_demux_set_state.hpp
[20.267s] -- Installing: /home/chris/ros2_ws/src/rover/install/rover_msgs/include/rover_msgs/rover_msgs/srv/antenna_arbitration.hpp
[20.267s] -- Installing: /home/chris/ros2_ws/src/rover/install/rover_msgs/include/rover_msgs/rover_msgs/srv/new_gps_goal.hpp
[20.267s] -- Installing: /home/chris/ros2_ws/src/rover/install/rover_msgs/include/rover_msgs/rover_msgs/srv/pano_control.hpp
[20.267s] -- Installing: /home/chris/ros2_ws/src/rover/install/rover_msgs/include/rover_msgs/rover_msgs/srv/light_control.hpp
[20.267s] -- Installing: /home/chris/ros2_ws/src/rover/install/rover_msgs/include/rover_msgs/rover_msgs/srv/drive_train_arbitration.hpp
[20.268s] -- Installing: /home/chris/ros2_ws/src/rover/install/rover_msgs/include/rover_msgs/rover_msgs/srv/compass_calibration.hpp
[20.268s] -- Up-to-date: /home/chris/ros2_ws/src/rover/install/rover_msgs/include/rover_msgs/rover_msgs
[20.268s] -- Up-to-date: /home/chris/ros2_ws/src/rover/install/rover_msgs/include/rover_msgs/rover_msgs/msg
[20.268s] -- Up-to-date: /home/chris/ros2_ws/src/rover/install/rover_msgs/include/rover_msgs/rover_msgs/msg/detail
[20.268s] -- Installing: /home/chris/ros2_ws/src/rover/install/rover_msgs/include/rover_msgs/rover_msgs/msg/detail/compass__rosidl_typesupport_fastrtps_cpp.hpp
[20.268s] -- Installing: /home/chris/ros2_ws/src/rover/install/rover_msgs/include/rover_msgs/rover_msgs/msg/detail/light_control__rosidl_typesupport_fastrtps_cpp.hpp
[20.268s] -- Installing: /home/chris/ros2_ws/src/rover/install/rover_msgs/include/rover_msgs/rover_msgs/msg/detail/science_control__rosidl_typesupport_fastrtps_cpp.hpp
[20.268s] -- Installing: /home/chris/ros2_ws/src/rover/install/rover_msgs/include/rover_msgs/rover_msgs/msg/detail/camera_control__rosidl_typesupport_fastrtps_cpp.hpp
[20.269s] -- Installing: /home/chris/ros2_ws/src/rover/install/rover_msgs/include/rover_msgs/rover_msgs/msg/detail/dds_fastrtps
[20.269s] -- Installing: /home/chris/ros2_ws/src/rover/install/rover_msgs/include/rover_msgs/rover_msgs/msg/detail/antenna_cmd__rosidl_typesupport_fastrtps_cpp.hpp
[20.269s] -- Installing: /home/chris/ros2_ws/src/rover/install/rover_msgs/include/rover_msgs/rover_msgs/msg/detail/joy_demux_status__rosidl_typesupport_fastrtps_cpp.hpp
[20.269s] -- Installing: /home/chris/ros2_ws/src/rover/install/rover_msgs/include/rover_msgs/rover_msgs/msg/detail/can_device_status__rosidl_typesupport_fastrtps_cpp.hpp
[20.269s] -- Installing: /home/chris/ros2_ws/src/rover/install/rover_msgs/include/rover_msgs/rover_msgs/msg/detail/joy__rosidl_typesupport_fastrtps_cpp.hpp
[20.269s] -- Installing: /home/chris/ros2_ws/src/rover/install/rover_msgs/include/rover_msgs/rover_msgs/msg/detail/aruco__rosidl_typesupport_fastrtps_cpp.hpp
[20.270s] -- Installing: /home/chris/ros2_ws/src/rover/install/rover_msgs/include/rover_msgs/rover_msgs/msg/detail/gps__rosidl_typesupport_fastrtps_cpp.hpp
[20.270s] -- Installing: /home/chris/ros2_ws/src/rover/install/rover_msgs/include/rover_msgs/rover_msgs/msg/detail/camera_angle__rosidl_typesupport_fastrtps_cpp.hpp
[20.270s] -- Installing: /home/chris/ros2_ws/src/rover/install/rover_msgs/include/rover_msgs/rover_msgs/msg/detail/arm_msg__rosidl_typesupport_fastrtps_cpp.hpp
[20.270s] -- Installing: /home/chris/ros2_ws/src/rover/install/rover_msgs/include/rover_msgs/rover_msgs/msg/detail/propulsion_motor__rosidl_typesupport_fastrtps_cpp.hpp
[20.270s] -- Installing: /home/chris/ros2_ws/src/rover/install/rover_msgs/include/rover_msgs/rover_msgs/msg/detail/gps_position__rosidl_typesupport_fastrtps_cpp.hpp
[20.270s] -- Installing: /home/chris/ros2_ws/src/rover/install/rover_msgs/include/rover_msgs/rover_msgs/msg/detail/drivetrain_arbitration__rosidl_typesupport_fastrtps_cpp.hpp
[20.271s] -- Installing: /home/chris/ros2_ws/src/rover/install/rover_msgs/include/rover_msgs/rover_msgs/msg/rosidl_typesupport_fastrtps_cpp__visibility_control.h
[20.271s] -- Up-to-date: /home/chris/ros2_ws/src/rover/install/rover_msgs/include/rover_msgs/rover_msgs/srv
[20.271s] -- Up-to-date: /home/chris/ros2_ws/src/rover/install/rover_msgs/include/rover_msgs/rover_msgs/srv/detail
[20.271s] -- Installing: /home/chris/ros2_ws/src/rover/install/rover_msgs/include/rover_msgs/rover_msgs/srv/detail/joy_demux_set_state__rosidl_typesupport_fastrtps_cpp.hpp
[20.271s] -- Installing: /home/chris/ros2_ws/src/rover/install/rover_msgs/include/rover_msgs/rover_msgs/srv/detail/light_control__rosidl_typesupport_fastrtps_cpp.hpp
[20.271s] -- Installing: /home/chris/ros2_ws/src/rover/install/rover_msgs/include/rover_msgs/rover_msgs/srv/detail/antenna_arbitration__rosidl_typesupport_fastrtps_cpp.hpp
[20.271s] -- Installing: /home/chris/ros2_ws/src/rover/install/rover_msgs/include/rover_msgs/rover_msgs/srv/detail/dds_fastrtps
[20.272s] -- Installing: /home/chris/ros2_ws/src/rover/install/rover_msgs/include/rover_msgs/rover_msgs/srv/detail/new_gps_goal__rosidl_typesupport_fastrtps_cpp.hpp
[20.272s] -- Installing: /home/chris/ros2_ws/src/rover/install/rover_msgs/include/rover_msgs/rover_msgs/srv/detail/screenshot_control__rosidl_typesupport_fastrtps_cpp.hpp
[20.272s] -- Installing: /home/chris/ros2_ws/src/rover/install/rover_msgs/include/rover_msgs/rover_msgs/srv/detail/compass_calibration__rosidl_typesupport_fastrtps_cpp.hpp
[20.272s] -- Installing: /home/chris/ros2_ws/src/rover/install/rover_msgs/include/rover_msgs/rover_msgs/srv/detail/drive_train_arbitration__rosidl_typesupport_fastrtps_cpp.hpp
[20.272s] -- Installing: /home/chris/ros2_ws/src/rover/install/rover_msgs/include/rover_msgs/rover_msgs/srv/detail/rtsp_stream__rosidl_typesupport_fastrtps_cpp.hpp
[20.272s] -- Installing: /home/chris/ros2_ws/src/rover/install/rover_msgs/include/rover_msgs/rover_msgs/srv/detail/pano_control__rosidl_typesupport_fastrtps_cpp.hpp
[20.273s] -- Installing: /home/chris/ros2_ws/src/rover/install/rover_msgs/lib/librover_msgs__rosidl_typesupport_fastrtps_cpp.so
[20.274s] -- Set runtime path of "/home/chris/ros2_ws/src/rover/install/rover_msgs/lib/librover_msgs__rosidl_typesupport_fastrtps_cpp.so" to ""
[20.274s] -- Up-to-date: /home/chris/ros2_ws/src/rover/install/rover_msgs/include/rover_msgs/rover_msgs
[20.274s] -- Up-to-date: /home/chris/ros2_ws/src/rover/install/rover_msgs/include/rover_msgs/rover_msgs/msg
[20.274s] -- Up-to-date: /home/chris/ros2_ws/src/rover/install/rover_msgs/include/rover_msgs/rover_msgs/msg/detail
[20.274s] -- Installing: /home/chris/ros2_ws/src/rover/install/rover_msgs/include/rover_msgs/rover_msgs/msg/detail/joy_demux_status__rosidl_typesupport_introspection_cpp.hpp
[20.274s] -- Installing: /home/chris/ros2_ws/src/rover/install/rover_msgs/include/rover_msgs/rover_msgs/msg/detail/light_control__type_support.cpp
[20.275s] -- Installing: /home/chris/ros2_ws/src/rover/install/rover_msgs/include/rover_msgs/rover_msgs/msg/detail/joy__rosidl_typesupport_introspection_cpp.hpp
[20.275s] -- Installing: /home/chris/ros2_ws/src/rover/install/rover_msgs/include/rover_msgs/rover_msgs/msg/detail/camera_angle__rosidl_typesupport_introspection_cpp.hpp
[20.275s] -- Installing: /home/chris/ros2_ws/src/rover/install/rover_msgs/include/rover_msgs/rover_msgs/msg/detail/gps__type_support.cpp
[20.275s] -- Installing: /home/chris/ros2_ws/src/rover/install/rover_msgs/include/rover_msgs/rover_msgs/msg/detail/camera_control__type_support.cpp
[20.275s] -- Installing: /home/chris/ros2_ws/src/rover/install/rover_msgs/include/rover_msgs/rover_msgs/msg/detail/antenna_cmd__type_support.cpp
[20.275s] -- Installing: /home/chris/ros2_ws/src/rover/install/rover_msgs/include/rover_msgs/rover_msgs/msg/detail/drivetrain_arbitration__type_support.cpp
[20.275s] -- Installing: /home/chris/ros2_ws/src/rover/install/rover_msgs/include/rover_msgs/rover_msgs/msg/detail/camera_angle__type_support.cpp
[20.276s] -- Installing: /home/chris/ros2_ws/src/rover/install/rover_msgs/include/rover_msgs/rover_msgs/msg/detail/arm_msg__rosidl_typesupport_introspection_cpp.hpp
[20.276s] -- Installing: /home/chris/ros2_ws/src/rover/install/rover_msgs/include/rover_msgs/rover_msgs/msg/detail/science_control__rosidl_typesupport_introspection_cpp.hpp
[20.276s] -- Installing: /home/chris/ros2_ws/src/rover/install/rover_msgs/include/rover_msgs/rover_msgs/msg/detail/propulsion_motor__rosidl_typesupport_introspection_cpp.hpp
[20.276s] -- Installing: /home/chris/ros2_ws/src/rover/install/rover_msgs/include/rover_msgs/rover_msgs/msg/detail/drivetrain_arbitration__rosidl_typesupport_introspection_cpp.hpp
[20.276s] -- Installing: /home/chris/ros2_ws/src/rover/install/rover_msgs/include/rover_msgs/rover_msgs/msg/detail/gps__rosidl_typesupport_introspection_cpp.hpp
[20.277s] -- Installing: /home/chris/ros2_ws/src/rover/install/rover_msgs/include/rover_msgs/rover_msgs/msg/detail/propulsion_motor__type_support.cpp
[20.277s] -- Installing: /home/chris/ros2_ws/src/rover/install/rover_msgs/include/rover_msgs/rover_msgs/msg/detail/aruco__type_support.cpp
[20.277s] -- Installing: /home/chris/ros2_ws/src/rover/install/rover_msgs/include/rover_msgs/rover_msgs/msg/detail/joy__type_support.cpp
[20.277s] -- Installing: /home/chris/ros2_ws/src/rover/install/rover_msgs/include/rover_msgs/rover_msgs/msg/detail/light_control__rosidl_typesupport_introspection_cpp.hpp
[20.277s] -- Installing: /home/chris/ros2_ws/src/rover/install/rover_msgs/include/rover_msgs/rover_msgs/msg/detail/can_device_status__type_support.cpp
[20.277s] -- Installing: /home/chris/ros2_ws/src/rover/install/rover_msgs/include/rover_msgs/rover_msgs/msg/detail/science_control__type_support.cpp
[20.278s] -- Installing: /home/chris/ros2_ws/src/rover/install/rover_msgs/include/rover_msgs/rover_msgs/msg/detail/joy_demux_status__type_support.cpp
[20.278s] -- Installing: /home/chris/ros2_ws/src/rover/install/rover_msgs/include/rover_msgs/rover_msgs/msg/detail/gps_position__type_support.cpp
[20.278s] -- Installing: /home/chris/ros2_ws/src/rover/install/rover_msgs/include/rover_msgs/rover_msgs/msg/detail/camera_control__rosidl_typesupport_introspection_cpp.hpp
[20.278s] -- Installing: /home/chris/ros2_ws/src/rover/install/rover_msgs/include/rover_msgs/rover_msgs/msg/detail/compass__rosidl_typesupport_introspection_cpp.hpp
[20.278s] -- Installing: /home/chris/ros2_ws/src/rover/install/rover_msgs/include/rover_msgs/rover_msgs/msg/detail/gps_position__rosidl_typesupport_introspection_cpp.hpp
[20.278s] -- Installing: /home/chris/ros2_ws/src/rover/install/rover_msgs/include/rover_msgs/rover_msgs/msg/detail/aruco__rosidl_typesupport_introspection_cpp.hpp
[20.279s] -- Installing: /home/chris/ros2_ws/src/rover/install/rover_msgs/include/rover_msgs/rover_msgs/msg/detail/can_device_status__rosidl_typesupport_introspection_cpp.hpp
[20.279s] -- Installing: /home/chris/ros2_ws/src/rover/install/rover_msgs/include/rover_msgs/rover_msgs/msg/detail/antenna_cmd__rosidl_typesupport_introspection_cpp.hpp
[20.279s] -- Installing: /home/chris/ros2_ws/src/rover/install/rover_msgs/include/rover_msgs/rover_msgs/msg/detail/arm_msg__type_support.cpp
[20.279s] -- Installing: /home/chris/ros2_ws/src/rover/install/rover_msgs/include/rover_msgs/rover_msgs/msg/detail/compass__type_support.cpp
[20.279s] -- Up-to-date: /home/chris/ros2_ws/src/rover/install/rover_msgs/include/rover_msgs/rover_msgs/srv
[20.279s] -- Up-to-date: /home/chris/ros2_ws/src/rover/install/rover_msgs/include/rover_msgs/rover_msgs/srv/detail
[20.279s] -- Installing: /home/chris/ros2_ws/src/rover/install/rover_msgs/include/rover_msgs/rover_msgs/srv/detail/light_control__type_support.cpp
[20.280s] -- Installing: /home/chris/ros2_ws/src/rover/install/rover_msgs/include/rover_msgs/rover_msgs/srv/detail/rtsp_stream__rosidl_typesupport_introspection_cpp.hpp
[20.280s] -- Installing: /home/chris/ros2_ws/src/rover/install/rover_msgs/include/rover_msgs/rover_msgs/srv/detail/pano_control__type_support.cpp
[20.280s] -- Installing: /home/chris/ros2_ws/src/rover/install/rover_msgs/include/rover_msgs/rover_msgs/srv/detail/drive_train_arbitration__rosidl_typesupport_introspection_cpp.hpp
[20.280s] -- Installing: /home/chris/ros2_ws/src/rover/install/rover_msgs/include/rover_msgs/rover_msgs/srv/detail/rtsp_stream__type_support.cpp
[20.280s] -- Installing: /home/chris/ros2_ws/src/rover/install/rover_msgs/include/rover_msgs/rover_msgs/srv/detail/compass_calibration__rosidl_typesupport_introspection_cpp.hpp
[20.280s] -- Installing: /home/chris/ros2_ws/src/rover/install/rover_msgs/include/rover_msgs/rover_msgs/srv/detail/compass_calibration__type_support.cpp
[20.281s] -- Installing: /home/chris/ros2_ws/src/rover/install/rover_msgs/include/rover_msgs/rover_msgs/srv/detail/light_control__rosidl_typesupport_introspection_cpp.hpp
[20.281s] -- Installing: /home/chris/ros2_ws/src/rover/install/rover_msgs/include/rover_msgs/rover_msgs/srv/detail/pano_control__rosidl_typesupport_introspection_cpp.hpp
[20.281s] -- Installing: /home/chris/ros2_ws/src/rover/install/rover_msgs/include/rover_msgs/rover_msgs/srv/detail/joy_demux_set_state__rosidl_typesupport_introspection_cpp.hpp
[20.281s] -- Installing: /home/chris/ros2_ws/src/rover/install/rover_msgs/include/rover_msgs/rover_msgs/srv/detail/screenshot_control__type_support.cpp
[20.281s] -- Installing: /home/chris/ros2_ws/src/rover/install/rover_msgs/include/rover_msgs/rover_msgs/srv/detail/drive_train_arbitration__type_support.cpp
[20.281s] -- Installing: /home/chris/ros2_ws/src/rover/install/rover_msgs/include/rover_msgs/rover_msgs/srv/detail/new_gps_goal__rosidl_typesupport_introspection_cpp.hpp
[20.282s] -- Installing: /home/chris/ros2_ws/src/rover/install/rover_msgs/include/rover_msgs/rover_msgs/srv/detail/antenna_arbitration__rosidl_typesupport_introspection_cpp.hpp
[20.282s] -- Installing: /home/chris/ros2_ws/src/rover/install/rover_msgs/include/rover_msgs/rover_msgs/srv/detail/antenna_arbitration__type_support.cpp
[20.282s] -- Installing: /home/chris/ros2_ws/src/rover/install/rover_msgs/include/rover_msgs/rover_msgs/srv/detail/new_gps_goal__type_support.cpp
[20.282s] -- Installing: /home/chris/ros2_ws/src/rover/install/rover_msgs/include/rover_msgs/rover_msgs/srv/detail/joy_demux_set_state__type_support.cpp
[20.282s] -- Installing: /home/chris/ros2_ws/src/rover/install/rover_msgs/include/rover_msgs/rover_msgs/srv/detail/screenshot_control__rosidl_typesupport_introspection_cpp.hpp
[20.283s] -- Installing: /home/chris/ros2_ws/src/rover/install/rover_msgs/lib/librover_msgs__rosidl_typesupport_introspection_cpp.so
[20.284s] -- Set runtime path of "/home/chris/ros2_ws/src/rover/install/rover_msgs/lib/librover_msgs__rosidl_typesupport_introspection_cpp.so" to ""
[20.284s] -- Installing: /home/chris/ros2_ws/src/rover/install/rover_msgs/lib/librover_msgs__rosidl_typesupport_cpp.so
[20.284s] -- Set runtime path of "/home/chris/ros2_ws/src/rover/install/rover_msgs/lib/librover_msgs__rosidl_typesupport_cpp.so" to ""
[20.285s] -- Installing: /home/chris/ros2_ws/src/rover/install/rover_msgs/share/rover_msgs/environment/pythonpath.sh
[20.285s] -- Installing: /home/chris/ros2_ws/src/rover/install/rover_msgs/share/rover_msgs/environment/pythonpath.dsv
[20.285s] -- Installing: /home/chris/ros2_ws/src/rover/install/rover_msgs/local/lib/python3.10/dist-packages/rover_msgs-0.0.0-py3.10.egg-info
[20.285s] -- Installing: /home/chris/ros2_ws/src/rover/install/rover_msgs/local/lib/python3.10/dist-packages/rover_msgs-0.0.0-py3.10.egg-info/dependency_links.txt
[20.285s] -- Installing: /home/chris/ros2_ws/src/rover/install/rover_msgs/local/lib/python3.10/dist-packages/rover_msgs-0.0.0-py3.10.egg-info/top_level.txt
[20.286s] -- Installing: /home/chris/ros2_ws/src/rover/install/rover_msgs/local/lib/python3.10/dist-packages/rover_msgs-0.0.0-py3.10.egg-info/SOURCES.txt
[20.286s] -- Installing: /home/chris/ros2_ws/src/rover/install/rover_msgs/local/lib/python3.10/dist-packages/rover_msgs-0.0.0-py3.10.egg-info/PKG-INFO
[20.286s] -- Installing: /home/chris/ros2_ws/src/rover/install/rover_msgs/local/lib/python3.10/dist-packages/rover_msgs
[20.286s] -- Installing: /home/chris/ros2_ws/src/rover/install/rover_msgs/local/lib/python3.10/dist-packages/rover_msgs/rover_msgs_s__rosidl_typesupport_introspection_c.cpython-310-x86_64-linux-gnu.so
[20.286s] -- Installing: /home/chris/ros2_ws/src/rover/install/rover_msgs/local/lib/python3.10/dist-packages/rover_msgs/_rover_msgs_s.ep.rosidl_typesupport_introspection_c.c
[20.286s] -- Installing: /home/chris/ros2_ws/src/rover/install/rover_msgs/local/lib/python3.10/dist-packages/rover_msgs/msg
[20.287s] -- Installing: /home/chris/ros2_ws/src/rover/install/rover_msgs/local/lib/python3.10/dist-packages/rover_msgs/msg/_camera_angle_s.c
[20.287s] -- Installing: /home/chris/ros2_ws/src/rover/install/rover_msgs/local/lib/python3.10/dist-packages/rover_msgs/msg/_arm_msg_s.c
[20.287s] -- Installing: /home/chris/ros2_ws/src/rover/install/rover_msgs/local/lib/python3.10/dist-packages/rover_msgs/msg/_antenna_cmd.py
[20.287s] -- Installing: /home/chris/ros2_ws/src/rover/install/rover_msgs/local/lib/python3.10/dist-packages/rover_msgs/msg/_gps_s.c
[20.287s] -- Installing: /home/chris/ros2_ws/src/rover/install/rover_msgs/local/lib/python3.10/dist-packages/rover_msgs/msg/_camera_control_s.c
[20.287s] -- Installing: /home/chris/ros2_ws/src/rover/install/rover_msgs/local/lib/python3.10/dist-packages/rover_msgs/msg/_antenna_cmd_s.c
[20.287s] -- Installing: /home/chris/ros2_ws/src/rover/install/rover_msgs/local/lib/python3.10/dist-packages/rover_msgs/msg/_science_control.py
[20.288s] -- Installing: /home/chris/ros2_ws/src/rover/install/rover_msgs/local/lib/python3.10/dist-packages/rover_msgs/msg/_compass.py
[20.288s] -- Installing: /home/chris/ros2_ws/src/rover/install/rover_msgs/local/lib/python3.10/dist-packages/rover_msgs/msg/_arm_msg.py
[20.288s] -- Installing: /home/chris/ros2_ws/src/rover/install/rover_msgs/local/lib/python3.10/dist-packages/rover_msgs/msg/_propulsion_motor.py
[20.288s] -- Installing: /home/chris/ros2_ws/src/rover/install/rover_msgs/local/lib/python3.10/dist-packages/rover_msgs/msg/_camera_control.py
[20.288s] -- Installing: /home/chris/ros2_ws/src/rover/install/rover_msgs/local/lib/python3.10/dist-packages/rover_msgs/msg/_light_control.py
[20.288s] -- Installing: /home/chris/ros2_ws/src/rover/install/rover_msgs/local/lib/python3.10/dist-packages/rover_msgs/msg/_aruco_s.c
[20.289s] -- Installing: /home/chris/ros2_ws/src/rover/install/rover_msgs/local/lib/python3.10/dist-packages/rover_msgs/msg/_light_control_s.c
[20.289s] -- Installing: /home/chris/ros2_ws/src/rover/install/rover_msgs/local/lib/python3.10/dist-packages/rover_msgs/msg/_propulsion_motor_s.c
[20.289s] -- Installing: /home/chris/ros2_ws/src/rover/install/rover_msgs/local/lib/python3.10/dist-packages/rover_msgs/msg/_compass_s.c
[20.289s] -- Installing: /home/chris/ros2_ws/src/rover/install/rover_msgs/local/lib/python3.10/dist-packages/rover_msgs/msg/_camera_angle.py
[20.289s] -- Installing: /home/chris/ros2_ws/src/rover/install/rover_msgs/local/lib/python3.10/dist-packages/rover_msgs/msg/_can_device_status_s.c
[20.289s] -- Installing: /home/chris/ros2_ws/src/rover/install/rover_msgs/local/lib/python3.10/dist-packages/rover_msgs/msg/_drivetrain_arbitration.py
[20.290s] -- Installing: /home/chris/ros2_ws/src/rover/install/rover_msgs/local/lib/python3.10/dist-packages/rover_msgs/msg/_drivetrain_arbitration_s.c
[20.290s] -- Installing: /home/chris/ros2_ws/src/rover/install/rover_msgs/local/lib/python3.10/dist-packages/rover_msgs/msg/_joy_demux_status.py
[20.290s] -- Installing: /home/chris/ros2_ws/src/rover/install/rover_msgs/local/lib/python3.10/dist-packages/rover_msgs/msg/_joy.py
[20.290s] -- Installing: /home/chris/ros2_ws/src/rover/install/rover_msgs/local/lib/python3.10/dist-packages/rover_msgs/msg/_gps.py
[20.290s] -- Installing: /home/chris/ros2_ws/src/rover/install/rover_msgs/local/lib/python3.10/dist-packages/rover_msgs/msg/_aruco.py
[20.290s] -- Installing: /home/chris/ros2_ws/src/rover/install/rover_msgs/local/lib/python3.10/dist-packages/rover_msgs/msg/_gps_position.py
[20.290s] -- Installing: /home/chris/ros2_ws/src/rover/install/rover_msgs/local/lib/python3.10/dist-packages/rover_msgs/msg/_joy_demux_status_s.c
[20.291s] -- Installing: /home/chris/ros2_ws/src/rover/install/rover_msgs/local/lib/python3.10/dist-packages/rover_msgs/msg/_joy_s.c
[20.291s] -- Installing: /home/chris/ros2_ws/src/rover/install/rover_msgs/local/lib/python3.10/dist-packages/rover_msgs/msg/_gps_position_s.c
[20.291s] -- Installing: /home/chris/ros2_ws/src/rover/install/rover_msgs/local/lib/python3.10/dist-packages/rover_msgs/msg/__init__.py
[20.291s] -- Installing: /home/chris/ros2_ws/src/rover/install/rover_msgs/local/lib/python3.10/dist-packages/rover_msgs/msg/_science_control_s.c
[20.291s] -- Installing: /home/chris/ros2_ws/src/rover/install/rover_msgs/local/lib/python3.10/dist-packages/rover_msgs/msg/_can_device_status.py
[20.291s] -- Installing: /home/chris/ros2_ws/src/rover/install/rover_msgs/local/lib/python3.10/dist-packages/rover_msgs/librover_msgs__rosidl_generator_py.so
[20.292s] -- Installing: /home/chris/ros2_ws/src/rover/install/rover_msgs/local/lib/python3.10/dist-packages/rover_msgs/_rover_msgs_s.ep.rosidl_typesupport_fastrtps_c.c
[20.292s] -- Installing: /home/chris/ros2_ws/src/rover/install/rover_msgs/local/lib/python3.10/dist-packages/rover_msgs/rover_msgs_s__rosidl_typesupport_fastrtps_c.cpython-310-x86_64-linux-gnu.so
[20.292s] -- Installing: /home/chris/ros2_ws/src/rover/install/rover_msgs/local/lib/python3.10/dist-packages/rover_msgs/rover_msgs_s__rosidl_typesupport_c.cpython-310-x86_64-linux-gnu.so
[20.293s] -- Installing: /home/chris/ros2_ws/src/rover/install/rover_msgs/local/lib/python3.10/dist-packages/rover_msgs/__init__.py
[20.293s] -- Installing: /home/chris/ros2_ws/src/rover/install/rover_msgs/local/lib/python3.10/dist-packages/rover_msgs/srv
[20.293s] -- Installing: /home/chris/ros2_ws/src/rover/install/rover_msgs/local/lib/python3.10/dist-packages/rover_msgs/srv/_drive_train_arbitration.py
[20.293s] -- Installing: /home/chris/ros2_ws/src/rover/install/rover_msgs/local/lib/python3.10/dist-packages/rover_msgs/srv/_compass_calibration_s.c
[20.293s] -- Installing: /home/chris/ros2_ws/src/rover/install/rover_msgs/local/lib/python3.10/dist-packages/rover_msgs/srv/_screenshot_control.py
[20.293s] -- Installing: /home/chris/ros2_ws/src/rover/install/rover_msgs/local/lib/python3.10/dist-packages/rover_msgs/srv/_rtsp_stream_s.c
[20.294s] -- Installing: /home/chris/ros2_ws/src/rover/install/rover_msgs/local/lib/python3.10/dist-packages/rover_msgs/srv/_joy_demux_set_state_s.c
[20.294s] -- Installing: /home/chris/ros2_ws/src/rover/install/rover_msgs/local/lib/python3.10/dist-packages/rover_msgs/srv/_compass_calibration.py
[20.294s] -- Installing: /home/chris/ros2_ws/src/rover/install/rover_msgs/local/lib/python3.10/dist-packages/rover_msgs/srv/_light_control.py
[20.294s] -- Installing: /home/chris/ros2_ws/src/rover/install/rover_msgs/local/lib/python3.10/dist-packages/rover_msgs/srv/_light_control_s.c
[20.294s] -- Installing: /home/chris/ros2_ws/src/rover/install/rover_msgs/local/lib/python3.10/dist-packages/rover_msgs/srv/_pano_control_s.c
[20.294s] -- Installing: /home/chris/ros2_ws/src/rover/install/rover_msgs/local/lib/python3.10/dist-packages/rover_msgs/srv/_joy_demux_set_state.py
[20.294s] -- Installing: /home/chris/ros2_ws/src/rover/install/rover_msgs/local/lib/python3.10/dist-packages/rover_msgs/srv/_antenna_arbitration_s.c
[20.295s] -- Installing: /home/chris/ros2_ws/src/rover/install/rover_msgs/local/lib/python3.10/dist-packages/rover_msgs/srv/_new_gps_goal.py
[20.295s] -- Installing: /home/chris/ros2_ws/src/rover/install/rover_msgs/local/lib/python3.10/dist-packages/rover_msgs/srv/_drive_train_arbitration_s.c
[20.295s] -- Installing: /home/chris/ros2_ws/src/rover/install/rover_msgs/local/lib/python3.10/dist-packages/rover_msgs/srv/_rtsp_stream.py
[20.295s] -- Installing: /home/chris/ros2_ws/src/rover/install/rover_msgs/local/lib/python3.10/dist-packages/rover_msgs/srv/_screenshot_control_s.c
[20.295s] -- Installing: /home/chris/ros2_ws/src/rover/install/rover_msgs/local/lib/python3.10/dist-packages/rover_msgs/srv/_antenna_arbitration.py
[20.295s] -- Installing: /home/chris/ros2_ws/src/rover/install/rover_msgs/local/lib/python3.10/dist-packages/rover_msgs/srv/_pano_control.py
[20.296s] -- Installing: /home/chris/ros2_ws/src/rover/install/rover_msgs/local/lib/python3.10/dist-packages/rover_msgs/srv/__init__.py
[20.296s] -- Installing: /home/chris/ros2_ws/src/rover/install/rover_msgs/local/lib/python3.10/dist-packages/rover_msgs/srv/_new_gps_goal_s.c
[20.296s] -- Installing: /home/chris/ros2_ws/src/rover/install/rover_msgs/local/lib/python3.10/dist-packages/rover_msgs/_rover_msgs_s.ep.rosidl_typesupport_c.c
[20.388s] Listing '/home/chris/ros2_ws/src/rover/install/rover_msgs/local/lib/python3.10/dist-packages/rover_msgs'...
[20.388s] Compiling '/home/chris/ros2_ws/src/rover/install/rover_msgs/local/lib/python3.10/dist-packages/rover_msgs/__init__.py'...
[20.388s] Listing '/home/chris/ros2_ws/src/rover/install/rover_msgs/local/lib/python3.10/dist-packages/rover_msgs/msg'...
[20.388s] Compiling '/home/chris/ros2_ws/src/rover/install/rover_msgs/local/lib/python3.10/dist-packages/rover_msgs/msg/__init__.py'...
[20.388s] Compiling '/home/chris/ros2_ws/src/rover/install/rover_msgs/local/lib/python3.10/dist-packages/rover_msgs/msg/_antenna_cmd.py'...
[20.388s] Compiling '/home/chris/ros2_ws/src/rover/install/rover_msgs/local/lib/python3.10/dist-packages/rover_msgs/msg/_arm_msg.py'...
[20.388s] Compiling '/home/chris/ros2_ws/src/rover/install/rover_msgs/local/lib/python3.10/dist-packages/rover_msgs/msg/_aruco.py'...
[20.388s] Compiling '/home/chris/ros2_ws/src/rover/install/rover_msgs/local/lib/python3.10/dist-packages/rover_msgs/msg/_camera_angle.py'...
[20.388s] Compiling '/home/chris/ros2_ws/src/rover/install/rover_msgs/local/lib/python3.10/dist-packages/rover_msgs/msg/_camera_control.py'...
[20.388s] Compiling '/home/chris/ros2_ws/src/rover/install/rover_msgs/local/lib/python3.10/dist-packages/rover_msgs/msg/_can_device_status.py'...
[20.388s] Compiling '/home/chris/ros2_ws/src/rover/install/rover_msgs/local/lib/python3.10/dist-packages/rover_msgs/msg/_compass.py'...
[20.388s] Compiling '/home/chris/ros2_ws/src/rover/install/rover_msgs/local/lib/python3.10/dist-packages/rover_msgs/msg/_drivetrain_arbitration.py'...
[20.389s] Compiling '/home/chris/ros2_ws/src/rover/install/rover_msgs/local/lib/python3.10/dist-packages/rover_msgs/msg/_gps.py'...
[20.389s] Compiling '/home/chris/ros2_ws/src/rover/install/rover_msgs/local/lib/python3.10/dist-packages/rover_msgs/msg/_gps_position.py'...
[20.389s] Compiling '/home/chris/ros2_ws/src/rover/install/rover_msgs/local/lib/python3.10/dist-packages/rover_msgs/msg/_joy.py'...
[20.389s] Compiling '/home/chris/ros2_ws/src/rover/install/rover_msgs/local/lib/python3.10/dist-packages/rover_msgs/msg/_joy_demux_status.py'...
[20.389s] Compiling '/home/chris/ros2_ws/src/rover/install/rover_msgs/local/lib/python3.10/dist-packages/rover_msgs/msg/_light_control.py'...
[20.389s] Compiling '/home/chris/ros2_ws/src/rover/install/rover_msgs/local/lib/python3.10/dist-packages/rover_msgs/msg/_propulsion_motor.py'...
[20.389s] Compiling '/home/chris/ros2_ws/src/rover/install/rover_msgs/local/lib/python3.10/dist-packages/rover_msgs/msg/_science_control.py'...
[20.389s] Listing '/home/chris/ros2_ws/src/rover/install/rover_msgs/local/lib/python3.10/dist-packages/rover_msgs/srv'...
[20.389s] Compiling '/home/chris/ros2_ws/src/rover/install/rover_msgs/local/lib/python3.10/dist-packages/rover_msgs/srv/__init__.py'...
[20.389s] Compiling '/home/chris/ros2_ws/src/rover/install/rover_msgs/local/lib/python3.10/dist-packages/rover_msgs/srv/_antenna_arbitration.py'...
[20.389s] Compiling '/home/chris/ros2_ws/src/rover/install/rover_msgs/local/lib/python3.10/dist-packages/rover_msgs/srv/_compass_calibration.py'...
[20.389s] Compiling '/home/chris/ros2_ws/src/rover/install/rover_msgs/local/lib/python3.10/dist-packages/rover_msgs/srv/_drive_train_arbitration.py'...
[20.390s] Compiling '/home/chris/ros2_ws/src/rover/install/rover_msgs/local/lib/python3.10/dist-packages/rover_msgs/srv/_joy_demux_set_state.py'...
[20.390s] Compiling '/home/chris/ros2_ws/src/rover/install/rover_msgs/local/lib/python3.10/dist-packages/rover_msgs/srv/_light_control.py'...
[20.390s] Compiling '/home/chris/ros2_ws/src/rover/install/rover_msgs/local/lib/python3.10/dist-packages/rover_msgs/srv/_new_gps_goal.py'...
[20.390s] Compiling '/home/chris/ros2_ws/src/rover/install/rover_msgs/local/lib/python3.10/dist-packages/rover_msgs/srv/_pano_control.py'...
[20.390s] Compiling '/home/chris/ros2_ws/src/rover/install/rover_msgs/local/lib/python3.10/dist-packages/rover_msgs/srv/_rtsp_stream.py'...
[20.390s] Compiling '/home/chris/ros2_ws/src/rover/install/rover_msgs/local/lib/python3.10/dist-packages/rover_msgs/srv/_screenshot_control.py'...
[20.394s] -- Installing: /home/chris/ros2_ws/src/rover/install/rover_msgs/local/lib/python3.10/dist-packages/rover_msgs/rover_msgs_s__rosidl_typesupport_fastrtps_c.cpython-310-x86_64-linux-gnu.so
[20.394s] -- Set runtime path of "/home/chris/ros2_ws/src/rover/install/rover_msgs/local/lib/python3.10/dist-packages/rover_msgs/rover_msgs_s__rosidl_typesupport_fastrtps_c.cpython-310-x86_64-linux-gnu.so" to ""
[20.395s] -- Installing: /home/chris/ros2_ws/src/rover/install/rover_msgs/local/lib/python3.10/dist-packages/rover_msgs/rover_msgs_s__rosidl_typesupport_introspection_c.cpython-310-x86_64-linux-gnu.so
[20.395s] -- Set runtime path of "/home/chris/ros2_ws/src/rover/install/rover_msgs/local/lib/python3.10/dist-packages/rover_msgs/rover_msgs_s__rosidl_typesupport_introspection_c.cpython-310-x86_64-linux-gnu.so" to ""
[20.396s] -- Installing: /home/chris/ros2_ws/src/rover/install/rover_msgs/local/lib/python3.10/dist-packages/rover_msgs/rover_msgs_s__rosidl_typesupport_c.cpython-310-x86_64-linux-gnu.so
[20.396s] -- Set runtime path of "/home/chris/ros2_ws/src/rover/install/rover_msgs/local/lib/python3.10/dist-packages/rover_msgs/rover_msgs_s__rosidl_typesupport_c.cpython-310-x86_64-linux-gnu.so" to ""
[20.397s] -- Installing: /home/chris/ros2_ws/src/rover/install/rover_msgs/lib/librover_msgs__rosidl_generator_py.so
[20.397s] -- Set runtime path of "/home/chris/ros2_ws/src/rover/install/rover_msgs/lib/librover_msgs__rosidl_generator_py.so" to ""
[20.398s] -- Installing: /home/chris/ros2_ws/src/rover/install/rover_msgs/share/rover_msgs/msg/AntennaCmd.idl
[20.398s] -- Installing: /home/chris/ros2_ws/src/rover/install/rover_msgs/share/rover_msgs/msg/PropulsionMotor.idl
[20.398s] -- Installing: /home/chris/ros2_ws/src/rover/install/rover_msgs/share/rover_msgs/msg/CanDeviceStatus.idl
[20.398s] -- Installing: /home/chris/ros2_ws/src/rover/install/rover_msgs/share/rover_msgs/msg/Joy.idl
[20.398s] -- Installing: /home/chris/ros2_ws/src/rover/install/rover_msgs/share/rover_msgs/msg/JoyDemuxStatus.idl
[20.398s] -- Installing: /home/chris/ros2_ws/src/rover/install/rover_msgs/share/rover_msgs/msg/Gps.idl
[20.399s] -- Installing: /home/chris/ros2_ws/src/rover/install/rover_msgs/share/rover_msgs/msg/GpsPosition.idl
[20.399s] -- Installing: /home/chris/ros2_ws/src/rover/install/rover_msgs/share/rover_msgs/msg/CameraControl.idl
[20.399s] -- Installing: /home/chris/ros2_ws/src/rover/install/rover_msgs/share/rover_msgs/msg/LightControl.idl
[20.399s] -- Installing: /home/chris/ros2_ws/src/rover/install/rover_msgs/share/rover_msgs/msg/ScienceControl.idl
[20.400s] -- Installing: /home/chris/ros2_ws/src/rover/install/rover_msgs/share/rover_msgs/msg/ArmMsg.idl
[20.400s] -- Installing: /home/chris/ros2_ws/src/rover/install/rover_msgs/share/rover_msgs/msg/DrivetrainArbitration.idl
[20.400s] -- Installing: /home/chris/ros2_ws/src/rover/install/rover_msgs/share/rover_msgs/msg/Compass.idl
[20.400s] -- Installing: /home/chris/ros2_ws/src/rover/install/rover_msgs/share/rover_msgs/msg/CameraAngle.idl
[20.400s] -- Installing: /home/chris/ros2_ws/src/rover/install/rover_msgs/share/rover_msgs/msg/Aruco.idl
[20.401s] -- Installing: /home/chris/ros2_ws/src/rover/install/rover_msgs/share/rover_msgs/srv/JoyDemuxSetState.idl
[20.401s] -- Installing: /home/chris/ros2_ws/src/rover/install/rover_msgs/share/rover_msgs/srv/AntennaArbitration.idl
[20.401s] -- Installing: /home/chris/ros2_ws/src/rover/install/rover_msgs/share/rover_msgs/srv/DriveTrainArbitration.idl
[20.401s] -- Installing: /home/chris/ros2_ws/src/rover/install/rover_msgs/share/rover_msgs/srv/LightControl.idl
[20.402s] -- Installing: /home/chris/ros2_ws/src/rover/install/rover_msgs/share/rover_msgs/srv/CompassCalibration.idl
[20.402s] -- Installing: /home/chris/ros2_ws/src/rover/install/rover_msgs/share/rover_msgs/srv/NewGpsGoal.idl
[20.402s] -- Installing: /home/chris/ros2_ws/src/rover/install/rover_msgs/share/rover_msgs/srv/PanoControl.idl
[20.402s] -- Installing: /home/chris/ros2_ws/src/rover/install/rover_msgs/share/rover_msgs/srv/RtspStream.idl
[20.403s] -- Installing: /home/chris/ros2_ws/src/rover/install/rover_msgs/share/rover_msgs/srv/ScreenshotControl.idl
[20.403s] -- Installing: /home/chris/ros2_ws/src/rover/install/rover_msgs/share/rover_msgs/msg/AntennaCmd.msg
[20.403s] -- Installing: /home/chris/ros2_ws/src/rover/install/rover_msgs/share/rover_msgs/msg/PropulsionMotor.msg
[20.403s] -- Installing: /home/chris/ros2_ws/src/rover/install/rover_msgs/share/rover_msgs/msg/CanDeviceStatus.msg
[20.403s] -- Installing: /home/chris/ros2_ws/src/rover/install/rover_msgs/share/rover_msgs/msg/Joy.msg
[20.404s] -- Installing: /home/chris/ros2_ws/src/rover/install/rover_msgs/share/rover_msgs/msg/JoyDemuxStatus.msg
[20.404s] -- Installing: /home/chris/ros2_ws/src/rover/install/rover_msgs/share/rover_msgs/msg/Gps.msg
[20.404s] -- Installing: /home/chris/ros2_ws/src/rover/install/rover_msgs/share/rover_msgs/msg/GpsPosition.msg
[20.404s] -- Installing: /home/chris/ros2_ws/src/rover/install/rover_msgs/share/rover_msgs/msg/CameraControl.msg
[20.405s] -- Installing: /home/chris/ros2_ws/src/rover/install/rover_msgs/share/rover_msgs/msg/LightControl.msg
[20.405s] -- Installing: /home/chris/ros2_ws/src/rover/install/rover_msgs/share/rover_msgs/msg/ScienceControl.msg
[20.405s] -- Installing: /home/chris/ros2_ws/src/rover/install/rover_msgs/share/rover_msgs/msg/ArmMsg.msg
[20.405s] -- Installing: /home/chris/ros2_ws/src/rover/install/rover_msgs/share/rover_msgs/msg/DrivetrainArbitration.msg
[20.405s] -- Installing: /home/chris/ros2_ws/src/rover/install/rover_msgs/share/rover_msgs/msg/Compass.msg
[20.406s] -- Installing: /home/chris/ros2_ws/src/rover/install/rover_msgs/share/rover_msgs/msg/CameraAngle.msg
[20.406s] -- Installing: /home/chris/ros2_ws/src/rover/install/rover_msgs/share/rover_msgs/msg/Aruco.msg
[20.406s] -- Installing: /home/chris/ros2_ws/src/rover/install/rover_msgs/share/rover_msgs/srv/JoyDemuxSetState.srv
[20.406s] -- Installing: /home/chris/ros2_ws/src/rover/install/rover_msgs/share/rover_msgs/srv/JoyDemuxSetState_Request.msg
[20.407s] -- Installing: /home/chris/ros2_ws/src/rover/install/rover_msgs/share/rover_msgs/srv/JoyDemuxSetState_Response.msg
[20.407s] -- Installing: /home/chris/ros2_ws/src/rover/install/rover_msgs/share/rover_msgs/srv/AntennaArbitration.srv
[20.407s] -- Installing: /home/chris/ros2_ws/src/rover/install/rover_msgs/share/rover_msgs/srv/AntennaArbitration_Request.msg
[20.407s] -- Installing: /home/chris/ros2_ws/src/rover/install/rover_msgs/share/rover_msgs/srv/AntennaArbitration_Response.msg
[20.407s] -- Installing: /home/chris/ros2_ws/src/rover/install/rover_msgs/share/rover_msgs/srv/DriveTrainArbitration.srv
[20.408s] -- Installing: /home/chris/ros2_ws/src/rover/install/rover_msgs/share/rover_msgs/srv/DriveTrainArbitration_Request.msg
[20.408s] -- Installing: /home/chris/ros2_ws/src/rover/install/rover_msgs/share/rover_msgs/srv/DriveTrainArbitration_Response.msg
[20.408s] -- Installing: /home/chris/ros2_ws/src/rover/install/rover_msgs/share/rover_msgs/srv/LightControl.srv
[20.408s] -- Installing: /home/chris/ros2_ws/src/rover/install/rover_msgs/share/rover_msgs/srv/LightControl_Request.msg
[20.409s] -- Installing: /home/chris/ros2_ws/src/rover/install/rover_msgs/share/rover_msgs/srv/LightControl_Response.msg
[20.409s] -- Installing: /home/chris/ros2_ws/src/rover/install/rover_msgs/share/rover_msgs/srv/CompassCalibration.srv
[20.409s] -- Installing: /home/chris/ros2_ws/src/rover/install/rover_msgs/share/rover_msgs/srv/CompassCalibration_Request.msg
[20.409s] -- Installing: /home/chris/ros2_ws/src/rover/install/rover_msgs/share/rover_msgs/srv/CompassCalibration_Response.msg
[20.409s] -- Installing: /home/chris/ros2_ws/src/rover/install/rover_msgs/share/rover_msgs/srv/NewGpsGoal.srv
[20.410s] -- Installing: /home/chris/ros2_ws/src/rover/install/rover_msgs/share/rover_msgs/srv/NewGpsGoal_Request.msg
[20.410s] -- Installing: /home/chris/ros2_ws/src/rover/install/rover_msgs/share/rover_msgs/srv/NewGpsGoal_Response.msg
[20.410s] -- Installing: /home/chris/ros2_ws/src/rover/install/rover_msgs/share/rover_msgs/srv/PanoControl.srv
[20.410s] -- Installing: /home/chris/ros2_ws/src/rover/install/rover_msgs/share/rover_msgs/srv/PanoControl_Request.msg
[20.411s] -- Installing: /home/chris/ros2_ws/src/rover/install/rover_msgs/share/rover_msgs/srv/PanoControl_Response.msg
[20.411s] -- Installing: /home/chris/ros2_ws/src/rover/install/rover_msgs/share/rover_msgs/srv/RtspStream.srv
[20.411s] -- Installing: /home/chris/ros2_ws/src/rover/install/rover_msgs/share/rover_msgs/srv/RtspStream_Request.msg
[20.411s] -- Installing: /home/chris/ros2_ws/src/rover/install/rover_msgs/share/rover_msgs/srv/RtspStream_Response.msg
[20.412s] -- Installing: /home/chris/ros2_ws/src/rover/install/rover_msgs/share/rover_msgs/srv/ScreenshotControl.srv
[20.412s] -- Installing: /home/chris/ros2_ws/src/rover/install/rover_msgs/share/rover_msgs/srv/ScreenshotControl_Request.msg
[20.412s] -- Installing: /home/chris/ros2_ws/src/rover/install/rover_msgs/share/rover_msgs/srv/ScreenshotControl_Response.msg
[20.412s] -- Installing: /home/chris/ros2_ws/src/rover/install/rover_msgs/share/rover_msgs//launch
[20.412s] -- Installing: /home/chris/ros2_ws/src/rover/install/rover_msgs/share/rover_msgs//launch/terminal_logger.launch.py
[20.412s] -- Installing: /home/chris/ros2_ws/src/rover/install/rover_msgs/share/rover_msgs//launch/base.launch.py
[20.413s] -- Installing: /home/chris/ros2_ws/src/rover/install/rover_msgs/share/rover_msgs//launch/rover.launch.py
[20.413s] -- Installing: /home/chris/ros2_ws/src/rover/install/rover_msgs/share/ament_index/resource_index/package_run_dependencies/rover_msgs
[20.413s] -- Installing: /home/chris/ros2_ws/src/rover/install/rover_msgs/share/ament_index/resource_index/parent_prefix_path/rover_msgs
[20.414s] -- Installing: /home/chris/ros2_ws/src/rover/install/rover_msgs/share/rover_msgs/environment/ament_prefix_path.sh
[20.414s] -- Installing: /home/chris/ros2_ws/src/rover/install/rover_msgs/share/rover_msgs/environment/ament_prefix_path.dsv
[20.414s] -- Installing: /home/chris/ros2_ws/src/rover/install/rover_msgs/share/rover_msgs/environment/path.sh
[20.414s] -- Installing: /home/chris/ros2_ws/src/rover/install/rover_msgs/share/rover_msgs/environment/path.dsv
[20.415s] -- Installing: /home/chris/ros2_ws/src/rover/install/rover_msgs/share/rover_msgs/local_setup.bash
[20.415s] -- Installing: /home/chris/ros2_ws/src/rover/install/rover_msgs/share/rover_msgs/local_setup.sh
[20.415s] -- Installing: /home/chris/ros2_ws/src/rover/install/rover_msgs/share/rover_msgs/local_setup.zsh
[20.415s] -- Installing: /home/chris/ros2_ws/src/rover/install/rover_msgs/share/rover_msgs/local_setup.dsv
[20.416s] -- Installing: /home/chris/ros2_ws/src/rover/install/rover_msgs/share/rover_msgs/package.dsv
[20.416s] -- Installing: /home/chris/ros2_ws/src/rover/install/rover_msgs/share/ament_index/resource_index/packages/rover_msgs
[20.416s] -- Installing: /home/chris/ros2_ws/src/rover/install/rover_msgs/share/rover_msgs/cmake/lib_execExport.cmake
[20.416s] -- Installing: /home/chris/ros2_ws/src/rover/install/rover_msgs/share/rover_msgs/cmake/lib_execExport-noconfig.cmake
[20.417s] -- Installing: /home/chris/ros2_ws/src/rover/install/rover_msgs/share/rover_msgs/cmake/export_rover_msgs__rosidl_generator_cExport.cmake
[20.417s] -- Installing: /home/chris/ros2_ws/src/rover/install/rover_msgs/share/rover_msgs/cmake/export_rover_msgs__rosidl_generator_cExport-noconfig.cmake
[20.417s] -- Installing: /home/chris/ros2_ws/src/rover/install/rover_msgs/share/rover_msgs/cmake/export_rover_msgs__rosidl_typesupport_fastrtps_cExport.cmake
[20.417s] -- Installing: /home/chris/ros2_ws/src/rover/install/rover_msgs/share/rover_msgs/cmake/export_rover_msgs__rosidl_typesupport_fastrtps_cExport-noconfig.cmake
[20.418s] -- Installing: /home/chris/ros2_ws/src/rover/install/rover_msgs/share/rover_msgs/cmake/rover_msgs__rosidl_typesupport_introspection_cExport.cmake
[20.418s] -- Installing: /home/chris/ros2_ws/src/rover/install/rover_msgs/share/rover_msgs/cmake/rover_msgs__rosidl_typesupport_introspection_cExport-noconfig.cmake
[20.418s] -- Installing: /home/chris/ros2_ws/src/rover/install/rover_msgs/share/rover_msgs/cmake/rover_msgs__rosidl_typesupport_cExport.cmake
[20.418s] -- Installing: /home/chris/ros2_ws/src/rover/install/rover_msgs/share/rover_msgs/cmake/rover_msgs__rosidl_typesupport_cExport-noconfig.cmake
[20.419s] -- Installing: /home/chris/ros2_ws/src/rover/install/rover_msgs/share/rover_msgs/cmake/export_rover_msgs__rosidl_generator_cppExport.cmake
[20.419s] -- Installing: /home/chris/ros2_ws/src/rover/install/rover_msgs/share/rover_msgs/cmake/export_rover_msgs__rosidl_typesupport_fastrtps_cppExport.cmake
[20.419s] -- Installing: /home/chris/ros2_ws/src/rover/install/rover_msgs/share/rover_msgs/cmake/export_rover_msgs__rosidl_typesupport_fastrtps_cppExport-noconfig.cmake
[20.419s] -- Installing: /home/chris/ros2_ws/src/rover/install/rover_msgs/share/rover_msgs/cmake/rover_msgs__rosidl_typesupport_introspection_cppExport.cmake
[20.420s] -- Installing: /home/chris/ros2_ws/src/rover/install/rover_msgs/share/rover_msgs/cmake/rover_msgs__rosidl_typesupport_introspection_cppExport-noconfig.cmake
[20.420s] -- Installing: /home/chris/ros2_ws/src/rover/install/rover_msgs/share/rover_msgs/cmake/rover_msgs__rosidl_typesupport_cppExport.cmake
[20.420s] -- Installing: /home/chris/ros2_ws/src/rover/install/rover_msgs/share/rover_msgs/cmake/rover_msgs__rosidl_typesupport_cppExport-noconfig.cmake
[20.420s] -- Installing: /home/chris/ros2_ws/src/rover/install/rover_msgs/share/rover_msgs/cmake/export_rover_msgs__rosidl_generator_pyExport.cmake
[20.421s] -- Installing: /home/chris/ros2_ws/src/rover/install/rover_msgs/share/rover_msgs/cmake/export_rover_msgs__rosidl_generator_pyExport-noconfig.cmake
[20.421s] -- Installing: /home/chris/ros2_ws/src/rover/install/rover_msgs/share/rover_msgs/cmake/ament_cmake_export_targets-extras.cmake
[20.421s] -- Installing: /home/chris/ros2_ws/src/rover/install/rover_msgs/share/rover_msgs/cmake/rosidl_cmake-extras.cmake
[20.421s] -- Installing: /home/chris/ros2_ws/src/rover/install/rover_msgs/share/rover_msgs/cmake/ament_cmake_export_include_directories-extras.cmake
[20.421s] -- Installing: /home/chris/ros2_ws/src/rover/install/rover_msgs/share/rover_msgs/cmake/ament_cmake_export_libraries-extras.cmake
[20.422s] -- Installing: /home/chris/ros2_ws/src/rover/install/rover_msgs/share/rover_msgs/cmake/rosidl_cmake_export_typesupport_targets-extras.cmake
[20.422s] -- Installing: /home/chris/ros2_ws/src/rover/install/rover_msgs/share/rover_msgs/cmake/ament_cmake_export_dependencies-extras.cmake
[20.422s] -- Installing: /home/chris/ros2_ws/src/rover/install/rover_msgs/share/rover_msgs/cmake/rosidl_cmake_export_typesupport_libraries-extras.cmake
[20.422s] -- Installing: /home/chris/ros2_ws/src/rover/install/rover_msgs/share/rover_msgs/cmake/rover_msgsConfig.cmake
[20.423s] -- Installing: /home/chris/ros2_ws/src/rover/install/rover_msgs/share/rover_msgs/cmake/rover_msgsConfig-version.cmake
[20.423s] -- Installing: /home/chris/ros2_ws/src/rover/install/rover_msgs/share/rover_msgs/package.xml
[20.426s] Invoked command in '/home/chris/ros2_ws/src/rover/build/rover_msgs' returned '0': CMAKE_PREFIX_PATH=${CMAKE_PREFIX_PATH}:/home/chris/ros2_ws/install/rover_sim:/home/chris/ros2_ws/install/panorama:/home/chris/ros2_ws/install/moveit_configs_utils:/opt/ros/humble /usr/bin/cmake --install /home/chris/ros2_ws/src/rover/build/rover_msgs
