-- Found ament_cmake: 1.3.11 (/opt/ros/humble/share/ament_cmake/cmake)
-- Found rclcpp: 16.0.12 (/opt/ros/humble/share/rclcpp/cmake)
-- Found rosidl_generator_c: 3.1.6 (/opt/ros/humble/share/rosidl_generator_c/cmake)
-- Found rosidl_adapter: 3.1.6 (/opt/ros/humble/share/rosidl_adapter/cmake)
-- Found rosidl_generator_cpp: 3.1.6 (/opt/ros/humble/share/rosidl_generator_cpp/cmake)
-- Using all available rosidl_typesupport_c: rosidl_typesupport_fastrtps_c;rosidl_typesupport_introspection_c
-- Using all available rosidl_typesupport_cpp: rosidl_typesupport_fastrtps_cpp;rosidl_typesupport_introspection_cpp
-- Found rmw_implementation_cmake: 6.1.2 (/opt/ros/humble/share/rmw_implementation_cmake/cmake)
-- Found rmw_fastrtps_cpp: 6.2.7 (/opt/ros/humble/share/rmw_fastrtps_cpp/cmake)
-- Using RMW implementation 'rmw_fastrtps_cpp' as default
-- Found rover_msgs: 0.0.0 (/home/chris/ros2_ws/install/rover_msgs/share/rover_msgs/cmake)
-- Performing Test HAVE_STDATOMIC
-- Performing Test HAVE_STDATOMIC - Success
-- Found WrapAtomic: TRUE  
-- Found OpenGL: /usr/lib/aarch64-linux-gnu/libOpenGL.so   
-- Found WrapOpenGL: TRUE  
-- Found XKB: /usr/lib/aarch64-linux-gnu/libxkbcommon.so (found suitable version "1.4.0", minimum required is "0.5.0") 
-- Found WrapVulkanHeaders: /usr/include  
-- Found PkgConfig: /usr/bin/pkg-config (found version "0.29.2") 
-- Checking for modules 'gstreamer-1.0;gstreamer-plugins-base-1.0;gstreamer-video-1.0;gstreamer-app-1.0'
--   Found gstreamer-1.0, version 1.20.3
--   Found gstreamer-plugins-base-1.0, version 1.20.1
--   Found gstreamer-video-1.0, version 1.20.1
--   Found gstreamer-app-1.0, version 1.20.1
-- Configuring done
-- Generating done
-- Build files have been written to: /home/chris/ros2_ws/src/rover/rover_gui/build/rover_gui
[  3%] [34m[1mGenerating UI files...[0m
[0;34m=== Generating UI files ... ===[0m
[0;32m[SUCCESS] Compiled /home/chris/ros2_ws/src/rover/rover_gui/ui/ui/Example.ui to /home/chris/ros2_ws/src/rover/rover_gui/ui/include/UI_Example.h[0m
[0;32m[SUCCESS] Compiled /home/chris/ros2_ws/src/rover/rover_gui/ui/ui/FileExplorer.ui to /home/chris/ros2_ws/src/rover/rover_gui/ui/include/UI_FileExplorer.h[0m
[0;32m[SUCCESS] Compiled /home/chris/ros2_ws/src/rover/rover_gui/ui/ui/MainPage.ui to /home/chris/ros2_ws/src/rover/rover_gui/ui/include/UI_MainPage.h[0m
[0;32m[SUCCESS] Compiled /home/chris/ros2_ws/src/rover/rover_gui/ui/ui/Notification.ui to /home/chris/ros2_ws/src/rover/rover_gui/ui/include/UI_Notification.h[0m
[0;32m[SUCCESS] Compiled /home/chris/ros2_ws/src/rover/rover_gui/ui/ui/Player.ui to /home/chris/ros2_ws/src/rover/rover_gui/ui/include/UI_Player.h[0m
[0;32m[SUCCESS] Compiled /home/chris/ros2_ws/src/rover/rover_gui/ui/ui/SideBar.ui to /home/chris/ros2_ws/src/rover/rover_gui/ui/include/UI_SideBar.h[0m
[  3%] Built target run_generate_ui
[  7%] [34m[1mAutomatic MOC for target main_gui[0m
AutoMoc warning
---------------
"SRC:/src/gui.cpp"
includes the moc file "gui.moc", but does not contain a Q_OBJECT, Q_GADGET, Q_NAMESPACE or Q_NAMESPACE_EXPORT macro.

AutoMoc: /home/chris/ros2_ws/src/rover/rover_gui/src/gui.cpp:0:1: note: No relevant classes found. No output generated.
[  7%] Built target main_gui_autogen
[ 11%] [34m[1mGenerating qrc_resources.cpp[0m
[ 14%] [32mBuilding CXX object CMakeFiles/main_gui.dir/main_gui_autogen/mocs_compilation.cpp.o[0m
[ 18%] [32mBuilding CXX object CMakeFiles/main_gui.dir/src/MainWindow.cpp.o[0m
[ 22%] [32mBuilding CXX object CMakeFiles/main_gui.dir/src/gui.cpp.o[0m
[ 25%] [32mBuilding CXX object CMakeFiles/main_gui.dir/src/SecondaryWindow.cpp.o[0m
[01m[K/home/chris/ros2_ws/src/rover/rover_gui/src/SecondaryWindow.cpp:[m[K In constructor ‘[01m[KSecondaryWindow::SecondaryWindow()[m[K’:
[01m[K/home/chris/ros2_ws/src/rover/rover_gui/src/SecondaryWindow.cpp:11:50:[m[K [01;31m[Kerror: [m[Kno match for ‘[01m[Koperator=[m[K’ (operand types are ‘[01m[KQVBoxLayout[m[K’ and ‘[01m[KQVBoxLayout*[m[K’)
   11 |     _mainLayout = new QVBoxLayout(&_centralWidget[01;31m[K)[m[K;
      |                                                  [01;31m[K^[m[K
In file included from [01m[K/usr/include/aarch64-linux-gnu/qt6/QtGui/qtguiglobal.h:43[m[K,
                 from [01m[K/usr/include/aarch64-linux-gnu/qt6/QtWidgets/qtwidgetsglobal.h:43[m[K,
                 from [01m[K/usr/include/aarch64-linux-gnu/qt6/QtWidgets/qmainwindow.h:43[m[K,
                 from [01m[K/usr/include/aarch64-linux-gnu/qt6/QtWidgets/QMainWindow:1[m[K,
                 from [01m[K/home/chris/ros2_ws/src/rover/rover_gui/src/SecondaryWindow.hpp:4[m[K,
                 from [01m[K/home/chris/ros2_ws/src/rover/rover_gui/src/SecondaryWindow.cpp:1[m[K:
[01m[K/usr/include/aarch64-linux-gnu/qt6/QtWidgets/qboxlayout.h:136:5:[m[K [01;36m[Knote: [m[Kcandidate: ‘[01m[KQVBoxLayout& QVBoxLayout::operator=(const QVBoxLayout&)[m[K’ (deleted)
  136 |     [01;36m[KQ_DISABLE_COPY[m[K(QVBoxLayout)
      |     [01;36m[K^~~~~~~~~~~~~~[m[K
[01m[K/usr/include/aarch64-linux-gnu/qt6/QtWidgets/qboxlayout.h:136:5:[m[K [01;36m[Knote: [m[K  no known conversion for argument 1 from ‘[01m[KQVBoxLayout*[m[K’ to ‘[01m[Kconst QVBoxLayout&[m[K’
  136 |     [01;36m[KQ_DISABLE_COPY[m[K(QVBoxLayout)
      |     [01;36m[K^~~~~~~~~~~~~~[m[K
[01m[K/home/chris/ros2_ws/src/rover/rover_gui/src/SecondaryWindow.cpp:14:39:[m[K [01;31m[Kerror: [m[Kno match for ‘[01m[Koperator=[m[K’ (operand types are ‘[01m[KQStackedWidget[m[K’ and ‘[01m[KQStackedWidget*[m[K’)
   14 |     _layoutStack = new QStackedWidget([01;31m[K)[m[K;
      |                                       [01;31m[K^[m[K
In file included from [01m[K/usr/include/aarch64-linux-gnu/qt6/QtGui/qtguiglobal.h:43[m[K,
                 from [01m[K/usr/include/aarch64-linux-gnu/qt6/QtWidgets/qtwidgetsglobal.h:43[m[K,
                 from [01m[K/usr/include/aarch64-linux-gnu/qt6/QtWidgets/qmainwindow.h:43[m[K,
                 from [01m[K/usr/include/aarch64-linux-gnu/qt6/QtWidgets/QMainWindow:1[m[K,
                 from [01m[K/home/chris/ros2_ws/src/rover/rover_gui/src/SecondaryWindow.hpp:4[m[K,
                 from [01m[K/home/chris/ros2_ws/src/rover/rover_gui/src/SecondaryWindow.cpp:1[m[K:
[01m[K/usr/include/aarch64-linux-gnu/qt6/QtWidgets/qstackedwidget.h:85:5:[m[K [01;36m[Knote: [m[Kcandidate: ‘[01m[KQStackedWidget& QStackedWidget::operator=(const QStackedWidget&)[m[K’ (deleted)
   85 |     [01;36m[KQ_DISABLE_COPY[m[K(QStackedWidget)
      |     [01;36m[K^~~~~~~~~~~~~~[m[K
[01m[K/usr/include/aarch64-linux-gnu/qt6/QtWidgets/qstackedwidget.h:85:5:[m[K [01;36m[Knote: [m[K  no known conversion for argument 1 from ‘[01m[KQStackedWidget*[m[K’ to ‘[01m[Kconst QStackedWidget&[m[K’
   85 |     [01;36m[KQ_DISABLE_COPY[m[K(QStackedWidget)
      |     [01;36m[K^~~~~~~~~~~~~~[m[K
[01m[K/home/chris/ros2_ws/src/rover/rover_gui/src/SecondaryWindow.cpp:21:17:[m[K [01;31m[Kerror: [m[Kbase operand of ‘[01m[K->[m[K’ has non-pointer type ‘[01m[KQStackedWidget[m[K’
   21 |     _layoutStack[01;31m[K->[m[KaddWidget(_singleStreamView);
      |                 [01;31m[K^~[m[K
[01m[K/home/chris/ros2_ws/src/rover/rover_gui/src/SecondaryWindow.cpp:22:17:[m[K [01;31m[Kerror: [m[Kbase operand of ‘[01m[K->[m[K’ has non-pointer type ‘[01m[KQStackedWidget[m[K’
   22 |     _layoutStack[01;31m[K->[m[KaddWidget(_multiStreamView);
      |                 [01;31m[K^~[m[K
[01m[K/home/chris/ros2_ws/src/rover/rover_gui/src/SecondaryWindow.cpp:25:38:[m[K [01;31m[Kerror: [m[Kno match for ‘[01m[Koperator=[m[K’ (operand types are ‘[01m[KQHBoxLayout[m[K’ and ‘[01m[KQHBoxLayout*[m[K’)
   25 |     _controlLayout = new QHBoxLayout([01;31m[K)[m[K;
      |                                      [01;31m[K^[m[K
In file included from [01m[K/usr/include/aarch64-linux-gnu/qt6/QtGui/qtguiglobal.h:43[m[K,
                 from [01m[K/usr/include/aarch64-linux-gnu/qt6/QtWidgets/qtwidgetsglobal.h:43[m[K,
                 from [01m[K/usr/include/aarch64-linux-gnu/qt6/QtWidgets/qmainwindow.h:43[m[K,
                 from [01m[K/usr/include/aarch64-linux-gnu/qt6/QtWidgets/QMainWindow:1[m[K,
                 from [01m[K/home/chris/ros2_ws/src/rover/rover_gui/src/SecondaryWindow.hpp:4[m[K,
                 from [01m[K/home/chris/ros2_ws/src/rover/rover_gui/src/SecondaryWindow.cpp:1[m[K:
[01m[K/usr/include/aarch64-linux-gnu/qt6/QtWidgets/qboxlayout.h:123:5:[m[K [01;36m[Knote: [m[Kcandidate: ‘[01m[KQHBoxLayout& QHBoxLayout::operator=(const QHBoxLayout&)[m[K’ (deleted)
  123 |     [01;36m[KQ_DISABLE_COPY[m[K(QHBoxLayout)
      |     [01;36m[K^~~~~~~~~~~~~~[m[K
[01m[K/usr/include/aarch64-linux-gnu/qt6/QtWidgets/qboxlayout.h:123:5:[m[K [01;36m[Knote: [m[K  no known conversion for argument 1 from ‘[01m[KQHBoxLayout*[m[K’ to ‘[01m[Kconst QHBoxLayout&[m[K’
  123 |     [01;36m[KQ_DISABLE_COPY[m[K(QHBoxLayout)
      |     [01;36m[K^~~~~~~~~~~~~~[m[K
[01m[K/home/chris/ros2_ws/src/rover/rover_gui/src/SecondaryWindow.cpp:29:37:[m[K [01;31m[Kerror: [m[Kno match for ‘[01m[Koperator=[m[K’ (operand types are ‘[01m[KQComboBox[m[K’ and ‘[01m[KQComboBox*[m[K’)
   29 |     _layoutSelector = new QComboBox([01;31m[K)[m[K;
      |                                     [01;31m[K^[m[K
In file included from [01m[K/usr/include/aarch64-linux-gnu/qt6/QtGui/qtguiglobal.h:43[m[K,
                 from [01m[K/usr/include/aarch64-linux-gnu/qt6/QtWidgets/qtwidgetsglobal.h:43[m[K,
                 from [01m[K/usr/include/aarch64-linux-gnu/qt6/QtWidgets/qmainwindow.h:43[m[K,
                 from [01m[K/usr/include/aarch64-linux-gnu/qt6/QtWidgets/QMainWindow:1[m[K,
                 from [01m[K/home/chris/ros2_ws/src/rover/rover_gui/src/SecondaryWindow.hpp:4[m[K,
                 from [01m[K/home/chris/ros2_ws/src/rover/rover_gui/src/SecondaryWindow.cpp:1[m[K:
[01m[K/usr/include/aarch64-linux-gnu/qt6/QtWidgets/qcombobox.h:242:5:[m[K [01;36m[Knote: [m[Kcandidate: ‘[01m[KQComboBox& QComboBox::operator=(const QComboBox&)[m[K’ (deleted)
  242 |     [01;36m[KQ_DISABLE_COPY[m[K(QComboBox)
      |     [01;36m[K^~~~~~~~~~~~~~[m[K
[01m[K/usr/include/aarch64-linux-gnu/qt6/QtWidgets/qcombobox.h:242:5:[m[K [01;36m[Knote: [m[K  no known conversion for argument 1 from ‘[01m[KQComboBox*[m[K’ to ‘[01m[Kconst QComboBox&[m[K’
  242 |     [01;36m[KQ_DISABLE_COPY[m[K(QComboBox)
      |     [01;36m[K^~~~~~~~~~~~~~[m[K
[01m[K/home/chris/ros2_ws/src/rover/rover_gui/src/SecondaryWindow.cpp:30:20:[m[K [01;31m[Kerror: [m[Kbase operand of ‘[01m[K->[m[K’ has non-pointer type ‘[01m[KQComboBox[m[K’
   30 |     _layoutSelector[01;31m[K->[m[KaddItem("Single Stream");
      |                    [01;31m[K^~[m[K
[01m[K/home/chris/ros2_ws/src/rover/rover_gui/src/SecondaryWindow.cpp:31:20:[m[K [01;31m[Kerror: [m[Kbase operand of ‘[01m[K->[m[K’ has non-pointer type ‘[01m[KQComboBox[m[K’
   31 |     _layoutSelector[01;31m[K->[m[KaddItem("2 Streams");
      |                    [01;31m[K^~[m[K
[01m[K/home/chris/ros2_ws/src/rover/rover_gui/src/SecondaryWindow.cpp:32:20:[m[K [01;31m[Kerror: [m[Kbase operand of ‘[01m[K->[m[K’ has non-pointer type ‘[01m[KQComboBox[m[K’
   32 |     _layoutSelector[01;31m[K->[m[KaddItem("4 Streams");
      |                    [01;31m[K^~[m[K
[01m[K/home/chris/ros2_ws/src/rover/rover_gui/src/SecondaryWindow.cpp:35:37:[m[K [01;31m[Kerror: [m[Kno match for ‘[01m[Koperator=[m[K’ (operand types are ‘[01m[KQComboBox[m[K’ and ‘[01m[KQComboBox*[m[K’)
   35 |     _streamSelector = new QComboBox([01;31m[K)[m[K;
      |                                     [01;31m[K^[m[K
In file included from [01m[K/usr/include/aarch64-linux-gnu/qt6/QtGui/qtguiglobal.h:43[m[K,
                 from [01m[K/usr/include/aarch64-linux-gnu/qt6/QtWidgets/qtwidgetsglobal.h:43[m[K,
                 from [01m[K/usr/include/aarch64-linux-gnu/qt6/QtWidgets/qmainwindow.h:43[m[K,
                 from [01m[K/usr/include/aarch64-linux-gnu/qt6/QtWidgets/QMainWindow:1[m[K,
                 from [01m[K/home/chris/ros2_ws/src/rover/rover_gui/src/SecondaryWindow.hpp:4[m[K,
                 from [01m[K/home/chris/ros2_ws/src/rover/rover_gui/src/SecondaryWindow.cpp:1[m[K:
[01m[K/usr/include/aarch64-linux-gnu/qt6/QtWidgets/qcombobox.h:242:5:[m[K [01;36m[Knote: [m[Kcandidate: ‘[01m[KQComboBox& QComboBox::operator=(const QComboBox&)[m[K’ (deleted)
  242 |     [01;36m[KQ_DISABLE_COPY[m[K(QComboBox)
      |     [01;36m[K^~~~~~~~~~~~~~[m[K
[01m[K/usr/include/aarch64-linux-gnu/qt6/QtWidgets/qcombobox.h:242:5:[m[K [01;36m[Knote: [m[K  no known conversion for argument 1 from ‘[01m[KQComboBox*[m[K’ to ‘[01m[Kconst QComboBox&[m[K’
  242 |     [01;36m[KQ_DISABLE_COPY[m[K(QComboBox)
      |     [01;36m[K^~~~~~~~~~~~~~[m[K
[01m[K/home/chris/ros2_ws/src/rover/rover_gui/src/SecondaryWindow.cpp:38:49:[m[K [01;31m[Kerror: [m[Kno match for ‘[01m[Koperator=[m[K’ (operand types are ‘[01m[KQPushButton[m[K’ and ‘[01m[KQPushButton*[m[K’)
   38 |     _addStreamBtn = new QPushButton("Add Stream"[01;31m[K)[m[K;
      |                                                 [01;31m[K^[m[K
In file included from [01m[K/usr/include/aarch64-linux-gnu/qt6/QtGui/qtguiglobal.h:43[m[K,
                 from [01m[K/usr/include/aarch64-linux-gnu/qt6/QtWidgets/qtwidgetsglobal.h:43[m[K,
                 from [01m[K/usr/include/aarch64-linux-gnu/qt6/QtWidgets/qmainwindow.h:43[m[K,
                 from [01m[K/usr/include/aarch64-linux-gnu/qt6/QtWidgets/QMainWindow:1[m[K,
                 from [01m[K/home/chris/ros2_ws/src/rover/rover_gui/src/SecondaryWindow.hpp:4[m[K,
                 from [01m[K/home/chris/ros2_ws/src/rover/rover_gui/src/SecondaryWindow.cpp:1[m[K:
[01m[K/usr/include/aarch64-linux-gnu/qt6/QtWidgets/qpushbutton.h:104:5:[m[K [01;36m[Knote: [m[Kcandidate: ‘[01m[KQPushButton& QPushButton::operator=(const QPushButton&)[m[K’ (deleted)
  104 |     [01;36m[KQ_DISABLE_COPY[m[K(QPushButton)
      |     [01;36m[K^~~~~~~~~~~~~~[m[K
[01m[K/usr/include/aarch64-linux-gnu/qt6/QtWidgets/qpushbutton.h:104:5:[m[K [01;36m[Knote: [m[K  no known conversion for argument 1 from ‘[01m[KQPushButton*[m[K’ to ‘[01m[Kconst QPushButton&[m[K’
  104 |     [01;36m[KQ_DISABLE_COPY[m[K(QPushButton)
      |     [01;36m[K^~~~~~~~~~~~~~[m[K
[01m[K/home/chris/ros2_ws/src/rover/rover_gui/src/SecondaryWindow.cpp:39:51:[m[K [01;31m[Kerror: [m[Kno match for ‘[01m[Koperator=[m[K’ (operand types are ‘[01m[KQPushButton[m[K’ and ‘[01m[KQPushButton*[m[K’)
   39 |     _editStreamBtn = new QPushButton("Edit Stream"[01;31m[K)[m[K;
      |                                                   [01;31m[K^[m[K
In file included from [01m[K/usr/include/aarch64-linux-gnu/qt6/QtGui/qtguiglobal.h:43[m[K,
                 from [01m[K/usr/include/aarch64-linux-gnu/qt6/QtWidgets/qtwidgetsglobal.h:43[m[K,
                 from [01m[K/usr/include/aarch64-linux-gnu/qt6/QtWidgets/qmainwindow.h:43[m[K,
                 from [01m[K/usr/include/aarch64-linux-gnu/qt6/QtWidgets/QMainWindow:1[m[K,
                 from [01m[K/home/chris/ros2_ws/src/rover/rover_gui/src/SecondaryWindow.hpp:4[m[K,
                 from [01m[K/home/chris/ros2_ws/src/rover/rover_gui/src/SecondaryWindow.cpp:1[m[K:
[01m[K/usr/include/aarch64-linux-gnu/qt6/QtWidgets/qpushbutton.h:104:5:[m[K [01;36m[Knote: [m[Kcandidate: ‘[01m[KQPushButton& QPushButton::operator=(const QPushButton&)[m[K’ (deleted)
  104 |     [01;36m[KQ_DISABLE_COPY[m[K(QPushButton)
      |     [01;36m[K^~~~~~~~~~~~~~[m[K
[01m[K/usr/include/aarch64-linux-gnu/qt6/QtWidgets/qpushbutton.h:104:5:[m[K [01;36m[Knote: [m[K  no known conversion for argument 1 from ‘[01m[KQPushButton*[m[K’ to ‘[01m[Kconst QPushButton&[m[K’
  104 |     [01;36m[KQ_DISABLE_COPY[m[K(QPushButton)
      |     [01;36m[K^~~~~~~~~~~~~~[m[K
[01m[K/home/chris/ros2_ws/src/rover/rover_gui/src/SecondaryWindow.cpp:40:55:[m[K [01;31m[Kerror: [m[Kno match for ‘[01m[Koperator=[m[K’ (operand types are ‘[01m[KQPushButton[m[K’ and ‘[01m[KQPushButton*[m[K’)
   40 |     _removeStreamBtn = new QPushButton("Remove Stream"[01;31m[K)[m[K;
      |                                                       [01;31m[K^[m[K
In file included from [01m[K/usr/include/aarch64-linux-gnu/qt6/QtGui/qtguiglobal.h:43[m[K,
                 from [01m[K/usr/include/aarch64-linux-gnu/qt6/QtWidgets/qtwidgetsglobal.h:43[m[K,
                 from [01m[K/usr/include/aarch64-linux-gnu/qt6/QtWidgets/qmainwindow.h:43[m[K,
                 from [01m[K/usr/include/aarch64-linux-gnu/qt6/QtWidgets/QMainWindow:1[m[K,
                 from [01m[K/home/chris/ros2_ws/src/rover/rover_gui/src/SecondaryWindow.hpp:4[m[K,
                 from [01m[K/home/chris/ros2_ws/src/rover/rover_gui/src/SecondaryWindow.cpp:1[m[K:
[01m[K/usr/include/aarch64-linux-gnu/qt6/QtWidgets/qpushbutton.h:104:5:[m[K [01;36m[Knote: [m[Kcandidate: ‘[01m[KQPushButton& QPushButton::operator=(const QPushButton&)[m[K’ (deleted)
  104 |     [01;36m[KQ_DISABLE_COPY[m[K(QPushButton)
      |     [01;36m[K^~~~~~~~~~~~~~[m[K
[01m[K/usr/include/aarch64-linux-gnu/qt6/QtWidgets/qpushbutton.h:104:5:[m[K [01;36m[Knote: [m[K  no known conversion for argument 1 from ‘[01m[KQPushButton*[m[K’ to ‘[01m[Kconst QPushButton&[m[K’
  104 |     [01;36m[KQ_DISABLE_COPY[m[K(QPushButton)
      |     [01;36m[K^~~~~~~~~~~~~~[m[K
[01m[K/home/chris/ros2_ws/src/rover/rover_gui/src/SecondaryWindow.cpp:43:19:[m[K [01;31m[Kerror: [m[Kbase operand of ‘[01m[K->[m[K’ has non-pointer type ‘[01m[KQHBoxLayout[m[K’
   43 |     _controlLayout[01;31m[K->[m[KaddWidget(layoutLabel);
      |                   [01;31m[K^~[m[K
[01m[K/home/chris/ros2_ws/src/rover/rover_gui/src/SecondaryWindow.cpp:44:19:[m[K [01;31m[Kerror: [m[Kbase operand of ‘[01m[K->[m[K’ has non-pointer type ‘[01m[KQHBoxLayout[m[K’
   44 |     _controlLayout[01;31m[K->[m[KaddWidget(_layoutSelector);
      |                   [01;31m[K^~[m[K
[01m[K/home/chris/ros2_ws/src/rover/rover_gui/src/SecondaryWindow.cpp:45:19:[m[K [01;31m[Kerror: [m[Kbase operand of ‘[01m[K->[m[K’ has non-pointer type ‘[01m[KQHBoxLayout[m[K’
   45 |     _controlLayout[01;31m[K->[m[KaddWidget(new QLabel("Stream:"));
      |                   [01;31m[K^~[m[K
[01m[K/home/chris/ros2_ws/src/rover/rover_gui/src/SecondaryWindow.cpp:46:19:[m[K [01;31m[Kerror: [m[Kbase operand of ‘[01m[K->[m[K’ has non-pointer type ‘[01m[KQHBoxLayout[m[K’
   46 |     _controlLayout[01;31m[K->[m[KaddWidget(_streamSelector);
      |                   [01;31m[K^~[m[K
[01m[K/home/chris/ros2_ws/src/rover/rover_gui/src/SecondaryWindow.cpp:47:19:[m[K [01;31m[Kerror: [m[Kbase operand of ‘[01m[K->[m[K’ has non-pointer type ‘[01m[KQHBoxLayout[m[K’
   47 |     _controlLayout[01;31m[K->[m[KaddStretch();
      |                   [01;31m[K^~[m[K
[01m[K/home/chris/ros2_ws/src/rover/rover_gui/src/SecondaryWindow.cpp:48:19:[m[K [01;31m[Kerror: [m[Kbase operand of ‘[01m[K->[m[K’ has non-pointer type ‘[01m[KQHBoxLayout[m[K’
   48 |     _controlLayout[01;31m[K->[m[KaddWidget(_addStreamBtn);
      |                   [01;31m[K^~[m[K
[01m[K/home/chris/ros2_ws/src/rover/rover_gui/src/SecondaryWindow.cpp:49:19:[m[K [01;31m[Kerror: [m[Kbase operand of ‘[01m[K->[m[K’ has non-pointer type ‘[01m[KQHBoxLayout[m[K’
   49 |     _controlLayout[01;31m[K->[m[KaddWidget(_editStreamBtn);
      |                   [01;31m[K^~[m[K
[01m[K/home/chris/ros2_ws/src/rover/rover_gui/src/SecondaryWindow.cpp:50:19:[m[K [01;31m[Kerror: [m[Kbase operand of ‘[01m[K->[m[K’ has non-pointer type ‘[01m[KQHBoxLayout[m[K’
   50 |     _controlLayout[01;31m[K->[m[KaddWidget(_removeStreamBtn);
      |                   [01;31m[K^~[m[K
[01m[K/home/chris/ros2_ws/src/rover/rover_gui/src/SecondaryWindow.cpp:53:16:[m[K [01;31m[Kerror: [m[Kbase operand of ‘[01m[K->[m[K’ has non-pointer type ‘[01m[KQVBoxLayout[m[K’
   53 |     _mainLayout[01;31m[K->[m[KaddLayout(_controlLayout);
      |                [01;31m[K^~[m[K
[01m[K/home/chris/ros2_ws/src/rover/rover_gui/src/SecondaryWindow.cpp:54:16:[m[K [01;31m[Kerror: [m[Kbase operand of ‘[01m[K->[m[K’ has non-pointer type ‘[01m[KQVBoxLayout[m[K’
   54 |     _mainLayout[01;31m[K->[m[KaddWidget(_layoutStack, 1); // Give the layout stack a stretch factor
      |                [01;31m[K^~[m[K
[01m[K/home/chris/ros2_ws/src/rover/rover_gui/src/SecondaryWindow.cpp:65:12:[m[K [01;31m[Kerror: [m[Kno matching function for call to ‘[01m[KSecondaryWindow::connect(QComboBox&, void (QComboBox::*)(int), SecondaryWindow*, void (SecondaryWindow::*)(int))[m[K’
   65 |     [01;31m[Kconnect(_layoutSelector, QOverload<int>::of(&QComboBox::currentIndexChanged),[m[K
      |     [01;31m[K~~~~~~~^~~~~~~~~~~~~~~~~~~~~~~~~~~~~~~~~~~~~~~~~~~~~~~~~~~~~~~~~~~~~~~~~~~~~~[m[K
   66 | [01;31m[K            this, &SecondaryWindow::onLayoutChange)[m[K;
      |             [01;31m[K~~~~~~~~~~~~~~~~~~~~~~~~~~~~~~~~~~~~~~~[m[K
In file included from [01m[K/usr/include/aarch64-linux-gnu/qt6/QtWidgets/qwidget.h:45[m[K,
                 from [01m[K/usr/include/aarch64-linux-gnu/qt6/QtWidgets/qmainwindow.h:44[m[K,
                 from [01m[K/usr/include/aarch64-linux-gnu/qt6/QtWidgets/QMainWindow:1[m[K,
                 from [01m[K/home/chris/ros2_ws/src/rover/rover_gui/src/SecondaryWindow.hpp:4[m[K,
                 from [01m[K/home/chris/ros2_ws/src/rover/rover_gui/src/SecondaryWindow.cpp:1[m[K:
[01m[K/usr/include/aarch64-linux-gnu/qt6/QtCore/qobject.h:217:43:[m[K [01;36m[Knote: [m[Kcandidate: ‘[01m[Kstatic QMetaObject::Connection QObject::connect(const typename QtPrivate::FunctionPointer<Func>::Object*, Func1, const typename QtPrivate::FunctionPointer<Func2>::Object*, Func2, Qt::ConnectionType) [with Func1 = void (QComboBox::*)(int); Func2 = void (SecondaryWindow::*)(int); typename QtPrivate::FunctionPointer<Func>::Object = QComboBox; typename QtPrivate::FunctionPointer<Func2>::Object = SecondaryWindow][m[K’
  217 |     static inline QMetaObject::Connection [01;36m[Kconnect[m[K(const typename QtPrivate::FunctionPointer<Func1>::Object *sender, Func1 signal,
      |                                           [01;36m[K^~~~~~~[m[K
[01m[K/usr/include/aarch64-linux-gnu/qt6/QtCore/qobject.h:217:109:[m[K [01;36m[Knote: [m[K  no known conversion for argument 1 from ‘[01m[KQComboBox[m[K’ to ‘[01m[Kconst Object*[m[K’ {aka ‘[01m[Kconst QComboBox*[m[K’}
  217 |     static inline QMetaObject::Connection connect([01;36m[Kconst typename QtPrivate::FunctionPointer<Func1>::Object *sender[m[K, Func1 signal,
      |                                                   [01;36m[K~~~~~~~~~~~~~~~~~~~~~~~~~~~~~~~~~~~~~~~~~~~~~~~~~~~~~~~~~~^~~~~~[m[K
[01m[K/usr/include/aarch64-linux-gnu/qt6/QtCore/qobject.h:249:13:[m[K [01;36m[Knote: [m[Kcandidate: ‘[01m[Ktemplate<class Func1, class Func2> static typename std::enable_if<((int)(QtPrivate::FunctionPointer<Func2>::ArgumentCount) >= 0), QMetaObject::Connection>::type QObject::connect(const typename QtPrivate::FunctionPointer<Func>::Object*, Func1, Func2)[m[K’
  249 |             [01;36m[Kconnect[m[K(const typename QtPrivate::FunctionPointer<Func1>::Object *sender, Func1 signal, Func2 slot)
      |             [01;36m[K^~~~~~~[m[K
[01m[K/usr/include/aarch64-linux-gnu/qt6/QtCore/qobject.h:249:13:[m[K [01;36m[Knote: [m[K  template argument deduction/substitution failed:
[01m[K/home/chris/ros2_ws/src/rover/rover_gui/src/SecondaryWindow.cpp:65:12:[m[K [01;36m[Knote: [m[K  candidate expects 3 arguments, 4 provided
   65 |     [01;36m[Kconnect(_layoutSelector, QOverload<int>::of(&QComboBox::currentIndexChanged),[m[K
      |     [01;36m[K~~~~~~~^~~~~~~~~~~~~~~~~~~~~~~~~~~~~~~~~~~~~~~~~~~~~~~~~~~~~~~~~~~~~~~~~~~~~~[m[K
   66 | [01;36m[K            this, &SecondaryWindow::onLayoutChange)[m[K;
      |             [01;36m[K~~~~~~~~~~~~~~~~~~~~~~~~~~~~~~~~~~~~~~~[m[K
In file included from [01m[K/usr/include/aarch64-linux-gnu/qt6/QtWidgets/qwidget.h:45[m[K,
                 from [01m[K/usr/include/aarch64-linux-gnu/qt6/QtWidgets/qmainwindow.h:44[m[K,
                 from [01m[K/usr/include/aarch64-linux-gnu/qt6/QtWidgets/QMainWindow:1[m[K,
                 from [01m[K/home/chris/ros2_ws/src/rover/rover_gui/src/SecondaryWindow.hpp:4[m[K,
                 from [01m[K/home/chris/ros2_ws/src/rover/rover_gui/src/SecondaryWindow.cpp:1[m[K:
[01m[K/usr/include/aarch64-linux-gnu/qt6/QtCore/qobject.h:258:13:[m[K [01;36m[Knote: [m[Kcandidate: ‘[01m[Ktemplate<class Func1, class Func2> static typename std::enable_if<(((int)(QtPrivate::FunctionPointer<Func2>::ArgumentCount) >= 0) && (! QtPrivate::FunctionPointer<Func2>::IsPointerToMemberFunction)), QMetaObject::Connection>::type QObject::connect(const typename QtPrivate::FunctionPointer<Func>::Object*, Func1, const QObject*, Func2, Qt::ConnectionType)[m[K’
  258 |             [01;36m[Kconnect[m[K(const typename QtPrivate::FunctionPointer<Func1>::Object *sender, Func1 signal, const QObject *context, Func2 slot,
      |             [01;36m[K^~~~~~~[m[K
[01m[K/usr/include/aarch64-linux-gnu/qt6/QtCore/qobject.h:258:13:[m[K [01;36m[Knote: [m[K  template argument deduction/substitution failed:
/usr/include/aarch64-linux-gnu/qt6/QtCore/qobject.h: In substitution of ‘[01m[Ktemplate<class Func1, class Func2> static typename std::enable_if<(((int)(QtPrivate::FunctionPointer<Func2>::ArgumentCount) >= 0) && (! QtPrivate::FunctionPointer<Func2>::IsPointerToMemberFunction)), QMetaObject::Connection>::type QObject::connect(const typename QtPrivate::FunctionPointer<Func>::Object*, Func1, const QObject*, Func2, Qt::ConnectionType) [with Func1 = void (QComboBox::*)(int); Func2 = void (SecondaryWindow::*)(int)][m[K’:
[01m[K/home/chris/ros2_ws/src/rover/rover_gui/src/SecondaryWindow.cpp:65:12:[m[K   required from here
[01m[K/usr/include/aarch64-linux-gnu/qt6/QtCore/qobject.h:258:13:[m[K [01;31m[Kerror: [m[Kno type named ‘[01m[Ktype[m[K’ in ‘[01m[Kstruct std::enable_if<false, QMetaObject::Connection>[m[K’
[01m[K/usr/include/aarch64-linux-gnu/qt6/QtCore/qobject.h:289:13:[m[K [01;36m[Knote: [m[Kcandidate: ‘[01m[Ktemplate<class Func1, class Func2> static typename std::enable_if<(QtPrivate::FunctionPointer<Func2>::ArgumentCount == -1), QMetaObject::Connection>::type QObject::connect(const typename QtPrivate::FunctionPointer<Func>::Object*, Func1, Func2)[m[K’
  289 |             [01;36m[Kconnect[m[K(const typename QtPrivate::FunctionPointer<Func1>::Object *sender, Func1 signal, Func2 slot)
      |             [01;36m[K^~~~~~~[m[K
[01m[K/usr/include/aarch64-linux-gnu/qt6/QtCore/qobject.h:289:13:[m[K [01;36m[Knote: [m[K  template argument deduction/substitution failed:
[01m[K/home/chris/ros2_ws/src/rover/rover_gui/src/SecondaryWindow.cpp:65:12:[m[K [01;36m[Knote: [m[K  candidate expects 3 arguments, 4 provided
   65 |     [01;36m[Kconnect(_layoutSelector, QOverload<int>::of(&QComboBox::currentIndexChanged),[m[K
      |     [01;36m[K~~~~~~~^~~~~~~~~~~~~~~~~~~~~~~~~~~~~~~~~~~~~~~~~~~~~~~~~~~~~~~~~~~~~~~~~~~~~~[m[K
   66 | [01;36m[K            this, &SecondaryWindow::onLayoutChange)[m[K;
      |             [01;36m[K~~~~~~~~~~~~~~~~~~~~~~~~~~~~~~~~~~~~~~~[m[K
In file included from [01m[K/usr/include/aarch64-linux-gnu/qt6/QtWidgets/qwidget.h:45[m[K,
                 from [01m[K/usr/include/aarch64-linux-gnu/qt6/QtWidgets/qmainwindow.h:44[m[K,
                 from [01m[K/usr/include/aarch64-linux-gnu/qt6/QtWidgets/QMainWindow:1[m[K,
                 from [01m[K/home/chris/ros2_ws/src/rover/rover_gui/src/SecondaryWindow.hpp:4[m[K,
                 from [01m[K/home/chris/ros2_ws/src/rover/rover_gui/src/SecondaryWindow.cpp:1[m[K:
[01m[K/usr/include/aarch64-linux-gnu/qt6/QtCore/qobject.h:297:13:[m[K [01;36m[Knote: [m[Kcandidate: ‘[01m[Ktemplate<class Func1, class Func2> static typename std::enable_if<(QtPrivate::FunctionPointer<Func2>::ArgumentCount == -1), QMetaObject::Connection>::type QObject::connect(const typename QtPrivate::FunctionPointer<Func>::Object*, Func1, const QObject*, Func2, Qt::ConnectionType)[m[K’
  297 |             [01;36m[Kconnect[m[K(const typename QtPrivate::FunctionPointer<Func1>::Object *sender, Func1 signal, const QObject *context, Func2 slot,
      |             [01;36m[K^~~~~~~[m[K
[01m[K/usr/include/aarch64-linux-gnu/qt6/QtCore/qobject.h:297:13:[m[K [01;36m[Knote: [m[K  template argument deduction/substitution failed:
/usr/include/aarch64-linux-gnu/qt6/QtCore/qobject.h: In substitution of ‘[01m[Ktemplate<class Func1, class Func2> static typename std::enable_if<(QtPrivate::FunctionPointer<Func2>::ArgumentCount == -1), QMetaObject::Connection>::type QObject::connect(const typename QtPrivate::FunctionPointer<Func>::Object*, Func1, const QObject*, Func2, Qt::ConnectionType) [with Func1 = void (QComboBox::*)(int); Func2 = void (SecondaryWindow::*)(int)][m[K’:
[01m[K/home/chris/ros2_ws/src/rover/rover_gui/src/SecondaryWindow.cpp:65:12:[m[K   required from here
[01m[K/usr/include/aarch64-linux-gnu/qt6/QtCore/qobject.h:297:13:[m[K [01;31m[Kerror: [m[Kno type named ‘[01m[Ktype[m[K’ in ‘[01m[Kstruct std::enable_if<false, QMetaObject::Connection>[m[K’
[01m[K/usr/include/aarch64-linux-gnu/qt6/QtCore/qobject.h:197:36:[m[K [01;36m[Knote: [m[Kcandidate: ‘[01m[Kstatic QMetaObject::Connection QObject::connect(const QObject*, const char*, const QObject*, const char*, Qt::ConnectionType)[m[K’
  197 |     static QMetaObject::Connection [01;36m[Kconnect[m[K(const QObject *sender, const char *signal,
      |                                    [01;36m[K^~~~~~~[m[K
[01m[K/usr/include/aarch64-linux-gnu/qt6/QtCore/qobject.h:197:59:[m[K [01;36m[Knote: [m[K  no known conversion for argument 1 from ‘[01m[KQComboBox[m[K’ to ‘[01m[Kconst QObject*[m[K’
  197 |     static QMetaObject::Connection connect([01;36m[Kconst QObject *sender[m[K, const char *signal,
      |                                            [01;36m[K~~~~~~~~~~~~~~~^~~~~~[m[K
[01m[K/usr/include/aarch64-linux-gnu/qt6/QtCore/qobject.h:200:36:[m[K [01;36m[Knote: [m[Kcandidate: ‘[01m[Kstatic QMetaObject::Connection QObject::connect(const QObject*, const QMetaMethod&, const QObject*, const QMetaMethod&, Qt::ConnectionType)[m[K’
  200 |     static QMetaObject::Connection [01;36m[Kconnect[m[K(const QObject *sender, const QMetaMethod &signal,
      |                                    [01;36m[K^~~~~~~[m[K
[01m[K/usr/include/aarch64-linux-gnu/qt6/QtCore/qobject.h:200:59:[m[K [01;36m[Knote: [m[K  no known conversion for argument 1 from ‘[01m[KQComboBox[m[K’ to ‘[01m[Kconst QObject*[m[K’
  200 |     static QMetaObject::Connection connect([01;36m[Kconst QObject *sender[m[K, const QMetaMethod &signal,
      |                                            [01;36m[K~~~~~~~~~~~~~~~^~~~~~[m[K
[01m[K/usr/include/aarch64-linux-gnu/qt6/QtCore/qobject.h:443:32:[m[K [01;36m[Knote: [m[Kcandidate: ‘[01m[KQMetaObject::Connection QObject::connect(const QObject*, const char*, const char*, Qt::ConnectionType) const[m[K’
  443 | inline QMetaObject::Connection [01;36m[KQObject[m[K::connect(const QObject *asender, const char *asignal,
      |                                [01;36m[K^~~~~~~[m[K
[01m[K/usr/include/aarch64-linux-gnu/qt6/QtCore/qobject.h:443:64:[m[K [01;36m[Knote: [m[K  no known conversion for argument 1 from ‘[01m[KQComboBox[m[K’ to ‘[01m[Kconst QObject*[m[K’
  443 | inline QMetaObject::Connection QObject::connect([01;36m[Kconst QObject *asender[m[K, const char *asignal,
      |                                                 [01;36m[K~~~~~~~~~~~~~~~^~~~~~~[m[K
[01m[K/home/chris/ros2_ws/src/rover/rover_gui/src/SecondaryWindow.cpp:67:12:[m[K [01;31m[Kerror: [m[Kno matching function for call to ‘[01m[KSecondaryWindow::connect(QComboBox&, void (QComboBox::*)(int), SecondaryWindow*, void (SecondaryWindow::*)(int))[m[K’
   67 |     [01;31m[Kconnect(_streamSelector, QOverload<int>::of(&QComboBox::currentIndexChanged),[m[K
      |     [01;31m[K~~~~~~~^~~~~~~~~~~~~~~~~~~~~~~~~~~~~~~~~~~~~~~~~~~~~~~~~~~~~~~~~~~~~~~~~~~~~~[m[K
   68 | [01;31m[K            this, &SecondaryWindow::onStreamSelection)[m[K;
      |             [01;31m[K~~~~~~~~~~~~~~~~~~~~~~~~~~~~~~~~~~~~~~~~~~[m[K
In file included from [01m[K/usr/include/aarch64-linux-gnu/qt6/QtWidgets/qwidget.h:45[m[K,
                 from [01m[K/usr/include/aarch64-linux-gnu/qt6/QtWidgets/qmainwindow.h:44[m[K,
                 from [01m[K/usr/include/aarch64-linux-gnu/qt6/QtWidgets/QMainWindow:1[m[K,
                 from [01m[K/home/chris/ros2_ws/src/rover/rover_gui/src/SecondaryWindow.hpp:4[m[K,
                 from [01m[K/home/chris/ros2_ws/src/rover/rover_gui/src/SecondaryWindow.cpp:1[m[K:
[01m[K/usr/include/aarch64-linux-gnu/qt6/QtCore/qobject.h:217:43:[m[K [01;36m[Knote: [m[Kcandidate: ‘[01m[Kstatic QMetaObject::Connection QObject::connect(const typename QtPrivate::FunctionPointer<Func>::Object*, Func1, const typename QtPrivate::FunctionPointer<Func2>::Object*, Func2, Qt::ConnectionType) [with Func1 = void (QComboBox::*)(int); Func2 = void (SecondaryWindow::*)(int); typename QtPrivate::FunctionPointer<Func>::Object = QComboBox; typename QtPrivate::FunctionPointer<Func2>::Object = SecondaryWindow][m[K’
  217 |     static inline QMetaObject::Connection [01;36m[Kconnect[m[K(const typename QtPrivate::FunctionPointer<Func1>::Object *sender, Func1 signal,
      |                                           [01;36m[K^~~~~~~[m[K
[01m[K/usr/include/aarch64-linux-gnu/qt6/QtCore/qobject.h:217:109:[m[K [01;36m[Knote: [m[K  no known conversion for argument 1 from ‘[01m[KQComboBox[m[K’ to ‘[01m[Kconst Object*[m[K’ {aka ‘[01m[Kconst QComboBox*[m[K’}
  217 |     static inline QMetaObject::Connection connect([01;36m[Kconst typename QtPrivate::FunctionPointer<Func1>::Object *sender[m[K, Func1 signal,
      |                                                   [01;36m[K~~~~~~~~~~~~~~~~~~~~~~~~~~~~~~~~~~~~~~~~~~~~~~~~~~~~~~~~~~^~~~~~[m[K
[01m[K/usr/include/aarch64-linux-gnu/qt6/QtCore/qobject.h:249:13:[m[K [01;36m[Knote: [m[Kcandidate: ‘[01m[Ktemplate<class Func1, class Func2> static typename std::enable_if<((int)(QtPrivate::FunctionPointer<Func2>::ArgumentCount) >= 0), QMetaObject::Connection>::type QObject::connect(const typename QtPrivate::FunctionPointer<Func>::Object*, Func1, Func2)[m[K’
  249 |             [01;36m[Kconnect[m[K(const typename QtPrivate::FunctionPointer<Func1>::Object *sender, Func1 signal, Func2 slot)
      |             [01;36m[K^~~~~~~[m[K
[01m[K/usr/include/aarch64-linux-gnu/qt6/QtCore/qobject.h:249:13:[m[K [01;36m[Knote: [m[K  template argument deduction/substitution failed:
[01m[K/home/chris/ros2_ws/src/rover/rover_gui/src/SecondaryWindow.cpp:67:12:[m[K [01;36m[Knote: [m[K  candidate expects 3 arguments, 4 provided
   67 |     [01;36m[Kconnect(_streamSelector, QOverload<int>::of(&QComboBox::currentIndexChanged),[m[K
      |     [01;36m[K~~~~~~~^~~~~~~~~~~~~~~~~~~~~~~~~~~~~~~~~~~~~~~~~~~~~~~~~~~~~~~~~~~~~~~~~~~~~~[m[K
   68 | [01;36m[K            this, &SecondaryWindow::onStreamSelection)[m[K;
      |             [01;36m[K~~~~~~~~~~~~~~~~~~~~~~~~~~~~~~~~~~~~~~~~~~[m[K
In file included from [01m[K/usr/include/aarch64-linux-gnu/qt6/QtWidgets/qwidget.h:45[m[K,
                 from [01m[K/usr/include/aarch64-linux-gnu/qt6/QtWidgets/qmainwindow.h:44[m[K,
                 from [01m[K/usr/include/aarch64-linux-gnu/qt6/QtWidgets/QMainWindow:1[m[K,
                 from [01m[K/home/chris/ros2_ws/src/rover/rover_gui/src/SecondaryWindow.hpp:4[m[K,
                 from [01m[K/home/chris/ros2_ws/src/rover/rover_gui/src/SecondaryWindow.cpp:1[m[K:
[01m[K/usr/include/aarch64-linux-gnu/qt6/QtCore/qobject.h:258:13:[m[K [01;36m[Knote: [m[Kcandidate: ‘[01m[Ktemplate<class Func1, class Func2> static typename std::enable_if<(((int)(QtPrivate::FunctionPointer<Func2>::ArgumentCount) >= 0) && (! QtPrivate::FunctionPointer<Func2>::IsPointerToMemberFunction)), QMetaObject::Connection>::type QObject::connect(const typename QtPrivate::FunctionPointer<Func>::Object*, Func1, const QObject*, Func2, Qt::ConnectionType)[m[K’
  258 |             [01;36m[Kconnect[m[K(const typename QtPrivate::FunctionPointer<Func1>::Object *sender, Func1 signal, const QObject *context, Func2 slot,
      |             [01;36m[K^~~~~~~[m[K
[01m[K/usr/include/aarch64-linux-gnu/qt6/QtCore/qobject.h:258:13:[m[K [01;36m[Knote: [m[K  template argument deduction/substitution failed:
/usr/include/aarch64-linux-gnu/qt6/QtCore/qobject.h: In substitution of ‘[01m[Ktemplate<class Func1, class Func2> static typename std::enable_if<(((int)(QtPrivate::FunctionPointer<Func2>::ArgumentCount) >= 0) && (! QtPrivate::FunctionPointer<Func2>::IsPointerToMemberFunction)), QMetaObject::Connection>::type QObject::connect(const typename QtPrivate::FunctionPointer<Func>::Object*, Func1, const QObject*, Func2, Qt::ConnectionType) [with Func1 = void (QComboBox::*)(int); Func2 = void (SecondaryWindow::*)(int)][m[K’:
[01m[K/home/chris/ros2_ws/src/rover/rover_gui/src/SecondaryWindow.cpp:67:12:[m[K   required from here
[01m[K/usr/include/aarch64-linux-gnu/qt6/QtCore/qobject.h:258:13:[m[K [01;31m[Kerror: [m[Kno type named ‘[01m[Ktype[m[K’ in ‘[01m[Kstruct std::enable_if<false, QMetaObject::Connection>[m[K’
[01m[K/usr/include/aarch64-linux-gnu/qt6/QtCore/qobject.h:289:13:[m[K [01;36m[Knote: [m[Kcandidate: ‘[01m[Ktemplate<class Func1, class Func2> static typename std::enable_if<(QtPrivate::FunctionPointer<Func2>::ArgumentCount == -1), QMetaObject::Connection>::type QObject::connect(const typename QtPrivate::FunctionPointer<Func>::Object*, Func1, Func2)[m[K’
  289 |             [01;36m[Kconnect[m[K(const typename QtPrivate::FunctionPointer<Func1>::Object *sender, Func1 signal, Func2 slot)
      |             [01;36m[K^~~~~~~[m[K
[01m[K/usr/include/aarch64-linux-gnu/qt6/QtCore/qobject.h:289:13:[m[K [01;36m[Knote: [m[K  template argument deduction/substitution failed:
[01m[K/home/chris/ros2_ws/src/rover/rover_gui/src/SecondaryWindow.cpp:67:12:[m[K [01;36m[Knote: [m[K  candidate expects 3 arguments, 4 provided
   67 |     [01;36m[Kconnect(_streamSelector, QOverload<int>::of(&QComboBox::currentIndexChanged),[m[K
      |     [01;36m[K~~~~~~~^~~~~~~~~~~~~~~~~~~~~~~~~~~~~~~~~~~~~~~~~~~~~~~~~~~~~~~~~~~~~~~~~~~~~~[m[K
   68 | [01;36m[K            this, &SecondaryWindow::onStreamSelection)[m[K;
      |             [01;36m[K~~~~~~~~~~~~~~~~~~~~~~~~~~~~~~~~~~~~~~~~~~[m[K
In file included from [01m[K/usr/include/aarch64-linux-gnu/qt6/QtWidgets/qwidget.h:45[m[K,
                 from [01m[K/usr/include/aarch64-linux-gnu/qt6/QtWidgets/qmainwindow.h:44[m[K,
                 from [01m[K/usr/include/aarch64-linux-gnu/qt6/QtWidgets/QMainWindow:1[m[K,
                 from [01m[K/home/chris/ros2_ws/src/rover/rover_gui/src/SecondaryWindow.hpp:4[m[K,
                 from [01m[K/home/chris/ros2_ws/src/rover/rover_gui/src/SecondaryWindow.cpp:1[m[K:
[01m[K/usr/include/aarch64-linux-gnu/qt6/QtCore/qobject.h:297:13:[m[K [01;36m[Knote: [m[Kcandidate: ‘[01m[Ktemplate<class Func1, class Func2> static typename std::enable_if<(QtPrivate::FunctionPointer<Func2>::ArgumentCount == -1), QMetaObject::Connection>::type QObject::connect(const typename QtPrivate::FunctionPointer<Func>::Object*, Func1, const QObject*, Func2, Qt::ConnectionType)[m[K’
  297 |             [01;36m[Kconnect[m[K(const typename QtPrivate::FunctionPointer<Func1>::Object *sender, Func1 signal, const QObject *context, Func2 slot,
      |             [01;36m[K^~~~~~~[m[K
[01m[K/usr/include/aarch64-linux-gnu/qt6/QtCore/qobject.h:297:13:[m[K [01;36m[Knote: [m[K  template argument deduction/substitution failed:
/usr/include/aarch64-linux-gnu/qt6/QtCore/qobject.h: In substitution of ‘[01m[Ktemplate<class Func1, class Func2> static typename std::enable_if<(QtPrivate::FunctionPointer<Func2>::ArgumentCount == -1), QMetaObject::Connection>::type QObject::connect(const typename QtPrivate::FunctionPointer<Func>::Object*, Func1, const QObject*, Func2, Qt::ConnectionType) [with Func1 = void (QComboBox::*)(int); Func2 = void (SecondaryWindow::*)(int)][m[K’:
[01m[K/home/chris/ros2_ws/src/rover/rover_gui/src/SecondaryWindow.cpp:67:12:[m[K   required from here
[01m[K/usr/include/aarch64-linux-gnu/qt6/QtCore/qobject.h:297:13:[m[K [01;31m[Kerror: [m[Kno type named ‘[01m[Ktype[m[K’ in ‘[01m[Kstruct std::enable_if<false, QMetaObject::Connection>[m[K’
[01m[K/usr/include/aarch64-linux-gnu/qt6/QtCore/qobject.h:197:36:[m[K [01;36m[Knote: [m[Kcandidate: ‘[01m[Kstatic QMetaObject::Connection QObject::connect(const QObject*, const char*, const QObject*, const char*, Qt::ConnectionType)[m[K’
  197 |     static QMetaObject::Connection [01;36m[Kconnect[m[K(const QObject *sender, const char *signal,
      |                                    [01;36m[K^~~~~~~[m[K
[01m[K/usr/include/aarch64-linux-gnu/qt6/QtCore/qobject.h:197:59:[m[K [01;36m[Knote: [m[K  no known conversion for argument 1 from ‘[01m[KQComboBox[m[K’ to ‘[01m[Kconst QObject*[m[K’
  197 |     static QMetaObject::Connection connect([01;36m[Kconst QObject *sender[m[K, const char *signal,
      |                                            [01;36m[K~~~~~~~~~~~~~~~^~~~~~[m[K
[01m[K/usr/include/aarch64-linux-gnu/qt6/QtCore/qobject.h:200:36:[m[K [01;36m[Knote: [m[Kcandidate: ‘[01m[Kstatic QMetaObject::Connection QObject::connect(const QObject*, const QMetaMethod&, const QObject*, const QMetaMethod&, Qt::ConnectionType)[m[K’
  200 |     static QMetaObject::Connection [01;36m[Kconnect[m[K(const QObject *sender, const QMetaMethod &signal,
      |                                    [01;36m[K^~~~~~~[m[K
[01m[K/usr/include/aarch64-linux-gnu/qt6/QtCore/qobject.h:200:59:[m[K [01;36m[Knote: [m[K  no known conversion for argument 1 from ‘[01m[KQComboBox[m[K’ to ‘[01m[Kconst QObject*[m[K’
  200 |     static QMetaObject::Connection connect([01;36m[Kconst QObject *sender[m[K, const QMetaMethod &signal,
      |                                            [01;36m[K~~~~~~~~~~~~~~~^~~~~~[m[K
[01m[K/usr/include/aarch64-linux-gnu/qt6/QtCore/qobject.h:443:32:[m[K [01;36m[Knote: [m[Kcandidate: ‘[01m[KQMetaObject::Connection QObject::connect(const QObject*, const char*, const char*, Qt::ConnectionType) const[m[K’
  443 | inline QMetaObject::Connection [01;36m[KQObject[m[K::connect(const QObject *asender, const char *asignal,
      |                                [01;36m[K^~~~~~~[m[K
[01m[K/usr/include/aarch64-linux-gnu/qt6/QtCore/qobject.h:443:64:[m[K [01;36m[Knote: [m[K  no known conversion for argument 1 from ‘[01m[KQComboBox[m[K’ to ‘[01m[Kconst QObject*[m[K’
  443 | inline QMetaObject::Connection QObject::connect([01;36m[Kconst QObject *asender[m[K, const char *asignal,
      |                                                 [01;36m[K~~~~~~~~~~~~~~~^~~~~~~[m[K
[01m[K/home/chris/ros2_ws/src/rover/rover_gui/src/SecondaryWindow.cpp:69:12:[m[K [01;31m[Kerror: [m[Kno matching function for call to ‘[01m[KSecondaryWindow::connect(QPushButton&, void (QAbstractButton::*)(bool), SecondaryWindow*, void (SecondaryWindow::*)())[m[K’
   69 |     [01;31m[Kconnect(_addStreamBtn, &QPushButton::clicked, this, &SecondaryWindow::addStream)[m[K;
      |     [01;31m[K~~~~~~~^~~~~~~~~~~~~~~~~~~~~~~~~~~~~~~~~~~~~~~~~~~~~~~~~~~~~~~~~~~~~~~~~~~~~~~~~[m[K
In file included from [01m[K/usr/include/aarch64-linux-gnu/qt6/QtWidgets/qwidget.h:45[m[K,
                 from [01m[K/usr/include/aarch64-linux-gnu/qt6/QtWidgets/qmainwindow.h:44[m[K,
                 from [01m[K/usr/include/aarch64-linux-gnu/qt6/QtWidgets/QMainWindow:1[m[K,
                 from [01m[K/home/chris/ros2_ws/src/rover/rover_gui/src/SecondaryWindow.hpp:4[m[K,
                 from [01m[K/home/chris/ros2_ws/src/rover/rover_gui/src/SecondaryWindow.cpp:1[m[K:
[01m[K/usr/include/aarch64-linux-gnu/qt6/QtCore/qobject.h:217:43:[m[K [01;36m[Knote: [m[Kcandidate: ‘[01m[Kstatic QMetaObject::Connection QObject::connect(const typename QtPrivate::FunctionPointer<Func>::Object*, Func1, const typename QtPrivate::FunctionPointer<Func2>::Object*, Func2, Qt::ConnectionType) [with Func1 = void (QAbstractButton::*)(bool); Func2 = void (SecondaryWindow::*)(); typename QtPrivate::FunctionPointer<Func>::Object = QAbstractButton; typename QtPrivate::FunctionPointer<Func2>::Object = SecondaryWindow][m[K’
  217 |     static inline QMetaObject::Connection [01;36m[Kconnect[m[K(const typename QtPrivate::FunctionPointer<Func1>::Object *sender, Func1 signal,
      |                                           [01;36m[K^~~~~~~[m[K
[01m[K/usr/include/aarch64-linux-gnu/qt6/QtCore/qobject.h:217:109:[m[K [01;36m[Knote: [m[K  no known conversion for argument 1 from ‘[01m[KQPushButton[m[K’ to ‘[01m[Kconst Object*[m[K’ {aka ‘[01m[Kconst QAbstractButton*[m[K’}
  217 |     static inline QMetaObject::Connection connect([01;36m[Kconst typename QtPrivate::FunctionPointer<Func1>::Object *sender[m[K, Func1 signal,
      |                                                   [01;36m[K~~~~~~~~~~~~~~~~~~~~~~~~~~~~~~~~~~~~~~~~~~~~~~~~~~~~~~~~~~^~~~~~[m[K
[01m[K/usr/include/aarch64-linux-gnu/qt6/QtCore/qobject.h:249:13:[m[K [01;36m[Knote: [m[Kcandidate: ‘[01m[Ktemplate<class Func1, class Func2> static typename std::enable_if<((int)(QtPrivate::FunctionPointer<Func2>::ArgumentCount) >= 0), QMetaObject::Connection>::type QObject::connect(const typename QtPrivate::FunctionPointer<Func>::Object*, Func1, Func2)[m[K’
  249 |             [01;36m[Kconnect[m[K(const typename QtPrivate::FunctionPointer<Func1>::Object *sender, Func1 signal, Func2 slot)
      |             [01;36m[K^~~~~~~[m[K
[01m[K/usr/include/aarch64-linux-gnu/qt6/QtCore/qobject.h:249:13:[m[K [01;36m[Knote: [m[K  template argument deduction/substitution failed:
[01m[K/home/chris/ros2_ws/src/rover/rover_gui/src/SecondaryWindow.cpp:69:12:[m[K [01;36m[Knote: [m[K  candidate expects 3 arguments, 4 provided
   69 |     [01;36m[Kconnect(_addStreamBtn, &QPushButton::clicked, this, &SecondaryWindow::addStream)[m[K;
      |     [01;36m[K~~~~~~~^~~~~~~~~~~~~~~~~~~~~~~~~~~~~~~~~~~~~~~~~~~~~~~~~~~~~~~~~~~~~~~~~~~~~~~~~[m[K
In file included from [01m[K/usr/include/aarch64-linux-gnu/qt6/QtWidgets/qwidget.h:45[m[K,
                 from [01m[K/usr/include/aarch64-linux-gnu/qt6/QtWidgets/qmainwindow.h:44[m[K,
                 from [01m[K/usr/include/aarch64-linux-gnu/qt6/QtWidgets/QMainWindow:1[m[K,
                 from [01m[K/home/chris/ros2_ws/src/rover/rover_gui/src/SecondaryWindow.hpp:4[m[K,
                 from [01m[K/home/chris/ros2_ws/src/rover/rover_gui/src/SecondaryWindow.cpp:1[m[K:
[01m[K/usr/include/aarch64-linux-gnu/qt6/QtCore/qobject.h:258:13:[m[K [01;36m[Knote: [m[Kcandidate: ‘[01m[Ktemplate<class Func1, class Func2> static typename std::enable_if<(((int)(QtPrivate::FunctionPointer<Func2>::ArgumentCount) >= 0) && (! QtPrivate::FunctionPointer<Func2>::IsPointerToMemberFunction)), QMetaObject::Connection>::type QObject::connect(const typename QtPrivate::FunctionPointer<Func>::Object*, Func1, const QObject*, Func2, Qt::ConnectionType)[m[K’
  258 |             [01;36m[Kconnect[m[K(const typename QtPrivate::FunctionPointer<Func1>::Object *sender, Func1 signal, const QObject *context, Func2 slot,
      |             [01;36m[K^~~~~~~[m[K
[01m[K/usr/include/aarch64-linux-gnu/qt6/QtCore/qobject.h:258:13:[m[K [01;36m[Knote: [m[K  template argument deduction/substitution failed:
/usr/include/aarch64-linux-gnu/qt6/QtCore/qobject.h: In substitution of ‘[01m[Ktemplate<class Func1, class Func2> static typename std::enable_if<(((int)(QtPrivate::FunctionPointer<Func2>::ArgumentCount) >= 0) && (! QtPrivate::FunctionPointer<Func2>::IsPointerToMemberFunction)), QMetaObject::Connection>::type QObject::connect(const typename QtPrivate::FunctionPointer<Func>::Object*, Func1, const QObject*, Func2, Qt::ConnectionType) [with Func1 = void (QAbstractButton::*)(bool); Func2 = void (SecondaryWindow::*)()][m[K’:
[01m[K/home/chris/ros2_ws/src/rover/rover_gui/src/SecondaryWindow.cpp:69:12:[m[K   required from here
[01m[K/usr/include/aarch64-linux-gnu/qt6/QtCore/qobject.h:258:13:[m[K [01;31m[Kerror: [m[Kno type named ‘[01m[Ktype[m[K’ in ‘[01m[Kstruct std::enable_if<false, QMetaObject::Connection>[m[K’
[01m[K/usr/include/aarch64-linux-gnu/qt6/QtCore/qobject.h:289:13:[m[K [01;36m[Knote: [m[Kcandidate: ‘[01m[Ktemplate<class Func1, class Func2> static typename std::enable_if<(QtPrivate::FunctionPointer<Func2>::ArgumentCount == -1), QMetaObject::Connection>::type QObject::connect(const typename QtPrivate::FunctionPointer<Func>::Object*, Func1, Func2)[m[K’
  289 |             [01;36m[Kconnect[m[K(const typename QtPrivate::FunctionPointer<Func1>::Object *sender, Func1 signal, Func2 slot)
      |             [01;36m[K^~~~~~~[m[K
[01m[K/usr/include/aarch64-linux-gnu/qt6/QtCore/qobject.h:289:13:[m[K [01;36m[Knote: [m[K  template argument deduction/substitution failed:
[01m[K/home/chris/ros2_ws/src/rover/rover_gui/src/SecondaryWindow.cpp:69:12:[m[K [01;36m[Knote: [m[K  candidate expects 3 arguments, 4 provided
   69 |     [01;36m[Kconnect(_addStreamBtn, &QPushButton::clicked, this, &SecondaryWindow::addStream)[m[K;
      |     [01;36m[K~~~~~~~^~~~~~~~~~~~~~~~~~~~~~~~~~~~~~~~~~~~~~~~~~~~~~~~~~~~~~~~~~~~~~~~~~~~~~~~~[m[K
In file included from [01m[K/usr/include/aarch64-linux-gnu/qt6/QtWidgets/qwidget.h:45[m[K,
                 from [01m[K/usr/include/aarch64-linux-gnu/qt6/QtWidgets/qmainwindow.h:44[m[K,
                 from [01m[K/usr/include/aarch64-linux-gnu/qt6/QtWidgets/QMainWindow:1[m[K,
                 from [01m[K/home/chris/ros2_ws/src/rover/rover_gui/src/SecondaryWindow.hpp:4[m[K,
                 from [01m[K/home/chris/ros2_ws/src/rover/rover_gui/src/SecondaryWindow.cpp:1[m[K:
[01m[K/usr/include/aarch64-linux-gnu/qt6/QtCore/qobject.h:297:13:[m[K [01;36m[Knote: [m[Kcandidate: ‘[01m[Ktemplate<class Func1, class Func2> static typename std::enable_if<(QtPrivate::FunctionPointer<Func2>::ArgumentCount == -1), QMetaObject::Connection>::type QObject::connect(const typename QtPrivate::FunctionPointer<Func>::Object*, Func1, const QObject*, Func2, Qt::ConnectionType)[m[K’
  297 |             [01;36m[Kconnect[m[K(const typename QtPrivate::FunctionPointer<Func1>::Object *sender, Func1 signal, const QObject *context, Func2 slot,
      |             [01;36m[K^~~~~~~[m[K
[01m[K/usr/include/aarch64-linux-gnu/qt6/QtCore/qobject.h:297:13:[m[K [01;36m[Knote: [m[K  template argument deduction/substitution failed:
/usr/include/aarch64-linux-gnu/qt6/QtCore/qobject.h: In substitution of ‘[01m[Ktemplate<class Func1, class Func2> static typename std::enable_if<(QtPrivate::FunctionPointer<Func2>::ArgumentCount == -1), QMetaObject::Connection>::type QObject::connect(const typename QtPrivate::FunctionPointer<Func>::Object*, Func1, const QObject*, Func2, Qt::ConnectionType) [with Func1 = void (QAbstractButton::*)(bool); Func2 = void (SecondaryWindow::*)()][m[K’:
[01m[K/home/chris/ros2_ws/src/rover/rover_gui/src/SecondaryWindow.cpp:69:12:[m[K   required from here
[01m[K/usr/include/aarch64-linux-gnu/qt6/QtCore/qobject.h:297:13:[m[K [01;31m[Kerror: [m[Kno type named ‘[01m[Ktype[m[K’ in ‘[01m[Kstruct std::enable_if<false, QMetaObject::Connection>[m[K’
[01m[K/usr/include/aarch64-linux-gnu/qt6/QtCore/qobject.h:197:36:[m[K [01;36m[Knote: [m[Kcandidate: ‘[01m[Kstatic QMetaObject::Connection QObject::connect(const QObject*, const char*, const QObject*, const char*, Qt::ConnectionType)[m[K’
  197 |     static QMetaObject::Connection [01;36m[Kconnect[m[K(const QObject *sender, const char *signal,
      |                                    [01;36m[K^~~~~~~[m[K
[01m[K/usr/include/aarch64-linux-gnu/qt6/QtCore/qobject.h:197:59:[m[K [01;36m[Knote: [m[K  no known conversion for argument 1 from ‘[01m[KQPushButton[m[K’ to ‘[01m[Kconst QObject*[m[K’
  197 |     static QMetaObject::Connection connect([01;36m[Kconst QObject *sender[m[K, const char *signal,
      |                                            [01;36m[K~~~~~~~~~~~~~~~^~~~~~[m[K
[01m[K/usr/include/aarch64-linux-gnu/qt6/QtCore/qobject.h:200:36:[m[K [01;36m[Knote: [m[Kcandidate: ‘[01m[Kstatic QMetaObject::Connection QObject::connect(const QObject*, const QMetaMethod&, const QObject*, const QMetaMethod&, Qt::ConnectionType)[m[K’
  200 |     static QMetaObject::Connection [01;36m[Kconnect[m[K(const QObject *sender, const QMetaMethod &signal,
      |                                    [01;36m[K^~~~~~~[m[K
[01m[K/usr/include/aarch64-linux-gnu/qt6/QtCore/qobject.h:200:59:[m[K [01;36m[Knote: [m[K  no known conversion for argument 1 from ‘[01m[KQPushButton[m[K’ to ‘[01m[Kconst QObject*[m[K’
  200 |     static QMetaObject::Connection connect([01;36m[Kconst QObject *sender[m[K, const QMetaMethod &signal,
      |                                            [01;36m[K~~~~~~~~~~~~~~~^~~~~~[m[K
[01m[K/usr/include/aarch64-linux-gnu/qt6/QtCore/qobject.h:443:32:[m[K [01;36m[Knote: [m[Kcandidate: ‘[01m[KQMetaObject::Connection QObject::connect(const QObject*, const char*, const char*, Qt::ConnectionType) const[m[K’
  443 | inline QMetaObject::Connection [01;36m[KQObject[m[K::connect(const QObject *asender, const char *asignal,
      |                                [01;36m[K^~~~~~~[m[K
[01m[K/usr/include/aarch64-linux-gnu/qt6/QtCore/qobject.h:443:64:[m[K [01;36m[Knote: [m[K  no known conversion for argument 1 from ‘[01m[KQPushButton[m[K’ to ‘[01m[Kconst QObject*[m[K’
  443 | inline QMetaObject::Connection QObject::connect([01;36m[Kconst QObject *asender[m[K, const char *asignal,
      |                                                 [01;36m[K~~~~~~~~~~~~~~~^~~~~~~[m[K
[01m[K/home/chris/ros2_ws/src/rover/rover_gui/src/SecondaryWindow.cpp:70:12:[m[K [01;31m[Kerror: [m[Kno matching function for call to ‘[01m[KSecondaryWindow::connect(QPushButton&, void (QAbstractButton::*)(bool), SecondaryWindow*, void (SecondaryWindow::*)())[m[K’
   70 |     [01;31m[Kconnect(_editStreamBtn, &QPushButton::clicked, this, &SecondaryWindow::editStream)[m[K;
      |     [01;31m[K~~~~~~~^~~~~~~~~~~~~~~~~~~~~~~~~~~~~~~~~~~~~~~~~~~~~~~~~~~~~~~~~~~~~~~~~~~~~~~~~~~[m[K
In file included from [01m[K/usr/include/aarch64-linux-gnu/qt6/QtWidgets/qwidget.h:45[m[K,
                 from [01m[K/usr/include/aarch64-linux-gnu/qt6/QtWidgets/qmainwindow.h:44[m[K,
                 from [01m[K/usr/include/aarch64-linux-gnu/qt6/QtWidgets/QMainWindow:1[m[K,
                 from [01m[K/home/chris/ros2_ws/src/rover/rover_gui/src/SecondaryWindow.hpp:4[m[K,
                 from [01m[K/home/chris/ros2_ws/src/rover/rover_gui/src/SecondaryWindow.cpp:1[m[K:
[01m[K/usr/include/aarch64-linux-gnu/qt6/QtCore/qobject.h:217:43:[m[K [01;36m[Knote: [m[Kcandidate: ‘[01m[Kstatic QMetaObject::Connection QObject::connect(const typename QtPrivate::FunctionPointer<Func>::Object*, Func1, const typename QtPrivate::FunctionPointer<Func2>::Object*, Func2, Qt::ConnectionType) [with Func1 = void (QAbstractButton::*)(bool); Func2 = void (SecondaryWindow::*)(); typename QtPrivate::FunctionPointer<Func>::Object = QAbstractButton; typename QtPrivate::FunctionPointer<Func2>::Object = SecondaryWindow][m[K’
  217 |     static inline QMetaObject::Connection [01;36m[Kconnect[m[K(const typename QtPrivate::FunctionPointer<Func1>::Object *sender, Func1 signal,
      |                                           [01;36m[K^~~~~~~[m[K
[01m[K/usr/include/aarch64-linux-gnu/qt6/QtCore/qobject.h:217:109:[m[K [01;36m[Knote: [m[K  no known conversion for argument 1 from ‘[01m[KQPushButton[m[K’ to ‘[01m[Kconst Object*[m[K’ {aka ‘[01m[Kconst QAbstractButton*[m[K’}
  217 |     static inline QMetaObject::Connection connect([01;36m[Kconst typename QtPrivate::FunctionPointer<Func1>::Object *sender[m[K, Func1 signal,
      |                                                   [01;36m[K~~~~~~~~~~~~~~~~~~~~~~~~~~~~~~~~~~~~~~~~~~~~~~~~~~~~~~~~~~^~~~~~[m[K
[01m[K/usr/include/aarch64-linux-gnu/qt6/QtCore/qobject.h:249:13:[m[K [01;36m[Knote: [m[Kcandidate: ‘[01m[Ktemplate<class Func1, class Func2> static typename std::enable_if<((int)(QtPrivate::FunctionPointer<Func2>::ArgumentCount) >= 0), QMetaObject::Connection>::type QObject::connect(const typename QtPrivate::FunctionPointer<Func>::Object*, Func1, Func2)[m[K’
  249 |             [01;36m[Kconnect[m[K(const typename QtPrivate::FunctionPointer<Func1>::Object *sender, Func1 signal, Func2 slot)
      |             [01;36m[K^~~~~~~[m[K
[01m[K/usr/include/aarch64-linux-gnu/qt6/QtCore/qobject.h:249:13:[m[K [01;36m[Knote: [m[K  template argument deduction/substitution failed:
[01m[K/home/chris/ros2_ws/src/rover/rover_gui/src/SecondaryWindow.cpp:70:12:[m[K [01;36m[Knote: [m[K  candidate expects 3 arguments, 4 provided
   70 |     [01;36m[Kconnect(_editStreamBtn, &QPushButton::clicked, this, &SecondaryWindow::editStream)[m[K;
      |     [01;36m[K~~~~~~~^~~~~~~~~~~~~~~~~~~~~~~~~~~~~~~~~~~~~~~~~~~~~~~~~~~~~~~~~~~~~~~~~~~~~~~~~~~[m[K
In file included from [01m[K/usr/include/aarch64-linux-gnu/qt6/QtWidgets/qwidget.h:45[m[K,
                 from [01m[K/usr/include/aarch64-linux-gnu/qt6/QtWidgets/qmainwindow.h:44[m[K,
                 from [01m[K/usr/include/aarch64-linux-gnu/qt6/QtWidgets/QMainWindow:1[m[K,
                 from [01m[K/home/chris/ros2_ws/src/rover/rover_gui/src/SecondaryWindow.hpp:4[m[K,
                 from [01m[K/home/chris/ros2_ws/src/rover/rover_gui/src/SecondaryWindow.cpp:1[m[K:
[01m[K/usr/include/aarch64-linux-gnu/qt6/QtCore/qobject.h:258:13:[m[K [01;36m[Knote: [m[Kcandidate: ‘[01m[Ktemplate<class Func1, class Func2> static typename std::enable_if<(((int)(QtPrivate::FunctionPointer<Func2>::ArgumentCount) >= 0) && (! QtPrivate::FunctionPointer<Func2>::IsPointerToMemberFunction)), QMetaObject::Connection>::type QObject::connect(const typename QtPrivate::FunctionPointer<Func>::Object*, Func1, const QObject*, Func2, Qt::ConnectionType)[m[K’
  258 |             [01;36m[Kconnect[m[K(const typename QtPrivate::FunctionPointer<Func1>::Object *sender, Func1 signal, const QObject *context, Func2 slot,
      |             [01;36m[K^~~~~~~[m[K
[01m[K/usr/include/aarch64-linux-gnu/qt6/QtCore/qobject.h:258:13:[m[K [01;36m[Knote: [m[K  template argument deduction/substitution failed:
/usr/include/aarch64-linux-gnu/qt6/QtCore/qobject.h: In substitution of ‘[01m[Ktemplate<class Func1, class Func2> static typename std::enable_if<(((int)(QtPrivate::FunctionPointer<Func2>::ArgumentCount) >= 0) && (! QtPrivate::FunctionPointer<Func2>::IsPointerToMemberFunction)), QMetaObject::Connection>::type QObject::connect(const typename QtPrivate::FunctionPointer<Func>::Object*, Func1, const QObject*, Func2, Qt::ConnectionType) [with Func1 = void (QAbstractButton::*)(bool); Func2 = void (SecondaryWindow::*)()][m[K’:
[01m[K/home/chris/ros2_ws/src/rover/rover_gui/src/SecondaryWindow.cpp:70:12:[m[K   required from here
[01m[K/usr/include/aarch64-linux-gnu/qt6/QtCore/qobject.h:258:13:[m[K [01;31m[Kerror: [m[Kno type named ‘[01m[Ktype[m[K’ in ‘[01m[Kstruct std::enable_if<false, QMetaObject::Connection>[m[K’
[01m[K/usr/include/aarch64-linux-gnu/qt6/QtCore/qobject.h:289:13:[m[K [01;36m[Knote: [m[Kcandidate: ‘[01m[Ktemplate<class Func1, class Func2> static typename std::enable_if<(QtPrivate::FunctionPointer<Func2>::ArgumentCount == -1), QMetaObject::Connection>::type QObject::connect(const typename QtPrivate::FunctionPointer<Func>::Object*, Func1, Func2)[m[K’
  289 |             [01;36m[Kconnect[m[K(const typename QtPrivate::FunctionPointer<Func1>::Object *sender, Func1 signal, Func2 slot)
      |             [01;36m[K^~~~~~~[m[K
[01m[K/usr/include/aarch64-linux-gnu/qt6/QtCore/qobject.h:289:13:[m[K [01;36m[Knote: [m[K  template argument deduction/substitution failed:
[01m[K/home/chris/ros2_ws/src/rover/rover_gui/src/SecondaryWindow.cpp:70:12:[m[K [01;36m[Knote: [m[K  candidate expects 3 arguments, 4 provided
   70 |     [01;36m[Kconnect(_editStreamBtn, &QPushButton::clicked, this, &SecondaryWindow::editStream)[m[K;
      |     [01;36m[K~~~~~~~^~~~~~~~~~~~~~~~~~~~~~~~~~~~~~~~~~~~~~~~~~~~~~~~~~~~~~~~~~~~~~~~~~~~~~~~~~~[m[K
In file included from [01m[K/usr/include/aarch64-linux-gnu/qt6/QtWidgets/qwidget.h:45[m[K,
                 from [01m[K/usr/include/aarch64-linux-gnu/qt6/QtWidgets/qmainwindow.h:44[m[K,
                 from [01m[K/usr/include/aarch64-linux-gnu/qt6/QtWidgets/QMainWindow:1[m[K,
                 from [01m[K/home/chris/ros2_ws/src/rover/rover_gui/src/SecondaryWindow.hpp:4[m[K,
                 from [01m[K/home/chris/ros2_ws/src/rover/rover_gui/src/SecondaryWindow.cpp:1[m[K:
[01m[K/usr/include/aarch64-linux-gnu/qt6/QtCore/qobject.h:297:13:[m[K [01;36m[Knote: [m[Kcandidate: ‘[01m[Ktemplate<class Func1, class Func2> static typename std::enable_if<(QtPrivate::FunctionPointer<Func2>::ArgumentCount == -1), QMetaObject::Connection>::type QObject::connect(const typename QtPrivate::FunctionPointer<Func>::Object*, Func1, const QObject*, Func2, Qt::ConnectionType)[m[K’
  297 |             [01;36m[Kconnect[m[K(const typename QtPrivate::FunctionPointer<Func1>::Object *sender, Func1 signal, const QObject *context, Func2 slot,
      |             [01;36m[K^~~~~~~[m[K
[01m[K/usr/include/aarch64-linux-gnu/qt6/QtCore/qobject.h:297:13:[m[K [01;36m[Knote: [m[K  template argument deduction/substitution failed:
/usr/include/aarch64-linux-gnu/qt6/QtCore/qobject.h: In substitution of ‘[01m[Ktemplate<class Func1, class Func2> static typename std::enable_if<(QtPrivate::FunctionPointer<Func2>::ArgumentCount == -1), QMetaObject::Connection>::type QObject::connect(const typename QtPrivate::FunctionPointer<Func>::Object*, Func1, const QObject*, Func2, Qt::ConnectionType) [with Func1 = void (QAbstractButton::*)(bool); Func2 = void (SecondaryWindow::*)()][m[K’:
[01m[K/home/chris/ros2_ws/src/rover/rover_gui/src/SecondaryWindow.cpp:70:12:[m[K   required from here
[01m[K/usr/include/aarch64-linux-gnu/qt6/QtCore/qobject.h:297:13:[m[K [01;31m[Kerror: [m[Kno type named ‘[01m[Ktype[m[K’ in ‘[01m[Kstruct std::enable_if<false, QMetaObject::Connection>[m[K’
[01m[K/usr/include/aarch64-linux-gnu/qt6/QtCore/qobject.h:197:36:[m[K [01;36m[Knote: [m[Kcandidate: ‘[01m[Kstatic QMetaObject::Connection QObject::connect(const QObject*, const char*, const QObject*, const char*, Qt::ConnectionType)[m[K’
  197 |     static QMetaObject::Connection [01;36m[Kconnect[m[K(const QObject *sender, const char *signal,
      |                                    [01;36m[K^~~~~~~[m[K
[01m[K/usr/include/aarch64-linux-gnu/qt6/QtCore/qobject.h:197:59:[m[K [01;36m[Knote: [m[K  no known conversion for argument 1 from ‘[01m[KQPushButton[m[K’ to ‘[01m[Kconst QObject*[m[K’
  197 |     static QMetaObject::Connection connect([01;36m[Kconst QObject *sender[m[K, const char *signal,
      |                                            [01;36m[K~~~~~~~~~~~~~~~^~~~~~[m[K
[01m[K/usr/include/aarch64-linux-gnu/qt6/QtCore/qobject.h:200:36:[m[K [01;36m[Knote: [m[Kcandidate: ‘[01m[Kstatic QMetaObject::Connection QObject::connect(const QObject*, const QMetaMethod&, const QObject*, const QMetaMethod&, Qt::ConnectionType)[m[K’
  200 |     static QMetaObject::Connection [01;36m[Kconnect[m[K(const QObject *sender, const QMetaMethod &signal,
      |                                    [01;36m[K^~~~~~~[m[K
[01m[K/usr/include/aarch64-linux-gnu/qt6/QtCore/qobject.h:200:59:[m[K [01;36m[Knote: [m[K  no known conversion for argument 1 from ‘[01m[KQPushButton[m[K’ to ‘[01m[Kconst QObject*[m[K’
  200 |     static QMetaObject::Connection connect([01;36m[Kconst QObject *sender[m[K, const QMetaMethod &signal,
      |                                            [01;36m[K~~~~~~~~~~~~~~~^~~~~~[m[K
[01m[K/usr/include/aarch64-linux-gnu/qt6/QtCore/qobject.h:443:32:[m[K [01;36m[Knote: [m[Kcandidate: ‘[01m[KQMetaObject::Connection QObject::connect(const QObject*, const char*, const char*, Qt::ConnectionType) const[m[K’
  443 | inline QMetaObject::Connection [01;36m[KQObject[m[K::connect(const QObject *asender, const char *asignal,
      |                                [01;36m[K^~~~~~~[m[K
[01m[K/usr/include/aarch64-linux-gnu/qt6/QtCore/qobject.h:443:64:[m[K [01;36m[Knote: [m[K  no known conversion for argument 1 from ‘[01m[KQPushButton[m[K’ to ‘[01m[Kconst QObject*[m[K’
  443 | inline QMetaObject::Connection QObject::connect([01;36m[Kconst QObject *asender[m[K, const char *asignal,
      |                                                 [01;36m[K~~~~~~~~~~~~~~~^~~~~~~[m[K
[01m[K/home/chris/ros2_ws/src/rover/rover_gui/src/SecondaryWindow.cpp:71:12:[m[K [01;31m[Kerror: [m[Kno matching function for call to ‘[01m[KSecondaryWindow::connect(QPushButton&, void (QAbstractButton::*)(bool), SecondaryWindow*, void (SecondaryWindow::*)())[m[K’
   71 |     [01;31m[Kconnect(_removeStreamBtn, &QPushButton::clicked, this, &SecondaryWindow::removeStream)[m[K;
      |     [01;31m[K~~~~~~~^~~~~~~~~~~~~~~~~~~~~~~~~~~~~~~~~~~~~~~~~~~~~~~~~~~~~~~~~~~~~~~~~~~~~~~~~~~~~~~[m[K
In file included from [01m[K/usr/include/aarch64-linux-gnu/qt6/QtWidgets/qwidget.h:45[m[K,
                 from [01m[K/usr/include/aarch64-linux-gnu/qt6/QtWidgets/qmainwindow.h:44[m[K,
                 from [01m[K/usr/include/aarch64-linux-gnu/qt6/QtWidgets/QMainWindow:1[m[K,
                 from [01m[K/home/chris/ros2_ws/src/rover/rover_gui/src/SecondaryWindow.hpp:4[m[K,
                 from [01m[K/home/chris/ros2_ws/src/rover/rover_gui/src/SecondaryWindow.cpp:1[m[K:
[01m[K/usr/include/aarch64-linux-gnu/qt6/QtCore/qobject.h:217:43:[m[K [01;36m[Knote: [m[Kcandidate: ‘[01m[Kstatic QMetaObject::Connection QObject::connect(const typename QtPrivate::FunctionPointer<Func>::Object*, Func1, const typename QtPrivate::FunctionPointer<Func2>::Object*, Func2, Qt::ConnectionType) [with Func1 = void (QAbstractButton::*)(bool); Func2 = void (SecondaryWindow::*)(); typename QtPrivate::FunctionPointer<Func>::Object = QAbstractButton; typename QtPrivate::FunctionPointer<Func2>::Object = SecondaryWindow][m[K’
  217 |     static inline QMetaObject::Connection [01;36m[Kconnect[m[K(const typename QtPrivate::FunctionPointer<Func1>::Object *sender, Func1 signal,
      |                                           [01;36m[K^~~~~~~[m[K
[01m[K/usr/include/aarch64-linux-gnu/qt6/QtCore/qobject.h:217:109:[m[K [01;36m[Knote: [m[K  no known conversion for argument 1 from ‘[01m[KQPushButton[m[K’ to ‘[01m[Kconst Object*[m[K’ {aka ‘[01m[Kconst QAbstractButton*[m[K’}
  217 |     static inline QMetaObject::Connection connect([01;36m[Kconst typename QtPrivate::FunctionPointer<Func1>::Object *sender[m[K, Func1 signal,
      |                                                   [01;36m[K~~~~~~~~~~~~~~~~~~~~~~~~~~~~~~~~~~~~~~~~~~~~~~~~~~~~~~~~~~^~~~~~[m[K
[01m[K/usr/include/aarch64-linux-gnu/qt6/QtCore/qobject.h:249:13:[m[K [01;36m[Knote: [m[Kcandidate: ‘[01m[Ktemplate<class Func1, class Func2> static typename std::enable_if<((int)(QtPrivate::FunctionPointer<Func2>::ArgumentCount) >= 0), QMetaObject::Connection>::type QObject::connect(const typename QtPrivate::FunctionPointer<Func>::Object*, Func1, Func2)[m[K’
  249 |             [01;36m[Kconnect[m[K(const typename QtPrivate::FunctionPointer<Func1>::Object *sender, Func1 signal, Func2 slot)
      |             [01;36m[K^~~~~~~[m[K
[01m[K/usr/include/aarch64-linux-gnu/qt6/QtCore/qobject.h:249:13:[m[K [01;36m[Knote: [m[K  template argument deduction/substitution failed:
[01m[K/home/chris/ros2_ws/src/rover/rover_gui/src/SecondaryWindow.cpp:71:12:[m[K [01;36m[Knote: [m[K  candidate expects 3 arguments, 4 provided
   71 |     [01;36m[Kconnect(_removeStreamBtn, &QPushButton::clicked, this, &SecondaryWindow::removeStream)[m[K;
      |     [01;36m[K~~~~~~~^~~~~~~~~~~~~~~~~~~~~~~~~~~~~~~~~~~~~~~~~~~~~~~~~~~~~~~~~~~~~~~~~~~~~~~~~~~~~~~[m[K
In file included from [01m[K/usr/include/aarch64-linux-gnu/qt6/QtWidgets/qwidget.h:45[m[K,
                 from [01m[K/usr/include/aarch64-linux-gnu/qt6/QtWidgets/qmainwindow.h:44[m[K,
                 from [01m[K/usr/include/aarch64-linux-gnu/qt6/QtWidgets/QMainWindow:1[m[K,
                 from [01m[K/home/chris/ros2_ws/src/rover/rover_gui/src/SecondaryWindow.hpp:4[m[K,
                 from [01m[K/home/chris/ros2_ws/src/rover/rover_gui/src/SecondaryWindow.cpp:1[m[K:
[01m[K/usr/include/aarch64-linux-gnu/qt6/QtCore/qobject.h:258:13:[m[K [01;36m[Knote: [m[Kcandidate: ‘[01m[Ktemplate<class Func1, class Func2> static typename std::enable_if<(((int)(QtPrivate::FunctionPointer<Func2>::ArgumentCount) >= 0) && (! QtPrivate::FunctionPointer<Func2>::IsPointerToMemberFunction)), QMetaObject::Connection>::type QObject::connect(const typename QtPrivate::FunctionPointer<Func>::Object*, Func1, const QObject*, Func2, Qt::ConnectionType)[m[K’
  258 |             [01;36m[Kconnect[m[K(const typename QtPrivate::FunctionPointer<Func1>::Object *sender, Func1 signal, const QObject *context, Func2 slot,
      |             [01;36m[K^~~~~~~[m[K
[01m[K/usr/include/aarch64-linux-gnu/qt6/QtCore/qobject.h:258:13:[m[K [01;36m[Knote: [m[K  template argument deduction/substitution failed:
/usr/include/aarch64-linux-gnu/qt6/QtCore/qobject.h: In substitution of ‘[01m[Ktemplate<class Func1, class Func2> static typename std::enable_if<(((int)(QtPrivate::FunctionPointer<Func2>::ArgumentCount) >= 0) && (! QtPrivate::FunctionPointer<Func2>::IsPointerToMemberFunction)), QMetaObject::Connection>::type QObject::connect(const typename QtPrivate::FunctionPointer<Func>::Object*, Func1, const QObject*, Func2, Qt::ConnectionType) [with Func1 = void (QAbstractButton::*)(bool); Func2 = void (SecondaryWindow::*)()][m[K’:
[01m[K/home/chris/ros2_ws/src/rover/rover_gui/src/SecondaryWindow.cpp:71:12:[m[K   required from here
[01m[K/usr/include/aarch64-linux-gnu/qt6/QtCore/qobject.h:258:13:[m[K [01;31m[Kerror: [m[Kno type named ‘[01m[Ktype[m[K’ in ‘[01m[Kstruct std::enable_if<false, QMetaObject::Connection>[m[K’
[01m[K/usr/include/aarch64-linux-gnu/qt6/QtCore/qobject.h:289:13:[m[K [01;36m[Knote: [m[Kcandidate: ‘[01m[Ktemplate<class Func1, class Func2> static typename std::enable_if<(QtPrivate::FunctionPointer<Func2>::ArgumentCount == -1), QMetaObject::Connection>::type QObject::connect(const typename QtPrivate::FunctionPointer<Func>::Object*, Func1, Func2)[m[K’
  289 |             [01;36m[Kconnect[m[K(const typename QtPrivate::FunctionPointer<Func1>::Object *sender, Func1 signal, Func2 slot)
      |             [01;36m[K^~~~~~~[m[K
[01m[K/usr/include/aarch64-linux-gnu/qt6/QtCore/qobject.h:289:13:[m[K [01;36m[Knote: [m[K  template argument deduction/substitution failed:
[01m[K/home/chris/ros2_ws/src/rover/rover_gui/src/SecondaryWindow.cpp:71:12:[m[K [01;36m[Knote: [m[K  candidate expects 3 arguments, 4 provided
   71 |     [01;36m[Kconnect(_removeStreamBtn, &QPushButton::clicked, this, &SecondaryWindow::removeStream)[m[K;
      |     [01;36m[K~~~~~~~^~~~~~~~~~~~~~~~~~~~~~~~~~~~~~~~~~~~~~~~~~~~~~~~~~~~~~~~~~~~~~~~~~~~~~~~~~~~~~~[m[K
In file included from [01m[K/usr/include/aarch64-linux-gnu/qt6/QtWidgets/qwidget.h:45[m[K,
                 from [01m[K/usr/include/aarch64-linux-gnu/qt6/QtWidgets/qmainwindow.h:44[m[K,
                 from [01m[K/usr/include/aarch64-linux-gnu/qt6/QtWidgets/QMainWindow:1[m[K,
                 from [01m[K/home/chris/ros2_ws/src/rover/rover_gui/src/SecondaryWindow.hpp:4[m[K,
                 from [01m[K/home/chris/ros2_ws/src/rover/rover_gui/src/SecondaryWindow.cpp:1[m[K:
[01m[K/usr/include/aarch64-linux-gnu/qt6/QtCore/qobject.h:297:13:[m[K [01;36m[Knote: [m[Kcandidate: ‘[01m[Ktemplate<class Func1, class Func2> static typename std::enable_if<(QtPrivate::FunctionPointer<Func2>::ArgumentCount == -1), QMetaObject::Connection>::type QObject::connect(const typename QtPrivate::FunctionPointer<Func>::Object*, Func1, const QObject*, Func2, Qt::ConnectionType)[m[K’
  297 |             [01;36m[Kconnect[m[K(const typename QtPrivate::FunctionPointer<Func1>::Object *sender, Func1 signal, const QObject *context, Func2 slot,
      |             [01;36m[K^~~~~~~[m[K
[01m[K/usr/include/aarch64-linux-gnu/qt6/QtCore/qobject.h:297:13:[m[K [01;36m[Knote: [m[K  template argument deduction/substitution failed:
/usr/include/aarch64-linux-gnu/qt6/QtCore/qobject.h: In substitution of ‘[01m[Ktemplate<class Func1, class Func2> static typename std::enable_if<(QtPrivate::FunctionPointer<Func2>::ArgumentCount == -1), QMetaObject::Connection>::type QObject::connect(const typename QtPrivate::FunctionPointer<Func>::Object*, Func1, const QObject*, Func2, Qt::ConnectionType) [with Func1 = void (QAbstractButton::*)(bool); Func2 = void (SecondaryWindow::*)()][m[K’:
[01m[K/home/chris/ros2_ws/src/rover/rover_gui/src/SecondaryWindow.cpp:71:12:[m[K   required from here
[01m[K/usr/include/aarch64-linux-gnu/qt6/QtCore/qobject.h:297:13:[m[K [01;31m[Kerror: [m[Kno type named ‘[01m[Ktype[m[K’ in ‘[01m[Kstruct std::enable_if<false, QMetaObject::Connection>[m[K’
[01m[K/usr/include/aarch64-linux-gnu/qt6/QtCore/qobject.h:197:36:[m[K [01;36m[Knote: [m[Kcandidate: ‘[01m[Kstatic QMetaObject::Connection QObject::connect(const QObject*, const char*, const QObject*, const char*, Qt::ConnectionType)[m[K’
  197 |     static QMetaObject::Connection [01;36m[Kconnect[m[K(const QObject *sender, const char *signal,
      |                                    [01;36m[K^~~~~~~[m[K
[01m[K/usr/include/aarch64-linux-gnu/qt6/QtCore/qobject.h:197:59:[m[K [01;36m[Knote: [m[K  no known conversion for argument 1 from ‘[01m[KQPushButton[m[K’ to ‘[01m[Kconst QObject*[m[K’
  197 |     static QMetaObject::Connection connect([01;36m[Kconst QObject *sender[m[K, const char *signal,
      |                                            [01;36m[K~~~~~~~~~~~~~~~^~~~~~[m[K
[01m[K/usr/include/aarch64-linux-gnu/qt6/QtCore/qobject.h:200:36:[m[K [01;36m[Knote: [m[Kcandidate: ‘[01m[Kstatic QMetaObject::Connection QObject::connect(const QObject*, const QMetaMethod&, const QObject*, const QMetaMethod&, Qt::ConnectionType)[m[K’
  200 |     static QMetaObject::Connection [01;36m[Kconnect[m[K(const QObject *sender, const QMetaMethod &signal,
      |                                    [01;36m[K^~~~~~~[m[K
[01m[K/usr/include/aarch64-linux-gnu/qt6/QtCore/qobject.h:200:59:[m[K [01;36m[Knote: [m[K  no known conversion for argument 1 from ‘[01m[KQPushButton[m[K’ to ‘[01m[Kconst QObject*[m[K’
  200 |     static QMetaObject::Connection connect([01;36m[Kconst QObject *sender[m[K, const QMetaMethod &signal,
      |                                            [01;36m[K~~~~~~~~~~~~~~~^~~~~~[m[K
[01m[K/usr/include/aarch64-linux-gnu/qt6/QtCore/qobject.h:443:32:[m[K [01;36m[Knote: [m[Kcandidate: ‘[01m[KQMetaObject::Connection QObject::connect(const QObject*, const char*, const char*, Qt::ConnectionType) const[m[K’
  443 | inline QMetaObject::Connection [01;36m[KQObject[m[K::connect(const QObject *asender, const char *asignal,
      |                                [01;36m[K^~~~~~~[m[K
[01m[K/usr/include/aarch64-linux-gnu/qt6/QtCore/qobject.h:443:64:[m[K [01;36m[Knote: [m[K  no known conversion for argument 1 from ‘[01m[KQPushButton[m[K’ to ‘[01m[Kconst QObject*[m[K’
  443 | inline QMetaObject::Connection QObject::connect([01;36m[Kconst QObject *asender[m[K, const char *asignal,
      |                                                 [01;36m[K~~~~~~~~~~~~~~~^~~~~~~[m[K
[01m[K/home/chris/ros2_ws/src/rover/rover_gui/src/SecondaryWindow.cpp:[m[K In member function ‘[01m[Kvoid SecondaryWindow::setupSingleStreamView()[m[K’:
[01m[K/home/chris/ros2_ws/src/rover/rover_gui/src/SecondaryWindow.cpp:95:37:[m[K [01;31m[Kerror: [m[Kno match for ‘[01m[Koperator=[m[K’ (operand types are ‘[01m[KQWidget[m[K’ and ‘[01m[KQWidget*[m[K’)
   95 |     _singleStreamView = new QWidget([01;31m[K)[m[K;
      |                                     [01;31m[K^[m[K
In file included from [01m[K/usr/include/aarch64-linux-gnu/qt6/QtGui/qtguiglobal.h:43[m[K,
                 from [01m[K/usr/include/aarch64-linux-gnu/qt6/QtWidgets/qtwidgetsglobal.h:43[m[K,
                 from [01m[K/usr/include/aarch64-linux-gnu/qt6/QtWidgets/qmainwindow.h:43[m[K,
                 from [01m[K/usr/include/aarch64-linux-gnu/qt6/QtWidgets/QMainWindow:1[m[K,
                 from [01m[K/home/chris/ros2_ws/src/rover/rover_gui/src/SecondaryWindow.hpp:4[m[K,
                 from [01m[K/home/chris/ros2_ws/src/rover/rover_gui/src/SecondaryWindow.cpp:1[m[K:
[01m[K/usr/include/aarch64-linux-gnu/qt6/QtWidgets/qwidget.h:738:5:[m[K [01;36m[Knote: [m[Kcandidate: ‘[01m[KQWidget& QWidget::operator=(const QWidget&)[m[K’ (deleted)
  738 |     [01;36m[KQ_DISABLE_COPY[m[K(QWidget)
      |     [01;36m[K^~~~~~~~~~~~~~[m[K
[01m[K/usr/include/aarch64-linux-gnu/qt6/QtWidgets/qwidget.h:738:5:[m[K [01;36m[Knote: [m[K  no known conversion for argument 1 from ‘[01m[KQWidget*[m[K’ to ‘[01m[Kconst QWidget&[m[K’
  738 |     [01;36m[KQ_DISABLE_COPY[m[K(QWidget)
      |     [01;36m[K^~~~~~~~~~~~~~[m[K
[01m[K/home/chris/ros2_ws/src/rover/rover_gui/src/SecondaryWindow.cpp:96:60:[m[K [01;31m[Kerror: [m[Kno matching function for call to ‘[01m[KQVBoxLayout::QVBoxLayout(QWidget&)[m[K’
   96 |     QVBoxLayout* layout = new QVBoxLayout(_singleStreamView[01;31m[K)[m[K;
      |                                                            [01;31m[K^[m[K
In file included from [01m[K/usr/include/aarch64-linux-gnu/qt6/QtWidgets/qlayout.h:168[m[K,
                 from [01m[K/usr/include/aarch64-linux-gnu/qt6/QtWidgets/qgridlayout.h:44[m[K,
                 from [01m[K/usr/include/aarch64-linux-gnu/qt6/QtWidgets/QGridLayout:1[m[K,
                 from [01m[K/home/chris/ros2_ws/src/rover/rover_gui/src/SecondaryWindow.hpp:5[m[K,
                 from [01m[K/home/chris/ros2_ws/src/rover/rover_gui/src/SecondaryWindow.cpp:1[m[K:
[01m[K/usr/include/aarch64-linux-gnu/qt6/QtWidgets/qboxlayout.h:131:14:[m[K [01;36m[Knote: [m[Kcandidate: ‘[01m[KQVBoxLayout::QVBoxLayout(QWidget*)[m[K’
  131 |     explicit [01;36m[KQVBoxLayout[m[K(QWidget *parent);
      |              [01;36m[K^~~~~~~~~~~[m[K
[01m[K/usr/include/aarch64-linux-gnu/qt6/QtWidgets/qboxlayout.h:131:35:[m[K [01;36m[Knote: [m[K  no known conversion for argument 1 from ‘[01m[KQWidget[m[K’ to ‘[01m[KQWidget*[m[K’
  131 |     explicit QVBoxLayout([01;36m[KQWidget *parent[m[K);
      |                          [01;36m[K~~~~~~~~~^~~~~~[m[K
[01m[K/usr/include/aarch64-linux-gnu/qt6/QtWidgets/qboxlayout.h:130:5:[m[K [01;36m[Knote: [m[Kcandidate: ‘[01m[KQVBoxLayout::QVBoxLayout()[m[K’
  130 |     [01;36m[KQVBoxLayout[m[K();
      |     [01;36m[K^~~~~~~~~~~[m[K
[01m[K/usr/include/aarch64-linux-gnu/qt6/QtWidgets/qboxlayout.h:130:5:[m[K [01;36m[Knote: [m[K  candidate expects 0 arguments, 1 provided
[01m[K/home/chris/ros2_ws/src/rover/rover_gui/src/SecondaryWindow.cpp:100:45:[m[K [01;31m[Kerror: [m[Kno match for ‘[01m[Koperator=[m[K’ (operand types are ‘[01m[KQStackedWidget[m[K’ and ‘[01m[KQStackedWidget*[m[K’)
  100 |     _singleStreamStack = new QStackedWidget([01;31m[K)[m[K;
      |                                             [01;31m[K^[m[K
In file included from [01m[K/usr/include/aarch64-linux-gnu/qt6/QtGui/qtguiglobal.h:43[m[K,
                 from [01m[K/usr/include/aarch64-linux-gnu/qt6/QtWidgets/qtwidgetsglobal.h:43[m[K,
                 from [01m[K/usr/include/aarch64-linux-gnu/qt6/QtWidgets/qmainwindow.h:43[m[K,
                 from [01m[K/usr/include/aarch64-linux-gnu/qt6/QtWidgets/QMainWindow:1[m[K,
                 from [01m[K/home/chris/ros2_ws/src/rover/rover_gui/src/SecondaryWindow.hpp:4[m[K,
                 from [01m[K/home/chris/ros2_ws/src/rover/rover_gui/src/SecondaryWindow.cpp:1[m[K:
[01m[K/usr/include/aarch64-linux-gnu/qt6/QtWidgets/qstackedwidget.h:85:5:[m[K [01;36m[Knote: [m[Kcandidate: ‘[01m[KQStackedWidget& QStackedWidget::operator=(const QStackedWidget&)[m[K’ (deleted)
   85 |     [01;36m[KQ_DISABLE_COPY[m[K(QStackedWidget)
      |     [01;36m[K^~~~~~~~~~~~~~[m[K
[01m[K/usr/include/aarch64-linux-gnu/qt6/QtWidgets/qstackedwidget.h:85:5:[m[K [01;36m[Knote: [m[K  no known conversion for argument 1 from ‘[01m[KQStackedWidget*[m[K’ to ‘[01m[Kconst QStackedWidget&[m[K’
   85 |     [01;36m[KQ_DISABLE_COPY[m[K(QStackedWidget)
      |     [01;36m[K^~~~~~~~~~~~~~[m[K
[01m[K/home/chris/ros2_ws/src/rover/rover_gui/src/SecondaryWindow.cpp:101:23:[m[K [01;31m[Kerror: [m[Kcannot convert ‘[01m[KQStackedWidget[m[K’ to ‘[01m[KQWidget*[m[K’
  101 |     layout->addWidget([01;31m[K_singleStreamStack[m[K);
      |                       [01;31m[K^~~~~~~~~~~~~~~~~~[m[K
      |                       [01;31m[K|[m[K
      |                       [01;31m[KQStackedWidget[m[K
In file included from [01m[K/usr/include/aarch64-linux-gnu/qt6/QtWidgets/qlayout.h:168[m[K,
                 from [01m[K/usr/include/aarch64-linux-gnu/qt6/QtWidgets/qgridlayout.h:44[m[K,
                 from [01m[K/usr/include/aarch64-linux-gnu/qt6/QtWidgets/QGridLayout:1[m[K,
                 from [01m[K/home/chris/ros2_ws/src/rover/rover_gui/src/SecondaryWindow.hpp:5[m[K,
                 from [01m[K/home/chris/ros2_ws/src/rover/rover_gui/src/SecondaryWindow.cpp:1[m[K:
[01m[K/usr/include/aarch64-linux-gnu/qt6/QtWidgets/qboxlayout.h:74:20:[m[K [01;36m[Knote: [m[K  initializing argument 1 of ‘[01m[Kvoid QBoxLayout::addWidget(QWidget*, int, Qt::Alignment)[m[K’
   74 |     void addWidget([01;36m[KQWidget *[m[K, int stretch = 0, Qt::Alignment alignment = Qt::Alignment());
      |                    [01;36m[K^~~~~~~~~[m[K
[01m[K/home/chris/ros2_ws/src/rover/rover_gui/src/SecondaryWindow.cpp:[m[K In member function ‘[01m[Kvoid SecondaryWindow::setupMultiStreamView()[m[K’:
[01m[K/home/chris/ros2_ws/src/rover/rover_gui/src/SecondaryWindow.cpp:106:36:[m[K [01;31m[Kerror: [m[Kno match for ‘[01m[Koperator=[m[K’ (operand types are ‘[01m[KQWidget[m[K’ and ‘[01m[KQWidget*[m[K’)
  106 |     _multiStreamView = new QWidget([01;31m[K)[m[K;
      |                                    [01;31m[K^[m[K
In file included from [01m[K/usr/include/aarch64-linux-gnu/qt6/QtGui/qtguiglobal.h:43[m[K,
                 from [01m[K/usr/include/aarch64-linux-gnu/qt6/QtWidgets/qtwidgetsglobal.h:43[m[K,
                 from [01m[K/usr/include/aarch64-linux-gnu/qt6/QtWidgets/qmainwindow.h:43[m[K,
                 from [01m[K/usr/include/aarch64-linux-gnu/qt6/QtWidgets/QMainWindow:1[m[K,
                 from [01m[K/home/chris/ros2_ws/src/rover/rover_gui/src/SecondaryWindow.hpp:4[m[K,
                 from [01m[K/home/chris/ros2_ws/src/rover/rover_gui/src/SecondaryWindow.cpp:1[m[K:
[01m[K/usr/include/aarch64-linux-gnu/qt6/QtWidgets/qwidget.h:738:5:[m[K [01;36m[Knote: [m[Kcandidate: ‘[01m[KQWidget& QWidget::operator=(const QWidget&)[m[K’ (deleted)
  738 |     [01;36m[KQ_DISABLE_COPY[m[K(QWidget)
      |     [01;36m[K^~~~~~~~~~~~~~[m[K
[01m[K/usr/include/aarch64-linux-gnu/qt6/QtWidgets/qwidget.h:738:5:[m[K [01;36m[Knote: [m[K  no known conversion for argument 1 from ‘[01m[KQWidget*[m[K’ to ‘[01m[Kconst QWidget&[m[K’
  738 |     [01;36m[KQ_DISABLE_COPY[m[K(QWidget)
      |     [01;36m[K^~~~~~~~~~~~~~[m[K
[01m[K/home/chris/ros2_ws/src/rover/rover_gui/src/SecondaryWindow.cpp:107:59:[m[K [01;31m[Kerror: [m[Kno matching function for call to ‘[01m[KQVBoxLayout::QVBoxLayout(QWidget&)[m[K’
  107 |     QVBoxLayout* layout = new QVBoxLayout(_multiStreamView[01;31m[K)[m[K;
      |                                                           [01;31m[K^[m[K
In file included from [01m[K/usr/include/aarch64-linux-gnu/qt6/QtWidgets/qlayout.h:168[m[K,
                 from [01m[K/usr/include/aarch64-linux-gnu/qt6/QtWidgets/qgridlayout.h:44[m[K,
                 from [01m[K/usr/include/aarch64-linux-gnu/qt6/QtWidgets/QGridLayout:1[m[K,
                 from [01m[K/home/chris/ros2_ws/src/rover/rover_gui/src/SecondaryWindow.hpp:5[m[K,
                 from [01m[K/home/chris/ros2_ws/src/rover/rover_gui/src/SecondaryWindow.cpp:1[m[K:
[01m[K/usr/include/aarch64-linux-gnu/qt6/QtWidgets/qboxlayout.h:131:14:[m[K [01;36m[Knote: [m[Kcandidate: ‘[01m[KQVBoxLayout::QVBoxLayout(QWidget*)[m[K’
  131 |     explicit [01;36m[KQVBoxLayout[m[K(QWidget *parent);
      |              [01;36m[K^~~~~~~~~~~[m[K
[01m[K/usr/include/aarch64-linux-gnu/qt6/QtWidgets/qboxlayout.h:131:35:[m[K [01;36m[Knote: [m[K  no known conversion for argument 1 from ‘[01m[KQWidget[m[K’ to ‘[01m[KQWidget*[m[K’
  131 |     explicit QVBoxLayout([01;36m[KQWidget *parent[m[K);
      |                          [01;36m[K~~~~~~~~~^~~~~~[m[K
[01m[K/usr/include/aarch64-linux-gnu/qt6/QtWidgets/qboxlayout.h:130:5:[m[K [01;36m[Knote: [m[Kcandidate: ‘[01m[KQVBoxLayout::QVBoxLayout()[m[K’
  130 |     [01;36m[KQVBoxLayout[m[K();
      |     [01;36m[K^~~~~~~~~~~[m[K
[01m[K/usr/include/aarch64-linux-gnu/qt6/QtWidgets/qboxlayout.h:130:5:[m[K [01;36m[Knote: [m[K  candidate expects 0 arguments, 1 provided
[01m[K/home/chris/ros2_ws/src/rover/rover_gui/src/SecondaryWindow.cpp:111:40:[m[K [01;31m[Kerror: [m[Kno match for ‘[01m[Koperator=[m[K’ (operand types are ‘[01m[KQGridLayout[m[K’ and ‘[01m[KQGridLayout*[m[K’)
  111 |     _multiStreamGrid = new QGridLayout([01;31m[K)[m[K;
      |                                        [01;31m[K^[m[K
In file included from [01m[K/usr/include/aarch64-linux-gnu/qt6/QtGui/qtguiglobal.h:43[m[K,
                 from [01m[K/usr/include/aarch64-linux-gnu/qt6/QtWidgets/qtwidgetsglobal.h:43[m[K,
                 from [01m[K/usr/include/aarch64-linux-gnu/qt6/QtWidgets/qmainwindow.h:43[m[K,
                 from [01m[K/usr/include/aarch64-linux-gnu/qt6/QtWidgets/QMainWindow:1[m[K,
                 from [01m[K/home/chris/ros2_ws/src/rover/rover_gui/src/SecondaryWindow.hpp:4[m[K,
                 from [01m[K/home/chris/ros2_ws/src/rover/rover_gui/src/SecondaryWindow.cpp:1[m[K:
[01m[K/usr/include/aarch64-linux-gnu/qt6/QtWidgets/qgridlayout.h:124:5:[m[K [01;36m[Knote: [m[Kcandidate: ‘[01m[KQGridLayout& QGridLayout::operator=(const QGridLayout&)[m[K’ (deleted)
  124 |     [01;36m[KQ_DISABLE_COPY[m[K(QGridLayout)
      |     [01;36m[K^~~~~~~~~~~~~~[m[K
[01m[K/usr/include/aarch64-linux-gnu/qt6/QtWidgets/qgridlayout.h:124:5:[m[K [01;36m[Knote: [m[K  no known conversion for argument 1 from ‘[01m[KQGridLayout*[m[K’ to ‘[01m[Kconst QGridLayout&[m[K’
  124 |     [01;36m[KQ_DISABLE_COPY[m[K(QGridLayout)
      |     [01;36m[K^~~~~~~~~~~~~~[m[K
[01m[K/home/chris/ros2_ws/src/rover/rover_gui/src/SecondaryWindow.cpp:112:21:[m[K [01;31m[Kerror: [m[Kbase operand of ‘[01m[K->[m[K’ has non-pointer type ‘[01m[KQGridLayout[m[K’
  112 |     _multiStreamGrid[01;31m[K->[m[KsetSpacing(4);
      |                     [01;31m[K^~[m[K
[01m[K/home/chris/ros2_ws/src/rover/rover_gui/src/SecondaryWindow.cpp:113:23:[m[K [01;31m[Kerror: [m[Kcannot convert ‘[01m[KQGridLayout[m[K’ to ‘[01m[KQLayout*[m[K’
  113 |     layout->addLayout([01;31m[K_multiStreamGrid[m[K);
      |                       [01;31m[K^~~~~~~~~~~~~~~~[m[K
      |                       [01;31m[K|[m[K
      |                       [01;31m[KQGridLayout[m[K
In file included from [01m[K/usr/include/aarch64-linux-gnu/qt6/QtWidgets/qlayout.h:168[m[K,
                 from [01m[K/usr/include/aarch64-linux-gnu/qt6/QtWidgets/qgridlayout.h:44[m[K,
                 from [01m[K/usr/include/aarch64-linux-gnu/qt6/QtWidgets/QGridLayout:1[m[K,
                 from [01m[K/home/chris/ros2_ws/src/rover/rover_gui/src/SecondaryWindow.hpp:5[m[K,
                 from [01m[K/home/chris/ros2_ws/src/rover/rover_gui/src/SecondaryWindow.cpp:1[m[K:
[01m[K/usr/include/aarch64-linux-gnu/qt6/QtWidgets/qboxlayout.h:75:29:[m[K [01;36m[Knote: [m[K  initializing argument 1 of ‘[01m[Kvoid QBoxLayout::addLayout(QLayout*, int)[m[K’
   75 |     void addLayout([01;36m[KQLayout *layout[m[K, int stretch = 0);
      |                    [01;36m[K~~~~~~~~~^~~~~~[m[K
[01m[K/home/chris/ros2_ws/src/rover/rover_gui/src/SecondaryWindow.cpp:[m[K In member function ‘[01m[Kvoid SecondaryWindow::updateLayout()[m[K’:
[01m[K/home/chris/ros2_ws/src/rover/rover_gui/src/SecondaryWindow.cpp:119:37:[m[K [01;31m[Kerror: [m[Kbase operand of ‘[01m[K->[m[K’ has non-pointer type ‘[01m[KQComboBox[m[K’
  119 |     int layoutMode = _layoutSelector[01;31m[K->[m[KcurrentIndex();
      |                                     [01;31m[K^~[m[K
[01m[K/home/chris/ros2_ws/src/rover/rover_gui/src/SecondaryWindow.cpp:122:30:[m[K [01;31m[Kerror: [m[Kbase operand of ‘[01m[K->[m[K’ has non-pointer type ‘[01m[KQStackedWidget[m[K’
  122 |     while (_singleStreamStack[01;31m[K->[m[Kcount() > 0) {
      |                              [01;31m[K^~[m[K
[01m[K/home/chris/ros2_ws/src/rover/rover_gui/src/SecondaryWindow.cpp:123:45:[m[K [01;31m[Kerror: [m[Kbase operand of ‘[01m[K->[m[K’ has non-pointer type ‘[01m[KQStackedWidget[m[K’
  123 |         QWidget* widget = _singleStreamStack[01;31m[K->[m[Kwidget(0);
      |                                             [01;31m[K^~[m[K
[01m[K/home/chris/ros2_ws/src/rover/rover_gui/src/SecondaryWindow.cpp:124:27:[m[K [01;31m[Kerror: [m[Kbase operand of ‘[01m[K->[m[K’ has non-pointer type ‘[01m[KQStackedWidget[m[K’
  124 |         _singleStreamStack[01;31m[K->[m[KremoveWidget(widget);
      |                           [01;31m[K^~[m[K
[01m[K/home/chris/ros2_ws/src/rover/rover_gui/src/SecondaryWindow.cpp:127:28:[m[K [01;31m[Kerror: [m[Kbase operand of ‘[01m[K->[m[K’ has non-pointer type ‘[01m[KQGridLayout[m[K’
  127 |     while (_multiStreamGrid[01;31m[K->[m[Kcount() > 0) {
      |                            [01;31m[K^~[m[K
[01m[K/home/chris/ros2_ws/src/rover/rover_gui/src/SecondaryWindow.cpp:128:45:[m[K [01;31m[Kerror: [m[Kbase operand of ‘[01m[K->[m[K’ has non-pointer type ‘[01m[KQGridLayout[m[K’
  128 |         QLayoutItem* item = _multiStreamGrid[01;31m[K->[m[KtakeAt(0);
      |                                             [01;31m[K^~[m[K
[01m[K/home/chris/ros2_ws/src/rover/rover_gui/src/SecondaryWindow.cpp:151:35:[m[K [01;31m[Kerror: [m[Kbase operand of ‘[01m[K->[m[K’ has non-pointer type ‘[01m[KQStackedWidget[m[K’
  151 |                 _singleStreamStack[01;31m[K->[m[KaddWidget(container);
      |                                   [01;31m[K^~[m[K
[01m[K/home/chris/ros2_ws/src/rover/rover_gui/src/SecondaryWindow.cpp:155:35:[m[K [01;31m[Kerror: [m[Kbase operand of ‘[01m[K->[m[K’ has non-pointer type ‘[01m[KQStackedWidget[m[K’
  155 |             if (_singleStreamStack[01;31m[K->[m[Kcount() > 0) {
      |                                   [01;31m[K^~[m[K
[01m[K/home/chris/ros2_ws/src/rover/rover_gui/src/SecondaryWindow.cpp:156:35:[m[K [01;31m[Kerror: [m[Kbase operand of ‘[01m[K->[m[K’ has non-pointer type ‘[01m[KQStackedWidget[m[K’
  156 |                 _singleStreamStack[01;31m[K->[m[KsetCurrentIndex(_currentStreamIndex);
      |                                   [01;31m[K^~[m[K
[01m[K/home/chris/ros2_ws/src/rover/rover_gui/src/SecondaryWindow.cpp:160:25:[m[K [01;31m[Kerror: [m[Kbase operand of ‘[01m[K->[m[K’ has non-pointer type ‘[01m[KQStackedWidget[m[K’
  160 |             _layoutStack[01;31m[K->[m[KsetCurrentWidget(_singleStreamView);
      |                         [01;31m[K^~[m[K
[01m[K/home/chris/ros2_ws/src/rover/rover_gui/src/SecondaryWindow.cpp:178:33:[m[K [01;31m[Kerror: [m[Kbase operand of ‘[01m[K->[m[K’ has non-pointer type ‘[01m[KQGridLayout[m[K’
  178 |                 _multiStreamGrid[01;31m[K->[m[KaddWidget(container, static_cast<int>(i), 0);
      |                                 [01;31m[K^~[m[K
[01m[K/home/chris/ros2_ws/src/rover/rover_gui/src/SecondaryWindow.cpp:180:25:[m[K [01;31m[Kerror: [m[Kbase operand of ‘[01m[K->[m[K’ has non-pointer type ‘[01m[KQStackedWidget[m[K’
  180 |             _layoutStack[01;31m[K->[m[KsetCurrentWidget(_multiStreamView);
      |                         [01;31m[K^~[m[K
[01m[K/home/chris/ros2_ws/src/rover/rover_gui/src/SecondaryWindow.cpp:201:37:[m[K [01;31m[Kerror: [m[Kbase operand of ‘[01m[K->[m[K’ has non-pointer type ‘[01m[KQGridLayout[m[K’
  201 |                     _multiStreamGrid[01;31m[K->[m[KaddWidget(container, 0, static_cast<int>(i));
      |                                     [01;31m[K^~[m[K
[01m[K/home/chris/ros2_ws/src/rover/rover_gui/src/SecondaryWindow.cpp:215:33:[m[K [01;31m[Kerror: [m[Kbase operand of ‘[01m[K->[m[K’ has non-pointer type ‘[01m[KQGridLayout[m[K’
  215 |                 _multiStreamGrid[01;31m[K->[m[KaddWidget(container, 1, 0, 1, 2);
      |                                 [01;31m[K^~[m[K
[01m[K/home/chris/ros2_ws/src/rover/rover_gui/src/SecondaryWindow.cpp:233:37:[m[K [01;31m[Kerror: [m[Kbase operand of ‘[01m[K->[m[K’ has non-pointer type ‘[01m[KQGridLayout[m[K’
  233 |                     _multiStreamGrid[01;31m[K->[m[KaddWidget(container, row, col);
      |                                     [01;31m[K^~[m[K
[01m[K/home/chris/ros2_ws/src/rover/rover_gui/src/SecondaryWindow.cpp:236:25:[m[K [01;31m[Kerror: [m[Kbase operand of ‘[01m[K->[m[K’ has non-pointer type ‘[01m[KQStackedWidget[m[K’
  236 |             _layoutStack[01;31m[K->[m[KsetCurrentWidget(_multiStreamView);
      |                         [01;31m[K^~[m[K
[01m[K/home/chris/ros2_ws/src/rover/rover_gui/src/SecondaryWindow.cpp:242:18:[m[K [01;31m[Kerror: [m[Kbase operand of ‘[01m[K->[m[K’ has non-pointer type ‘[01m[KQPushButton[m[K’
  242 |     _addStreamBtn[01;31m[K->[m[KsetEnabled(static_cast<int>(_streams.size()) < _maxStreams);
      |                  [01;31m[K^~[m[K
[01m[K/home/chris/ros2_ws/src/rover/rover_gui/src/SecondaryWindow.cpp:243:21:[m[K [01;31m[Kerror: [m[Kbase operand of ‘[01m[K->[m[K’ has non-pointer type ‘[01m[KQPushButton[m[K’
  243 |     _removeStreamBtn[01;31m[K->[m[KsetEnabled(_streams.size() > 1);
      |                     [01;31m[K^~[m[K
[01m[K/home/chris/ros2_ws/src/rover/rover_gui/src/SecondaryWindow.cpp:244:19:[m[K [01;31m[Kerror: [m[Kbase operand of ‘[01m[K->[m[K’ has non-pointer type ‘[01m[KQPushButton[m[K’
  244 |     _editStreamBtn[01;31m[K->[m[KsetEnabled(!_streams.empty());
      |                   [01;31m[K^~[m[K
[01m[K/home/chris/ros2_ws/src/rover/rover_gui/src/SecondaryWindow.cpp:[m[K In member function ‘[01m[Kvoid SecondaryWindow::updateStreamSelectionCombo()[m[K’:
[01m[K/home/chris/ros2_ws/src/rover/rover_gui/src/SecondaryWindow.cpp:282:40:[m[K [01;31m[Kerror: [m[Kbase operand of ‘[01m[K->[m[K’ has non-pointer type ‘[01m[KQComboBox[m[K’
  282 |     int previousIndex = _streamSelector[01;31m[K->[m[KcurrentIndex();
      |                                        [01;31m[K^~[m[K
[01m[K/home/chris/ros2_ws/src/rover/rover_gui/src/SecondaryWindow.cpp:288:20:[m[K [01;31m[Kerror: [m[Kbase operand of ‘[01m[K->[m[K’ has non-pointer type ‘[01m[KQComboBox[m[K’
  288 |     _streamSelector[01;31m[K->[m[KblockSignals(true);
      |                    [01;31m[K^~[m[K
[01m[K/home/chris/ros2_ws/src/rover/rover_gui/src/SecondaryWindow.cpp:289:20:[m[K [01;31m[Kerror: [m[Kbase operand of ‘[01m[K->[m[K’ has non-pointer type ‘[01m[KQComboBox[m[K’
  289 |     _streamSelector[01;31m[K->[m[Kclear();
      |                    [01;31m[K^~[m[K
[01m[K/home/chris/ros2_ws/src/rover/rover_gui/src/SecondaryWindow.cpp:293:24:[m[K [01;31m[Kerror: [m[Kbase operand of ‘[01m[K->[m[K’ has non-pointer type ‘[01m[KQComboBox[m[K’
  293 |         _streamSelector[01;31m[K->[m[KaddItem(streamInfo.name);
      |                        [01;31m[K^~[m[K
[01m[K/home/chris/ros2_ws/src/rover/rover_gui/src/SecondaryWindow.cpp:297:24:[m[K [01;31m[Kerror: [m[Kbase operand of ‘[01m[K->[m[K’ has non-pointer type ‘[01m[KQComboBox[m[K’
  297 |     if (_streamSelector[01;31m[K->[m[Kcount() > 0) {
      |                        [01;31m[K^~[m[K
[01m[K/home/chris/ros2_ws/src/rover/rover_gui/src/SecondaryWindow.cpp:299:59:[m[K [01;31m[Kerror: [m[Kbase operand of ‘[01m[K->[m[K’ has non-pointer type ‘[01m[KQComboBox[m[K’
  299 |         int newIndex = qMin(previousIndex, _streamSelector[01;31m[K->[m[Kcount() - 1);
      |                                                           [01;31m[K^~[m[K
[01m[K/home/chris/ros2_ws/src/rover/rover_gui/src/SecondaryWindow.cpp:300:24:[m[K [01;31m[Kerror: [m[Kbase operand of ‘[01m[K->[m[K’ has non-pointer type ‘[01m[KQComboBox[m[K’
  300 |         _streamSelector[01;31m[K->[m[KsetCurrentIndex(newIndex);
      |                        [01;31m[K^~[m[K
[01m[K/home/chris/ros2_ws/src/rover/rover_gui/src/SecondaryWindow.cpp:304:20:[m[K [01;31m[Kerror: [m[Kbase operand of ‘[01m[K->[m[K’ has non-pointer type ‘[01m[KQComboBox[m[K’
  304 |     _streamSelector[01;31m[K->[m[KblockSignals(false);
      |                    [01;31m[K^~[m[K
[01m[K/home/chris/ros2_ws/src/rover/rover_gui/src/SecondaryWindow.cpp:[m[K In member function ‘[01m[Kvoid SecondaryWindow::editStream()[m[K’:
[01m[K/home/chris/ros2_ws/src/rover/rover_gui/src/SecondaryWindow.cpp:363:32:[m[K [01;31m[Kerror: [m[Kbase operand of ‘[01m[K->[m[K’ has non-pointer type ‘[01m[KQComboBox[m[K’
  363 |     int index = _streamSelector[01;31m[K->[m[KcurrentIndex();
      |                                [01;31m[K^~[m[K
[01m[K/home/chris/ros2_ws/src/rover/rover_gui/src/SecondaryWindow.cpp:[m[K In member function ‘[01m[Kvoid SecondaryWindow::removeStream()[m[K’:
[01m[K/home/chris/ros2_ws/src/rover/rover_gui/src/SecondaryWindow.cpp:408:32:[m[K [01;31m[Kerror: [m[Kbase operand of ‘[01m[K->[m[K’ has non-pointer type ‘[01m[KQComboBox[m[K’
  408 |     int index = _streamSelector[01;31m[K->[m[KcurrentIndex();
      |                                [01;31m[K^~[m[K
[01m[K/home/chris/ros2_ws/src/rover/rover_gui/src/SecondaryWindow.cpp:[m[K In member function ‘[01m[Kvoid SecondaryWindow::selectStream(int)[m[K’:
[01m[K/home/chris/ros2_ws/src/rover/rover_gui/src/SecondaryWindow.cpp:444:28:[m[K [01;31m[Kerror: [m[Kbase operand of ‘[01m[K->[m[K’ has non-pointer type ‘[01m[KQComboBox[m[K’
  444 |         if (_layoutSelector[01;31m[K->[m[KcurrentIndex() == 0 && streamIndex < _singleStreamStack->count()) {
      |                            [01;31m[K^~[m[K
[01m[K/home/chris/ros2_ws/src/rover/rover_gui/src/SecondaryWindow.cpp:444:85:[m[K [01;31m[Kerror: [m[Kbase operand of ‘[01m[K->[m[K’ has non-pointer type ‘[01m[KQStackedWidget[m[K’
  444 |         if (_layoutSelector->currentIndex() == 0 && streamIndex < _singleStreamStack[01;31m[K->[m[Kcount()) {
      |                                                                                     [01;31m[K^~[m[K
[01m[K/home/chris/ros2_ws/src/rover/rover_gui/src/SecondaryWindow.cpp:445:31:[m[K [01;31m[Kerror: [m[Kbase operand of ‘[01m[K->[m[K’ has non-pointer type ‘[01m[KQStackedWidget[m[K’
  445 |             _singleStreamStack[01;31m[K->[m[KsetCurrentIndex(streamIndex);
      |                               [01;31m[K^~[m[K
gmake[2]: *** [CMakeFiles/main_gui.dir/build.make:126: CMakeFiles/main_gui.dir/src/SecondaryWindow.cpp.o] Error 1
gmake[2]: *** Waiting for unfinished jobs....
gmake[1]: *** [CMakeFiles/Makefile2:167: CMakeFiles/main_gui.dir/all] Error 2
gmake: *** [Makefile:146: all] Error 2
