[0.009s] Invoking command in '/home/chris/ros2_ws/src/rover/rover_gui/build/rover_gui': CMAKE_PREFIX_PATH=${CMAKE_PREFIX_PATH}:/home/chris/ros2_ws/install/rover_sim:/opt/ros/humble /usr/bin/cmake /home/chris/ros2_ws/src/rover/rover_gui -DCMAKE_INSTALL_PREFIX=/home/chris/ros2_ws/src/rover/rover_gui/install/rover_gui
[0.034s] -- Found ament_cmake: 1.3.11 (/opt/ros/humble/share/ament_cmake/cmake)
[0.113s] -- Found rclcpp: 16.0.12 (/opt/ros/humble/share/rclcpp/cmake)
[0.145s] -- Found rosidl_generator_c: 3.1.6 (/opt/ros/humble/share/rosidl_generator_c/cmake)
[0.148s] -- Found rosidl_adapter: 3.1.6 (/opt/ros/humble/share/rosidl_adapter/cmake)
[0.154s] -- Found rosidl_generator_cpp: 3.1.6 (/opt/ros/humble/share/rosidl_generator_cpp/cmake)
[0.162s] -- Using all available rosidl_typesupport_c: rosidl_typesupport_fastrtps_c;rosidl_typesupport_introspection_c
[0.172s] -- Using all available rosidl_typesupport_cpp: rosidl_typesupport_fastrtps_cpp;rosidl_typesupport_introspection_cpp
[0.199s] -- Found rmw_implementation_cmake: 6.1.2 (/opt/ros/humble/share/rmw_implementation_cmake/cmake)
[0.200s] -- Found rmw_fastrtps_cpp: 6.2.7 (/opt/ros/humble/share/rmw_fastrtps_cpp/cmake)
[0.267s] -- Using RMW implementation 'rmw_fastrtps_cpp' as default
[0.307s] -- Found rover_msgs: 0.0.0 (/home/chris/ros2_ws/install/rover_msgs/share/rover_msgs/cmake)
[0.333s] -- Performing Test HAVE_STDATOMIC
[0.579s] -- Performing Test HAVE_STDATOMIC - Success
[0.581s] -- Found WrapAtomic: TRUE  
[0.606s] -- Found OpenGL: /usr/lib/aarch64-linux-gnu/libOpenGL.so   
[0.606s] -- Found WrapOpenGL: TRUE  
[0.628s] -- Found XKB: /usr/lib/aarch64-linux-gnu/libxkbcommon.so (found suitable version "1.4.0", minimum required is "0.5.0") 
[0.633s] -- Found WrapVulkanHeaders: /usr/include  
[0.654s] -- Found PkgConfig: /usr/bin/pkg-config (found version "0.29.2") 
[0.654s] -- Checking for modules 'gstreamer-1.0;gstreamer-plugins-base-1.0;gstreamer-video-1.0;gstreamer-app-1.0'
[0.666s] --   Found gstreamer-1.0, version 1.20.3
[0.670s] --   Found gstreamer-plugins-base-1.0, version 1.20.1
[0.674s] --   Found gstreamer-video-1.0, version 1.20.1
[0.677s] --   Found gstreamer-app-1.0, version 1.20.1
[0.729s] -- Configuring done
[0.749s] -- Generating done
[0.751s] -- Build files have been written to: /home/chris/ros2_ws/src/rover/rover_gui/build/rover_gui
[0.758s] Invoked command in '/home/chris/ros2_ws/src/rover/rover_gui/build/rover_gui' returned '0': CMAKE_PREFIX_PATH=${CMAKE_PREFIX_PATH}:/home/chris/ros2_ws/install/rover_sim:/opt/ros/humble /usr/bin/cmake /home/chris/ros2_ws/src/rover/rover_gui -DCMAKE_INSTALL_PREFIX=/home/chris/ros2_ws/src/rover/rover_gui/install/rover_gui
[0.758s] Invoking command in '/home/chris/ros2_ws/src/rover/rover_gui/build/rover_gui': CMAKE_PREFIX_PATH=${CMAKE_PREFIX_PATH}:/home/chris/ros2_ws/install/rover_sim:/opt/ros/humble /usr/bin/cmake --build /home/chris/ros2_ws/src/rover/rover_gui/build/rover_gui -- -j4 -l4
[0.781s] [  3%] [34m[1mGenerating UI files...[0m
[0.783s] [0;34m=== Generating UI files ... ===[0m
[0.790s] [0;32m[SUCCESS] Compiled /home/chris/ros2_ws/src/rover/rover_gui/ui/ui/Example.ui to /home/chris/ros2_ws/src/rover/rover_gui/ui/include/UI_Example.h[0m
[0.793s] [0;32m[SUCCESS] Compiled /home/chris/ros2_ws/src/rover/rover_gui/ui/ui/FileExplorer.ui to /home/chris/ros2_ws/src/rover/rover_gui/ui/include/UI_FileExplorer.h[0m
[0.796s] [0;32m[SUCCESS] Compiled /home/chris/ros2_ws/src/rover/rover_gui/ui/ui/MainPage.ui to /home/chris/ros2_ws/src/rover/rover_gui/ui/include/UI_MainPage.h[0m
[0.799s] [0;32m[SUCCESS] Compiled /home/chris/ros2_ws/src/rover/rover_gui/ui/ui/Notification.ui to /home/chris/ros2_ws/src/rover/rover_gui/ui/include/UI_Notification.h[0m
[0.802s] [0;32m[SUCCESS] Compiled /home/chris/ros2_ws/src/rover/rover_gui/ui/ui/Player.ui to /home/chris/ros2_ws/src/rover/rover_gui/ui/include/UI_Player.h[0m
[0.804s] [0;32m[SUCCESS] Compiled /home/chris/ros2_ws/src/rover/rover_gui/ui/ui/SideBar.ui to /home/chris/ros2_ws/src/rover/rover_gui/ui/include/UI_SideBar.h[0m
[0.808s] [  3%] Built target run_generate_ui
[0.817s] [  7%] [34m[1mAutomatic MOC for target main_gui[0m
[0.835s] AutoMoc warning
[0.835s] ---------------
[0.835s] "SRC:/src/gui.cpp"
[0.835s] includes the moc file "gui.moc", but does not contain a Q_OBJECT, Q_GADGET, Q_NAMESPACE or Q_NAMESPACE_EXPORT macro.
[0.835s] 
[3.404s] AutoMoc: /home/chris/ros2_ws/src/rover/rover_gui/src/gui.cpp:0:1: note: No relevant classes found. No output generated.
[3.410s] [  7%] Built target main_gui_autogen
[3.415s] [ 11%] [34m[1mGenerating qrc_resources.cpp[0m
[3.426s] [ 14%] [32mBuilding CXX object CMakeFiles/main_gui.dir/main_gui_autogen/mocs_compilation.cpp.o[0m
[3.426s] [ 18%] [32mBuilding CXX object CMakeFiles/main_gui.dir/src/MainWindow.cpp.o[0m
[3.426s] [ 22%] [32mBuilding CXX object CMakeFiles/main_gui.dir/src/gui.cpp.o[0m
[3.429s] [ 25%] [32mBuilding CXX object CMakeFiles/main_gui.dir/src/SecondaryWindow.cpp.o[0m
[5.435s] [01m[K/home/chris/ros2_ws/src/rover/rover_gui/src/SecondaryWindow.cpp:[m[K In constructor ‘[01m[KSecondaryWindow::SecondaryWindow()[m[K’:
[5.435s] [01m[K/home/chris/ros2_ws/src/rover/rover_gui/src/SecondaryWindow.cpp:11:50:[m[K [01;31m[Kerror: [m[Kno match for ‘[01m[Koperator=[m[K’ (operand types are ‘[01m[KQVBoxLayout[m[K’ and ‘[01m[KQVBoxLayout*[m[K’)
[5.435s]    11 |     _mainLayout = new QVBoxLayout(&_centralWidget[01;31m[K)[m[K;
[5.435s]       |                                                  [01;31m[K^[m[K
[5.435s] In file included from [01m[K/usr/include/aarch64-linux-gnu/qt6/QtGui/qtguiglobal.h:43[m[K,
[5.435s]                  from [01m[K/usr/include/aarch64-linux-gnu/qt6/QtWidgets/qtwidgetsglobal.h:43[m[K,
[5.435s]                  from [01m[K/usr/include/aarch64-linux-gnu/qt6/QtWidgets/qmainwindow.h:43[m[K,
[5.435s]                  from [01m[K/usr/include/aarch64-linux-gnu/qt6/QtWidgets/QMainWindow:1[m[K,
[5.435s]                  from [01m[K/home/chris/ros2_ws/src/rover/rover_gui/src/SecondaryWindow.hpp:4[m[K,
[5.435s]                  from [01m[K/home/chris/ros2_ws/src/rover/rover_gui/src/SecondaryWindow.cpp:1[m[K:
[5.435s] [01m[K/usr/include/aarch64-linux-gnu/qt6/QtWidgets/qboxlayout.h:136:5:[m[K [01;36m[Knote: [m[Kcandidate: ‘[01m[KQVBoxLayout& QVBoxLayout::operator=(const QVBoxLayout&)[m[K’ (deleted)
[5.435s]   136 |     [01;36m[KQ_DISABLE_COPY[m[K(QVBoxLayout)
[5.436s]       |     [01;36m[K^~~~~~~~~~~~~~[m[K
[5.436s] [01m[K/usr/include/aarch64-linux-gnu/qt6/QtWidgets/qboxlayout.h:136:5:[m[K [01;36m[Knote: [m[K  no known conversion for argument 1 from ‘[01m[KQVBoxLayout*[m[K’ to ‘[01m[Kconst QVBoxLayout&[m[K’
[5.436s]   136 |     [01;36m[KQ_DISABLE_COPY[m[K(QVBoxLayout)
[5.436s]       |     [01;36m[K^~~~~~~~~~~~~~[m[K
[5.436s] [01m[K/home/chris/ros2_ws/src/rover/rover_gui/src/SecondaryWindow.cpp:14:39:[m[K [01;31m[Kerror: [m[Kno match for ‘[01m[Koperator=[m[K’ (operand types are ‘[01m[KQStackedWidget[m[K’ and ‘[01m[KQStackedWidget*[m[K’)
[5.436s]    14 |     _layoutStack = new QStackedWidget([01;31m[K)[m[K;
[5.436s]       |                                       [01;31m[K^[m[K
[5.436s] In file included from [01m[K/usr/include/aarch64-linux-gnu/qt6/QtGui/qtguiglobal.h:43[m[K,
[5.436s]                  from [01m[K/usr/include/aarch64-linux-gnu/qt6/QtWidgets/qtwidgetsglobal.h:43[m[K,
[5.436s]                  from [01m[K/usr/include/aarch64-linux-gnu/qt6/QtWidgets/qmainwindow.h:43[m[K,
[5.436s]                  from [01m[K/usr/include/aarch64-linux-gnu/qt6/QtWidgets/QMainWindow:1[m[K,
[5.436s]                  from [01m[K/home/chris/ros2_ws/src/rover/rover_gui/src/SecondaryWindow.hpp:4[m[K,
[5.436s]                  from [01m[K/home/chris/ros2_ws/src/rover/rover_gui/src/SecondaryWindow.cpp:1[m[K:
[5.436s] [01m[K/usr/include/aarch64-linux-gnu/qt6/QtWidgets/qstackedwidget.h:85:5:[m[K [01;36m[Knote: [m[Kcandidate: ‘[01m[KQStackedWidget& QStackedWidget::operator=(const QStackedWidget&)[m[K’ (deleted)
[5.436s]    85 |     [01;36m[KQ_DISABLE_COPY[m[K(QStackedWidget)
[5.436s]       |     [01;36m[K^~~~~~~~~~~~~~[m[K
[5.436s] [01m[K/usr/include/aarch64-linux-gnu/qt6/QtWidgets/qstackedwidget.h:85:5:[m[K [01;36m[Knote: [m[K  no known conversion for argument 1 from ‘[01m[KQStackedWidget*[m[K’ to ‘[01m[Kconst QStackedWidget&[m[K’
[5.436s]    85 |     [01;36m[KQ_DISABLE_COPY[m[K(QStackedWidget)
[5.436s]       |     [01;36m[K^~~~~~~~~~~~~~[m[K
[5.436s] [01m[K/home/chris/ros2_ws/src/rover/rover_gui/src/SecondaryWindow.cpp:21:17:[m[K [01;31m[Kerror: [m[Kbase operand of ‘[01m[K->[m[K’ has non-pointer type ‘[01m[KQStackedWidget[m[K’
[5.436s]    21 |     _layoutStack[01;31m[K->[m[KaddWidget(_singleStreamView);
[5.436s]       |                 [01;31m[K^~[m[K
[5.436s] [01m[K/home/chris/ros2_ws/src/rover/rover_gui/src/SecondaryWindow.cpp:22:17:[m[K [01;31m[Kerror: [m[Kbase operand of ‘[01m[K->[m[K’ has non-pointer type ‘[01m[KQStackedWidget[m[K’
[5.436s]    22 |     _layoutStack[01;31m[K->[m[KaddWidget(_multiStreamView);
[5.436s]       |                 [01;31m[K^~[m[K
[5.436s] [01m[K/home/chris/ros2_ws/src/rover/rover_gui/src/SecondaryWindow.cpp:25:38:[m[K [01;31m[Kerror: [m[Kno match for ‘[01m[Koperator=[m[K’ (operand types are ‘[01m[KQHBoxLayout[m[K’ and ‘[01m[KQHBoxLayout*[m[K’)
[5.436s]    25 |     _controlLayout = new QHBoxLayout([01;31m[K)[m[K;
[5.437s]       |                                      [01;31m[K^[m[K
[5.437s] In file included from [01m[K/usr/include/aarch64-linux-gnu/qt6/QtGui/qtguiglobal.h:43[m[K,
[5.437s]                  from [01m[K/usr/include/aarch64-linux-gnu/qt6/QtWidgets/qtwidgetsglobal.h:43[m[K,
[5.437s]                  from [01m[K/usr/include/aarch64-linux-gnu/qt6/QtWidgets/qmainwindow.h:43[m[K,
[5.437s]                  from [01m[K/usr/include/aarch64-linux-gnu/qt6/QtWidgets/QMainWindow:1[m[K,
[5.437s]                  from [01m[K/home/chris/ros2_ws/src/rover/rover_gui/src/SecondaryWindow.hpp:4[m[K,
[5.437s]                  from [01m[K/home/chris/ros2_ws/src/rover/rover_gui/src/SecondaryWindow.cpp:1[m[K:
[5.437s] [01m[K/usr/include/aarch64-linux-gnu/qt6/QtWidgets/qboxlayout.h:123:5:[m[K [01;36m[Knote: [m[Kcandidate: ‘[01m[KQHBoxLayout& QHBoxLayout::operator=(const QHBoxLayout&)[m[K’ (deleted)
[5.437s]   123 |     [01;36m[KQ_DISABLE_COPY[m[K(QHBoxLayout)
[5.437s]       |     [01;36m[K^~~~~~~~~~~~~~[m[K
[5.437s] [01m[K/usr/include/aarch64-linux-gnu/qt6/QtWidgets/qboxlayout.h:123:5:[m[K [01;36m[Knote: [m[K  no known conversion for argument 1 from ‘[01m[KQHBoxLayout*[m[K’ to ‘[01m[Kconst QHBoxLayout&[m[K’
[5.437s]   123 |     [01;36m[KQ_DISABLE_COPY[m[K(QHBoxLayout)
[5.437s]       |     [01;36m[K^~~~~~~~~~~~~~[m[K
[5.437s] [01m[K/home/chris/ros2_ws/src/rover/rover_gui/src/SecondaryWindow.cpp:29:37:[m[K [01;31m[Kerror: [m[Kno match for ‘[01m[Koperator=[m[K’ (operand types are ‘[01m[KQComboBox[m[K’ and ‘[01m[KQComboBox*[m[K’)
[5.437s]    29 |     _layoutSelector = new QComboBox([01;31m[K)[m[K;
[5.437s]       |                                     [01;31m[K^[m[K
[5.437s] In file included from [01m[K/usr/include/aarch64-linux-gnu/qt6/QtGui/qtguiglobal.h:43[m[K,
[5.437s]                  from [01m[K/usr/include/aarch64-linux-gnu/qt6/QtWidgets/qtwidgetsglobal.h:43[m[K,
[5.437s]                  from [01m[K/usr/include/aarch64-linux-gnu/qt6/QtWidgets/qmainwindow.h:43[m[K,
[5.437s]                  from [01m[K/usr/include/aarch64-linux-gnu/qt6/QtWidgets/QMainWindow:1[m[K,
[5.437s]                  from [01m[K/home/chris/ros2_ws/src/rover/rover_gui/src/SecondaryWindow.hpp:4[m[K,
[5.440s]                  from [01m[K/home/chris/ros2_ws/src/rover/rover_gui/src/SecondaryWindow.cpp:1[m[K:
[5.440s] [01m[K/usr/include/aarch64-linux-gnu/qt6/QtWidgets/qcombobox.h:242:5:[m[K [01;36m[Knote: [m[Kcandidate: ‘[01m[KQComboBox& QComboBox::operator=(const QComboBox&)[m[K’ (deleted)
[5.440s]   242 |     [01;36m[KQ_DISABLE_COPY[m[K(QComboBox)
[5.440s]       |     [01;36m[K^~~~~~~~~~~~~~[m[K
[5.440s] [01m[K/usr/include/aarch64-linux-gnu/qt6/QtWidgets/qcombobox.h:242:5:[m[K [01;36m[Knote: [m[K  no known conversion for argument 1 from ‘[01m[KQComboBox*[m[K’ to ‘[01m[Kconst QComboBox&[m[K’
[5.440s]   242 |     [01;36m[KQ_DISABLE_COPY[m[K(QComboBox)
[5.440s]       |     [01;36m[K^~~~~~~~~~~~~~[m[K
[5.440s] [01m[K/home/chris/ros2_ws/src/rover/rover_gui/src/SecondaryWindow.cpp:30:20:[m[K [01;31m[Kerror: [m[Kbase operand of ‘[01m[K->[m[K’ has non-pointer type ‘[01m[KQComboBox[m[K’
[5.440s]    30 |     _layoutSelector[01;31m[K->[m[KaddItem("Single Stream");
[5.441s]       |                    [01;31m[K^~[m[K
[5.441s] [01m[K/home/chris/ros2_ws/src/rover/rover_gui/src/SecondaryWindow.cpp:31:20:[m[K [01;31m[Kerror: [m[Kbase operand of ‘[01m[K->[m[K’ has non-pointer type ‘[01m[KQComboBox[m[K’
[5.441s]    31 |     _layoutSelector[01;31m[K->[m[KaddItem("2 Streams");
[5.441s]       |                    [01;31m[K^~[m[K
[5.441s] [01m[K/home/chris/ros2_ws/src/rover/rover_gui/src/SecondaryWindow.cpp:32:20:[m[K [01;31m[Kerror: [m[Kbase operand of ‘[01m[K->[m[K’ has non-pointer type ‘[01m[KQComboBox[m[K’
[5.441s]    32 |     _layoutSelector[01;31m[K->[m[KaddItem("4 Streams");
[5.441s]       |                    [01;31m[K^~[m[K
[5.441s] [01m[K/home/chris/ros2_ws/src/rover/rover_gui/src/SecondaryWindow.cpp:35:37:[m[K [01;31m[Kerror: [m[Kno match for ‘[01m[Koperator=[m[K’ (operand types are ‘[01m[KQComboBox[m[K’ and ‘[01m[KQComboBox*[m[K’)
[5.441s]    35 |     _streamSelector = new QComboBox([01;31m[K)[m[K;
[5.441s]       |                                     [01;31m[K^[m[K
[5.441s] In file included from [01m[K/usr/include/aarch64-linux-gnu/qt6/QtGui/qtguiglobal.h:43[m[K,
[5.441s]                  from [01m[K/usr/include/aarch64-linux-gnu/qt6/QtWidgets/qtwidgetsglobal.h:43[m[K,
[5.441s]                  from [01m[K/usr/include/aarch64-linux-gnu/qt6/QtWidgets/qmainwindow.h:43[m[K,
[5.441s]                  from [01m[K/usr/include/aarch64-linux-gnu/qt6/QtWidgets/QMainWindow:1[m[K,
[5.441s]                  from [01m[K/home/chris/ros2_ws/src/rover/rover_gui/src/SecondaryWindow.hpp:4[m[K,
[5.441s]                  from [01m[K/home/chris/ros2_ws/src/rover/rover_gui/src/SecondaryWindow.cpp:1[m[K:
[5.441s] [01m[K/usr/include/aarch64-linux-gnu/qt6/QtWidgets/qcombobox.h:242:5:[m[K [01;36m[Knote: [m[Kcandidate: ‘[01m[KQComboBox& QComboBox::operator=(const QComboBox&)[m[K’ (deleted)
[5.441s]   242 |     [01;36m[KQ_DISABLE_COPY[m[K(QComboBox)
[5.441s]       |     [01;36m[K^~~~~~~~~~~~~~[m[K
[5.441s] [01m[K/usr/include/aarch64-linux-gnu/qt6/QtWidgets/qcombobox.h:242:5:[m[K [01;36m[Knote: [m[K  no known conversion for argument 1 from ‘[01m[KQComboBox*[m[K’ to ‘[01m[Kconst QComboBox&[m[K’
[5.441s]   242 |     [01;36m[KQ_DISABLE_COPY[m[K(QComboBox)
[5.441s]       |     [01;36m[K^~~~~~~~~~~~~~[m[K
[5.441s] [01m[K/home/chris/ros2_ws/src/rover/rover_gui/src/SecondaryWindow.cpp:38:49:[m[K [01;31m[Kerror: [m[Kno match for ‘[01m[Koperator=[m[K’ (operand types are ‘[01m[KQPushButton[m[K’ and ‘[01m[KQPushButton*[m[K’)
[5.441s]    38 |     _addStreamBtn = new QPushButton("Add Stream"[01;31m[K)[m[K;
[5.442s]       |                                                 [01;31m[K^[m[K
[5.442s] In file included from [01m[K/usr/include/aarch64-linux-gnu/qt6/QtGui/qtguiglobal.h:43[m[K,
[5.442s]                  from [01m[K/usr/include/aarch64-linux-gnu/qt6/QtWidgets/qtwidgetsglobal.h:43[m[K,
[5.442s]                  from [01m[K/usr/include/aarch64-linux-gnu/qt6/QtWidgets/qmainwindow.h:43[m[K,
[5.442s]                  from [01m[K/usr/include/aarch64-linux-gnu/qt6/QtWidgets/QMainWindow:1[m[K,
[5.442s]                  from [01m[K/home/chris/ros2_ws/src/rover/rover_gui/src/SecondaryWindow.hpp:4[m[K,
[5.442s]                  from [01m[K/home/chris/ros2_ws/src/rover/rover_gui/src/SecondaryWindow.cpp:1[m[K:
[5.442s] [01m[K/usr/include/aarch64-linux-gnu/qt6/QtWidgets/qpushbutton.h:104:5:[m[K [01;36m[Knote: [m[Kcandidate: ‘[01m[KQPushButton& QPushButton::operator=(const QPushButton&)[m[K’ (deleted)
[5.442s]   104 |     [01;36m[KQ_DISABLE_COPY[m[K(QPushButton)
[5.442s]       |     [01;36m[K^~~~~~~~~~~~~~[m[K
[5.442s] [01m[K/usr/include/aarch64-linux-gnu/qt6/QtWidgets/qpushbutton.h:104:5:[m[K [01;36m[Knote: [m[K  no known conversion for argument 1 from ‘[01m[KQPushButton*[m[K’ to ‘[01m[Kconst QPushButton&[m[K’
[5.442s]   104 |     [01;36m[KQ_DISABLE_COPY[m[K(QPushButton)
[5.442s]       |     [01;36m[K^~~~~~~~~~~~~~[m[K
[5.442s] [01m[K/home/chris/ros2_ws/src/rover/rover_gui/src/SecondaryWindow.cpp:39:51:[m[K [01;31m[Kerror: [m[Kno match for ‘[01m[Koperator=[m[K’ (operand types are ‘[01m[KQPushButton[m[K’ and ‘[01m[KQPushButton*[m[K’)
[5.442s]    39 |     _editStreamBtn = new QPushButton("Edit Stream"[01;31m[K)[m[K;
[5.442s]       |                                                   [01;31m[K^[m[K
[5.442s] In file included from [01m[K/usr/include/aarch64-linux-gnu/qt6/QtGui/qtguiglobal.h:43[m[K,
[5.442s]                  from [01m[K/usr/include/aarch64-linux-gnu/qt6/QtWidgets/qtwidgetsglobal.h:43[m[K,
[5.442s]                  from [01m[K/usr/include/aarch64-linux-gnu/qt6/QtWidgets/qmainwindow.h:43[m[K,
[5.442s]                  from [01m[K/usr/include/aarch64-linux-gnu/qt6/QtWidgets/QMainWindow:1[m[K,
[5.442s]                  from [01m[K/home/chris/ros2_ws/src/rover/rover_gui/src/SecondaryWindow.hpp:4[m[K,
[5.442s]                  from [01m[K/home/chris/ros2_ws/src/rover/rover_gui/src/SecondaryWindow.cpp:1[m[K:
[5.442s] [01m[K/usr/include/aarch64-linux-gnu/qt6/QtWidgets/qpushbutton.h:104:5:[m[K [01;36m[Knote: [m[Kcandidate: ‘[01m[KQPushButton& QPushButton::operator=(const QPushButton&)[m[K’ (deleted)
[5.442s]   104 |     [01;36m[KQ_DISABLE_COPY[m[K(QPushButton)
[5.442s]       |     [01;36m[K^~~~~~~~~~~~~~[m[K
[5.442s] [01m[K/usr/include/aarch64-linux-gnu/qt6/QtWidgets/qpushbutton.h:104:5:[m[K [01;36m[Knote: [m[K  no known conversion for argument 1 from ‘[01m[KQPushButton*[m[K’ to ‘[01m[Kconst QPushButton&[m[K’
[5.442s]   104 |     [01;36m[KQ_DISABLE_COPY[m[K(QPushButton)
[5.442s]       |     [01;36m[K^~~~~~~~~~~~~~[m[K
[5.442s] [01m[K/home/chris/ros2_ws/src/rover/rover_gui/src/SecondaryWindow.cpp:40:55:[m[K [01;31m[Kerror: [m[Kno match for ‘[01m[Koperator=[m[K’ (operand types are ‘[01m[KQPushButton[m[K’ and ‘[01m[KQPushButton*[m[K’)
[5.443s]    40 |     _removeStreamBtn = new QPushButton("Remove Stream"[01;31m[K)[m[K;
[5.443s]       |                                                       [01;31m[K^[m[K
[5.443s] In file included from [01m[K/usr/include/aarch64-linux-gnu/qt6/QtGui/qtguiglobal.h:43[m[K,
[5.443s]                  from [01m[K/usr/include/aarch64-linux-gnu/qt6/QtWidgets/qtwidgetsglobal.h:43[m[K,
[5.443s]                  from [01m[K/usr/include/aarch64-linux-gnu/qt6/QtWidgets/qmainwindow.h:43[m[K,
[5.443s]                  from [01m[K/usr/include/aarch64-linux-gnu/qt6/QtWidgets/QMainWindow:1[m[K,
[5.443s]                  from [01m[K/home/chris/ros2_ws/src/rover/rover_gui/src/SecondaryWindow.hpp:4[m[K,
[5.443s]                  from [01m[K/home/chris/ros2_ws/src/rover/rover_gui/src/SecondaryWindow.cpp:1[m[K:
[5.443s] [01m[K/usr/include/aarch64-linux-gnu/qt6/QtWidgets/qpushbutton.h:104:5:[m[K [01;36m[Knote: [m[Kcandidate: ‘[01m[KQPushButton& QPushButton::operator=(const QPushButton&)[m[K’ (deleted)
[5.443s]   104 |     [01;36m[KQ_DISABLE_COPY[m[K(QPushButton)
[5.443s]       |     [01;36m[K^~~~~~~~~~~~~~[m[K
[5.443s] [01m[K/usr/include/aarch64-linux-gnu/qt6/QtWidgets/qpushbutton.h:104:5:[m[K [01;36m[Knote: [m[K  no known conversion for argument 1 from ‘[01m[KQPushButton*[m[K’ to ‘[01m[Kconst QPushButton&[m[K’
[5.443s]   104 |     [01;36m[KQ_DISABLE_COPY[m[K(QPushButton)
[5.446s]       |     [01;36m[K^~~~~~~~~~~~~~[m[K
[5.446s] [01m[K/home/chris/ros2_ws/src/rover/rover_gui/src/SecondaryWindow.cpp:43:19:[m[K [01;31m[Kerror: [m[Kbase operand of ‘[01m[K->[m[K’ has non-pointer type ‘[01m[KQHBoxLayout[m[K’
[5.446s]    43 |     _controlLayout[01;31m[K->[m[KaddWidget(layoutLabel);
[5.446s]       |                   [01;31m[K^~[m[K
[5.446s] [01m[K/home/chris/ros2_ws/src/rover/rover_gui/src/SecondaryWindow.cpp:44:19:[m[K [01;31m[Kerror: [m[Kbase operand of ‘[01m[K->[m[K’ has non-pointer type ‘[01m[KQHBoxLayout[m[K’
[5.446s]    44 |     _controlLayout[01;31m[K->[m[KaddWidget(_layoutSelector);
[5.446s]       |                   [01;31m[K^~[m[K
[5.446s] [01m[K/home/chris/ros2_ws/src/rover/rover_gui/src/SecondaryWindow.cpp:45:19:[m[K [01;31m[Kerror: [m[Kbase operand of ‘[01m[K->[m[K’ has non-pointer type ‘[01m[KQHBoxLayout[m[K’
[5.446s]    45 |     _controlLayout[01;31m[K->[m[KaddWidget(new QLabel("Stream:"));
[5.446s]       |                   [01;31m[K^~[m[K
[5.446s] [01m[K/home/chris/ros2_ws/src/rover/rover_gui/src/SecondaryWindow.cpp:46:19:[m[K [01;31m[Kerror: [m[Kbase operand of ‘[01m[K->[m[K’ has non-pointer type ‘[01m[KQHBoxLayout[m[K’
[5.446s]    46 |     _controlLayout[01;31m[K->[m[KaddWidget(_streamSelector);
[5.446s]       |                   [01;31m[K^~[m[K
[5.446s] [01m[K/home/chris/ros2_ws/src/rover/rover_gui/src/SecondaryWindow.cpp:47:19:[m[K [01;31m[Kerror: [m[Kbase operand of ‘[01m[K->[m[K’ has non-pointer type ‘[01m[KQHBoxLayout[m[K’
[5.446s]    47 |     _controlLayout[01;31m[K->[m[KaddStretch();
[5.446s]       |                   [01;31m[K^~[m[K
[5.446s] [01m[K/home/chris/ros2_ws/src/rover/rover_gui/src/SecondaryWindow.cpp:48:19:[m[K [01;31m[Kerror: [m[Kbase operand of ‘[01m[K->[m[K’ has non-pointer type ‘[01m[KQHBoxLayout[m[K’
[5.446s]    48 |     _controlLayout[01;31m[K->[m[KaddWidget(_addStreamBtn);
[5.446s]       |                   [01;31m[K^~[m[K
[5.446s] [01m[K/home/chris/ros2_ws/src/rover/rover_gui/src/SecondaryWindow.cpp:49:19:[m[K [01;31m[Kerror: [m[Kbase operand of ‘[01m[K->[m[K’ has non-pointer type ‘[01m[KQHBoxLayout[m[K’
[5.446s]    49 |     _controlLayout[01;31m[K->[m[KaddWidget(_editStreamBtn);
[5.447s]       |                   [01;31m[K^~[m[K
[5.447s] [01m[K/home/chris/ros2_ws/src/rover/rover_gui/src/SecondaryWindow.cpp:50:19:[m[K [01;31m[Kerror: [m[Kbase operand of ‘[01m[K->[m[K’ has non-pointer type ‘[01m[KQHBoxLayout[m[K’
[5.447s]    50 |     _controlLayout[01;31m[K->[m[KaddWidget(_removeStreamBtn);
[5.447s]       |                   [01;31m[K^~[m[K
[5.447s] [01m[K/home/chris/ros2_ws/src/rover/rover_gui/src/SecondaryWindow.cpp:53:16:[m[K [01;31m[Kerror: [m[Kbase operand of ‘[01m[K->[m[K’ has non-pointer type ‘[01m[KQVBoxLayout[m[K’
[5.447s]    53 |     _mainLayout[01;31m[K->[m[KaddLayout(_controlLayout);
[5.447s]       |                [01;31m[K^~[m[K
[5.447s] [01m[K/home/chris/ros2_ws/src/rover/rover_gui/src/SecondaryWindow.cpp:54:16:[m[K [01;31m[Kerror: [m[Kbase operand of ‘[01m[K->[m[K’ has non-pointer type ‘[01m[KQVBoxLayout[m[K’
[5.447s]    54 |     _mainLayout[01;31m[K->[m[KaddWidget(_layoutStack, 1); // Give the layout stack a stretch factor
[5.447s]       |                [01;31m[K^~[m[K
[5.447s] [01m[K/home/chris/ros2_ws/src/rover/rover_gui/src/SecondaryWindow.cpp:65:12:[m[K [01;31m[Kerror: [m[Kno matching function for call to ‘[01m[KSecondaryWindow::connect(QComboBox&, void (QComboBox::*)(int), SecondaryWindow*, void (SecondaryWindow::*)(int))[m[K’
[5.447s]    65 |     [01;31m[Kconnect(_layoutSelector, QOverload<int>::of(&QComboBox::currentIndexChanged),[m[K
[5.447s]       |     [01;31m[K~~~~~~~^~~~~~~~~~~~~~~~~~~~~~~~~~~~~~~~~~~~~~~~~~~~~~~~~~~~~~~~~~~~~~~~~~~~~~[m[K
[5.447s]    66 | [01;31m[K            this, &SecondaryWindow::onLayoutChange)[m[K;
[5.447s]       |             [01;31m[K~~~~~~~~~~~~~~~~~~~~~~~~~~~~~~~~~~~~~~~[m[K
[5.447s] In file included from [01m[K/usr/include/aarch64-linux-gnu/qt6/QtWidgets/qwidget.h:45[m[K,
[5.447s]                  from [01m[K/usr/include/aarch64-linux-gnu/qt6/QtWidgets/qmainwindow.h:44[m[K,
[5.447s]                  from [01m[K/usr/include/aarch64-linux-gnu/qt6/QtWidgets/QMainWindow:1[m[K,
[5.447s]                  from [01m[K/home/chris/ros2_ws/src/rover/rover_gui/src/SecondaryWindow.hpp:4[m[K,
[5.447s]                  from [01m[K/home/chris/ros2_ws/src/rover/rover_gui/src/SecondaryWindow.cpp:1[m[K:
[5.447s] [01m[K/usr/include/aarch64-linux-gnu/qt6/QtCore/qobject.h:217:43:[m[K [01;36m[Knote: [m[Kcandidate: ‘[01m[Kstatic QMetaObject::Connection QObject::connect(const typename QtPrivate::FunctionPointer<Func>::Object*, Func1, const typename QtPrivate::FunctionPointer<Func2>::Object*, Func2, Qt::ConnectionType) [with Func1 = void (QComboBox::*)(int); Func2 = void (SecondaryWindow::*)(int); typename QtPrivate::FunctionPointer<Func>::Object = QComboBox; typename QtPrivate::FunctionPointer<Func2>::Object = SecondaryWindow][m[K’
[5.447s]   217 |     static inline QMetaObject::Connection [01;36m[Kconnect[m[K(const typename QtPrivate::FunctionPointer<Func1>::Object *sender, Func1 signal,
[5.447s]       |                                           [01;36m[K^~~~~~~[m[K
[5.447s] [01m[K/usr/include/aarch64-linux-gnu/qt6/QtCore/qobject.h:217:109:[m[K [01;36m[Knote: [m[K  no known conversion for argument 1 from ‘[01m[KQComboBox[m[K’ to ‘[01m[Kconst Object*[m[K’ {aka ‘[01m[Kconst QComboBox*[m[K’}
[5.447s]   217 |     static inline QMetaObject::Connection connect([01;36m[Kconst typename QtPrivate::FunctionPointer<Func1>::Object *sender[m[K, Func1 signal,
[5.447s]       |                                                   [01;36m[K~~~~~~~~~~~~~~~~~~~~~~~~~~~~~~~~~~~~~~~~~~~~~~~~~~~~~~~~~~^~~~~~[m[K
[5.447s] [01m[K/usr/include/aarch64-linux-gnu/qt6/QtCore/qobject.h:249:13:[m[K [01;36m[Knote: [m[Kcandidate: ‘[01m[Ktemplate<class Func1, class Func2> static typename std::enable_if<((int)(QtPrivate::FunctionPointer<Func2>::ArgumentCount) >= 0), QMetaObject::Connection>::type QObject::connect(const typename QtPrivate::FunctionPointer<Func>::Object*, Func1, Func2)[m[K’
[5.447s]   249 |             [01;36m[Kconnect[m[K(const typename QtPrivate::FunctionPointer<Func1>::Object *sender, Func1 signal, Func2 slot)
[5.447s]       |             [01;36m[K^~~~~~~[m[K
[5.447s] [01m[K/usr/include/aarch64-linux-gnu/qt6/QtCore/qobject.h:249:13:[m[K [01;36m[Knote: [m[K  template argument deduction/substitution failed:
[5.447s] [01m[K/home/chris/ros2_ws/src/rover/rover_gui/src/SecondaryWindow.cpp:65:12:[m[K [01;36m[Knote: [m[K  candidate expects 3 arguments, 4 provided
[5.447s]    65 |     [01;36m[Kconnect(_layoutSelector, QOverload<int>::of(&QComboBox::currentIndexChanged),[m[K
[5.447s]       |     [01;36m[K~~~~~~~^~~~~~~~~~~~~~~~~~~~~~~~~~~~~~~~~~~~~~~~~~~~~~~~~~~~~~~~~~~~~~~~~~~~~~[m[K
[5.447s]    66 | [01;36m[K            this, &SecondaryWindow::onLayoutChange)[m[K;
[5.447s]       |             [01;36m[K~~~~~~~~~~~~~~~~~~~~~~~~~~~~~~~~~~~~~~~[m[K
[5.447s] In file included from [01m[K/usr/include/aarch64-linux-gnu/qt6/QtWidgets/qwidget.h:45[m[K,
[5.447s]                  from [01m[K/usr/include/aarch64-linux-gnu/qt6/QtWidgets/qmainwindow.h:44[m[K,
[5.447s]                  from [01m[K/usr/include/aarch64-linux-gnu/qt6/QtWidgets/QMainWindow:1[m[K,
[5.447s]                  from [01m[K/home/chris/ros2_ws/src/rover/rover_gui/src/SecondaryWindow.hpp:4[m[K,
[5.447s]                  from [01m[K/home/chris/ros2_ws/src/rover/rover_gui/src/SecondaryWindow.cpp:1[m[K:
[5.447s] [01m[K/usr/include/aarch64-linux-gnu/qt6/QtCore/qobject.h:258:13:[m[K [01;36m[Knote: [m[Kcandidate: ‘[01m[Ktemplate<class Func1, class Func2> static typename std::enable_if<(((int)(QtPrivate::FunctionPointer<Func2>::ArgumentCount) >= 0) && (! QtPrivate::FunctionPointer<Func2>::IsPointerToMemberFunction)), QMetaObject::Connection>::type QObject::connect(const typename QtPrivate::FunctionPointer<Func>::Object*, Func1, const QObject*, Func2, Qt::ConnectionType)[m[K’
[5.447s]   258 |             [01;36m[Kconnect[m[K(const typename QtPrivate::FunctionPointer<Func1>::Object *sender, Func1 signal, const QObject *context, Func2 slot,
[5.448s]       |             [01;36m[K^~~~~~~[m[K
[5.448s] [01m[K/usr/include/aarch64-linux-gnu/qt6/QtCore/qobject.h:258:13:[m[K [01;36m[Knote: [m[K  template argument deduction/substitution failed:
[5.448s] /usr/include/aarch64-linux-gnu/qt6/QtCore/qobject.h: In substitution of ‘[01m[Ktemplate<class Func1, class Func2> static typename std::enable_if<(((int)(QtPrivate::FunctionPointer<Func2>::ArgumentCount) >= 0) && (! QtPrivate::FunctionPointer<Func2>::IsPointerToMemberFunction)), QMetaObject::Connection>::type QObject::connect(const typename QtPrivate::FunctionPointer<Func>::Object*, Func1, const QObject*, Func2, Qt::ConnectionType) [with Func1 = void (QComboBox::*)(int); Func2 = void (SecondaryWindow::*)(int)][m[K’:
[5.448s] [01m[K/home/chris/ros2_ws/src/rover/rover_gui/src/SecondaryWindow.cpp:65:12:[m[K   required from here
[5.448s] [01m[K/usr/include/aarch64-linux-gnu/qt6/QtCore/qobject.h:258:13:[m[K [01;31m[Kerror: [m[Kno type named ‘[01m[Ktype[m[K’ in ‘[01m[Kstruct std::enable_if<false, QMetaObject::Connection>[m[K’
[5.448s] [01m[K/usr/include/aarch64-linux-gnu/qt6/QtCore/qobject.h:289:13:[m[K [01;36m[Knote: [m[Kcandidate: ‘[01m[Ktemplate<class Func1, class Func2> static typename std::enable_if<(QtPrivate::FunctionPointer<Func2>::ArgumentCount == -1), QMetaObject::Connection>::type QObject::connect(const typename QtPrivate::FunctionPointer<Func>::Object*, Func1, Func2)[m[K’
[5.448s]   289 |             [01;36m[Kconnect[m[K(const typename QtPrivate::FunctionPointer<Func1>::Object *sender, Func1 signal, Func2 slot)
[5.448s]       |             [01;36m[K^~~~~~~[m[K
[5.448s] [01m[K/usr/include/aarch64-linux-gnu/qt6/QtCore/qobject.h:289:13:[m[K [01;36m[Knote: [m[K  template argument deduction/substitution failed:
[5.448s] [01m[K/home/chris/ros2_ws/src/rover/rover_gui/src/SecondaryWindow.cpp:65:12:[m[K [01;36m[Knote: [m[K  candidate expects 3 arguments, 4 provided
[5.448s]    65 |     [01;36m[Kconnect(_layoutSelector, QOverload<int>::of(&QComboBox::currentIndexChanged),[m[K
[5.448s]       |     [01;36m[K~~~~~~~^~~~~~~~~~~~~~~~~~~~~~~~~~~~~~~~~~~~~~~~~~~~~~~~~~~~~~~~~~~~~~~~~~~~~~[m[K
[5.448s]    66 | [01;36m[K            this, &SecondaryWindow::onLayoutChange)[m[K;
[5.448s]       |             [01;36m[K~~~~~~~~~~~~~~~~~~~~~~~~~~~~~~~~~~~~~~~[m[K
[5.448s] In file included from [01m[K/usr/include/aarch64-linux-gnu/qt6/QtWidgets/qwidget.h:45[m[K,
[5.448s]                  from [01m[K/usr/include/aarch64-linux-gnu/qt6/QtWidgets/qmainwindow.h:44[m[K,
[5.448s]                  from [01m[K/usr/include/aarch64-linux-gnu/qt6/QtWidgets/QMainWindow:1[m[K,
[5.448s]                  from [01m[K/home/chris/ros2_ws/src/rover/rover_gui/src/SecondaryWindow.hpp:4[m[K,
[5.448s]                  from [01m[K/home/chris/ros2_ws/src/rover/rover_gui/src/SecondaryWindow.cpp:1[m[K:
[5.448s] [01m[K/usr/include/aarch64-linux-gnu/qt6/QtCore/qobject.h:297:13:[m[K [01;36m[Knote: [m[Kcandidate: ‘[01m[Ktemplate<class Func1, class Func2> static typename std::enable_if<(QtPrivate::FunctionPointer<Func2>::ArgumentCount == -1), QMetaObject::Connection>::type QObject::connect(const typename QtPrivate::FunctionPointer<Func>::Object*, Func1, const QObject*, Func2, Qt::ConnectionType)[m[K’
[5.448s]   297 |             [01;36m[Kconnect[m[K(const typename QtPrivate::FunctionPointer<Func1>::Object *sender, Func1 signal, const QObject *context, Func2 slot,
[5.448s]       |             [01;36m[K^~~~~~~[m[K
[5.448s] [01m[K/usr/include/aarch64-linux-gnu/qt6/QtCore/qobject.h:297:13:[m[K [01;36m[Knote: [m[K  template argument deduction/substitution failed:
[5.448s] /usr/include/aarch64-linux-gnu/qt6/QtCore/qobject.h: In substitution of ‘[01m[Ktemplate<class Func1, class Func2> static typename std::enable_if<(QtPrivate::FunctionPointer<Func2>::ArgumentCount == -1), QMetaObject::Connection>::type QObject::connect(const typename QtPrivate::FunctionPointer<Func>::Object*, Func1, const QObject*, Func2, Qt::ConnectionType) [with Func1 = void (QComboBox::*)(int); Func2 = void (SecondaryWindow::*)(int)][m[K’:
[5.448s] [01m[K/home/chris/ros2_ws/src/rover/rover_gui/src/SecondaryWindow.cpp:65:12:[m[K   required from here
[5.448s] [01m[K/usr/include/aarch64-linux-gnu/qt6/QtCore/qobject.h:297:13:[m[K [01;31m[Kerror: [m[Kno type named ‘[01m[Ktype[m[K’ in ‘[01m[Kstruct std::enable_if<false, QMetaObject::Connection>[m[K’
[5.448s] [01m[K/usr/include/aarch64-linux-gnu/qt6/QtCore/qobject.h:197:36:[m[K [01;36m[Knote: [m[Kcandidate: ‘[01m[Kstatic QMetaObject::Connection QObject::connect(const QObject*, const char*, const QObject*, const char*, Qt::ConnectionType)[m[K’
[5.448s]   197 |     static QMetaObject::Connection [01;36m[Kconnect[m[K(const QObject *sender, const char *signal,
[5.448s]       |                                    [01;36m[K^~~~~~~[m[K
[5.448s] [01m[K/usr/include/aarch64-linux-gnu/qt6/QtCore/qobject.h:197:59:[m[K [01;36m[Knote: [m[K  no known conversion for argument 1 from ‘[01m[KQComboBox[m[K’ to ‘[01m[Kconst QObject*[m[K’
[5.448s]   197 |     static QMetaObject::Connection connect([01;36m[Kconst QObject *sender[m[K, const char *signal,
[5.448s]       |                                            [01;36m[K~~~~~~~~~~~~~~~^~~~~~[m[K
[5.448s] [01m[K/usr/include/aarch64-linux-gnu/qt6/QtCore/qobject.h:200:36:[m[K [01;36m[Knote: [m[Kcandidate: ‘[01m[Kstatic QMetaObject::Connection QObject::connect(const QObject*, const QMetaMethod&, const QObject*, const QMetaMethod&, Qt::ConnectionType)[m[K’
[5.448s]   200 |     static QMetaObject::Connection [01;36m[Kconnect[m[K(const QObject *sender, const QMetaMethod &signal,
[5.448s]       |                                    [01;36m[K^~~~~~~[m[K
[5.448s] [01m[K/usr/include/aarch64-linux-gnu/qt6/QtCore/qobject.h:200:59:[m[K [01;36m[Knote: [m[K  no known conversion for argument 1 from ‘[01m[KQComboBox[m[K’ to ‘[01m[Kconst QObject*[m[K’
[5.448s]   200 |     static QMetaObject::Connection connect([01;36m[Kconst QObject *sender[m[K, const QMetaMethod &signal,
[5.448s]       |                                            [01;36m[K~~~~~~~~~~~~~~~^~~~~~[m[K
[5.448s] [01m[K/usr/include/aarch64-linux-gnu/qt6/QtCore/qobject.h:443:32:[m[K [01;36m[Knote: [m[Kcandidate: ‘[01m[KQMetaObject::Connection QObject::connect(const QObject*, const char*, const char*, Qt::ConnectionType) const[m[K’
[5.448s]   443 | inline QMetaObject::Connection [01;36m[KQObject[m[K::connect(const QObject *asender, const char *asignal,
[5.448s]       |                                [01;36m[K^~~~~~~[m[K
[5.448s] [01m[K/usr/include/aarch64-linux-gnu/qt6/QtCore/qobject.h:443:64:[m[K [01;36m[Knote: [m[K  no known conversion for argument 1 from ‘[01m[KQComboBox[m[K’ to ‘[01m[Kconst QObject*[m[K’
[5.448s]   443 | inline QMetaObject::Connection QObject::connect([01;36m[Kconst QObject *asender[m[K, const char *asignal,
[5.448s]       |                                                 [01;36m[K~~~~~~~~~~~~~~~^~~~~~~[m[K
[5.448s] [01m[K/home/chris/ros2_ws/src/rover/rover_gui/src/SecondaryWindow.cpp:67:12:[m[K [01;31m[Kerror: [m[Kno matching function for call to ‘[01m[KSecondaryWindow::connect(QComboBox&, void (QComboBox::*)(int), SecondaryWindow*, void (SecondaryWindow::*)(int))[m[K’
[5.449s]    67 |     [01;31m[Kconnect(_streamSelector, QOverload<int>::of(&QComboBox::currentIndexChanged),[m[K
[5.449s]       |     [01;31m[K~~~~~~~^~~~~~~~~~~~~~~~~~~~~~~~~~~~~~~~~~~~~~~~~~~~~~~~~~~~~~~~~~~~~~~~~~~~~~[m[K
[5.449s]    68 | [01;31m[K            this, &SecondaryWindow::onStreamSelection)[m[K;
[5.449s]       |             [01;31m[K~~~~~~~~~~~~~~~~~~~~~~~~~~~~~~~~~~~~~~~~~~[m[K
[5.449s] In file included from [01m[K/usr/include/aarch64-linux-gnu/qt6/QtWidgets/qwidget.h:45[m[K,
[5.449s]                  from [01m[K/usr/include/aarch64-linux-gnu/qt6/QtWidgets/qmainwindow.h:44[m[K,
[5.449s]                  from [01m[K/usr/include/aarch64-linux-gnu/qt6/QtWidgets/QMainWindow:1[m[K,
[5.449s]                  from [01m[K/home/chris/ros2_ws/src/rover/rover_gui/src/SecondaryWindow.hpp:4[m[K,
[5.449s]                  from [01m[K/home/chris/ros2_ws/src/rover/rover_gui/src/SecondaryWindow.cpp:1[m[K:
[5.449s] [01m[K/usr/include/aarch64-linux-gnu/qt6/QtCore/qobject.h:217:43:[m[K [01;36m[Knote: [m[Kcandidate: ‘[01m[Kstatic QMetaObject::Connection QObject::connect(const typename QtPrivate::FunctionPointer<Func>::Object*, Func1, const typename QtPrivate::FunctionPointer<Func2>::Object*, Func2, Qt::ConnectionType) [with Func1 = void (QComboBox::*)(int); Func2 = void (SecondaryWindow::*)(int); typename QtPrivate::FunctionPointer<Func>::Object = QComboBox; typename QtPrivate::FunctionPointer<Func2>::Object = SecondaryWindow][m[K’
[5.449s]   217 |     static inline QMetaObject::Connection [01;36m[Kconnect[m[K(const typename QtPrivate::FunctionPointer<Func1>::Object *sender, Func1 signal,
[5.449s]       |                                           [01;36m[K^~~~~~~[m[K
[5.449s] [01m[K/usr/include/aarch64-linux-gnu/qt6/QtCore/qobject.h:217:109:[m[K [01;36m[Knote: [m[K  no known conversion for argument 1 from ‘[01m[KQComboBox[m[K’ to ‘[01m[Kconst Object*[m[K’ {aka ‘[01m[Kconst QComboBox*[m[K’}
[5.449s]   217 |     static inline QMetaObject::Connection connect([01;36m[Kconst typename QtPrivate::FunctionPointer<Func1>::Object *sender[m[K, Func1 signal,
[5.449s]       |                                                   [01;36m[K~~~~~~~~~~~~~~~~~~~~~~~~~~~~~~~~~~~~~~~~~~~~~~~~~~~~~~~~~~^~~~~~[m[K
[5.449s] [01m[K/usr/include/aarch64-linux-gnu/qt6/QtCore/qobject.h:249:13:[m[K [01;36m[Knote: [m[Kcandidate: ‘[01m[Ktemplate<class Func1, class Func2> static typename std::enable_if<((int)(QtPrivate::FunctionPointer<Func2>::ArgumentCount) >= 0), QMetaObject::Connection>::type QObject::connect(const typename QtPrivate::FunctionPointer<Func>::Object*, Func1, Func2)[m[K’
[5.449s]   249 |             [01;36m[Kconnect[m[K(const typename QtPrivate::FunctionPointer<Func1>::Object *sender, Func1 signal, Func2 slot)
[5.449s]       |             [01;36m[K^~~~~~~[m[K
[5.449s] [01m[K/usr/include/aarch64-linux-gnu/qt6/QtCore/qobject.h:249:13:[m[K [01;36m[Knote: [m[K  template argument deduction/substitution failed:
[5.449s] [01m[K/home/chris/ros2_ws/src/rover/rover_gui/src/SecondaryWindow.cpp:67:12:[m[K [01;36m[Knote: [m[K  candidate expects 3 arguments, 4 provided
[5.449s]    67 |     [01;36m[Kconnect(_streamSelector, QOverload<int>::of(&QComboBox::currentIndexChanged),[m[K
[5.449s]       |     [01;36m[K~~~~~~~^~~~~~~~~~~~~~~~~~~~~~~~~~~~~~~~~~~~~~~~~~~~~~~~~~~~~~~~~~~~~~~~~~~~~~[m[K
[5.449s]    68 | [01;36m[K            this, &SecondaryWindow::onStreamSelection)[m[K;
[5.449s]       |             [01;36m[K~~~~~~~~~~~~~~~~~~~~~~~~~~~~~~~~~~~~~~~~~~[m[K
[5.449s] In file included from [01m[K/usr/include/aarch64-linux-gnu/qt6/QtWidgets/qwidget.h:45[m[K,
[5.449s]                  from [01m[K/usr/include/aarch64-linux-gnu/qt6/QtWidgets/qmainwindow.h:44[m[K,
[5.449s]                  from [01m[K/usr/include/aarch64-linux-gnu/qt6/QtWidgets/QMainWindow:1[m[K,
[5.449s]                  from [01m[K/home/chris/ros2_ws/src/rover/rover_gui/src/SecondaryWindow.hpp:4[m[K,
[5.449s]                  from [01m[K/home/chris/ros2_ws/src/rover/rover_gui/src/SecondaryWindow.cpp:1[m[K:
[5.449s] [01m[K/usr/include/aarch64-linux-gnu/qt6/QtCore/qobject.h:258:13:[m[K [01;36m[Knote: [m[Kcandidate: ‘[01m[Ktemplate<class Func1, class Func2> static typename std::enable_if<(((int)(QtPrivate::FunctionPointer<Func2>::ArgumentCount) >= 0) && (! QtPrivate::FunctionPointer<Func2>::IsPointerToMemberFunction)), QMetaObject::Connection>::type QObject::connect(const typename QtPrivate::FunctionPointer<Func>::Object*, Func1, const QObject*, Func2, Qt::ConnectionType)[m[K’
[5.449s]   258 |             [01;36m[Kconnect[m[K(const typename QtPrivate::FunctionPointer<Func1>::Object *sender, Func1 signal, const QObject *context, Func2 slot,
[5.449s]       |             [01;36m[K^~~~~~~[m[K
[5.449s] [01m[K/usr/include/aarch64-linux-gnu/qt6/QtCore/qobject.h:258:13:[m[K [01;36m[Knote: [m[K  template argument deduction/substitution failed:
[5.449s] /usr/include/aarch64-linux-gnu/qt6/QtCore/qobject.h: In substitution of ‘[01m[Ktemplate<class Func1, class Func2> static typename std::enable_if<(((int)(QtPrivate::FunctionPointer<Func2>::ArgumentCount) >= 0) && (! QtPrivate::FunctionPointer<Func2>::IsPointerToMemberFunction)), QMetaObject::Connection>::type QObject::connect(const typename QtPrivate::FunctionPointer<Func>::Object*, Func1, const QObject*, Func2, Qt::ConnectionType) [with Func1 = void (QComboBox::*)(int); Func2 = void (SecondaryWindow::*)(int)][m[K’:
[5.449s] [01m[K/home/chris/ros2_ws/src/rover/rover_gui/src/SecondaryWindow.cpp:67:12:[m[K   required from here
[5.449s] [01m[K/usr/include/aarch64-linux-gnu/qt6/QtCore/qobject.h:258:13:[m[K [01;31m[Kerror: [m[Kno type named ‘[01m[Ktype[m[K’ in ‘[01m[Kstruct std::enable_if<false, QMetaObject::Connection>[m[K’
[5.449s] [01m[K/usr/include/aarch64-linux-gnu/qt6/QtCore/qobject.h:289:13:[m[K [01;36m[Knote: [m[Kcandidate: ‘[01m[Ktemplate<class Func1, class Func2> static typename std::enable_if<(QtPrivate::FunctionPointer<Func2>::ArgumentCount == -1), QMetaObject::Connection>::type QObject::connect(const typename QtPrivate::FunctionPointer<Func>::Object*, Func1, Func2)[m[K’
[5.449s]   289 |             [01;36m[Kconnect[m[K(const typename QtPrivate::FunctionPointer<Func1>::Object *sender, Func1 signal, Func2 slot)
[5.449s]       |             [01;36m[K^~~~~~~[m[K
[5.449s] [01m[K/usr/include/aarch64-linux-gnu/qt6/QtCore/qobject.h:289:13:[m[K [01;36m[Knote: [m[K  template argument deduction/substitution failed:
[5.449s] [01m[K/home/chris/ros2_ws/src/rover/rover_gui/src/SecondaryWindow.cpp:67:12:[m[K [01;36m[Knote: [m[K  candidate expects 3 arguments, 4 provided
[5.449s]    67 |     [01;36m[Kconnect(_streamSelector, QOverload<int>::of(&QComboBox::currentIndexChanged),[m[K
[5.449s]       |     [01;36m[K~~~~~~~^~~~~~~~~~~~~~~~~~~~~~~~~~~~~~~~~~~~~~~~~~~~~~~~~~~~~~~~~~~~~~~~~~~~~~[m[K
[5.449s]    68 | [01;36m[K            this, &SecondaryWindow::onStreamSelection)[m[K;
[5.449s]       |             [01;36m[K~~~~~~~~~~~~~~~~~~~~~~~~~~~~~~~~~~~~~~~~~~[m[K
[5.449s] In file included from [01m[K/usr/include/aarch64-linux-gnu/qt6/QtWidgets/qwidget.h:45[m[K,
[5.450s]                  from [01m[K/usr/include/aarch64-linux-gnu/qt6/QtWidgets/qmainwindow.h:44[m[K,
[5.450s]                  from [01m[K/usr/include/aarch64-linux-gnu/qt6/QtWidgets/QMainWindow:1[m[K,
[5.450s]                  from [01m[K/home/chris/ros2_ws/src/rover/rover_gui/src/SecondaryWindow.hpp:4[m[K,
[5.450s]                  from [01m[K/home/chris/ros2_ws/src/rover/rover_gui/src/SecondaryWindow.cpp:1[m[K:
[5.450s] [01m[K/usr/include/aarch64-linux-gnu/qt6/QtCore/qobject.h:297:13:[m[K [01;36m[Knote: [m[Kcandidate: ‘[01m[Ktemplate<class Func1, class Func2> static typename std::enable_if<(QtPrivate::FunctionPointer<Func2>::ArgumentCount == -1), QMetaObject::Connection>::type QObject::connect(const typename QtPrivate::FunctionPointer<Func>::Object*, Func1, const QObject*, Func2, Qt::ConnectionType)[m[K’
[5.450s]   297 |             [01;36m[Kconnect[m[K(const typename QtPrivate::FunctionPointer<Func1>::Object *sender, Func1 signal, const QObject *context, Func2 slot,
[5.450s]       |             [01;36m[K^~~~~~~[m[K
[5.450s] [01m[K/usr/include/aarch64-linux-gnu/qt6/QtCore/qobject.h:297:13:[m[K [01;36m[Knote: [m[K  template argument deduction/substitution failed:
[5.450s] /usr/include/aarch64-linux-gnu/qt6/QtCore/qobject.h: In substitution of ‘[01m[Ktemplate<class Func1, class Func2> static typename std::enable_if<(QtPrivate::FunctionPointer<Func2>::ArgumentCount == -1), QMetaObject::Connection>::type QObject::connect(const typename QtPrivate::FunctionPointer<Func>::Object*, Func1, const QObject*, Func2, Qt::ConnectionType) [with Func1 = void (QComboBox::*)(int); Func2 = void (SecondaryWindow::*)(int)][m[K’:
[5.450s] [01m[K/home/chris/ros2_ws/src/rover/rover_gui/src/SecondaryWindow.cpp:67:12:[m[K   required from here
[5.450s] [01m[K/usr/include/aarch64-linux-gnu/qt6/QtCore/qobject.h:297:13:[m[K [01;31m[Kerror: [m[Kno type named ‘[01m[Ktype[m[K’ in ‘[01m[Kstruct std::enable_if<false, QMetaObject::Connection>[m[K’
[5.450s] [01m[K/usr/include/aarch64-linux-gnu/qt6/QtCore/qobject.h:197:36:[m[K [01;36m[Knote: [m[Kcandidate: ‘[01m[Kstatic QMetaObject::Connection QObject::connect(const QObject*, const char*, const QObject*, const char*, Qt::ConnectionType)[m[K’
[5.450s]   197 |     static QMetaObject::Connection [01;36m[Kconnect[m[K(const QObject *sender, const char *signal,
[5.453s]       |                                    [01;36m[K^~~~~~~[m[K
[5.453s] [01m[K/usr/include/aarch64-linux-gnu/qt6/QtCore/qobject.h:197:59:[m[K [01;36m[Knote: [m[K  no known conversion for argument 1 from ‘[01m[KQComboBox[m[K’ to ‘[01m[Kconst QObject*[m[K’
[5.453s]   197 |     static QMetaObject::Connection connect([01;36m[Kconst QObject *sender[m[K, const char *signal,
[5.453s]       |                                            [01;36m[K~~~~~~~~~~~~~~~^~~~~~[m[K
[5.453s] [01m[K/usr/include/aarch64-linux-gnu/qt6/QtCore/qobject.h:200:36:[m[K [01;36m[Knote: [m[Kcandidate: ‘[01m[Kstatic QMetaObject::Connection QObject::connect(const QObject*, const QMetaMethod&, const QObject*, const QMetaMethod&, Qt::ConnectionType)[m[K’
[5.453s]   200 |     static QMetaObject::Connection [01;36m[Kconnect[m[K(const QObject *sender, const QMetaMethod &signal,
[5.453s]       |                                    [01;36m[K^~~~~~~[m[K
[5.453s] [01m[K/usr/include/aarch64-linux-gnu/qt6/QtCore/qobject.h:200:59:[m[K [01;36m[Knote: [m[K  no known conversion for argument 1 from ‘[01m[KQComboBox[m[K’ to ‘[01m[Kconst QObject*[m[K’
[5.453s]   200 |     static QMetaObject::Connection connect([01;36m[Kconst QObject *sender[m[K, const QMetaMethod &signal,
[5.453s]       |                                            [01;36m[K~~~~~~~~~~~~~~~^~~~~~[m[K
[5.453s] [01m[K/usr/include/aarch64-linux-gnu/qt6/QtCore/qobject.h:443:32:[m[K [01;36m[Knote: [m[Kcandidate: ‘[01m[KQMetaObject::Connection QObject::connect(const QObject*, const char*, const char*, Qt::ConnectionType) const[m[K’
[5.453s]   443 | inline QMetaObject::Connection [01;36m[KQObject[m[K::connect(const QObject *asender, const char *asignal,
[5.453s]       |                                [01;36m[K^~~~~~~[m[K
[5.453s] [01m[K/usr/include/aarch64-linux-gnu/qt6/QtCore/qobject.h:443:64:[m[K [01;36m[Knote: [m[K  no known conversion for argument 1 from ‘[01m[KQComboBox[m[K’ to ‘[01m[Kconst QObject*[m[K’
[5.453s]   443 | inline QMetaObject::Connection QObject::connect([01;36m[Kconst QObject *asender[m[K, const char *asignal,
[5.453s]       |                                                 [01;36m[K~~~~~~~~~~~~~~~^~~~~~~[m[K
[5.453s] [01m[K/home/chris/ros2_ws/src/rover/rover_gui/src/SecondaryWindow.cpp:69:12:[m[K [01;31m[Kerror: [m[Kno matching function for call to ‘[01m[KSecondaryWindow::connect(QPushButton&, void (QAbstractButton::*)(bool), SecondaryWindow*, void (SecondaryWindow::*)())[m[K’
[5.453s]    69 |     [01;31m[Kconnect(_addStreamBtn, &QPushButton::clicked, this, &SecondaryWindow::addStream)[m[K;
[5.453s]       |     [01;31m[K~~~~~~~^~~~~~~~~~~~~~~~~~~~~~~~~~~~~~~~~~~~~~~~~~~~~~~~~~~~~~~~~~~~~~~~~~~~~~~~~[m[K
[5.453s] In file included from [01m[K/usr/include/aarch64-linux-gnu/qt6/QtWidgets/qwidget.h:45[m[K,
[5.453s]                  from [01m[K/usr/include/aarch64-linux-gnu/qt6/QtWidgets/qmainwindow.h:44[m[K,
[5.453s]                  from [01m[K/usr/include/aarch64-linux-gnu/qt6/QtWidgets/QMainWindow:1[m[K,
[5.453s]                  from [01m[K/home/chris/ros2_ws/src/rover/rover_gui/src/SecondaryWindow.hpp:4[m[K,
[5.453s]                  from [01m[K/home/chris/ros2_ws/src/rover/rover_gui/src/SecondaryWindow.cpp:1[m[K:
[5.453s] [01m[K/usr/include/aarch64-linux-gnu/qt6/QtCore/qobject.h:217:43:[m[K [01;36m[Knote: [m[Kcandidate: ‘[01m[Kstatic QMetaObject::Connection QObject::connect(const typename QtPrivate::FunctionPointer<Func>::Object*, Func1, const typename QtPrivate::FunctionPointer<Func2>::Object*, Func2, Qt::ConnectionType) [with Func1 = void (QAbstractButton::*)(bool); Func2 = void (SecondaryWindow::*)(); typename QtPrivate::FunctionPointer<Func>::Object = QAbstractButton; typename QtPrivate::FunctionPointer<Func2>::Object = SecondaryWindow][m[K’
[5.453s]   217 |     static inline QMetaObject::Connection [01;36m[Kconnect[m[K(const typename QtPrivate::FunctionPointer<Func1>::Object *sender, Func1 signal,
[5.453s]       |                                           [01;36m[K^~~~~~~[m[K
[5.453s] [01m[K/usr/include/aarch64-linux-gnu/qt6/QtCore/qobject.h:217:109:[m[K [01;36m[Knote: [m[K  no known conversion for argument 1 from ‘[01m[KQPushButton[m[K’ to ‘[01m[Kconst Object*[m[K’ {aka ‘[01m[Kconst QAbstractButton*[m[K’}
[5.453s]   217 |     static inline QMetaObject::Connection connect([01;36m[Kconst typename QtPrivate::FunctionPointer<Func1>::Object *sender[m[K, Func1 signal,
[5.454s]       |                                                   [01;36m[K~~~~~~~~~~~~~~~~~~~~~~~~~~~~~~~~~~~~~~~~~~~~~~~~~~~~~~~~~~^~~~~~[m[K
[5.454s] [01m[K/usr/include/aarch64-linux-gnu/qt6/QtCore/qobject.h:249:13:[m[K [01;36m[Knote: [m[Kcandidate: ‘[01m[Ktemplate<class Func1, class Func2> static typename std::enable_if<((int)(QtPrivate::FunctionPointer<Func2>::ArgumentCount) >= 0), QMetaObject::Connection>::type QObject::connect(const typename QtPrivate::FunctionPointer<Func>::Object*, Func1, Func2)[m[K’
[5.454s]   249 |             [01;36m[Kconnect[m[K(const typename QtPrivate::FunctionPointer<Func1>::Object *sender, Func1 signal, Func2 slot)
[5.454s]       |             [01;36m[K^~~~~~~[m[K
[5.454s] [01m[K/usr/include/aarch64-linux-gnu/qt6/QtCore/qobject.h:249:13:[m[K [01;36m[Knote: [m[K  template argument deduction/substitution failed:
[5.454s] [01m[K/home/chris/ros2_ws/src/rover/rover_gui/src/SecondaryWindow.cpp:69:12:[m[K [01;36m[Knote: [m[K  candidate expects 3 arguments, 4 provided
[5.454s]    69 |     [01;36m[Kconnect(_addStreamBtn, &QPushButton::clicked, this, &SecondaryWindow::addStream)[m[K;
[5.454s]       |     [01;36m[K~~~~~~~^~~~~~~~~~~~~~~~~~~~~~~~~~~~~~~~~~~~~~~~~~~~~~~~~~~~~~~~~~~~~~~~~~~~~~~~~[m[K
[5.454s] In file included from [01m[K/usr/include/aarch64-linux-gnu/qt6/QtWidgets/qwidget.h:45[m[K,
[5.454s]                  from [01m[K/usr/include/aarch64-linux-gnu/qt6/QtWidgets/qmainwindow.h:44[m[K,
[5.454s]                  from [01m[K/usr/include/aarch64-linux-gnu/qt6/QtWidgets/QMainWindow:1[m[K,
[5.454s]                  from [01m[K/home/chris/ros2_ws/src/rover/rover_gui/src/SecondaryWindow.hpp:4[m[K,
[5.454s]                  from [01m[K/home/chris/ros2_ws/src/rover/rover_gui/src/SecondaryWindow.cpp:1[m[K:
[5.454s] [01m[K/usr/include/aarch64-linux-gnu/qt6/QtCore/qobject.h:258:13:[m[K [01;36m[Knote: [m[Kcandidate: ‘[01m[Ktemplate<class Func1, class Func2> static typename std::enable_if<(((int)(QtPrivate::FunctionPointer<Func2>::ArgumentCount) >= 0) && (! QtPrivate::FunctionPointer<Func2>::IsPointerToMemberFunction)), QMetaObject::Connection>::type QObject::connect(const typename QtPrivate::FunctionPointer<Func>::Object*, Func1, const QObject*, Func2, Qt::ConnectionType)[m[K’
[5.454s]   258 |             [01;36m[Kconnect[m[K(const typename QtPrivate::FunctionPointer<Func1>::Object *sender, Func1 signal, const QObject *context, Func2 slot,
[5.454s]       |             [01;36m[K^~~~~~~[m[K
[5.454s] [01m[K/usr/include/aarch64-linux-gnu/qt6/QtCore/qobject.h:258:13:[m[K [01;36m[Knote: [m[K  template argument deduction/substitution failed:
[5.454s] /usr/include/aarch64-linux-gnu/qt6/QtCore/qobject.h: In substitution of ‘[01m[Ktemplate<class Func1, class Func2> static typename std::enable_if<(((int)(QtPrivate::FunctionPointer<Func2>::ArgumentCount) >= 0) && (! QtPrivate::FunctionPointer<Func2>::IsPointerToMemberFunction)), QMetaObject::Connection>::type QObject::connect(const typename QtPrivate::FunctionPointer<Func>::Object*, Func1, const QObject*, Func2, Qt::ConnectionType) [with Func1 = void (QAbstractButton::*)(bool); Func2 = void (SecondaryWindow::*)()][m[K’:
[5.454s] [01m[K/home/chris/ros2_ws/src/rover/rover_gui/src/SecondaryWindow.cpp:69:12:[m[K   required from here
[5.454s] [01m[K/usr/include/aarch64-linux-gnu/qt6/QtCore/qobject.h:258:13:[m[K [01;31m[Kerror: [m[Kno type named ‘[01m[Ktype[m[K’ in ‘[01m[Kstruct std::enable_if<false, QMetaObject::Connection>[m[K’
[5.454s] [01m[K/usr/include/aarch64-linux-gnu/qt6/QtCore/qobject.h:289:13:[m[K [01;36m[Knote: [m[Kcandidate: ‘[01m[Ktemplate<class Func1, class Func2> static typename std::enable_if<(QtPrivate::FunctionPointer<Func2>::ArgumentCount == -1), QMetaObject::Connection>::type QObject::connect(const typename QtPrivate::FunctionPointer<Func>::Object*, Func1, Func2)[m[K’
[5.454s]   289 |             [01;36m[Kconnect[m[K(const typename QtPrivate::FunctionPointer<Func1>::Object *sender, Func1 signal, Func2 slot)
[5.454s]       |             [01;36m[K^~~~~~~[m[K
[5.454s] [01m[K/usr/include/aarch64-linux-gnu/qt6/QtCore/qobject.h:289:13:[m[K [01;36m[Knote: [m[K  template argument deduction/substitution failed:
[5.454s] [01m[K/home/chris/ros2_ws/src/rover/rover_gui/src/SecondaryWindow.cpp:69:12:[m[K [01;36m[Knote: [m[K  candidate expects 3 arguments, 4 provided
[5.454s]    69 |     [01;36m[Kconnect(_addStreamBtn, &QPushButton::clicked, this, &SecondaryWindow::addStream)[m[K;
[5.454s]       |     [01;36m[K~~~~~~~^~~~~~~~~~~~~~~~~~~~~~~~~~~~~~~~~~~~~~~~~~~~~~~~~~~~~~~~~~~~~~~~~~~~~~~~~[m[K
[5.454s] In file included from [01m[K/usr/include/aarch64-linux-gnu/qt6/QtWidgets/qwidget.h:45[m[K,
[5.454s]                  from [01m[K/usr/include/aarch64-linux-gnu/qt6/QtWidgets/qmainwindow.h:44[m[K,
[5.454s]                  from [01m[K/usr/include/aarch64-linux-gnu/qt6/QtWidgets/QMainWindow:1[m[K,
[5.454s]                  from [01m[K/home/chris/ros2_ws/src/rover/rover_gui/src/SecondaryWindow.hpp:4[m[K,
[5.454s]                  from [01m[K/home/chris/ros2_ws/src/rover/rover_gui/src/SecondaryWindow.cpp:1[m[K:
[5.454s] [01m[K/usr/include/aarch64-linux-gnu/qt6/QtCore/qobject.h:297:13:[m[K [01;36m[Knote: [m[Kcandidate: ‘[01m[Ktemplate<class Func1, class Func2> static typename std::enable_if<(QtPrivate::FunctionPointer<Func2>::ArgumentCount == -1), QMetaObject::Connection>::type QObject::connect(const typename QtPrivate::FunctionPointer<Func>::Object*, Func1, const QObject*, Func2, Qt::ConnectionType)[m[K’
[5.454s]   297 |             [01;36m[Kconnect[m[K(const typename QtPrivate::FunctionPointer<Func1>::Object *sender, Func1 signal, const QObject *context, Func2 slot,
[5.454s]       |             [01;36m[K^~~~~~~[m[K
[5.454s] [01m[K/usr/include/aarch64-linux-gnu/qt6/QtCore/qobject.h:297:13:[m[K [01;36m[Knote: [m[K  template argument deduction/substitution failed:
[5.454s] /usr/include/aarch64-linux-gnu/qt6/QtCore/qobject.h: In substitution of ‘[01m[Ktemplate<class Func1, class Func2> static typename std::enable_if<(QtPrivate::FunctionPointer<Func2>::ArgumentCount == -1), QMetaObject::Connection>::type QObject::connect(const typename QtPrivate::FunctionPointer<Func>::Object*, Func1, const QObject*, Func2, Qt::ConnectionType) [with Func1 = void (QAbstractButton::*)(bool); Func2 = void (SecondaryWindow::*)()][m[K’:
[5.454s] [01m[K/home/chris/ros2_ws/src/rover/rover_gui/src/SecondaryWindow.cpp:69:12:[m[K   required from here
[5.455s] [01m[K/usr/include/aarch64-linux-gnu/qt6/QtCore/qobject.h:297:13:[m[K [01;31m[Kerror: [m[Kno type named ‘[01m[Ktype[m[K’ in ‘[01m[Kstruct std::enable_if<false, QMetaObject::Connection>[m[K’
[5.455s] [01m[K/usr/include/aarch64-linux-gnu/qt6/QtCore/qobject.h:197:36:[m[K [01;36m[Knote: [m[Kcandidate: ‘[01m[Kstatic QMetaObject::Connection QObject::connect(const QObject*, const char*, const QObject*, const char*, Qt::ConnectionType)[m[K’
[5.455s]   197 |     static QMetaObject::Connection [01;36m[Kconnect[m[K(const QObject *sender, const char *signal,
[5.455s]       |                                    [01;36m[K^~~~~~~[m[K
[5.455s] [01m[K/usr/include/aarch64-linux-gnu/qt6/QtCore/qobject.h:197:59:[m[K [01;36m[Knote: [m[K  no known conversion for argument 1 from ‘[01m[KQPushButton[m[K’ to ‘[01m[Kconst QObject*[m[K’
[5.455s]   197 |     static QMetaObject::Connection connect([01;36m[Kconst QObject *sender[m[K, const char *signal,
[5.455s]       |                                            [01;36m[K~~~~~~~~~~~~~~~^~~~~~[m[K
[5.455s] [01m[K/usr/include/aarch64-linux-gnu/qt6/QtCore/qobject.h:200:36:[m[K [01;36m[Knote: [m[Kcandidate: ‘[01m[Kstatic QMetaObject::Connection QObject::connect(const QObject*, const QMetaMethod&, const QObject*, const QMetaMethod&, Qt::ConnectionType)[m[K’
[5.455s]   200 |     static QMetaObject::Connection [01;36m[Kconnect[m[K(const QObject *sender, const QMetaMethod &signal,
[5.455s]       |                                    [01;36m[K^~~~~~~[m[K
[5.455s] [01m[K/usr/include/aarch64-linux-gnu/qt6/QtCore/qobject.h:200:59:[m[K [01;36m[Knote: [m[K  no known conversion for argument 1 from ‘[01m[KQPushButton[m[K’ to ‘[01m[Kconst QObject*[m[K’
[5.455s]   200 |     static QMetaObject::Connection connect([01;36m[Kconst QObject *sender[m[K, const QMetaMethod &signal,
[5.455s]       |                                            [01;36m[K~~~~~~~~~~~~~~~^~~~~~[m[K
[5.455s] [01m[K/usr/include/aarch64-linux-gnu/qt6/QtCore/qobject.h:443:32:[m[K [01;36m[Knote: [m[Kcandidate: ‘[01m[KQMetaObject::Connection QObject::connect(const QObject*, const char*, const char*, Qt::ConnectionType) const[m[K’
[5.455s]   443 | inline QMetaObject::Connection [01;36m[KQObject[m[K::connect(const QObject *asender, const char *asignal,
[5.455s]       |                                [01;36m[K^~~~~~~[m[K
[5.455s] [01m[K/usr/include/aarch64-linux-gnu/qt6/QtCore/qobject.h:443:64:[m[K [01;36m[Knote: [m[K  no known conversion for argument 1 from ‘[01m[KQPushButton[m[K’ to ‘[01m[Kconst QObject*[m[K’
[5.455s]   443 | inline QMetaObject::Connection QObject::connect([01;36m[Kconst QObject *asender[m[K, const char *asignal,
[5.455s]       |                                                 [01;36m[K~~~~~~~~~~~~~~~^~~~~~~[m[K
[5.455s] [01m[K/home/chris/ros2_ws/src/rover/rover_gui/src/SecondaryWindow.cpp:70:12:[m[K [01;31m[Kerror: [m[Kno matching function for call to ‘[01m[KSecondaryWindow::connect(QPushButton&, void (QAbstractButton::*)(bool), SecondaryWindow*, void (SecondaryWindow::*)())[m[K’
[5.455s]    70 |     [01;31m[Kconnect(_editStreamBtn, &QPushButton::clicked, this, &SecondaryWindow::editStream)[m[K;
[5.455s]       |     [01;31m[K~~~~~~~^~~~~~~~~~~~~~~~~~~~~~~~~~~~~~~~~~~~~~~~~~~~~~~~~~~~~~~~~~~~~~~~~~~~~~~~~~~[m[K
[5.455s] In file included from [01m[K/usr/include/aarch64-linux-gnu/qt6/QtWidgets/qwidget.h:45[m[K,
[5.455s]                  from [01m[K/usr/include/aarch64-linux-gnu/qt6/QtWidgets/qmainwindow.h:44[m[K,
[5.455s]                  from [01m[K/usr/include/aarch64-linux-gnu/qt6/QtWidgets/QMainWindow:1[m[K,
[5.455s]                  from [01m[K/home/chris/ros2_ws/src/rover/rover_gui/src/SecondaryWindow.hpp:4[m[K,
[5.455s]                  from [01m[K/home/chris/ros2_ws/src/rover/rover_gui/src/SecondaryWindow.cpp:1[m[K:
[5.455s] [01m[K/usr/include/aarch64-linux-gnu/qt6/QtCore/qobject.h:217:43:[m[K [01;36m[Knote: [m[Kcandidate: ‘[01m[Kstatic QMetaObject::Connection QObject::connect(const typename QtPrivate::FunctionPointer<Func>::Object*, Func1, const typename QtPrivate::FunctionPointer<Func2>::Object*, Func2, Qt::ConnectionType) [with Func1 = void (QAbstractButton::*)(bool); Func2 = void (SecondaryWindow::*)(); typename QtPrivate::FunctionPointer<Func>::Object = QAbstractButton; typename QtPrivate::FunctionPointer<Func2>::Object = SecondaryWindow][m[K’
[5.455s]   217 |     static inline QMetaObject::Connection [01;36m[Kconnect[m[K(const typename QtPrivate::FunctionPointer<Func1>::Object *sender, Func1 signal,
[5.455s]       |                                           [01;36m[K^~~~~~~[m[K
[5.455s] [01m[K/usr/include/aarch64-linux-gnu/qt6/QtCore/qobject.h:217:109:[m[K [01;36m[Knote: [m[K  no known conversion for argument 1 from ‘[01m[KQPushButton[m[K’ to ‘[01m[Kconst Object*[m[K’ {aka ‘[01m[Kconst QAbstractButton*[m[K’}
[5.455s]   217 |     static inline QMetaObject::Connection connect([01;36m[Kconst typename QtPrivate::FunctionPointer<Func1>::Object *sender[m[K, Func1 signal,
[5.455s]       |                                                   [01;36m[K~~~~~~~~~~~~~~~~~~~~~~~~~~~~~~~~~~~~~~~~~~~~~~~~~~~~~~~~~~^~~~~~[m[K
[5.455s] [01m[K/usr/include/aarch64-linux-gnu/qt6/QtCore/qobject.h:249:13:[m[K [01;36m[Knote: [m[Kcandidate: ‘[01m[Ktemplate<class Func1, class Func2> static typename std::enable_if<((int)(QtPrivate::FunctionPointer<Func2>::ArgumentCount) >= 0), QMetaObject::Connection>::type QObject::connect(const typename QtPrivate::FunctionPointer<Func>::Object*, Func1, Func2)[m[K’
[5.455s]   249 |             [01;36m[Kconnect[m[K(const typename QtPrivate::FunctionPointer<Func1>::Object *sender, Func1 signal, Func2 slot)
[5.455s]       |             [01;36m[K^~~~~~~[m[K
[5.455s] [01m[K/usr/include/aarch64-linux-gnu/qt6/QtCore/qobject.h:249:13:[m[K [01;36m[Knote: [m[K  template argument deduction/substitution failed:
[5.455s] [01m[K/home/chris/ros2_ws/src/rover/rover_gui/src/SecondaryWindow.cpp:70:12:[m[K [01;36m[Knote: [m[K  candidate expects 3 arguments, 4 provided
[5.455s]    70 |     [01;36m[Kconnect(_editStreamBtn, &QPushButton::clicked, this, &SecondaryWindow::editStream)[m[K;
[5.455s]       |     [01;36m[K~~~~~~~^~~~~~~~~~~~~~~~~~~~~~~~~~~~~~~~~~~~~~~~~~~~~~~~~~~~~~~~~~~~~~~~~~~~~~~~~~~[m[K
[5.455s] In file included from [01m[K/usr/include/aarch64-linux-gnu/qt6/QtWidgets/qwidget.h:45[m[K,
[5.456s]                  from [01m[K/usr/include/aarch64-linux-gnu/qt6/QtWidgets/qmainwindow.h:44[m[K,
[5.456s]                  from [01m[K/usr/include/aarch64-linux-gnu/qt6/QtWidgets/QMainWindow:1[m[K,
[5.456s]                  from [01m[K/home/chris/ros2_ws/src/rover/rover_gui/src/SecondaryWindow.hpp:4[m[K,
[5.456s]                  from [01m[K/home/chris/ros2_ws/src/rover/rover_gui/src/SecondaryWindow.cpp:1[m[K:
[5.456s] [01m[K/usr/include/aarch64-linux-gnu/qt6/QtCore/qobject.h:258:13:[m[K [01;36m[Knote: [m[Kcandidate: ‘[01m[Ktemplate<class Func1, class Func2> static typename std::enable_if<(((int)(QtPrivate::FunctionPointer<Func2>::ArgumentCount) >= 0) && (! QtPrivate::FunctionPointer<Func2>::IsPointerToMemberFunction)), QMetaObject::Connection>::type QObject::connect(const typename QtPrivate::FunctionPointer<Func>::Object*, Func1, const QObject*, Func2, Qt::ConnectionType)[m[K’
[5.456s]   258 |             [01;36m[Kconnect[m[K(const typename QtPrivate::FunctionPointer<Func1>::Object *sender, Func1 signal, const QObject *context, Func2 slot,
[5.456s]       |             [01;36m[K^~~~~~~[m[K
[5.456s] [01m[K/usr/include/aarch64-linux-gnu/qt6/QtCore/qobject.h:258:13:[m[K [01;36m[Knote: [m[K  template argument deduction/substitution failed:
[5.456s] /usr/include/aarch64-linux-gnu/qt6/QtCore/qobject.h: In substitution of ‘[01m[Ktemplate<class Func1, class Func2> static typename std::enable_if<(((int)(QtPrivate::FunctionPointer<Func2>::ArgumentCount) >= 0) && (! QtPrivate::FunctionPointer<Func2>::IsPointerToMemberFunction)), QMetaObject::Connection>::type QObject::connect(const typename QtPrivate::FunctionPointer<Func>::Object*, Func1, const QObject*, Func2, Qt::ConnectionType) [with Func1 = void (QAbstractButton::*)(bool); Func2 = void (SecondaryWindow::*)()][m[K’:
[5.456s] [01m[K/home/chris/ros2_ws/src/rover/rover_gui/src/SecondaryWindow.cpp:70:12:[m[K   required from here
[5.456s] [01m[K/usr/include/aarch64-linux-gnu/qt6/QtCore/qobject.h:258:13:[m[K [01;31m[Kerror: [m[Kno type named ‘[01m[Ktype[m[K’ in ‘[01m[Kstruct std::enable_if<false, QMetaObject::Connection>[m[K’
[5.456s] [01m[K/usr/include/aarch64-linux-gnu/qt6/QtCore/qobject.h:289:13:[m[K [01;36m[Knote: [m[Kcandidate: ‘[01m[Ktemplate<class Func1, class Func2> static typename std::enable_if<(QtPrivate::FunctionPointer<Func2>::ArgumentCount == -1), QMetaObject::Connection>::type QObject::connect(const typename QtPrivate::FunctionPointer<Func>::Object*, Func1, Func2)[m[K’
[5.456s]   289 |             [01;36m[Kconnect[m[K(const typename QtPrivate::FunctionPointer<Func1>::Object *sender, Func1 signal, Func2 slot)
[5.459s]       |             [01;36m[K^~~~~~~[m[K
[5.459s] [01m[K/usr/include/aarch64-linux-gnu/qt6/QtCore/qobject.h:289:13:[m[K [01;36m[Knote: [m[K  template argument deduction/substitution failed:
[5.459s] [01m[K/home/chris/ros2_ws/src/rover/rover_gui/src/SecondaryWindow.cpp:70:12:[m[K [01;36m[Knote: [m[K  candidate expects 3 arguments, 4 provided
[5.459s]    70 |     [01;36m[Kconnect(_editStreamBtn, &QPushButton::clicked, this, &SecondaryWindow::editStream)[m[K;
[5.459s]       |     [01;36m[K~~~~~~~^~~~~~~~~~~~~~~~~~~~~~~~~~~~~~~~~~~~~~~~~~~~~~~~~~~~~~~~~~~~~~~~~~~~~~~~~~~[m[K
[5.459s] In file included from [01m[K/usr/include/aarch64-linux-gnu/qt6/QtWidgets/qwidget.h:45[m[K,
[5.459s]                  from [01m[K/usr/include/aarch64-linux-gnu/qt6/QtWidgets/qmainwindow.h:44[m[K,
[5.459s]                  from [01m[K/usr/include/aarch64-linux-gnu/qt6/QtWidgets/QMainWindow:1[m[K,
[5.459s]                  from [01m[K/home/chris/ros2_ws/src/rover/rover_gui/src/SecondaryWindow.hpp:4[m[K,
[5.459s]                  from [01m[K/home/chris/ros2_ws/src/rover/rover_gui/src/SecondaryWindow.cpp:1[m[K:
[5.459s] [01m[K/usr/include/aarch64-linux-gnu/qt6/QtCore/qobject.h:297:13:[m[K [01;36m[Knote: [m[Kcandidate: ‘[01m[Ktemplate<class Func1, class Func2> static typename std::enable_if<(QtPrivate::FunctionPointer<Func2>::ArgumentCount == -1), QMetaObject::Connection>::type QObject::connect(const typename QtPrivate::FunctionPointer<Func>::Object*, Func1, const QObject*, Func2, Qt::ConnectionType)[m[K’
[5.459s]   297 |             [01;36m[Kconnect[m[K(const typename QtPrivate::FunctionPointer<Func1>::Object *sender, Func1 signal, const QObject *context, Func2 slot,
[5.459s]       |             [01;36m[K^~~~~~~[m[K
[5.459s] [01m[K/usr/include/aarch64-linux-gnu/qt6/QtCore/qobject.h:297:13:[m[K [01;36m[Knote: [m[K  template argument deduction/substitution failed:
[5.459s] /usr/include/aarch64-linux-gnu/qt6/QtCore/qobject.h: In substitution of ‘[01m[Ktemplate<class Func1, class Func2> static typename std::enable_if<(QtPrivate::FunctionPointer<Func2>::ArgumentCount == -1), QMetaObject::Connection>::type QObject::connect(const typename QtPrivate::FunctionPointer<Func>::Object*, Func1, const QObject*, Func2, Qt::ConnectionType) [with Func1 = void (QAbstractButton::*)(bool); Func2 = void (SecondaryWindow::*)()][m[K’:
[5.459s] [01m[K/home/chris/ros2_ws/src/rover/rover_gui/src/SecondaryWindow.cpp:70:12:[m[K   required from here
[5.459s] [01m[K/usr/include/aarch64-linux-gnu/qt6/QtCore/qobject.h:297:13:[m[K [01;31m[Kerror: [m[Kno type named ‘[01m[Ktype[m[K’ in ‘[01m[Kstruct std::enable_if<false, QMetaObject::Connection>[m[K’
[5.459s] [01m[K/usr/include/aarch64-linux-gnu/qt6/QtCore/qobject.h:197:36:[m[K [01;36m[Knote: [m[Kcandidate: ‘[01m[Kstatic QMetaObject::Connection QObject::connect(const QObject*, const char*, const QObject*, const char*, Qt::ConnectionType)[m[K’
[5.459s]   197 |     static QMetaObject::Connection [01;36m[Kconnect[m[K(const QObject *sender, const char *signal,
[5.459s]       |                                    [01;36m[K^~~~~~~[m[K
[5.459s] [01m[K/usr/include/aarch64-linux-gnu/qt6/QtCore/qobject.h:197:59:[m[K [01;36m[Knote: [m[K  no known conversion for argument 1 from ‘[01m[KQPushButton[m[K’ to ‘[01m[Kconst QObject*[m[K’
[5.459s]   197 |     static QMetaObject::Connection connect([01;36m[Kconst QObject *sender[m[K, const char *signal,
[5.459s]       |                                            [01;36m[K~~~~~~~~~~~~~~~^~~~~~[m[K
[5.459s] [01m[K/usr/include/aarch64-linux-gnu/qt6/QtCore/qobject.h:200:36:[m[K [01;36m[Knote: [m[Kcandidate: ‘[01m[Kstatic QMetaObject::Connection QObject::connect(const QObject*, const QMetaMethod&, const QObject*, const QMetaMethod&, Qt::ConnectionType)[m[K’
[5.459s]   200 |     static QMetaObject::Connection [01;36m[Kconnect[m[K(const QObject *sender, const QMetaMethod &signal,
[5.459s]       |                                    [01;36m[K^~~~~~~[m[K
[5.459s] [01m[K/usr/include/aarch64-linux-gnu/qt6/QtCore/qobject.h:200:59:[m[K [01;36m[Knote: [m[K  no known conversion for argument 1 from ‘[01m[KQPushButton[m[K’ to ‘[01m[Kconst QObject*[m[K’
[5.460s]   200 |     static QMetaObject::Connection connect([01;36m[Kconst QObject *sender[m[K, const QMetaMethod &signal,
[5.460s]       |                                            [01;36m[K~~~~~~~~~~~~~~~^~~~~~[m[K
[5.460s] [01m[K/usr/include/aarch64-linux-gnu/qt6/QtCore/qobject.h:443:32:[m[K [01;36m[Knote: [m[Kcandidate: ‘[01m[KQMetaObject::Connection QObject::connect(const QObject*, const char*, const char*, Qt::ConnectionType) const[m[K’
[5.460s]   443 | inline QMetaObject::Connection [01;36m[KQObject[m[K::connect(const QObject *asender, const char *asignal,
[5.460s]       |                                [01;36m[K^~~~~~~[m[K
[5.460s] [01m[K/usr/include/aarch64-linux-gnu/qt6/QtCore/qobject.h:443:64:[m[K [01;36m[Knote: [m[K  no known conversion for argument 1 from ‘[01m[KQPushButton[m[K’ to ‘[01m[Kconst QObject*[m[K’
[5.460s]   443 | inline QMetaObject::Connection QObject::connect([01;36m[Kconst QObject *asender[m[K, const char *asignal,
[5.460s]       |                                                 [01;36m[K~~~~~~~~~~~~~~~^~~~~~~[m[K
[5.460s] [01m[K/home/chris/ros2_ws/src/rover/rover_gui/src/SecondaryWindow.cpp:71:12:[m[K [01;31m[Kerror: [m[Kno matching function for call to ‘[01m[KSecondaryWindow::connect(QPushButton&, void (QAbstractButton::*)(bool), SecondaryWindow*, void (SecondaryWindow::*)())[m[K’
[5.460s]    71 |     [01;31m[Kconnect(_removeStreamBtn, &QPushButton::clicked, this, &SecondaryWindow::removeStream)[m[K;
[5.460s]       |     [01;31m[K~~~~~~~^~~~~~~~~~~~~~~~~~~~~~~~~~~~~~~~~~~~~~~~~~~~~~~~~~~~~~~~~~~~~~~~~~~~~~~~~~~~~~~[m[K
[5.460s] In file included from [01m[K/usr/include/aarch64-linux-gnu/qt6/QtWidgets/qwidget.h:45[m[K,
[5.460s]                  from [01m[K/usr/include/aarch64-linux-gnu/qt6/QtWidgets/qmainwindow.h:44[m[K,
[5.460s]                  from [01m[K/usr/include/aarch64-linux-gnu/qt6/QtWidgets/QMainWindow:1[m[K,
[5.460s]                  from [01m[K/home/chris/ros2_ws/src/rover/rover_gui/src/SecondaryWindow.hpp:4[m[K,
[5.460s]                  from [01m[K/home/chris/ros2_ws/src/rover/rover_gui/src/SecondaryWindow.cpp:1[m[K:
[5.460s] [01m[K/usr/include/aarch64-linux-gnu/qt6/QtCore/qobject.h:217:43:[m[K [01;36m[Knote: [m[Kcandidate: ‘[01m[Kstatic QMetaObject::Connection QObject::connect(const typename QtPrivate::FunctionPointer<Func>::Object*, Func1, const typename QtPrivate::FunctionPointer<Func2>::Object*, Func2, Qt::ConnectionType) [with Func1 = void (QAbstractButton::*)(bool); Func2 = void (SecondaryWindow::*)(); typename QtPrivate::FunctionPointer<Func>::Object = QAbstractButton; typename QtPrivate::FunctionPointer<Func2>::Object = SecondaryWindow][m[K’
[5.460s]   217 |     static inline QMetaObject::Connection [01;36m[Kconnect[m[K(const typename QtPrivate::FunctionPointer<Func1>::Object *sender, Func1 signal,
[5.460s]       |                                           [01;36m[K^~~~~~~[m[K
[5.460s] [01m[K/usr/include/aarch64-linux-gnu/qt6/QtCore/qobject.h:217:109:[m[K [01;36m[Knote: [m[K  no known conversion for argument 1 from ‘[01m[KQPushButton[m[K’ to ‘[01m[Kconst Object*[m[K’ {aka ‘[01m[Kconst QAbstractButton*[m[K’}
[5.460s]   217 |     static inline QMetaObject::Connection connect([01;36m[Kconst typename QtPrivate::FunctionPointer<Func1>::Object *sender[m[K, Func1 signal,
[5.460s]       |                                                   [01;36m[K~~~~~~~~~~~~~~~~~~~~~~~~~~~~~~~~~~~~~~~~~~~~~~~~~~~~~~~~~~^~~~~~[m[K
[5.460s] [01m[K/usr/include/aarch64-linux-gnu/qt6/QtCore/qobject.h:249:13:[m[K [01;36m[Knote: [m[Kcandidate: ‘[01m[Ktemplate<class Func1, class Func2> static typename std::enable_if<((int)(QtPrivate::FunctionPointer<Func2>::ArgumentCount) >= 0), QMetaObject::Connection>::type QObject::connect(const typename QtPrivate::FunctionPointer<Func>::Object*, Func1, Func2)[m[K’
[5.460s]   249 |             [01;36m[Kconnect[m[K(const typename QtPrivate::FunctionPointer<Func1>::Object *sender, Func1 signal, Func2 slot)
[5.460s]       |             [01;36m[K^~~~~~~[m[K
[5.460s] [01m[K/usr/include/aarch64-linux-gnu/qt6/QtCore/qobject.h:249:13:[m[K [01;36m[Knote: [m[K  template argument deduction/substitution failed:
[5.460s] [01m[K/home/chris/ros2_ws/src/rover/rover_gui/src/SecondaryWindow.cpp:71:12:[m[K [01;36m[Knote: [m[K  candidate expects 3 arguments, 4 provided
[5.460s]    71 |     [01;36m[Kconnect(_removeStreamBtn, &QPushButton::clicked, this, &SecondaryWindow::removeStream)[m[K;
[5.460s]       |     [01;36m[K~~~~~~~^~~~~~~~~~~~~~~~~~~~~~~~~~~~~~~~~~~~~~~~~~~~~~~~~~~~~~~~~~~~~~~~~~~~~~~~~~~~~~~[m[K
[5.460s] In file included from [01m[K/usr/include/aarch64-linux-gnu/qt6/QtWidgets/qwidget.h:45[m[K,
[5.460s]                  from [01m[K/usr/include/aarch64-linux-gnu/qt6/QtWidgets/qmainwindow.h:44[m[K,
[5.460s]                  from [01m[K/usr/include/aarch64-linux-gnu/qt6/QtWidgets/QMainWindow:1[m[K,
[5.460s]                  from [01m[K/home/chris/ros2_ws/src/rover/rover_gui/src/SecondaryWindow.hpp:4[m[K,
[5.460s]                  from [01m[K/home/chris/ros2_ws/src/rover/rover_gui/src/SecondaryWindow.cpp:1[m[K:
[5.460s] [01m[K/usr/include/aarch64-linux-gnu/qt6/QtCore/qobject.h:258:13:[m[K [01;36m[Knote: [m[Kcandidate: ‘[01m[Ktemplate<class Func1, class Func2> static typename std::enable_if<(((int)(QtPrivate::FunctionPointer<Func2>::ArgumentCount) >= 0) && (! QtPrivate::FunctionPointer<Func2>::IsPointerToMemberFunction)), QMetaObject::Connection>::type QObject::connect(const typename QtPrivate::FunctionPointer<Func>::Object*, Func1, const QObject*, Func2, Qt::ConnectionType)[m[K’
[5.460s]   258 |             [01;36m[Kconnect[m[K(const typename QtPrivate::FunctionPointer<Func1>::Object *sender, Func1 signal, const QObject *context, Func2 slot,
[5.460s]       |             [01;36m[K^~~~~~~[m[K
[5.461s] [01m[K/usr/include/aarch64-linux-gnu/qt6/QtCore/qobject.h:258:13:[m[K [01;36m[Knote: [m[K  template argument deduction/substitution failed:
[5.461s] /usr/include/aarch64-linux-gnu/qt6/QtCore/qobject.h: In substitution of ‘[01m[Ktemplate<class Func1, class Func2> static typename std::enable_if<(((int)(QtPrivate::FunctionPointer<Func2>::ArgumentCount) >= 0) && (! QtPrivate::FunctionPointer<Func2>::IsPointerToMemberFunction)), QMetaObject::Connection>::type QObject::connect(const typename QtPrivate::FunctionPointer<Func>::Object*, Func1, const QObject*, Func2, Qt::ConnectionType) [with Func1 = void (QAbstractButton::*)(bool); Func2 = void (SecondaryWindow::*)()][m[K’:
[5.461s] [01m[K/home/chris/ros2_ws/src/rover/rover_gui/src/SecondaryWindow.cpp:71:12:[m[K   required from here
[5.461s] [01m[K/usr/include/aarch64-linux-gnu/qt6/QtCore/qobject.h:258:13:[m[K [01;31m[Kerror: [m[Kno type named ‘[01m[Ktype[m[K’ in ‘[01m[Kstruct std::enable_if<false, QMetaObject::Connection>[m[K’
[5.461s] [01m[K/usr/include/aarch64-linux-gnu/qt6/QtCore/qobject.h:289:13:[m[K [01;36m[Knote: [m[Kcandidate: ‘[01m[Ktemplate<class Func1, class Func2> static typename std::enable_if<(QtPrivate::FunctionPointer<Func2>::ArgumentCount == -1), QMetaObject::Connection>::type QObject::connect(const typename QtPrivate::FunctionPointer<Func>::Object*, Func1, Func2)[m[K’
[5.461s]   289 |             [01;36m[Kconnect[m[K(const typename QtPrivate::FunctionPointer<Func1>::Object *sender, Func1 signal, Func2 slot)
[5.461s]       |             [01;36m[K^~~~~~~[m[K
[5.461s] [01m[K/usr/include/aarch64-linux-gnu/qt6/QtCore/qobject.h:289:13:[m[K [01;36m[Knote: [m[K  template argument deduction/substitution failed:
[5.461s] [01m[K/home/chris/ros2_ws/src/rover/rover_gui/src/SecondaryWindow.cpp:71:12:[m[K [01;36m[Knote: [m[K  candidate expects 3 arguments, 4 provided
[5.461s]    71 |     [01;36m[Kconnect(_removeStreamBtn, &QPushButton::clicked, this, &SecondaryWindow::removeStream)[m[K;
[5.461s]       |     [01;36m[K~~~~~~~^~~~~~~~~~~~~~~~~~~~~~~~~~~~~~~~~~~~~~~~~~~~~~~~~~~~~~~~~~~~~~~~~~~~~~~~~~~~~~~[m[K
[5.461s] In file included from [01m[K/usr/include/aarch64-linux-gnu/qt6/QtWidgets/qwidget.h:45[m[K,
[5.461s]                  from [01m[K/usr/include/aarch64-linux-gnu/qt6/QtWidgets/qmainwindow.h:44[m[K,
[5.461s]                  from [01m[K/usr/include/aarch64-linux-gnu/qt6/QtWidgets/QMainWindow:1[m[K,
[5.461s]                  from [01m[K/home/chris/ros2_ws/src/rover/rover_gui/src/SecondaryWindow.hpp:4[m[K,
[5.461s]                  from [01m[K/home/chris/ros2_ws/src/rover/rover_gui/src/SecondaryWindow.cpp:1[m[K:
[5.461s] [01m[K/usr/include/aarch64-linux-gnu/qt6/QtCore/qobject.h:297:13:[m[K [01;36m[Knote: [m[Kcandidate: ‘[01m[Ktemplate<class Func1, class Func2> static typename std::enable_if<(QtPrivate::FunctionPointer<Func2>::ArgumentCount == -1), QMetaObject::Connection>::type QObject::connect(const typename QtPrivate::FunctionPointer<Func>::Object*, Func1, const QObject*, Func2, Qt::ConnectionType)[m[K’
[5.461s]   297 |             [01;36m[Kconnect[m[K(const typename QtPrivate::FunctionPointer<Func1>::Object *sender, Func1 signal, const QObject *context, Func2 slot,
[5.461s]       |             [01;36m[K^~~~~~~[m[K
[5.461s] [01m[K/usr/include/aarch64-linux-gnu/qt6/QtCore/qobject.h:297:13:[m[K [01;36m[Knote: [m[K  template argument deduction/substitution failed:
[5.461s] /usr/include/aarch64-linux-gnu/qt6/QtCore/qobject.h: In substitution of ‘[01m[Ktemplate<class Func1, class Func2> static typename std::enable_if<(QtPrivate::FunctionPointer<Func2>::ArgumentCount == -1), QMetaObject::Connection>::type QObject::connect(const typename QtPrivate::FunctionPointer<Func>::Object*, Func1, const QObject*, Func2, Qt::ConnectionType) [with Func1 = void (QAbstractButton::*)(bool); Func2 = void (SecondaryWindow::*)()][m[K’:
[5.461s] [01m[K/home/chris/ros2_ws/src/rover/rover_gui/src/SecondaryWindow.cpp:71:12:[m[K   required from here
[5.461s] [01m[K/usr/include/aarch64-linux-gnu/qt6/QtCore/qobject.h:297:13:[m[K [01;31m[Kerror: [m[Kno type named ‘[01m[Ktype[m[K’ in ‘[01m[Kstruct std::enable_if<false, QMetaObject::Connection>[m[K’
[5.461s] [01m[K/usr/include/aarch64-linux-gnu/qt6/QtCore/qobject.h:197:36:[m[K [01;36m[Knote: [m[Kcandidate: ‘[01m[Kstatic QMetaObject::Connection QObject::connect(const QObject*, const char*, const QObject*, const char*, Qt::ConnectionType)[m[K’
[5.461s]   197 |     static QMetaObject::Connection [01;36m[Kconnect[m[K(const QObject *sender, const char *signal,
[5.461s]       |                                    [01;36m[K^~~~~~~[m[K
[5.461s] [01m[K/usr/include/aarch64-linux-gnu/qt6/QtCore/qobject.h:197:59:[m[K [01;36m[Knote: [m[K  no known conversion for argument 1 from ‘[01m[KQPushButton[m[K’ to ‘[01m[Kconst QObject*[m[K’
[5.461s]   197 |     static QMetaObject::Connection connect([01;36m[Kconst QObject *sender[m[K, const char *signal,
[5.462s]       |                                            [01;36m[K~~~~~~~~~~~~~~~^~~~~~[m[K
[5.462s] [01m[K/usr/include/aarch64-linux-gnu/qt6/QtCore/qobject.h:200:36:[m[K [01;36m[Knote: [m[Kcandidate: ‘[01m[Kstatic QMetaObject::Connection QObject::connect(const QObject*, const QMetaMethod&, const QObject*, const QMetaMethod&, Qt::ConnectionType)[m[K’
[5.462s]   200 |     static QMetaObject::Connection [01;36m[Kconnect[m[K(const QObject *sender, const QMetaMethod &signal,
[5.462s]       |                                    [01;36m[K^~~~~~~[m[K
[5.462s] [01m[K/usr/include/aarch64-linux-gnu/qt6/QtCore/qobject.h:200:59:[m[K [01;36m[Knote: [m[K  no known conversion for argument 1 from ‘[01m[KQPushButton[m[K’ to ‘[01m[Kconst QObject*[m[K’
[5.462s]   200 |     static QMetaObject::Connection connect([01;36m[Kconst QObject *sender[m[K, const QMetaMethod &signal,
[5.462s]       |                                            [01;36m[K~~~~~~~~~~~~~~~^~~~~~[m[K
[5.462s] [01m[K/usr/include/aarch64-linux-gnu/qt6/QtCore/qobject.h:443:32:[m[K [01;36m[Knote: [m[Kcandidate: ‘[01m[KQMetaObject::Connection QObject::connect(const QObject*, const char*, const char*, Qt::ConnectionType) const[m[K’
[5.462s]   443 | inline QMetaObject::Connection [01;36m[KQObject[m[K::connect(const QObject *asender, const char *asignal,
[5.462s]       |                                [01;36m[K^~~~~~~[m[K
[5.462s] [01m[K/usr/include/aarch64-linux-gnu/qt6/QtCore/qobject.h:443:64:[m[K [01;36m[Knote: [m[K  no known conversion for argument 1 from ‘[01m[KQPushButton[m[K’ to ‘[01m[Kconst QObject*[m[K’
[5.462s]   443 | inline QMetaObject::Connection QObject::connect([01;36m[Kconst QObject *asender[m[K, const char *asignal,
[5.462s]       |                                                 [01;36m[K~~~~~~~~~~~~~~~^~~~~~~[m[K
[5.462s] [01m[K/home/chris/ros2_ws/src/rover/rover_gui/src/SecondaryWindow.cpp:[m[K In member function ‘[01m[Kvoid SecondaryWindow::setupSingleStreamView()[m[K’:
[5.465s] [01m[K/home/chris/ros2_ws/src/rover/rover_gui/src/SecondaryWindow.cpp:95:37:[m[K [01;31m[Kerror: [m[Kno match for ‘[01m[Koperator=[m[K’ (operand types are ‘[01m[KQWidget[m[K’ and ‘[01m[KQWidget*[m[K’)
[5.465s]    95 |     _singleStreamView = new QWidget([01;31m[K)[m[K;
[5.465s]       |                                     [01;31m[K^[m[K
[5.465s] In file included from [01m[K/usr/include/aarch64-linux-gnu/qt6/QtGui/qtguiglobal.h:43[m[K,
[5.465s]                  from [01m[K/usr/include/aarch64-linux-gnu/qt6/QtWidgets/qtwidgetsglobal.h:43[m[K,
[5.465s]                  from [01m[K/usr/include/aarch64-linux-gnu/qt6/QtWidgets/qmainwindow.h:43[m[K,
[5.465s]                  from [01m[K/usr/include/aarch64-linux-gnu/qt6/QtWidgets/QMainWindow:1[m[K,
[5.465s]                  from [01m[K/home/chris/ros2_ws/src/rover/rover_gui/src/SecondaryWindow.hpp:4[m[K,
[5.465s]                  from [01m[K/home/chris/ros2_ws/src/rover/rover_gui/src/SecondaryWindow.cpp:1[m[K:
[5.465s] [01m[K/usr/include/aarch64-linux-gnu/qt6/QtWidgets/qwidget.h:738:5:[m[K [01;36m[Knote: [m[Kcandidate: ‘[01m[KQWidget& QWidget::operator=(const QWidget&)[m[K’ (deleted)
[5.465s]   738 |     [01;36m[KQ_DISABLE_COPY[m[K(QWidget)
[5.465s]       |     [01;36m[K^~~~~~~~~~~~~~[m[K
[5.465s] [01m[K/usr/include/aarch64-linux-gnu/qt6/QtWidgets/qwidget.h:738:5:[m[K [01;36m[Knote: [m[K  no known conversion for argument 1 from ‘[01m[KQWidget*[m[K’ to ‘[01m[Kconst QWidget&[m[K’
[5.465s]   738 |     [01;36m[KQ_DISABLE_COPY[m[K(QWidget)
[5.465s]       |     [01;36m[K^~~~~~~~~~~~~~[m[K
[5.465s] [01m[K/home/chris/ros2_ws/src/rover/rover_gui/src/SecondaryWindow.cpp:96:60:[m[K [01;31m[Kerror: [m[Kno matching function for call to ‘[01m[KQVBoxLayout::QVBoxLayout(QWidget&)[m[K’
[5.465s]    96 |     QVBoxLayout* layout = new QVBoxLayout(_singleStreamView[01;31m[K)[m[K;
[5.465s]       |                                                            [01;31m[K^[m[K
[5.465s] In file included from [01m[K/usr/include/aarch64-linux-gnu/qt6/QtWidgets/qlayout.h:168[m[K,
[5.465s]                  from [01m[K/usr/include/aarch64-linux-gnu/qt6/QtWidgets/qgridlayout.h:44[m[K,
[5.465s]                  from [01m[K/usr/include/aarch64-linux-gnu/qt6/QtWidgets/QGridLayout:1[m[K,
[5.465s]                  from [01m[K/home/chris/ros2_ws/src/rover/rover_gui/src/SecondaryWindow.hpp:5[m[K,
[5.465s]                  from [01m[K/home/chris/ros2_ws/src/rover/rover_gui/src/SecondaryWindow.cpp:1[m[K:
[5.465s] [01m[K/usr/include/aarch64-linux-gnu/qt6/QtWidgets/qboxlayout.h:131:14:[m[K [01;36m[Knote: [m[Kcandidate: ‘[01m[KQVBoxLayout::QVBoxLayout(QWidget*)[m[K’
[5.465s]   131 |     explicit [01;36m[KQVBoxLayout[m[K(QWidget *parent);
[5.466s]       |              [01;36m[K^~~~~~~~~~~[m[K
[5.466s] [01m[K/usr/include/aarch64-linux-gnu/qt6/QtWidgets/qboxlayout.h:131:35:[m[K [01;36m[Knote: [m[K  no known conversion for argument 1 from ‘[01m[KQWidget[m[K’ to ‘[01m[KQWidget*[m[K’
[5.466s]   131 |     explicit QVBoxLayout([01;36m[KQWidget *parent[m[K);
[5.466s]       |                          [01;36m[K~~~~~~~~~^~~~~~[m[K
[5.466s] [01m[K/usr/include/aarch64-linux-gnu/qt6/QtWidgets/qboxlayout.h:130:5:[m[K [01;36m[Knote: [m[Kcandidate: ‘[01m[KQVBoxLayout::QVBoxLayout()[m[K’
[5.466s]   130 |     [01;36m[KQVBoxLayout[m[K();
[5.466s]       |     [01;36m[K^~~~~~~~~~~[m[K
[5.466s] [01m[K/usr/include/aarch64-linux-gnu/qt6/QtWidgets/qboxlayout.h:130:5:[m[K [01;36m[Knote: [m[K  candidate expects 0 arguments, 1 provided
[5.466s] [01m[K/home/chris/ros2_ws/src/rover/rover_gui/src/SecondaryWindow.cpp:100:45:[m[K [01;31m[Kerror: [m[Kno match for ‘[01m[Koperator=[m[K’ (operand types are ‘[01m[KQStackedWidget[m[K’ and ‘[01m[KQStackedWidget*[m[K’)
[5.466s]   100 |     _singleStreamStack = new QStackedWidget([01;31m[K)[m[K;
[5.466s]       |                                             [01;31m[K^[m[K
[5.466s] In file included from [01m[K/usr/include/aarch64-linux-gnu/qt6/QtGui/qtguiglobal.h:43[m[K,
[5.466s]                  from [01m[K/usr/include/aarch64-linux-gnu/qt6/QtWidgets/qtwidgetsglobal.h:43[m[K,
[5.466s]                  from [01m[K/usr/include/aarch64-linux-gnu/qt6/QtWidgets/qmainwindow.h:43[m[K,
[5.466s]                  from [01m[K/usr/include/aarch64-linux-gnu/qt6/QtWidgets/QMainWindow:1[m[K,
[5.466s]                  from [01m[K/home/chris/ros2_ws/src/rover/rover_gui/src/SecondaryWindow.hpp:4[m[K,
[5.466s]                  from [01m[K/home/chris/ros2_ws/src/rover/rover_gui/src/SecondaryWindow.cpp:1[m[K:
[5.466s] [01m[K/usr/include/aarch64-linux-gnu/qt6/QtWidgets/qstackedwidget.h:85:5:[m[K [01;36m[Knote: [m[Kcandidate: ‘[01m[KQStackedWidget& QStackedWidget::operator=(const QStackedWidget&)[m[K’ (deleted)
[5.466s]    85 |     [01;36m[KQ_DISABLE_COPY[m[K(QStackedWidget)
[5.466s]       |     [01;36m[K^~~~~~~~~~~~~~[m[K
[5.466s] [01m[K/usr/include/aarch64-linux-gnu/qt6/QtWidgets/qstackedwidget.h:85:5:[m[K [01;36m[Knote: [m[K  no known conversion for argument 1 from ‘[01m[KQStackedWidget*[m[K’ to ‘[01m[Kconst QStackedWidget&[m[K’
[5.466s]    85 |     [01;36m[KQ_DISABLE_COPY[m[K(QStackedWidget)
[5.466s]       |     [01;36m[K^~~~~~~~~~~~~~[m[K
[5.466s] [01m[K/home/chris/ros2_ws/src/rover/rover_gui/src/SecondaryWindow.cpp:101:23:[m[K [01;31m[Kerror: [m[Kcannot convert ‘[01m[KQStackedWidget[m[K’ to ‘[01m[KQWidget*[m[K’
[5.466s]   101 |     layout->addWidget([01;31m[K_singleStreamStack[m[K);
[5.466s]       |                       [01;31m[K^~~~~~~~~~~~~~~~~~[m[K
[5.466s]       |                       [01;31m[K|[m[K
[5.466s]       |                       [01;31m[KQStackedWidget[m[K
[5.466s] In file included from [01m[K/usr/include/aarch64-linux-gnu/qt6/QtWidgets/qlayout.h:168[m[K,
[5.466s]                  from [01m[K/usr/include/aarch64-linux-gnu/qt6/QtWidgets/qgridlayout.h:44[m[K,
[5.466s]                  from [01m[K/usr/include/aarch64-linux-gnu/qt6/QtWidgets/QGridLayout:1[m[K,
[5.466s]                  from [01m[K/home/chris/ros2_ws/src/rover/rover_gui/src/SecondaryWindow.hpp:5[m[K,
[5.466s]                  from [01m[K/home/chris/ros2_ws/src/rover/rover_gui/src/SecondaryWindow.cpp:1[m[K:
[5.466s] [01m[K/usr/include/aarch64-linux-gnu/qt6/QtWidgets/qboxlayout.h:74:20:[m[K [01;36m[Knote: [m[K  initializing argument 1 of ‘[01m[Kvoid QBoxLayout::addWidget(QWidget*, int, Qt::Alignment)[m[K’
[5.466s]    74 |     void addWidget([01;36m[KQWidget *[m[K, int stretch = 0, Qt::Alignment alignment = Qt::Alignment());
[5.466s]       |                    [01;36m[K^~~~~~~~~[m[K
[5.466s] [01m[K/home/chris/ros2_ws/src/rover/rover_gui/src/SecondaryWindow.cpp:[m[K In member function ‘[01m[Kvoid SecondaryWindow::setupMultiStreamView()[m[K’:
[5.466s] [01m[K/home/chris/ros2_ws/src/rover/rover_gui/src/SecondaryWindow.cpp:106:36:[m[K [01;31m[Kerror: [m[Kno match for ‘[01m[Koperator=[m[K’ (operand types are ‘[01m[KQWidget[m[K’ and ‘[01m[KQWidget*[m[K’)
[5.466s]   106 |     _multiStreamView = new QWidget([01;31m[K)[m[K;
[5.466s]       |                                    [01;31m[K^[m[K
[5.467s] In file included from [01m[K/usr/include/aarch64-linux-gnu/qt6/QtGui/qtguiglobal.h:43[m[K,
[5.467s]                  from [01m[K/usr/include/aarch64-linux-gnu/qt6/QtWidgets/qtwidgetsglobal.h:43[m[K,
[5.467s]                  from [01m[K/usr/include/aarch64-linux-gnu/qt6/QtWidgets/qmainwindow.h:43[m[K,
[5.467s]                  from [01m[K/usr/include/aarch64-linux-gnu/qt6/QtWidgets/QMainWindow:1[m[K,
[5.467s]                  from [01m[K/home/chris/ros2_ws/src/rover/rover_gui/src/SecondaryWindow.hpp:4[m[K,
[5.467s]                  from [01m[K/home/chris/ros2_ws/src/rover/rover_gui/src/SecondaryWindow.cpp:1[m[K:
[5.467s] [01m[K/usr/include/aarch64-linux-gnu/qt6/QtWidgets/qwidget.h:738:5:[m[K [01;36m[Knote: [m[Kcandidate: ‘[01m[KQWidget& QWidget::operator=(const QWidget&)[m[K’ (deleted)
[5.467s]   738 |     [01;36m[KQ_DISABLE_COPY[m[K(QWidget)
[5.467s]       |     [01;36m[K^~~~~~~~~~~~~~[m[K
[5.467s] [01m[K/usr/include/aarch64-linux-gnu/qt6/QtWidgets/qwidget.h:738:5:[m[K [01;36m[Knote: [m[K  no known conversion for argument 1 from ‘[01m[KQWidget*[m[K’ to ‘[01m[Kconst QWidget&[m[K’
[5.467s]   738 |     [01;36m[KQ_DISABLE_COPY[m[K(QWidget)
[5.467s]       |     [01;36m[K^~~~~~~~~~~~~~[m[K
[5.467s] [01m[K/home/chris/ros2_ws/src/rover/rover_gui/src/SecondaryWindow.cpp:107:59:[m[K [01;31m[Kerror: [m[Kno matching function for call to ‘[01m[KQVBoxLayout::QVBoxLayout(QWidget&)[m[K’
[5.467s]   107 |     QVBoxLayout* layout = new QVBoxLayout(_multiStreamView[01;31m[K)[m[K;
[5.467s]       |                                                           [01;31m[K^[m[K
[5.467s] In file included from [01m[K/usr/include/aarch64-linux-gnu/qt6/QtWidgets/qlayout.h:168[m[K,
[5.467s]                  from [01m[K/usr/include/aarch64-linux-gnu/qt6/QtWidgets/qgridlayout.h:44[m[K,
[5.467s]                  from [01m[K/usr/include/aarch64-linux-gnu/qt6/QtWidgets/QGridLayout:1[m[K,
[5.467s]                  from [01m[K/home/chris/ros2_ws/src/rover/rover_gui/src/SecondaryWindow.hpp:5[m[K,
[5.467s]                  from [01m[K/home/chris/ros2_ws/src/rover/rover_gui/src/SecondaryWindow.cpp:1[m[K:
[5.467s] [01m[K/usr/include/aarch64-linux-gnu/qt6/QtWidgets/qboxlayout.h:131:14:[m[K [01;36m[Knote: [m[Kcandidate: ‘[01m[KQVBoxLayout::QVBoxLayout(QWidget*)[m[K’
[5.467s]   131 |     explicit [01;36m[KQVBoxLayout[m[K(QWidget *parent);
[5.467s]       |              [01;36m[K^~~~~~~~~~~[m[K
[5.467s] [01m[K/usr/include/aarch64-linux-gnu/qt6/QtWidgets/qboxlayout.h:131:35:[m[K [01;36m[Knote: [m[K  no known conversion for argument 1 from ‘[01m[KQWidget[m[K’ to ‘[01m[KQWidget*[m[K’
[5.467s]   131 |     explicit QVBoxLayout([01;36m[KQWidget *parent[m[K);
[5.467s]       |                          [01;36m[K~~~~~~~~~^~~~~~[m[K
[5.467s] [01m[K/usr/include/aarch64-linux-gnu/qt6/QtWidgets/qboxlayout.h:130:5:[m[K [01;36m[Knote: [m[Kcandidate: ‘[01m[KQVBoxLayout::QVBoxLayout()[m[K’
[5.467s]   130 |     [01;36m[KQVBoxLayout[m[K();
[5.467s]       |     [01;36m[K^~~~~~~~~~~[m[K
[5.467s] [01m[K/usr/include/aarch64-linux-gnu/qt6/QtWidgets/qboxlayout.h:130:5:[m[K [01;36m[Knote: [m[K  candidate expects 0 arguments, 1 provided
[5.467s] [01m[K/home/chris/ros2_ws/src/rover/rover_gui/src/SecondaryWindow.cpp:111:40:[m[K [01;31m[Kerror: [m[Kno match for ‘[01m[Koperator=[m[K’ (operand types are ‘[01m[KQGridLayout[m[K’ and ‘[01m[KQGridLayout*[m[K’)
[5.467s]   111 |     _multiStreamGrid = new QGridLayout([01;31m[K)[m[K;
[5.467s]       |                                        [01;31m[K^[m[K
[5.467s] In file included from [01m[K/usr/include/aarch64-linux-gnu/qt6/QtGui/qtguiglobal.h:43[m[K,
[5.467s]                  from [01m[K/usr/include/aarch64-linux-gnu/qt6/QtWidgets/qtwidgetsglobal.h:43[m[K,
[5.467s]                  from [01m[K/usr/include/aarch64-linux-gnu/qt6/QtWidgets/qmainwindow.h:43[m[K,
[5.467s]                  from [01m[K/usr/include/aarch64-linux-gnu/qt6/QtWidgets/QMainWindow:1[m[K,
[5.467s]                  from [01m[K/home/chris/ros2_ws/src/rover/rover_gui/src/SecondaryWindow.hpp:4[m[K,
[5.467s]                  from [01m[K/home/chris/ros2_ws/src/rover/rover_gui/src/SecondaryWindow.cpp:1[m[K:
[5.467s] [01m[K/usr/include/aarch64-linux-gnu/qt6/QtWidgets/qgridlayout.h:124:5:[m[K [01;36m[Knote: [m[Kcandidate: ‘[01m[KQGridLayout& QGridLayout::operator=(const QGridLayout&)[m[K’ (deleted)
[5.467s]   124 |     [01;36m[KQ_DISABLE_COPY[m[K(QGridLayout)
[5.467s]       |     [01;36m[K^~~~~~~~~~~~~~[m[K
[5.467s] [01m[K/usr/include/aarch64-linux-gnu/qt6/QtWidgets/qgridlayout.h:124:5:[m[K [01;36m[Knote: [m[K  no known conversion for argument 1 from ‘[01m[KQGridLayout*[m[K’ to ‘[01m[Kconst QGridLayout&[m[K’
[5.468s]   124 |     [01;36m[KQ_DISABLE_COPY[m[K(QGridLayout)
[5.468s]       |     [01;36m[K^~~~~~~~~~~~~~[m[K
[5.468s] [01m[K/home/chris/ros2_ws/src/rover/rover_gui/src/SecondaryWindow.cpp:112:21:[m[K [01;31m[Kerror: [m[Kbase operand of ‘[01m[K->[m[K’ has non-pointer type ‘[01m[KQGridLayout[m[K’
[5.468s]   112 |     _multiStreamGrid[01;31m[K->[m[KsetSpacing(4);
[5.468s]       |                     [01;31m[K^~[m[K
[5.468s] [01m[K/home/chris/ros2_ws/src/rover/rover_gui/src/SecondaryWindow.cpp:113:23:[m[K [01;31m[Kerror: [m[Kcannot convert ‘[01m[KQGridLayout[m[K’ to ‘[01m[KQLayout*[m[K’
[5.468s]   113 |     layout->addLayout([01;31m[K_multiStreamGrid[m[K);
[5.468s]       |                       [01;31m[K^~~~~~~~~~~~~~~~[m[K
[5.468s]       |                       [01;31m[K|[m[K
[5.468s]       |                       [01;31m[KQGridLayout[m[K
[5.468s] In file included from [01m[K/usr/include/aarch64-linux-gnu/qt6/QtWidgets/qlayout.h:168[m[K,
[5.468s]                  from [01m[K/usr/include/aarch64-linux-gnu/qt6/QtWidgets/qgridlayout.h:44[m[K,
[5.468s]                  from [01m[K/usr/include/aarch64-linux-gnu/qt6/QtWidgets/QGridLayout:1[m[K,
[5.468s]                  from [01m[K/home/chris/ros2_ws/src/rover/rover_gui/src/SecondaryWindow.hpp:5[m[K,
[5.471s]                  from [01m[K/home/chris/ros2_ws/src/rover/rover_gui/src/SecondaryWindow.cpp:1[m[K:
[5.471s] [01m[K/usr/include/aarch64-linux-gnu/qt6/QtWidgets/qboxlayout.h:75:29:[m[K [01;36m[Knote: [m[K  initializing argument 1 of ‘[01m[Kvoid QBoxLayout::addLayout(QLayout*, int)[m[K’
[5.471s]    75 |     void addLayout([01;36m[KQLayout *layout[m[K, int stretch = 0);
[5.471s]       |                    [01;36m[K~~~~~~~~~^~~~~~[m[K
[5.471s] [01m[K/home/chris/ros2_ws/src/rover/rover_gui/src/SecondaryWindow.cpp:[m[K In member function ‘[01m[Kvoid SecondaryWindow::updateLayout()[m[K’:
[5.471s] [01m[K/home/chris/ros2_ws/src/rover/rover_gui/src/SecondaryWindow.cpp:119:37:[m[K [01;31m[Kerror: [m[Kbase operand of ‘[01m[K->[m[K’ has non-pointer type ‘[01m[KQComboBox[m[K’
[5.471s]   119 |     int layoutMode = _layoutSelector[01;31m[K->[m[KcurrentIndex();
[5.471s]       |                                     [01;31m[K^~[m[K
[5.471s] [01m[K/home/chris/ros2_ws/src/rover/rover_gui/src/SecondaryWindow.cpp:122:30:[m[K [01;31m[Kerror: [m[Kbase operand of ‘[01m[K->[m[K’ has non-pointer type ‘[01m[KQStackedWidget[m[K’
[5.471s]   122 |     while (_singleStreamStack[01;31m[K->[m[Kcount() > 0) {
[5.471s]       |                              [01;31m[K^~[m[K
[5.471s] [01m[K/home/chris/ros2_ws/src/rover/rover_gui/src/SecondaryWindow.cpp:123:45:[m[K [01;31m[Kerror: [m[Kbase operand of ‘[01m[K->[m[K’ has non-pointer type ‘[01m[KQStackedWidget[m[K’
[5.471s]   123 |         QWidget* widget = _singleStreamStack[01;31m[K->[m[Kwidget(0);
[5.471s]       |                                             [01;31m[K^~[m[K
[5.471s] [01m[K/home/chris/ros2_ws/src/rover/rover_gui/src/SecondaryWindow.cpp:124:27:[m[K [01;31m[Kerror: [m[Kbase operand of ‘[01m[K->[m[K’ has non-pointer type ‘[01m[KQStackedWidget[m[K’
[5.471s]   124 |         _singleStreamStack[01;31m[K->[m[KremoveWidget(widget);
[5.471s]       |                           [01;31m[K^~[m[K
[5.471s] [01m[K/home/chris/ros2_ws/src/rover/rover_gui/src/SecondaryWindow.cpp:127:28:[m[K [01;31m[Kerror: [m[Kbase operand of ‘[01m[K->[m[K’ has non-pointer type ‘[01m[KQGridLayout[m[K’
[5.471s]   127 |     while (_multiStreamGrid[01;31m[K->[m[Kcount() > 0) {
[5.471s]       |                            [01;31m[K^~[m[K
[5.471s] [01m[K/home/chris/ros2_ws/src/rover/rover_gui/src/SecondaryWindow.cpp:128:45:[m[K [01;31m[Kerror: [m[Kbase operand of ‘[01m[K->[m[K’ has non-pointer type ‘[01m[KQGridLayout[m[K’
[5.471s]   128 |         QLayoutItem* item = _multiStreamGrid[01;31m[K->[m[KtakeAt(0);
[5.471s]       |                                             [01;31m[K^~[m[K
[5.472s] [01m[K/home/chris/ros2_ws/src/rover/rover_gui/src/SecondaryWindow.cpp:151:35:[m[K [01;31m[Kerror: [m[Kbase operand of ‘[01m[K->[m[K’ has non-pointer type ‘[01m[KQStackedWidget[m[K’
[5.472s]   151 |                 _singleStreamStack[01;31m[K->[m[KaddWidget(container);
[5.472s]       |                                   [01;31m[K^~[m[K
[5.472s] [01m[K/home/chris/ros2_ws/src/rover/rover_gui/src/SecondaryWindow.cpp:155:35:[m[K [01;31m[Kerror: [m[Kbase operand of ‘[01m[K->[m[K’ has non-pointer type ‘[01m[KQStackedWidget[m[K’
[5.472s]   155 |             if (_singleStreamStack[01;31m[K->[m[Kcount() > 0) {
[5.472s]       |                                   [01;31m[K^~[m[K
[5.472s] [01m[K/home/chris/ros2_ws/src/rover/rover_gui/src/SecondaryWindow.cpp:156:35:[m[K [01;31m[Kerror: [m[Kbase operand of ‘[01m[K->[m[K’ has non-pointer type ‘[01m[KQStackedWidget[m[K’
[5.472s]   156 |                 _singleStreamStack[01;31m[K->[m[KsetCurrentIndex(_currentStreamIndex);
[5.472s]       |                                   [01;31m[K^~[m[K
[5.472s] [01m[K/home/chris/ros2_ws/src/rover/rover_gui/src/SecondaryWindow.cpp:160:25:[m[K [01;31m[Kerror: [m[Kbase operand of ‘[01m[K->[m[K’ has non-pointer type ‘[01m[KQStackedWidget[m[K’
[5.472s]   160 |             _layoutStack[01;31m[K->[m[KsetCurrentWidget(_singleStreamView);
[5.472s]       |                         [01;31m[K^~[m[K
[5.472s] [01m[K/home/chris/ros2_ws/src/rover/rover_gui/src/SecondaryWindow.cpp:178:33:[m[K [01;31m[Kerror: [m[Kbase operand of ‘[01m[K->[m[K’ has non-pointer type ‘[01m[KQGridLayout[m[K’
[5.472s]   178 |                 _multiStreamGrid[01;31m[K->[m[KaddWidget(container, static_cast<int>(i), 0);
[5.472s]       |                                 [01;31m[K^~[m[K
[5.472s] [01m[K/home/chris/ros2_ws/src/rover/rover_gui/src/SecondaryWindow.cpp:180:25:[m[K [01;31m[Kerror: [m[Kbase operand of ‘[01m[K->[m[K’ has non-pointer type ‘[01m[KQStackedWidget[m[K’
[5.472s]   180 |             _layoutStack[01;31m[K->[m[KsetCurrentWidget(_multiStreamView);
[5.472s]       |                         [01;31m[K^~[m[K
[5.472s] [01m[K/home/chris/ros2_ws/src/rover/rover_gui/src/SecondaryWindow.cpp:201:37:[m[K [01;31m[Kerror: [m[Kbase operand of ‘[01m[K->[m[K’ has non-pointer type ‘[01m[KQGridLayout[m[K’
[5.472s]   201 |                     _multiStreamGrid[01;31m[K->[m[KaddWidget(container, 0, static_cast<int>(i));
[5.472s]       |                                     [01;31m[K^~[m[K
[5.472s] [01m[K/home/chris/ros2_ws/src/rover/rover_gui/src/SecondaryWindow.cpp:215:33:[m[K [01;31m[Kerror: [m[Kbase operand of ‘[01m[K->[m[K’ has non-pointer type ‘[01m[KQGridLayout[m[K’
[5.472s]   215 |                 _multiStreamGrid[01;31m[K->[m[KaddWidget(container, 1, 0, 1, 2);
[5.472s]       |                                 [01;31m[K^~[m[K
[5.472s] [01m[K/home/chris/ros2_ws/src/rover/rover_gui/src/SecondaryWindow.cpp:233:37:[m[K [01;31m[Kerror: [m[Kbase operand of ‘[01m[K->[m[K’ has non-pointer type ‘[01m[KQGridLayout[m[K’
[5.472s]   233 |                     _multiStreamGrid[01;31m[K->[m[KaddWidget(container, row, col);
[5.472s]       |                                     [01;31m[K^~[m[K
[5.472s] [01m[K/home/chris/ros2_ws/src/rover/rover_gui/src/SecondaryWindow.cpp:236:25:[m[K [01;31m[Kerror: [m[Kbase operand of ‘[01m[K->[m[K’ has non-pointer type ‘[01m[KQStackedWidget[m[K’
[5.472s]   236 |             _layoutStack[01;31m[K->[m[KsetCurrentWidget(_multiStreamView);
[5.472s]       |                         [01;31m[K^~[m[K
[5.472s] [01m[K/home/chris/ros2_ws/src/rover/rover_gui/src/SecondaryWindow.cpp:242:18:[m[K [01;31m[Kerror: [m[Kbase operand of ‘[01m[K->[m[K’ has non-pointer type ‘[01m[KQPushButton[m[K’
[5.472s]   242 |     _addStreamBtn[01;31m[K->[m[KsetEnabled(static_cast<int>(_streams.size()) < _maxStreams);
[5.472s]       |                  [01;31m[K^~[m[K
[5.472s] [01m[K/home/chris/ros2_ws/src/rover/rover_gui/src/SecondaryWindow.cpp:243:21:[m[K [01;31m[Kerror: [m[Kbase operand of ‘[01m[K->[m[K’ has non-pointer type ‘[01m[KQPushButton[m[K’
[5.472s]   243 |     _removeStreamBtn[01;31m[K->[m[KsetEnabled(_streams.size() > 1);
[5.472s]       |                     [01;31m[K^~[m[K
[5.472s] [01m[K/home/chris/ros2_ws/src/rover/rover_gui/src/SecondaryWindow.cpp:244:19:[m[K [01;31m[Kerror: [m[Kbase operand of ‘[01m[K->[m[K’ has non-pointer type ‘[01m[KQPushButton[m[K’
[5.473s]   244 |     _editStreamBtn[01;31m[K->[m[KsetEnabled(!_streams.empty());
[5.473s]       |                   [01;31m[K^~[m[K
[5.473s] [01m[K/home/chris/ros2_ws/src/rover/rover_gui/src/SecondaryWindow.cpp:[m[K In member function ‘[01m[Kvoid SecondaryWindow::updateStreamSelectionCombo()[m[K’:
[5.473s] [01m[K/home/chris/ros2_ws/src/rover/rover_gui/src/SecondaryWindow.cpp:282:40:[m[K [01;31m[Kerror: [m[Kbase operand of ‘[01m[K->[m[K’ has non-pointer type ‘[01m[KQComboBox[m[K’
[5.473s]   282 |     int previousIndex = _streamSelector[01;31m[K->[m[KcurrentIndex();
[5.473s]       |                                        [01;31m[K^~[m[K
[5.473s] [01m[K/home/chris/ros2_ws/src/rover/rover_gui/src/SecondaryWindow.cpp:288:20:[m[K [01;31m[Kerror: [m[Kbase operand of ‘[01m[K->[m[K’ has non-pointer type ‘[01m[KQComboBox[m[K’
[5.473s]   288 |     _streamSelector[01;31m[K->[m[KblockSignals(true);
[5.473s]       |                    [01;31m[K^~[m[K
[5.473s] [01m[K/home/chris/ros2_ws/src/rover/rover_gui/src/SecondaryWindow.cpp:289:20:[m[K [01;31m[Kerror: [m[Kbase operand of ‘[01m[K->[m[K’ has non-pointer type ‘[01m[KQComboBox[m[K’
[5.473s]   289 |     _streamSelector[01;31m[K->[m[Kclear();
[5.473s]       |                    [01;31m[K^~[m[K
[5.473s] [01m[K/home/chris/ros2_ws/src/rover/rover_gui/src/SecondaryWindow.cpp:293:24:[m[K [01;31m[Kerror: [m[Kbase operand of ‘[01m[K->[m[K’ has non-pointer type ‘[01m[KQComboBox[m[K’
[5.473s]   293 |         _streamSelector[01;31m[K->[m[KaddItem(streamInfo.name);
[5.473s]       |                        [01;31m[K^~[m[K
[5.473s] [01m[K/home/chris/ros2_ws/src/rover/rover_gui/src/SecondaryWindow.cpp:297:24:[m[K [01;31m[Kerror: [m[Kbase operand of ‘[01m[K->[m[K’ has non-pointer type ‘[01m[KQComboBox[m[K’
[5.473s]   297 |     if (_streamSelector[01;31m[K->[m[Kcount() > 0) {
[5.473s]       |                        [01;31m[K^~[m[K
[5.473s] [01m[K/home/chris/ros2_ws/src/rover/rover_gui/src/SecondaryWindow.cpp:299:59:[m[K [01;31m[Kerror: [m[Kbase operand of ‘[01m[K->[m[K’ has non-pointer type ‘[01m[KQComboBox[m[K’
[5.473s]   299 |         int newIndex = qMin(previousIndex, _streamSelector[01;31m[K->[m[Kcount() - 1);
[5.473s]       |                                                           [01;31m[K^~[m[K
[5.473s] [01m[K/home/chris/ros2_ws/src/rover/rover_gui/src/SecondaryWindow.cpp:300:24:[m[K [01;31m[Kerror: [m[Kbase operand of ‘[01m[K->[m[K’ has non-pointer type ‘[01m[KQComboBox[m[K’
[5.473s]   300 |         _streamSelector[01;31m[K->[m[KsetCurrentIndex(newIndex);
[5.473s]       |                        [01;31m[K^~[m[K
[5.473s] [01m[K/home/chris/ros2_ws/src/rover/rover_gui/src/SecondaryWindow.cpp:304:20:[m[K [01;31m[Kerror: [m[Kbase operand of ‘[01m[K->[m[K’ has non-pointer type ‘[01m[KQComboBox[m[K’
[5.473s]   304 |     _streamSelector[01;31m[K->[m[KblockSignals(false);
[5.473s]       |                    [01;31m[K^~[m[K
[5.473s] [01m[K/home/chris/ros2_ws/src/rover/rover_gui/src/SecondaryWindow.cpp:[m[K In member function ‘[01m[Kvoid SecondaryWindow::editStream()[m[K’:
[5.473s] [01m[K/home/chris/ros2_ws/src/rover/rover_gui/src/SecondaryWindow.cpp:363:32:[m[K [01;31m[Kerror: [m[Kbase operand of ‘[01m[K->[m[K’ has non-pointer type ‘[01m[KQComboBox[m[K’
[5.473s]   363 |     int index = _streamSelector[01;31m[K->[m[KcurrentIndex();
[5.473s]       |                                [01;31m[K^~[m[K
[5.473s] [01m[K/home/chris/ros2_ws/src/rover/rover_gui/src/SecondaryWindow.cpp:[m[K In member function ‘[01m[Kvoid SecondaryWindow::removeStream()[m[K’:
[5.473s] [01m[K/home/chris/ros2_ws/src/rover/rover_gui/src/SecondaryWindow.cpp:408:32:[m[K [01;31m[Kerror: [m[Kbase operand of ‘[01m[K->[m[K’ has non-pointer type ‘[01m[KQComboBox[m[K’
[5.473s]   408 |     int index = _streamSelector[01;31m[K->[m[KcurrentIndex();
[5.473s]       |                                [01;31m[K^~[m[K
[5.473s] [01m[K/home/chris/ros2_ws/src/rover/rover_gui/src/SecondaryWindow.cpp:[m[K In member function ‘[01m[Kvoid SecondaryWindow::selectStream(int)[m[K’:
[5.473s] [01m[K/home/chris/ros2_ws/src/rover/rover_gui/src/SecondaryWindow.cpp:444:28:[m[K [01;31m[Kerror: [m[Kbase operand of ‘[01m[K->[m[K’ has non-pointer type ‘[01m[KQComboBox[m[K’
[5.473s]   444 |         if (_layoutSelector[01;31m[K->[m[KcurrentIndex() == 0 && streamIndex < _singleStreamStack->count()) {
[5.473s]       |                            [01;31m[K^~[m[K
[5.473s] [01m[K/home/chris/ros2_ws/src/rover/rover_gui/src/SecondaryWindow.cpp:444:85:[m[K [01;31m[Kerror: [m[Kbase operand of ‘[01m[K->[m[K’ has non-pointer type ‘[01m[KQStackedWidget[m[K’
[5.474s]   444 |         if (_layoutSelector->currentIndex() == 0 && streamIndex < _singleStreamStack[01;31m[K->[m[Kcount()) {
[5.474s]       |                                                                                     [01;31m[K^~[m[K
[5.474s] [01m[K/home/chris/ros2_ws/src/rover/rover_gui/src/SecondaryWindow.cpp:445:31:[m[K [01;31m[Kerror: [m[Kbase operand of ‘[01m[K->[m[K’ has non-pointer type ‘[01m[KQStackedWidget[m[K’
[5.474s]   445 |             _singleStreamStack[01;31m[K->[m[KsetCurrentIndex(streamIndex);
[5.474s]       |                               [01;31m[K^~[m[K
[5.724s] gmake[2]: *** [CMakeFiles/main_gui.dir/build.make:126: CMakeFiles/main_gui.dir/src/SecondaryWindow.cpp.o] Error 1
[5.725s] gmake[2]: *** Waiting for unfinished jobs....
[7.330s] gmake[1]: *** [CMakeFiles/Makefile2:167: CMakeFiles/main_gui.dir/all] Error 2
[7.330s] gmake: *** [Makefile:146: all] Error 2
[7.334s] Invoked command in '/home/chris/ros2_ws/src/rover/rover_gui/build/rover_gui' returned '2': CMAKE_PREFIX_PATH=${CMAKE_PREFIX_PATH}:/home/chris/ros2_ws/install/rover_sim:/opt/ros/humble /usr/bin/cmake --build /home/chris/ros2_ws/src/rover/rover_gui/build/rover_gui -- -j4 -l4
