[0.000000] (-) TimerEvent: {}
[0.000145] (rover_msgs) JobQueued: {'identifier': 'rover_msgs', 'dependencies': OrderedDict()}
[0.000188] (rover_security) JobQueued: {'identifier': 'rover_security', 'dependencies': OrderedDict()}
[0.000233] (rover_antenna) JobQueued: {'identifier': 'rover_antenna', 'dependencies': OrderedDict([('rover_msgs', '/home/chris/ros2_ws/src/rover/install/rover_msgs')])}
[0.000264] (rover_arm) JobQueued: {'identifier': 'rover_arm', 'dependencies': OrderedDict([('rover_msgs', '/home/chris/ros2_ws/src/rover/install/rover_msgs')])}
[0.000315] (rover_auxiliary) JobQueued: {'identifier': 'rover_auxiliary', 'dependencies': OrderedDict([('rover_msgs', '/home/chris/ros2_ws/src/rover/install/rover_msgs')])}
[0.000353] (rover_can) JobQueued: {'identifier': 'rover_can', 'dependencies': OrderedDict([('rover_msgs', '/home/chris/ros2_ws/src/rover/install/rover_msgs')])}
[0.000437] (rover_drive_train) JobQueued: {'identifier': 'rover_drive_train', 'dependencies': OrderedDict([('rover_msgs', '/home/chris/ros2_ws/src/rover/install/rover_msgs')])}
[0.000464] (rover_gui) JobQueued: {'identifier': 'rover_gui', 'dependencies': OrderedDict([('rover_msgs', '/home/chris/ros2_ws/src/rover/install/rover_msgs')])}
[0.000488] (rover_joy) JobQueued: {'identifier': 'rover_joy', 'dependencies': OrderedDict([('rover_msgs', '/home/chris/ros2_ws/src/rover/install/rover_msgs')])}
[0.000513] (rover_sim) JobQueued: {'identifier': 'rover_sim', 'dependencies': OrderedDict([('rover_msgs', '/home/chris/ros2_ws/src/rover/install/rover_msgs')])}
[0.000539] (rover_msgs) JobStarted: {'identifier': 'rover_msgs'}
[0.099042] (-) TimerEvent: {}
[0.123133] (rover_security) JobStarted: {'identifier': 'rover_security'}
[0.199167] (-) TimerEvent: {}
[0.247166] (rover_msgs) JobProgress: {'identifier': 'rover_msgs', 'progress': 'cmake'}
[0.247996] (rover_msgs) JobProgress: {'identifier': 'rover_msgs', 'progress': 'build'}
[0.248861] (rover_msgs) Command: {'cmd': ['/usr/bin/cmake', '--build', '/home/chris/ros2_ws/src/rover/build/rover_msgs', '--', '-j12', '-l12'], 'cwd': '/home/chris/ros2_ws/src/rover/build/rover_msgs', 'env': OrderedDict([('GJS_DEBUG_TOPICS', 'JS ERROR;JS LOG'), ('LESSOPEN', '| /usr/bin/lesspipe %s'), ('USER', 'chris'), ('SSH_AGENT_PID', '2583'), ('XDG_SESSION_TYPE', 'x11'), ('SHLVL', '1'), ('LD_LIBRARY_PATH', '/home/chris/ros2_ws/install/rover_msgs/lib:/home/chris/ros2_ws/install/moveit_visual_tools/lib:/home/chris/ros2_ws/install/micro_ros_agent/lib:/home/chris/ros2_ws/install/micro_ros_msgs/lib:/usr/lib/x86_64-linux-gnu/gazebo-11/plugins:/opt/ros/humble/opt/rviz_ogre_vendor/lib:/opt/ros/humble/lib/x86_64-linux-gnu:/opt/ros/humble/lib'), ('HOME', '/home/chris'), ('OLDPWD', '/home/chris'), ('DESKTOP_SESSION', 'ubuntu'), ('NVM_BIN', '/home/chris/.nvm/versions/node/v18.20.0/bin'), ('NVM_INC', '/home/chris/.nvm/versions/node/v18.20.0/include/node'), ('GIO_LAUNCHED_DESKTOP_FILE', '/usr/share/applications/terminator.desktop'), ('ROS_PYTHON_VERSION', '3'), ('GNOME_SHELL_SESSION_MODE', 'ubuntu'), ('GTK_MODULES', 'gail:atk-bridge'), ('MANAGERPID', '2412'), ('SYSTEMD_EXEC_PID', '2681'), ('DBUS_SESSION_BUS_ADDRESS', 'unix:path=/run/user/1000/bus'), ('COLORTERM', 'truecolor'), ('TERMINATOR_DBUS_NAME', 'net.tenshu.Terminator21a9d5db22c73a993ff0b42f64b396873'), ('GIO_LAUNCHED_DESKTOP_FILE_PID', '5179'), ('NVM_DIR', '/home/chris/.nvm'), ('COLCON_PREFIX_PATH', '/home/chris/ros2_ws/install'), ('ROS_DISTRO', 'humble'), ('LOGNAME', 'chris'), ('JOURNAL_STREAM', '8:21130'), ('_', '/usr/bin/colcon'), ('ROS_VERSION', '2'), ('XDG_SESSION_CLASS', 'user'), ('USERNAME', 'chris'), ('TERM', 'xterm-256color'), ('GNOME_DESKTOP_SESSION_ID', 'this-is-deprecated'), ('ROS_LOCALHOST_ONLY', '0'), ('WINDOWPATH', '2'), ('PATH', '/home/chris/.nvm/versions/node/v18.20.0/bin:/opt/ros/humble/bin:/home/chris/.local/bin:/usr/local/sbin:/usr/local/bin:/usr/sbin:/usr/bin:/sbin:/bin:/usr/games:/usr/local/games:/snap/bin:/snap/bin:/home/chris/.local/bin'), ('SESSION_MANAGER', 'local/chris:@/tmp/.ICE-unix/2659,unix/chris:/tmp/.ICE-unix/2659'), ('INVOCATION_ID', '151282377277484193bb6d51fbdeb473'), ('XDG_MENU_PREFIX', 'gnome-'), ('XDG_RUNTIME_DIR', '/run/user/1000'), ('DISPLAY', ':0'), ('TERMINATOR_DBUS_PATH', '/net/tenshu/Terminator2'), ('LANG', 'en_US.UTF-8'), ('XDG_CURRENT_DESKTOP', 'ubuntu:GNOME'), ('IBUS_DISABLE_SNOOPER', '1'), ('XMODIFIERS', '@im=ibus'), ('XDG_SESSION_DESKTOP', 'ubuntu'), ('XAUTHORITY', '/run/user/1000/gdm/Xauthority'), ('LS_COLORS', 'rs=0:di=01;34:ln=01;36:mh=00:pi=40;33:so=01;35:do=01;35:bd=40;33;01:cd=40;33;01:or=40;31;01:mi=00:su=37;41:sg=30;43:ca=30;41:tw=30;42:ow=34;42:st=37;44:ex=01;32:*.tar=01;31:*.tgz=01;31:*.arc=01;31:*.arj=01;31:*.taz=01;31:*.lha=01;31:*.lz4=01;31:*.lzh=01;31:*.lzma=01;31:*.tlz=01;31:*.txz=01;31:*.tzo=01;31:*.t7z=01;31:*.zip=01;31:*.z=01;31:*.dz=01;31:*.gz=01;31:*.lrz=01;31:*.lz=01;31:*.lzo=01;31:*.xz=01;31:*.zst=01;31:*.tzst=01;31:*.bz2=01;31:*.bz=01;31:*.tbz=01;31:*.tbz2=01;31:*.tz=01;31:*.deb=01;31:*.rpm=01;31:*.jar=01;31:*.war=01;31:*.ear=01;31:*.sar=01;31:*.rar=01;31:*.alz=01;31:*.ace=01;31:*.zoo=01;31:*.cpio=01;31:*.7z=01;31:*.rz=01;31:*.cab=01;31:*.wim=01;31:*.swm=01;31:*.dwm=01;31:*.esd=01;31:*.jpg=01;35:*.jpeg=01;35:*.mjpg=01;35:*.mjpeg=01;35:*.gif=01;35:*.bmp=01;35:*.pbm=01;35:*.pgm=01;35:*.ppm=01;35:*.tga=01;35:*.xbm=01;35:*.xpm=01;35:*.tif=01;35:*.tiff=01;35:*.png=01;35:*.svg=01;35:*.svgz=01;35:*.mng=01;35:*.pcx=01;35:*.mov=01;35:*.mpg=01;35:*.mpeg=01;35:*.m2v=01;35:*.mkv=01;35:*.webm=01;35:*.webp=01;35:*.ogm=01;35:*.mp4=01;35:*.m4v=01;35:*.mp4v=01;35:*.vob=01;35:*.qt=01;35:*.nuv=01;35:*.wmv=01;35:*.asf=01;35:*.rm=01;35:*.rmvb=01;35:*.flc=01;35:*.avi=01;35:*.fli=01;35:*.flv=01;35:*.gl=01;35:*.dl=01;35:*.xcf=01;35:*.xwd=01;35:*.yuv=01;35:*.cgm=01;35:*.emf=01;35:*.ogv=01;35:*.ogx=01;35:*.aac=00;36:*.au=00;36:*.flac=00;36:*.m4a=00;36:*.mid=00;36:*.midi=00;36:*.mka=00;36:*.mp3=00;36:*.mpc=00;36:*.ogg=00;36:*.ra=00;36:*.wav=00;36:*.oga=00;36:*.opus=00;36:*.spx=00;36:*.xspf=00;36:'), ('SSH_AUTH_SOCK', '/run/user/1000/keyring/ssh'), ('AMENT_PREFIX_PATH', '/home/chris/ros2_ws/install/rover_sim:/home/chris/ros2_ws/install/rover_security:/home/chris/ros2_ws/install/rover_gui:/home/chris/ros2_ws/install/rover_can:/home/chris/ros2_ws/install/rover_auxiliary:/home/chris/ros2_ws/install/rover_antenna:/home/chris/ros2_ws/install/rover_msgs:/home/chris/ros2_ws/install/panorama:/home/chris/ros2_ws/install/moveit_visual_tools:/home/chris/ros2_ws/install/moveit_resources_prbt_support:/home/chris/ros2_ws/install/moveit_controller:/home/chris/ros2_ws/install/fanuc_crx_simulation:/home/chris/ros2_ws/install/moveit_configs_utils:/home/chris/ros2_ws/install/moveit_common:/home/chris/ros2_ws/install/micro_ros_setup:/home/chris/ros2_ws/install/micro_ros_agent:/home/chris/ros2_ws/install/micro_ros_msgs:/opt/ros/humble'), ('SHELL', '/bin/bash'), ('TERMINATOR_UUID', 'urn:uuid:c5ceb889-5994-4d28-b93f-d4dbf77a5b4e'), ('QT_ACCESSIBILITY', '1'), ('GDMSESSION', 'ubuntu'), ('LESSCLOSE', '/usr/bin/lesspipe %s %s'), ('GJS_DEBUG_OUTPUT', 'stderr'), ('QT_IM_MODULE', 'ibus'), ('PWD', '/home/chris/ros2_ws/src/rover/build/rover_msgs'), ('XDG_CONFIG_DIRS', '/etc/xdg/xdg-ubuntu:/etc/xdg'), ('NVM_CD_FLAGS', ''), ('XDG_DATA_DIRS', '/usr/share/ubuntu:/usr/share/gnome:/usr/local/share/:/usr/share/:/var/lib/snapd/desktop'), ('PYTHONPATH', '/home/chris/ros2_ws/install/rover_sim/lib/python3.10/site-packages:/home/chris/ros2_ws/install/rover_msgs/local/lib/python3.10/dist-packages:/home/chris/ros2_ws/install/panorama/lib/python3.10/site-packages:/home/chris/ros2_ws/install/moveit_controller/local/lib/python3.10/dist-packages:/home/chris/ros2_ws/install/moveit_configs_utils/lib/python3.10/site-packages:/home/chris/ros2_ws/install/micro_ros_msgs/local/lib/python3.10/dist-packages:/opt/ros/humble/lib/python3.10/site-packages:/opt/ros/humble/local/lib/python3.10/dist-packages'), ('COLCON', '1'), ('VTE_VERSION', '6800'), ('CMAKE_PREFIX_PATH', '/home/chris/ros2_ws/install/rover_security:/home/chris/ros2_ws/install/rover_gui:/home/chris/ros2_ws/install/rover_can:/home/chris/ros2_ws/install/rover_auxiliary:/home/chris/ros2_ws/install/rover_antenna:/home/chris/ros2_ws/install/rover_msgs:/home/chris/ros2_ws/install/moveit_visual_tools:/home/chris/ros2_ws/install/moveit_resources_prbt_support:/home/chris/ros2_ws/install/moveit_controller:/home/chris/ros2_ws/install/fanuc_crx_simulation:/home/chris/ros2_ws/install/moveit_common:/home/chris/ros2_ws/install/micro_ros_setup:/home/chris/ros2_ws/install/micro_ros_agent:/home/chris/ros2_ws/install/micro_ros_msgs:/home/chris/ros2_ws/install/rover_sim:/home/chris/ros2_ws/install/panorama:/home/chris/ros2_ws/install/moveit_configs_utils:/opt/ros/humble')]), 'shell': False}
[0.253520] (rover_security) JobProgress: {'identifier': 'rover_security', 'progress': 'cmake'}
[0.254224] (rover_security) JobProgress: {'identifier': 'rover_security', 'progress': 'build'}
[0.255292] (rover_security) Command: {'cmd': ['/usr/bin/cmake', '--build', '/home/chris/ros2_ws/src/rover/build/rover_security', '--', '-j12', '-l12'], 'cwd': '/home/chris/ros2_ws/src/rover/build/rover_security', 'env': OrderedDict([('GJS_DEBUG_TOPICS', 'JS ERROR;JS LOG'), ('LESSOPEN', '| /usr/bin/lesspipe %s'), ('USER', 'chris'), ('SSH_AGENT_PID', '2583'), ('XDG_SESSION_TYPE', 'x11'), ('SHLVL', '1'), ('LD_LIBRARY_PATH', '/home/chris/ros2_ws/install/rover_msgs/lib:/home/chris/ros2_ws/install/moveit_visual_tools/lib:/home/chris/ros2_ws/install/micro_ros_agent/lib:/home/chris/ros2_ws/install/micro_ros_msgs/lib:/usr/lib/x86_64-linux-gnu/gazebo-11/plugins:/opt/ros/humble/opt/rviz_ogre_vendor/lib:/opt/ros/humble/lib/x86_64-linux-gnu:/opt/ros/humble/lib'), ('HOME', '/home/chris'), ('OLDPWD', '/home/chris'), ('DESKTOP_SESSION', 'ubuntu'), ('NVM_BIN', '/home/chris/.nvm/versions/node/v18.20.0/bin'), ('NVM_INC', '/home/chris/.nvm/versions/node/v18.20.0/include/node'), ('GIO_LAUNCHED_DESKTOP_FILE', '/usr/share/applications/terminator.desktop'), ('ROS_PYTHON_VERSION', '3'), ('GNOME_SHELL_SESSION_MODE', 'ubuntu'), ('GTK_MODULES', 'gail:atk-bridge'), ('MANAGERPID', '2412'), ('SYSTEMD_EXEC_PID', '2681'), ('DBUS_SESSION_BUS_ADDRESS', 'unix:path=/run/user/1000/bus'), ('COLORTERM', 'truecolor'), ('TERMINATOR_DBUS_NAME', 'net.tenshu.Terminator21a9d5db22c73a993ff0b42f64b396873'), ('GIO_LAUNCHED_DESKTOP_FILE_PID', '5179'), ('NVM_DIR', '/home/chris/.nvm'), ('COLCON_PREFIX_PATH', '/home/chris/ros2_ws/install'), ('ROS_DISTRO', 'humble'), ('LOGNAME', 'chris'), ('JOURNAL_STREAM', '8:21130'), ('_', '/usr/bin/colcon'), ('ROS_VERSION', '2'), ('XDG_SESSION_CLASS', 'user'), ('USERNAME', 'chris'), ('TERM', 'xterm-256color'), ('GNOME_DESKTOP_SESSION_ID', 'this-is-deprecated'), ('ROS_LOCALHOST_ONLY', '0'), ('WINDOWPATH', '2'), ('PATH', '/home/chris/.nvm/versions/node/v18.20.0/bin:/opt/ros/humble/bin:/home/chris/.local/bin:/usr/local/sbin:/usr/local/bin:/usr/sbin:/usr/bin:/sbin:/bin:/usr/games:/usr/local/games:/snap/bin:/snap/bin:/home/chris/.local/bin'), ('SESSION_MANAGER', 'local/chris:@/tmp/.ICE-unix/2659,unix/chris:/tmp/.ICE-unix/2659'), ('INVOCATION_ID', '151282377277484193bb6d51fbdeb473'), ('XDG_MENU_PREFIX', 'gnome-'), ('XDG_RUNTIME_DIR', '/run/user/1000'), ('DISPLAY', ':0'), ('TERMINATOR_DBUS_PATH', '/net/tenshu/Terminator2'), ('LANG', 'en_US.UTF-8'), ('XDG_CURRENT_DESKTOP', 'ubuntu:GNOME'), ('IBUS_DISABLE_SNOOPER', '1'), ('XMODIFIERS', '@im=ibus'), ('XDG_SESSION_DESKTOP', 'ubuntu'), ('XAUTHORITY', '/run/user/1000/gdm/Xauthority'), ('LS_COLORS', 'rs=0:di=01;34:ln=01;36:mh=00:pi=40;33:so=01;35:do=01;35:bd=40;33;01:cd=40;33;01:or=40;31;01:mi=00:su=37;41:sg=30;43:ca=30;41:tw=30;42:ow=34;42:st=37;44:ex=01;32:*.tar=01;31:*.tgz=01;31:*.arc=01;31:*.arj=01;31:*.taz=01;31:*.lha=01;31:*.lz4=01;31:*.lzh=01;31:*.lzma=01;31:*.tlz=01;31:*.txz=01;31:*.tzo=01;31:*.t7z=01;31:*.zip=01;31:*.z=01;31:*.dz=01;31:*.gz=01;31:*.lrz=01;31:*.lz=01;31:*.lzo=01;31:*.xz=01;31:*.zst=01;31:*.tzst=01;31:*.bz2=01;31:*.bz=01;31:*.tbz=01;31:*.tbz2=01;31:*.tz=01;31:*.deb=01;31:*.rpm=01;31:*.jar=01;31:*.war=01;31:*.ear=01;31:*.sar=01;31:*.rar=01;31:*.alz=01;31:*.ace=01;31:*.zoo=01;31:*.cpio=01;31:*.7z=01;31:*.rz=01;31:*.cab=01;31:*.wim=01;31:*.swm=01;31:*.dwm=01;31:*.esd=01;31:*.jpg=01;35:*.jpeg=01;35:*.mjpg=01;35:*.mjpeg=01;35:*.gif=01;35:*.bmp=01;35:*.pbm=01;35:*.pgm=01;35:*.ppm=01;35:*.tga=01;35:*.xbm=01;35:*.xpm=01;35:*.tif=01;35:*.tiff=01;35:*.png=01;35:*.svg=01;35:*.svgz=01;35:*.mng=01;35:*.pcx=01;35:*.mov=01;35:*.mpg=01;35:*.mpeg=01;35:*.m2v=01;35:*.mkv=01;35:*.webm=01;35:*.webp=01;35:*.ogm=01;35:*.mp4=01;35:*.m4v=01;35:*.mp4v=01;35:*.vob=01;35:*.qt=01;35:*.nuv=01;35:*.wmv=01;35:*.asf=01;35:*.rm=01;35:*.rmvb=01;35:*.flc=01;35:*.avi=01;35:*.fli=01;35:*.flv=01;35:*.gl=01;35:*.dl=01;35:*.xcf=01;35:*.xwd=01;35:*.yuv=01;35:*.cgm=01;35:*.emf=01;35:*.ogv=01;35:*.ogx=01;35:*.aac=00;36:*.au=00;36:*.flac=00;36:*.m4a=00;36:*.mid=00;36:*.midi=00;36:*.mka=00;36:*.mp3=00;36:*.mpc=00;36:*.ogg=00;36:*.ra=00;36:*.wav=00;36:*.oga=00;36:*.opus=00;36:*.spx=00;36:*.xspf=00;36:'), ('SSH_AUTH_SOCK', '/run/user/1000/keyring/ssh'), ('AMENT_PREFIX_PATH', '/home/chris/ros2_ws/install/rover_sim:/home/chris/ros2_ws/install/rover_security:/home/chris/ros2_ws/install/rover_gui:/home/chris/ros2_ws/install/rover_can:/home/chris/ros2_ws/install/rover_auxiliary:/home/chris/ros2_ws/install/rover_antenna:/home/chris/ros2_ws/install/rover_msgs:/home/chris/ros2_ws/install/panorama:/home/chris/ros2_ws/install/moveit_visual_tools:/home/chris/ros2_ws/install/moveit_resources_prbt_support:/home/chris/ros2_ws/install/moveit_controller:/home/chris/ros2_ws/install/fanuc_crx_simulation:/home/chris/ros2_ws/install/moveit_configs_utils:/home/chris/ros2_ws/install/moveit_common:/home/chris/ros2_ws/install/micro_ros_setup:/home/chris/ros2_ws/install/micro_ros_agent:/home/chris/ros2_ws/install/micro_ros_msgs:/opt/ros/humble'), ('SHELL', '/bin/bash'), ('TERMINATOR_UUID', 'urn:uuid:c5ceb889-5994-4d28-b93f-d4dbf77a5b4e'), ('QT_ACCESSIBILITY', '1'), ('GDMSESSION', 'ubuntu'), ('LESSCLOSE', '/usr/bin/lesspipe %s %s'), ('GJS_DEBUG_OUTPUT', 'stderr'), ('QT_IM_MODULE', 'ibus'), ('PWD', '/home/chris/ros2_ws/src/rover/build/rover_security'), ('XDG_CONFIG_DIRS', '/etc/xdg/xdg-ubuntu:/etc/xdg'), ('NVM_CD_FLAGS', ''), ('XDG_DATA_DIRS', '/usr/share/ubuntu:/usr/share/gnome:/usr/local/share/:/usr/share/:/var/lib/snapd/desktop'), ('PYTHONPATH', '/home/chris/ros2_ws/install/rover_sim/lib/python3.10/site-packages:/home/chris/ros2_ws/install/rover_msgs/local/lib/python3.10/dist-packages:/home/chris/ros2_ws/install/panorama/lib/python3.10/site-packages:/home/chris/ros2_ws/install/moveit_controller/local/lib/python3.10/dist-packages:/home/chris/ros2_ws/install/moveit_configs_utils/lib/python3.10/site-packages:/home/chris/ros2_ws/install/micro_ros_msgs/local/lib/python3.10/dist-packages:/opt/ros/humble/lib/python3.10/site-packages:/opt/ros/humble/local/lib/python3.10/dist-packages'), ('COLCON', '1'), ('VTE_VERSION', '6800'), ('CMAKE_PREFIX_PATH', '/home/chris/ros2_ws/install/rover_security:/home/chris/ros2_ws/install/rover_gui:/home/chris/ros2_ws/install/rover_can:/home/chris/ros2_ws/install/rover_auxiliary:/home/chris/ros2_ws/install/rover_antenna:/home/chris/ros2_ws/install/rover_msgs:/home/chris/ros2_ws/install/moveit_visual_tools:/home/chris/ros2_ws/install/moveit_resources_prbt_support:/home/chris/ros2_ws/install/moveit_controller:/home/chris/ros2_ws/install/fanuc_crx_simulation:/home/chris/ros2_ws/install/moveit_common:/home/chris/ros2_ws/install/micro_ros_setup:/home/chris/ros2_ws/install/micro_ros_agent:/home/chris/ros2_ws/install/micro_ros_msgs:/home/chris/ros2_ws/install/rover_sim:/home/chris/ros2_ws/install/panorama:/home/chris/ros2_ws/install/moveit_configs_utils:/opt/ros/humble')]), 'shell': False}
[0.299274] (-) TimerEvent: {}
[0.324546] (rover_security) StdoutLine: {'line': b'[ 50%] \x1b[32mBuilding CXX object CMakeFiles/heartbeat.dir/src/heartbeat.cpp.o\x1b[0m\n'}
[0.324879] (rover_msgs) StdoutLine: {'line': b'\x1b[35m\x1b[1mConsolidate compiler generated dependencies of target rover_msgs__rosidl_generator_c\x1b[0m\n'}
[0.335833] (rover_msgs) StdoutLine: {'line': b'[  0%] Built target lib_exec\n'}
[0.339683] (rover_msgs) StdoutLine: {'line': b'[  1%] Built target rover_msgs__cpp\n'}
[0.353421] (rover_msgs) StdoutLine: {'line': b'[ 13%] Built target rover_msgs__rosidl_generator_c\n'}
[0.358845] (rover_msgs) StdoutLine: {'line': b'[ 13%] Built target ament_cmake_python_copy_rover_msgs\n'}
[0.364206] (rover_msgs) StdoutLine: {'line': b'\x1b[35m\x1b[1mConsolidate compiler generated dependencies of target rover_msgs__rosidl_typesupport_cpp\x1b[0m\n'}
[0.368348] (rover_msgs) StdoutLine: {'line': b'\x1b[35m\x1b[1mConsolidate compiler generated dependencies of target rover_msgs__rosidl_typesupport_fastrtps_cpp\x1b[0m\n'}
[0.372992] (rover_msgs) StdoutLine: {'line': b'\x1b[35m\x1b[1mConsolidate compiler generated dependencies of target rover_msgs__rosidl_typesupport_introspection_cpp\x1b[0m\n'}
[0.381007] (rover_msgs) StdoutLine: {'line': b'\x1b[35m\x1b[1mConsolidate compiler generated dependencies of target rover_msgs__rosidl_typesupport_c\x1b[0m\n'}
[0.383348] (rover_msgs) StdoutLine: {'line': b'\x1b[35m\x1b[1mConsolidate compiler generated dependencies of target rover_msgs__rosidl_typesupport_introspection_c\x1b[0m\n'}
[0.391266] (rover_msgs) StdoutLine: {'line': b'\x1b[35m\x1b[1mConsolidate compiler generated dependencies of target rover_msgs__rosidl_typesupport_fastrtps_c\x1b[0m\n'}
[0.399402] (-) TimerEvent: {}
[0.413954] (rover_msgs) StdoutLine: {'line': b'[ 25%] Built target rover_msgs__rosidl_typesupport_c\n'}
[0.418690] (rover_msgs) StdoutLine: {'line': b'[ 37%] Built target rover_msgs__rosidl_typesupport_introspection_c\n'}
[0.421682] (rover_msgs) StdoutLine: {'line': b'[ 49%] Built target rover_msgs__rosidl_typesupport_cpp\n'}
[0.423959] (rover_msgs) StdoutLine: {'line': b'[ 61%] Built target rover_msgs__rosidl_typesupport_fastrtps_cpp\n'}
[0.431420] (rover_msgs) StdoutLine: {'line': b'[ 73%] Built target rover_msgs__rosidl_typesupport_introspection_cpp\n'}
[0.446189] (rover_msgs) StdoutLine: {'line': b'[ 85%] Built target rover_msgs__rosidl_typesupport_fastrtps_c\n'}
[0.476565] (rover_msgs) StdoutLine: {'line': b'[ 85%] Built target rover_msgs\n'}
[0.499523] (-) TimerEvent: {}
[0.509475] (rover_msgs) StdoutLine: {'line': b'[ 85%] Built target rover_msgs__py\n'}
[0.530829] (rover_msgs) StdoutLine: {'line': b'\x1b[35m\x1b[1mConsolidate compiler generated dependencies of target rover_msgs__rosidl_generator_py\x1b[0m\n'}
[0.574712] (rover_msgs) StdoutLine: {'line': b'[ 97%] Built target rover_msgs__rosidl_generator_py\n'}
[0.589596] (rover_msgs) StdoutLine: {'line': b'\x1b[35m\x1b[1mConsolidate compiler generated dependencies of target rover_msgs__rosidl_typesupport_introspection_c__pyext\x1b[0m\n'}
[0.590026] (rover_msgs) StdoutLine: {'line': b'\x1b[35m\x1b[1mConsolidate compiler generated dependencies of target rover_msgs__rosidl_typesupport_fastrtps_c__pyext\x1b[0m\n'}
[0.590283] (rover_msgs) StdoutLine: {'line': b'\x1b[35m\x1b[1mConsolidate compiler generated dependencies of target rover_msgs__rosidl_typesupport_c__pyext\x1b[0m\n'}
[0.599623] (-) TimerEvent: {}
[0.608884] (rover_msgs) StdoutLine: {'line': b'[ 99%] Built target rover_msgs__rosidl_typesupport_fastrtps_c__pyext\n'}
[0.609279] (rover_msgs) StdoutLine: {'line': b'[ 99%] Built target rover_msgs__rosidl_typesupport_introspection_c__pyext\n'}
[0.609500] (rover_msgs) StdoutLine: {'line': b'[100%] Built target rover_msgs__rosidl_typesupport_c__pyext\n'}
[0.699725] (-) TimerEvent: {}
[0.800054] (-) TimerEvent: {}
[0.824853] (rover_msgs) StdoutLine: {'line': b'running egg_info\n'}
[0.825806] (rover_msgs) StdoutLine: {'line': b'writing rover_msgs.egg-info/PKG-INFO\n'}
[0.826095] (rover_msgs) StdoutLine: {'line': b'writing dependency_links to rover_msgs.egg-info/dependency_links.txt\n'}
[0.826421] (rover_msgs) StdoutLine: {'line': b'writing top-level names to rover_msgs.egg-info/top_level.txt\n'}
[0.831347] (rover_msgs) StdoutLine: {'line': b"reading manifest file 'rover_msgs.egg-info/SOURCES.txt'\n"}
[0.832576] (rover_msgs) StdoutLine: {'line': b"writing manifest file 'rover_msgs.egg-info/SOURCES.txt'\n"}
[0.867588] (rover_msgs) StdoutLine: {'line': b'[100%] Built target ament_cmake_python_build_rover_msgs_egg\n'}
[0.885614] (rover_msgs) CommandEnded: {'returncode': 0}
[0.900187] (-) TimerEvent: {}
[1.000478] (-) TimerEvent: {}
[1.100725] (-) TimerEvent: {}
[1.201045] (-) TimerEvent: {}
[1.301347] (-) TimerEvent: {}
[1.401613] (-) TimerEvent: {}
[1.501917] (-) TimerEvent: {}
[1.602216] (-) TimerEvent: {}
[1.685801] (rover_msgs) JobProgress: {'identifier': 'rover_msgs', 'progress': 'install'}
[1.698580] (rover_msgs) Command: {'cmd': ['/usr/bin/cmake', '--install', '/home/chris/ros2_ws/src/rover/build/rover_msgs'], 'cwd': '/home/chris/ros2_ws/src/rover/build/rover_msgs', 'env': OrderedDict([('GJS_DEBUG_TOPICS', 'JS ERROR;JS LOG'), ('LESSOPEN', '| /usr/bin/lesspipe %s'), ('USER', 'chris'), ('SSH_AGENT_PID', '2583'), ('XDG_SESSION_TYPE', 'x11'), ('SHLVL', '1'), ('LD_LIBRARY_PATH', '/home/chris/ros2_ws/install/rover_msgs/lib:/home/chris/ros2_ws/install/moveit_visual_tools/lib:/home/chris/ros2_ws/install/micro_ros_agent/lib:/home/chris/ros2_ws/install/micro_ros_msgs/lib:/usr/lib/x86_64-linux-gnu/gazebo-11/plugins:/opt/ros/humble/opt/rviz_ogre_vendor/lib:/opt/ros/humble/lib/x86_64-linux-gnu:/opt/ros/humble/lib'), ('HOME', '/home/chris'), ('OLDPWD', '/home/chris'), ('DESKTOP_SESSION', 'ubuntu'), ('NVM_BIN', '/home/chris/.nvm/versions/node/v18.20.0/bin'), ('NVM_INC', '/home/chris/.nvm/versions/node/v18.20.0/include/node'), ('GIO_LAUNCHED_DESKTOP_FILE', '/usr/share/applications/terminator.desktop'), ('ROS_PYTHON_VERSION', '3'), ('GNOME_SHELL_SESSION_MODE', 'ubuntu'), ('GTK_MODULES', 'gail:atk-bridge'), ('MANAGERPID', '2412'), ('SYSTEMD_EXEC_PID', '2681'), ('DBUS_SESSION_BUS_ADDRESS', 'unix:path=/run/user/1000/bus'), ('COLORTERM', 'truecolor'), ('TERMINATOR_DBUS_NAME', 'net.tenshu.Terminator21a9d5db22c73a993ff0b42f64b396873'), ('GIO_LAUNCHED_DESKTOP_FILE_PID', '5179'), ('NVM_DIR', '/home/chris/.nvm'), ('COLCON_PREFIX_PATH', '/home/chris/ros2_ws/install'), ('ROS_DISTRO', 'humble'), ('LOGNAME', 'chris'), ('JOURNAL_STREAM', '8:21130'), ('_', '/usr/bin/colcon'), ('ROS_VERSION', '2'), ('XDG_SESSION_CLASS', 'user'), ('USERNAME', 'chris'), ('TERM', 'xterm-256color'), ('GNOME_DESKTOP_SESSION_ID', 'this-is-deprecated'), ('ROS_LOCALHOST_ONLY', '0'), ('WINDOWPATH', '2'), ('PATH', '/home/chris/.nvm/versions/node/v18.20.0/bin:/opt/ros/humble/bin:/home/chris/.local/bin:/usr/local/sbin:/usr/local/bin:/usr/sbin:/usr/bin:/sbin:/bin:/usr/games:/usr/local/games:/snap/bin:/snap/bin:/home/chris/.local/bin'), ('SESSION_MANAGER', 'local/chris:@/tmp/.ICE-unix/2659,unix/chris:/tmp/.ICE-unix/2659'), ('INVOCATION_ID', '151282377277484193bb6d51fbdeb473'), ('XDG_MENU_PREFIX', 'gnome-'), ('XDG_RUNTIME_DIR', '/run/user/1000'), ('DISPLAY', ':0'), ('TERMINATOR_DBUS_PATH', '/net/tenshu/Terminator2'), ('LANG', 'en_US.UTF-8'), ('XDG_CURRENT_DESKTOP', 'ubuntu:GNOME'), ('IBUS_DISABLE_SNOOPER', '1'), ('XMODIFIERS', '@im=ibus'), ('XDG_SESSION_DESKTOP', 'ubuntu'), ('XAUTHORITY', '/run/user/1000/gdm/Xauthority'), ('LS_COLORS', 'rs=0:di=01;34:ln=01;36:mh=00:pi=40;33:so=01;35:do=01;35:bd=40;33;01:cd=40;33;01:or=40;31;01:mi=00:su=37;41:sg=30;43:ca=30;41:tw=30;42:ow=34;42:st=37;44:ex=01;32:*.tar=01;31:*.tgz=01;31:*.arc=01;31:*.arj=01;31:*.taz=01;31:*.lha=01;31:*.lz4=01;31:*.lzh=01;31:*.lzma=01;31:*.tlz=01;31:*.txz=01;31:*.tzo=01;31:*.t7z=01;31:*.zip=01;31:*.z=01;31:*.dz=01;31:*.gz=01;31:*.lrz=01;31:*.lz=01;31:*.lzo=01;31:*.xz=01;31:*.zst=01;31:*.tzst=01;31:*.bz2=01;31:*.bz=01;31:*.tbz=01;31:*.tbz2=01;31:*.tz=01;31:*.deb=01;31:*.rpm=01;31:*.jar=01;31:*.war=01;31:*.ear=01;31:*.sar=01;31:*.rar=01;31:*.alz=01;31:*.ace=01;31:*.zoo=01;31:*.cpio=01;31:*.7z=01;31:*.rz=01;31:*.cab=01;31:*.wim=01;31:*.swm=01;31:*.dwm=01;31:*.esd=01;31:*.jpg=01;35:*.jpeg=01;35:*.mjpg=01;35:*.mjpeg=01;35:*.gif=01;35:*.bmp=01;35:*.pbm=01;35:*.pgm=01;35:*.ppm=01;35:*.tga=01;35:*.xbm=01;35:*.xpm=01;35:*.tif=01;35:*.tiff=01;35:*.png=01;35:*.svg=01;35:*.svgz=01;35:*.mng=01;35:*.pcx=01;35:*.mov=01;35:*.mpg=01;35:*.mpeg=01;35:*.m2v=01;35:*.mkv=01;35:*.webm=01;35:*.webp=01;35:*.ogm=01;35:*.mp4=01;35:*.m4v=01;35:*.mp4v=01;35:*.vob=01;35:*.qt=01;35:*.nuv=01;35:*.wmv=01;35:*.asf=01;35:*.rm=01;35:*.rmvb=01;35:*.flc=01;35:*.avi=01;35:*.fli=01;35:*.flv=01;35:*.gl=01;35:*.dl=01;35:*.xcf=01;35:*.xwd=01;35:*.yuv=01;35:*.cgm=01;35:*.emf=01;35:*.ogv=01;35:*.ogx=01;35:*.aac=00;36:*.au=00;36:*.flac=00;36:*.m4a=00;36:*.mid=00;36:*.midi=00;36:*.mka=00;36:*.mp3=00;36:*.mpc=00;36:*.ogg=00;36:*.ra=00;36:*.wav=00;36:*.oga=00;36:*.opus=00;36:*.spx=00;36:*.xspf=00;36:'), ('SSH_AUTH_SOCK', '/run/user/1000/keyring/ssh'), ('AMENT_PREFIX_PATH', '/home/chris/ros2_ws/install/rover_sim:/home/chris/ros2_ws/install/rover_security:/home/chris/ros2_ws/install/rover_gui:/home/chris/ros2_ws/install/rover_can:/home/chris/ros2_ws/install/rover_auxiliary:/home/chris/ros2_ws/install/rover_antenna:/home/chris/ros2_ws/install/rover_msgs:/home/chris/ros2_ws/install/panorama:/home/chris/ros2_ws/install/moveit_visual_tools:/home/chris/ros2_ws/install/moveit_resources_prbt_support:/home/chris/ros2_ws/install/moveit_controller:/home/chris/ros2_ws/install/fanuc_crx_simulation:/home/chris/ros2_ws/install/moveit_configs_utils:/home/chris/ros2_ws/install/moveit_common:/home/chris/ros2_ws/install/micro_ros_setup:/home/chris/ros2_ws/install/micro_ros_agent:/home/chris/ros2_ws/install/micro_ros_msgs:/opt/ros/humble'), ('SHELL', '/bin/bash'), ('TERMINATOR_UUID', 'urn:uuid:c5ceb889-5994-4d28-b93f-d4dbf77a5b4e'), ('QT_ACCESSIBILITY', '1'), ('GDMSESSION', 'ubuntu'), ('LESSCLOSE', '/usr/bin/lesspipe %s %s'), ('GJS_DEBUG_OUTPUT', 'stderr'), ('QT_IM_MODULE', 'ibus'), ('PWD', '/home/chris/ros2_ws/src/rover/build/rover_msgs'), ('XDG_CONFIG_DIRS', '/etc/xdg/xdg-ubuntu:/etc/xdg'), ('NVM_CD_FLAGS', ''), ('XDG_DATA_DIRS', '/usr/share/ubuntu:/usr/share/gnome:/usr/local/share/:/usr/share/:/var/lib/snapd/desktop'), ('PYTHONPATH', '/home/chris/ros2_ws/install/rover_sim/lib/python3.10/site-packages:/home/chris/ros2_ws/install/rover_msgs/local/lib/python3.10/dist-packages:/home/chris/ros2_ws/install/panorama/lib/python3.10/site-packages:/home/chris/ros2_ws/install/moveit_controller/local/lib/python3.10/dist-packages:/home/chris/ros2_ws/install/moveit_configs_utils/lib/python3.10/site-packages:/home/chris/ros2_ws/install/micro_ros_msgs/local/lib/python3.10/dist-packages:/opt/ros/humble/lib/python3.10/site-packages:/opt/ros/humble/local/lib/python3.10/dist-packages'), ('COLCON', '1'), ('VTE_VERSION', '6800'), ('CMAKE_PREFIX_PATH', '/home/chris/ros2_ws/install/rover_security:/home/chris/ros2_ws/install/rover_gui:/home/chris/ros2_ws/install/rover_can:/home/chris/ros2_ws/install/rover_auxiliary:/home/chris/ros2_ws/install/rover_antenna:/home/chris/ros2_ws/install/rover_msgs:/home/chris/ros2_ws/install/moveit_visual_tools:/home/chris/ros2_ws/install/moveit_resources_prbt_support:/home/chris/ros2_ws/install/moveit_controller:/home/chris/ros2_ws/install/fanuc_crx_simulation:/home/chris/ros2_ws/install/moveit_common:/home/chris/ros2_ws/install/micro_ros_setup:/home/chris/ros2_ws/install/micro_ros_agent:/home/chris/ros2_ws/install/micro_ros_msgs:/home/chris/ros2_ws/install/rover_sim:/home/chris/ros2_ws/install/panorama:/home/chris/ros2_ws/install/moveit_configs_utils:/opt/ros/humble')]), 'shell': False}
[1.702355] (-) TimerEvent: {}
[1.709854] (rover_msgs) StdoutLine: {'line': b'-- Install configuration: ""\n'}
[1.710307] (rover_msgs) StdoutLine: {'line': b'-- Up-to-date: /home/chris/ros2_ws/src/rover/install/rover_msgs/share/rover_msgs/environment/library_path.sh\n'}
[1.710544] (rover_msgs) StdoutLine: {'line': b'-- Up-to-date: /home/chris/ros2_ws/src/rover/install/rover_msgs/share/rover_msgs/environment/library_path.dsv\n'}
[1.710746] (rover_msgs) StdoutLine: {'line': b'-- Up-to-date: /home/chris/ros2_ws/src/rover/install/rover_msgs/include/rovus_lib\n'}
[1.710920] (rover_msgs) StdoutLine: {'line': b'-- Up-to-date: /home/chris/ros2_ws/src/rover/install/rover_msgs/include/rovus_lib/timer.hpp\n'}
[1.711067] (rover_msgs) StdoutLine: {'line': b'-- Up-to-date: /home/chris/ros2_ws/src/rover/install/rover_msgs/include/rovus_lib/moving_average.hpp\n'}
[1.711211] (rover_msgs) StdoutLine: {'line': b'-- Up-to-date: /home/chris/ros2_ws/src/rover/install/rover_msgs/include/rovus_lib/macros.h\n'}
[1.711408] (rover_msgs) StdoutLine: {'line': b'-- Up-to-date: /home/chris/ros2_ws/src/rover/install/rover_msgs/include/rovus_lib/rovus_exceptions.h\n'}
[1.711563] (rover_msgs) StdoutLine: {'line': b'-- Up-to-date: /home/chris/ros2_ws/src/rover/install/rover_msgs/lib/liblib_exec.a\n'}
[1.712251] (rover_msgs) StdoutLine: {'line': b'-- Up-to-date: /home/chris/ros2_ws/src/rover/install/rover_msgs/share/ament_index/resource_index/rosidl_interfaces/rover_msgs\n'}
[1.712491] (rover_msgs) StdoutLine: {'line': b'-- Up-to-date: /home/chris/ros2_ws/src/rover/install/rover_msgs/include/rover_msgs/rover_msgs\n'}
[1.712700] (rover_msgs) StdoutLine: {'line': b'-- Up-to-date: /home/chris/ros2_ws/src/rover/install/rover_msgs/include/rover_msgs/rover_msgs/msg\n'}
[1.712897] (rover_msgs) StdoutLine: {'line': b'-- Up-to-date: /home/chris/ros2_ws/src/rover/install/rover_msgs/include/rover_msgs/rover_msgs/msg/detail\n'}
[1.713044] (rover_msgs) StdoutLine: {'line': b'-- Up-to-date: /home/chris/ros2_ws/src/rover/install/rover_msgs/include/rover_msgs/rover_msgs/msg/detail/can_device_status__functions.h\n'}
[1.713187] (rover_msgs) StdoutLine: {'line': b'-- Up-to-date: /home/chris/ros2_ws/src/rover/install/rover_msgs/include/rover_msgs/rover_msgs/msg/detail/gps_position__functions.h\n'}
[1.713339] (rover_msgs) StdoutLine: {'line': b'-- Up-to-date: /home/chris/ros2_ws/src/rover/install/rover_msgs/include/rover_msgs/rover_msgs/msg/detail/science_control__functions.h\n'}
[1.713580] (rover_msgs) StdoutLine: {'line': b'-- Up-to-date: /home/chris/ros2_ws/src/rover/install/rover_msgs/include/rover_msgs/rover_msgs/msg/detail/camera_angle__functions.c\n'}
[1.713888] (rover_msgs) StdoutLine: {'line': b'-- Up-to-date: /home/chris/ros2_ws/src/rover/install/rover_msgs/include/rover_msgs/rover_msgs/msg/detail/drivetrain_arbitration__functions.h\n'}
[1.714031] (rover_msgs) StdoutLine: {'line': b'-- Up-to-date: /home/chris/ros2_ws/src/rover/install/rover_msgs/include/rover_msgs/rover_msgs/msg/detail/joy_demux_status__type_support.h\n'}
[1.714173] (rover_msgs) StdoutLine: {'line': b'-- Up-to-date: /home/chris/ros2_ws/src/rover/install/rover_msgs/include/rover_msgs/rover_msgs/msg/detail/drivetrain_arbitration__type_support.h\n'}
[1.714315] (rover_msgs) StdoutLine: {'line': b'-- Up-to-date: /home/chris/ros2_ws/src/rover/install/rover_msgs/include/rover_msgs/rover_msgs/msg/detail/aruco__functions.h\n'}
[1.714430] (rover_msgs) StdoutLine: {'line': b'-- Up-to-date: /home/chris/ros2_ws/src/rover/install/rover_msgs/include/rover_msgs/rover_msgs/msg/detail/propulsion_motor__type_support.h\n'}
[1.714517] (rover_msgs) StdoutLine: {'line': b'-- Up-to-date: /home/chris/ros2_ws/src/rover/install/rover_msgs/include/rover_msgs/rover_msgs/msg/detail/antenna_cmd__type_support.h\n'}
[1.714603] (rover_msgs) StdoutLine: {'line': b'-- Up-to-date: /home/chris/ros2_ws/src/rover/install/rover_msgs/include/rover_msgs/rover_msgs/msg/detail/propulsion_motor__functions.c\n'}
[1.714687] (rover_msgs) StdoutLine: {'line': b'-- Up-to-date: /home/chris/ros2_ws/src/rover/install/rover_msgs/include/rover_msgs/rover_msgs/msg/detail/light_control__functions.h\n'}
[1.714773] (rover_msgs) StdoutLine: {'line': b'-- Up-to-date: /home/chris/ros2_ws/src/rover/install/rover_msgs/include/rover_msgs/rover_msgs/msg/detail/science_control__struct.h\n'}
[1.714858] (rover_msgs) StdoutLine: {'line': b'-- Up-to-date: /home/chris/ros2_ws/src/rover/install/rover_msgs/include/rover_msgs/rover_msgs/msg/detail/antenna_cmd__struct.h\n'}
[1.714944] (rover_msgs) StdoutLine: {'line': b'-- Up-to-date: /home/chris/ros2_ws/src/rover/install/rover_msgs/include/rover_msgs/rover_msgs/msg/detail/compass__functions.c\n'}
[1.715028] (rover_msgs) StdoutLine: {'line': b'-- Up-to-date: /home/chris/ros2_ws/src/rover/install/rover_msgs/include/rover_msgs/rover_msgs/msg/detail/arm_msg__functions.h\n'}
[1.715112] (rover_msgs) StdoutLine: {'line': b'-- Up-to-date: /home/chris/ros2_ws/src/rover/install/rover_msgs/include/rover_msgs/rover_msgs/msg/detail/science_control__functions.c\n'}
[1.715196] (rover_msgs) StdoutLine: {'line': b'-- Up-to-date: /home/chris/ros2_ws/src/rover/install/rover_msgs/include/rover_msgs/rover_msgs/msg/detail/joy__struct.h\n'}
[1.715282] (rover_msgs) StdoutLine: {'line': b'-- Up-to-date: /home/chris/ros2_ws/src/rover/install/rover_msgs/include/rover_msgs/rover_msgs/msg/detail/gps__type_support.h\n'}
[1.715595] (rover_msgs) StdoutLine: {'line': b'-- Up-to-date: /home/chris/ros2_ws/src/rover/install/rover_msgs/include/rover_msgs/rover_msgs/msg/detail/gps_position__type_support.h\n'}
[1.715684] (rover_msgs) StdoutLine: {'line': b'-- Up-to-date: /home/chris/ros2_ws/src/rover/install/rover_msgs/include/rover_msgs/rover_msgs/msg/detail/arm_msg__struct.h\n'}
[1.715769] (rover_msgs) StdoutLine: {'line': b'-- Up-to-date: /home/chris/ros2_ws/src/rover/install/rover_msgs/include/rover_msgs/rover_msgs/msg/detail/can_device_status__functions.c\n'}
[1.715854] (rover_msgs) StdoutLine: {'line': b'-- Up-to-date: /home/chris/ros2_ws/src/rover/install/rover_msgs/include/rover_msgs/rover_msgs/msg/detail/can_device_status__type_support.h\n'}
[1.716102] (rover_msgs) StdoutLine: {'line': b'-- Up-to-date: /home/chris/ros2_ws/src/rover/install/rover_msgs/include/rover_msgs/rover_msgs/msg/detail/gps__struct.h\n'}
[1.716224] (rover_msgs) StdoutLine: {'line': b'-- Up-to-date: /home/chris/ros2_ws/src/rover/install/rover_msgs/include/rover_msgs/rover_msgs/msg/detail/antenna_cmd__functions.h\n'}
[1.716326] (rover_msgs) StdoutLine: {'line': b'-- Up-to-date: /home/chris/ros2_ws/src/rover/install/rover_msgs/include/rover_msgs/rover_msgs/msg/detail/gps_position__struct.h\n'}
[1.716696] (rover_msgs) StdoutLine: {'line': b'-- Up-to-date: /home/chris/ros2_ws/src/rover/install/rover_msgs/include/rover_msgs/rover_msgs/msg/detail/propulsion_motor__functions.h\n'}
[1.716807] (rover_msgs) StdoutLine: {'line': b'-- Up-to-date: /home/chris/ros2_ws/src/rover/install/rover_msgs/include/rover_msgs/rover_msgs/msg/detail/camera_angle__type_support.h\n'}
[1.716901] (rover_msgs) StdoutLine: {'line': b'-- Up-to-date: /home/chris/ros2_ws/src/rover/install/rover_msgs/include/rover_msgs/rover_msgs/msg/detail/antenna_cmd__functions.c\n'}
[1.716988] (rover_msgs) StdoutLine: {'line': b'-- Up-to-date: /home/chris/ros2_ws/src/rover/install/rover_msgs/include/rover_msgs/rover_msgs/msg/detail/gps_position__functions.c\n'}
[1.717073] (rover_msgs) StdoutLine: {'line': b'-- Up-to-date: /home/chris/ros2_ws/src/rover/install/rover_msgs/include/rover_msgs/rover_msgs/msg/detail/camera_control__functions.c\n'}
[1.717157] (rover_msgs) StdoutLine: {'line': b'-- Up-to-date: /home/chris/ros2_ws/src/rover/install/rover_msgs/include/rover_msgs/rover_msgs/msg/detail/camera_control__struct.h\n'}
[1.717239] (rover_msgs) StdoutLine: {'line': b'-- Up-to-date: /home/chris/ros2_ws/src/rover/install/rover_msgs/include/rover_msgs/rover_msgs/msg/detail/camera_angle__functions.h\n'}
[1.717328] (rover_msgs) StdoutLine: {'line': b'-- Up-to-date: /home/chris/ros2_ws/src/rover/install/rover_msgs/include/rover_msgs/rover_msgs/msg/detail/science_control__type_support.h\n'}
[1.717567] (rover_msgs) StdoutLine: {'line': b'-- Up-to-date: /home/chris/ros2_ws/src/rover/install/rover_msgs/include/rover_msgs/rover_msgs/msg/detail/arm_msg__functions.c\n'}
[1.717748] (rover_msgs) StdoutLine: {'line': b'-- Up-to-date: /home/chris/ros2_ws/src/rover/install/rover_msgs/include/rover_msgs/rover_msgs/msg/detail/joy__functions.c\n'}
[1.717827] (rover_msgs) StdoutLine: {'line': b'-- Up-to-date: /home/chris/ros2_ws/src/rover/install/rover_msgs/include/rover_msgs/rover_msgs/msg/detail/compass__type_support.h\n'}
[1.717903] (rover_msgs) StdoutLine: {'line': b'-- Up-to-date: /home/chris/ros2_ws/src/rover/install/rover_msgs/include/rover_msgs/rover_msgs/msg/detail/light_control__type_support.h\n'}
[1.717979] (rover_msgs) StdoutLine: {'line': b'-- Up-to-date: /home/chris/ros2_ws/src/rover/install/rover_msgs/include/rover_msgs/rover_msgs/msg/detail/joy_demux_status__functions.c\n'}
[1.718055] (rover_msgs) StdoutLine: {'line': b'-- Up-to-date: /home/chris/ros2_ws/src/rover/install/rover_msgs/include/rover_msgs/rover_msgs/msg/detail/propulsion_motor__struct.h\n'}
[1.718138] (rover_msgs) StdoutLine: {'line': b'-- Up-to-date: /home/chris/ros2_ws/src/rover/install/rover_msgs/include/rover_msgs/rover_msgs/msg/detail/joy_demux_status__struct.h\n'}
[1.718220] (rover_msgs) StdoutLine: {'line': b'-- Up-to-date: /home/chris/ros2_ws/src/rover/install/rover_msgs/include/rover_msgs/rover_msgs/msg/detail/light_control__struct.h\n'}
[1.718338] (rover_msgs) StdoutLine: {'line': b'-- Up-to-date: /home/chris/ros2_ws/src/rover/install/rover_msgs/include/rover_msgs/rover_msgs/msg/detail/aruco__struct.h\n'}
[1.718424] (rover_msgs) StdoutLine: {'line': b'-- Up-to-date: /home/chris/ros2_ws/src/rover/install/rover_msgs/include/rover_msgs/rover_msgs/msg/detail/joy_demux_status__functions.h\n'}
[1.718558] (rover_msgs) StdoutLine: {'line': b'-- Up-to-date: /home/chris/ros2_ws/src/rover/install/rover_msgs/include/rover_msgs/rover_msgs/msg/detail/compass__functions.h\n'}
[1.718687] (rover_msgs) StdoutLine: {'line': b'-- Up-to-date: /home/chris/ros2_ws/src/rover/install/rover_msgs/include/rover_msgs/rover_msgs/msg/detail/camera_angle__struct.h\n'}
[1.718773] (rover_msgs) StdoutLine: {'line': b'-- Up-to-date: /home/chris/ros2_ws/src/rover/install/rover_msgs/include/rover_msgs/rover_msgs/msg/detail/aruco__type_support.h\n'}
[1.718857] (rover_msgs) StdoutLine: {'line': b'-- Up-to-date: /home/chris/ros2_ws/src/rover/install/rover_msgs/include/rover_msgs/rover_msgs/msg/detail/gps__functions.c\n'}
[1.718940] (rover_msgs) StdoutLine: {'line': b'-- Up-to-date: /home/chris/ros2_ws/src/rover/install/rover_msgs/include/rover_msgs/rover_msgs/msg/detail/can_device_status__struct.h\n'}
[1.719053] (rover_msgs) StdoutLine: {'line': b'-- Up-to-date: /home/chris/ros2_ws/src/rover/install/rover_msgs/include/rover_msgs/rover_msgs/msg/detail/drivetrain_arbitration__struct.h\n'}
[1.719137] (rover_msgs) StdoutLine: {'line': b'-- Up-to-date: /home/chris/ros2_ws/src/rover/install/rover_msgs/include/rover_msgs/rover_msgs/msg/detail/joy__type_support.h\n'}
[1.719221] (rover_msgs) StdoutLine: {'line': b'-- Up-to-date: /home/chris/ros2_ws/src/rover/install/rover_msgs/include/rover_msgs/rover_msgs/msg/detail/light_control__functions.c\n'}
[1.719375] (rover_msgs) StdoutLine: {'line': b'-- Up-to-date: /home/chris/ros2_ws/src/rover/install/rover_msgs/include/rover_msgs/rover_msgs/msg/detail/compass__struct.h\n'}
[1.719616] (rover_msgs) StdoutLine: {'line': b'-- Up-to-date: /home/chris/ros2_ws/src/rover/install/rover_msgs/include/rover_msgs/rover_msgs/msg/detail/camera_control__functions.h\n'}
[1.719704] (rover_msgs) StdoutLine: {'line': b'-- Up-to-date: /home/chris/ros2_ws/src/rover/install/rover_msgs/include/rover_msgs/rover_msgs/msg/detail/camera_control__type_support.h\n'}
[1.719788] (rover_msgs) StdoutLine: {'line': b'-- Up-to-date: /home/chris/ros2_ws/src/rover/install/rover_msgs/include/rover_msgs/rover_msgs/msg/detail/aruco__functions.c\n'}
[1.719874] (rover_msgs) StdoutLine: {'line': b'-- Up-to-date: /home/chris/ros2_ws/src/rover/install/rover_msgs/include/rover_msgs/rover_msgs/msg/detail/joy__functions.h\n'}
[1.719958] (rover_msgs) StdoutLine: {'line': b'-- Up-to-date: /home/chris/ros2_ws/src/rover/install/rover_msgs/include/rover_msgs/rover_msgs/msg/detail/drivetrain_arbitration__functions.c\n'}
[1.720042] (rover_msgs) StdoutLine: {'line': b'-- Up-to-date: /home/chris/ros2_ws/src/rover/install/rover_msgs/include/rover_msgs/rover_msgs/msg/detail/arm_msg__type_support.h\n'}
[1.720126] (rover_msgs) StdoutLine: {'line': b'-- Up-to-date: /home/chris/ros2_ws/src/rover/install/rover_msgs/include/rover_msgs/rover_msgs/msg/detail/gps__functions.h\n'}
[1.720210] (rover_msgs) StdoutLine: {'line': b'-- Up-to-date: /home/chris/ros2_ws/src/rover/install/rover_msgs/include/rover_msgs/rover_msgs/msg/camera_angle.h\n'}
[1.720294] (rover_msgs) StdoutLine: {'line': b'-- Up-to-date: /home/chris/ros2_ws/src/rover/install/rover_msgs/include/rover_msgs/rover_msgs/msg/science_control.h\n'}
[1.720392] (rover_msgs) StdoutLine: {'line': b'-- Up-to-date: /home/chris/ros2_ws/src/rover/install/rover_msgs/include/rover_msgs/rover_msgs/msg/light_control.h\n'}
[1.720477] (rover_msgs) StdoutLine: {'line': b'-- Up-to-date: /home/chris/ros2_ws/src/rover/install/rover_msgs/include/rover_msgs/rover_msgs/msg/propulsion_motor.h\n'}
[1.720560] (rover_msgs) StdoutLine: {'line': b'-- Up-to-date: /home/chris/ros2_ws/src/rover/install/rover_msgs/include/rover_msgs/rover_msgs/msg/rosidl_generator_c__visibility_control.h\n'}
[1.720688] (rover_msgs) StdoutLine: {'line': b'-- Up-to-date: /home/chris/ros2_ws/src/rover/install/rover_msgs/include/rover_msgs/rover_msgs/msg/antenna_cmd.h\n'}
[1.720771] (rover_msgs) StdoutLine: {'line': b'-- Up-to-date: /home/chris/ros2_ws/src/rover/install/rover_msgs/include/rover_msgs/rover_msgs/msg/arm_msg.h\n'}
[1.720855] (rover_msgs) StdoutLine: {'line': b'-- Up-to-date: /home/chris/ros2_ws/src/rover/install/rover_msgs/include/rover_msgs/rover_msgs/msg/gps_position.h\n'}
[1.721126] (rover_msgs) StdoutLine: {'line': b'-- Up-to-date: /home/chris/ros2_ws/src/rover/install/rover_msgs/include/rover_msgs/rover_msgs/msg/gps.h\n'}
[1.721212] (rover_msgs) StdoutLine: {'line': b'-- Up-to-date: /home/chris/ros2_ws/src/rover/install/rover_msgs/include/rover_msgs/rover_msgs/msg/compass.h\n'}
[1.721295] (rover_msgs) StdoutLine: {'line': b'-- Up-to-date: /home/chris/ros2_ws/src/rover/install/rover_msgs/include/rover_msgs/rover_msgs/msg/can_device_status.h\n'}
[1.721393] (rover_msgs) StdoutLine: {'line': b'-- Up-to-date: /home/chris/ros2_ws/src/rover/install/rover_msgs/include/rover_msgs/rover_msgs/msg/joy_demux_status.h\n'}
[1.721479] (rover_msgs) StdoutLine: {'line': b'-- Up-to-date: /home/chris/ros2_ws/src/rover/install/rover_msgs/include/rover_msgs/rover_msgs/msg/drivetrain_arbitration.h\n'}
[1.721597] (rover_msgs) StdoutLine: {'line': b'-- Up-to-date: /home/chris/ros2_ws/src/rover/install/rover_msgs/include/rover_msgs/rover_msgs/msg/joy.h\n'}
[1.721676] (rover_msgs) StdoutLine: {'line': b'-- Up-to-date: /home/chris/ros2_ws/src/rover/install/rover_msgs/include/rover_msgs/rover_msgs/msg/aruco.h\n'}
[1.721759] (rover_msgs) StdoutLine: {'line': b'-- Up-to-date: /home/chris/ros2_ws/src/rover/install/rover_msgs/include/rover_msgs/rover_msgs/msg/camera_control.h\n'}
[1.721843] (rover_msgs) StdoutLine: {'line': b'-- Up-to-date: /home/chris/ros2_ws/src/rover/install/rover_msgs/include/rover_msgs/rover_msgs/srv\n'}
[1.721925] (rover_msgs) StdoutLine: {'line': b'-- Up-to-date: /home/chris/ros2_ws/src/rover/install/rover_msgs/include/rover_msgs/rover_msgs/srv/drive_train_arbitration.h\n'}
[1.722008] (rover_msgs) StdoutLine: {'line': b'-- Up-to-date: /home/chris/ros2_ws/src/rover/install/rover_msgs/include/rover_msgs/rover_msgs/srv/antenna_arbitration.h\n'}
[1.722090] (rover_msgs) StdoutLine: {'line': b'-- Up-to-date: /home/chris/ros2_ws/src/rover/install/rover_msgs/include/rover_msgs/rover_msgs/srv/detail\n'}
[1.722214] (rover_msgs) StdoutLine: {'line': b'-- Up-to-date: /home/chris/ros2_ws/src/rover/install/rover_msgs/include/rover_msgs/rover_msgs/srv/detail/new_gps_goal__type_support.h\n'}
[1.722298] (rover_msgs) StdoutLine: {'line': b'-- Up-to-date: /home/chris/ros2_ws/src/rover/install/rover_msgs/include/rover_msgs/rover_msgs/srv/detail/pano_control__functions.c\n'}
[1.722451] (rover_msgs) StdoutLine: {'line': b'-- Up-to-date: /home/chris/ros2_ws/src/rover/install/rover_msgs/include/rover_msgs/rover_msgs/srv/detail/joy_demux_set_state__functions.c\n'}
[1.722538] (rover_msgs) StdoutLine: {'line': b'-- Up-to-date: /home/chris/ros2_ws/src/rover/install/rover_msgs/include/rover_msgs/rover_msgs/srv/detail/new_gps_goal__functions.c\n'}
[1.722677] (rover_msgs) StdoutLine: {'line': b'-- Up-to-date: /home/chris/ros2_ws/src/rover/install/rover_msgs/include/rover_msgs/rover_msgs/srv/detail/light_control__functions.h\n'}
[1.722763] (rover_msgs) StdoutLine: {'line': b'-- Up-to-date: /home/chris/ros2_ws/src/rover/install/rover_msgs/include/rover_msgs/rover_msgs/srv/detail/rtsp_stream__struct.h\n'}
[1.722845] (rover_msgs) StdoutLine: {'line': b'-- Up-to-date: /home/chris/ros2_ws/src/rover/install/rover_msgs/include/rover_msgs/rover_msgs/srv/detail/pano_control__functions.h\n'}
[1.722927] (rover_msgs) StdoutLine: {'line': b'-- Up-to-date: /home/chris/ros2_ws/src/rover/install/rover_msgs/include/rover_msgs/rover_msgs/srv/detail/drive_train_arbitration__functions.h\n'}
[1.723009] (rover_msgs) StdoutLine: {'line': b'-- Up-to-date: /home/chris/ros2_ws/src/rover/install/rover_msgs/include/rover_msgs/rover_msgs/srv/detail/antenna_arbitration__functions.c\n'}
[1.723164] (rover_msgs) StdoutLine: {'line': b'-- Up-to-date: /home/chris/ros2_ws/src/rover/install/rover_msgs/include/rover_msgs/rover_msgs/srv/detail/rtsp_stream__functions.h\n'}
[1.723247] (rover_msgs) StdoutLine: {'line': b'-- Up-to-date: /home/chris/ros2_ws/src/rover/install/rover_msgs/include/rover_msgs/rover_msgs/srv/detail/antenna_arbitration__functions.h\n'}
[1.723337] (rover_msgs) StdoutLine: {'line': b'-- Up-to-date: /home/chris/ros2_ws/src/rover/install/rover_msgs/include/rover_msgs/rover_msgs/srv/detail/compass_calibration__functions.h\n'}
[1.723515] (rover_msgs) StdoutLine: {'line': b'-- Up-to-date: /home/chris/ros2_ws/src/rover/install/rover_msgs/include/rover_msgs/rover_msgs/srv/detail/new_gps_goal__struct.h\n'}
[1.723599] (rover_msgs) StdoutLine: {'line': b'-- Up-to-date: /home/chris/ros2_ws/src/rover/install/rover_msgs/include/rover_msgs/rover_msgs/srv/detail/drive_train_arbitration__type_support.h\n'}
[1.723683] (rover_msgs) StdoutLine: {'line': b'-- Up-to-date: /home/chris/ros2_ws/src/rover/install/rover_msgs/include/rover_msgs/rover_msgs/srv/detail/compass_calibration__functions.c\n'}
[1.723765] (rover_msgs) StdoutLine: {'line': b'-- Up-to-date: /home/chris/ros2_ws/src/rover/install/rover_msgs/include/rover_msgs/rover_msgs/srv/detail/new_gps_goal__functions.h\n'}
[1.723928] (rover_msgs) StdoutLine: {'line': b'-- Up-to-date: /home/chris/ros2_ws/src/rover/install/rover_msgs/include/rover_msgs/rover_msgs/srv/detail/joy_demux_set_state__functions.h\n'}
[1.724013] (rover_msgs) StdoutLine: {'line': b'-- Up-to-date: /home/chris/ros2_ws/src/rover/install/rover_msgs/include/rover_msgs/rover_msgs/srv/detail/rtsp_stream__functions.c\n'}
[1.724096] (rover_msgs) StdoutLine: {'line': b'-- Up-to-date: /home/chris/ros2_ws/src/rover/install/rover_msgs/include/rover_msgs/rover_msgs/srv/detail/screenshot_control__functions.h\n'}
[1.724178] (rover_msgs) StdoutLine: {'line': b'-- Up-to-date: /home/chris/ros2_ws/src/rover/install/rover_msgs/include/rover_msgs/rover_msgs/srv/detail/pano_control__type_support.h\n'}
[1.724441] (rover_msgs) StdoutLine: {'line': b'-- Up-to-date: /home/chris/ros2_ws/src/rover/install/rover_msgs/include/rover_msgs/rover_msgs/srv/detail/joy_demux_set_state__type_support.h\n'}
[1.724532] (rover_msgs) StdoutLine: {'line': b'-- Up-to-date: /home/chris/ros2_ws/src/rover/install/rover_msgs/include/rover_msgs/rover_msgs/srv/detail/screenshot_control__functions.c\n'}
[1.724615] (rover_msgs) StdoutLine: {'line': b'-- Up-to-date: /home/chris/ros2_ws/src/rover/install/rover_msgs/include/rover_msgs/rover_msgs/srv/detail/screenshot_control__struct.h\n'}
[1.724699] (rover_msgs) StdoutLine: {'line': b'-- Up-to-date: /home/chris/ros2_ws/src/rover/install/rover_msgs/include/rover_msgs/rover_msgs/srv/detail/antenna_arbitration__type_support.h\n'}
[1.724781] (rover_msgs) StdoutLine: {'line': b'-- Up-to-date: /home/chris/ros2_ws/src/rover/install/rover_msgs/include/rover_msgs/rover_msgs/srv/detail/light_control__type_support.h\n'}
[1.724864] (rover_msgs) StdoutLine: {'line': b'-- Up-to-date: /home/chris/ros2_ws/src/rover/install/rover_msgs/include/rover_msgs/rover_msgs/srv/detail/rtsp_stream__type_support.h\n'}
[1.724948] (rover_msgs) StdoutLine: {'line': b'-- Up-to-date: /home/chris/ros2_ws/src/rover/install/rover_msgs/include/rover_msgs/rover_msgs/srv/detail/light_control__struct.h\n'}
[1.725031] (rover_msgs) StdoutLine: {'line': b'-- Up-to-date: /home/chris/ros2_ws/src/rover/install/rover_msgs/include/rover_msgs/rover_msgs/srv/detail/drive_train_arbitration__struct.h\n'}
[1.725113] (rover_msgs) StdoutLine: {'line': b'-- Up-to-date: /home/chris/ros2_ws/src/rover/install/rover_msgs/include/rover_msgs/rover_msgs/srv/detail/screenshot_control__type_support.h\n'}
[1.725196] (rover_msgs) StdoutLine: {'line': b'-- Up-to-date: /home/chris/ros2_ws/src/rover/install/rover_msgs/include/rover_msgs/rover_msgs/srv/detail/joy_demux_set_state__struct.h\n'}
[1.725277] (rover_msgs) StdoutLine: {'line': b'-- Up-to-date: /home/chris/ros2_ws/src/rover/install/rover_msgs/include/rover_msgs/rover_msgs/srv/detail/light_control__functions.c\n'}
[1.725430] (rover_msgs) StdoutLine: {'line': b'-- Up-to-date: /home/chris/ros2_ws/src/rover/install/rover_msgs/include/rover_msgs/rover_msgs/srv/detail/pano_control__struct.h\n'}
[1.725723] (rover_msgs) StdoutLine: {'line': b'-- Up-to-date: /home/chris/ros2_ws/src/rover/install/rover_msgs/include/rover_msgs/rover_msgs/srv/detail/compass_calibration__struct.h\n'}
[1.725810] (rover_msgs) StdoutLine: {'line': b'-- Up-to-date: /home/chris/ros2_ws/src/rover/install/rover_msgs/include/rover_msgs/rover_msgs/srv/detail/compass_calibration__type_support.h\n'}
[1.725893] (rover_msgs) StdoutLine: {'line': b'-- Up-to-date: /home/chris/ros2_ws/src/rover/install/rover_msgs/include/rover_msgs/rover_msgs/srv/detail/antenna_arbitration__struct.h\n'}
[1.725976] (rover_msgs) StdoutLine: {'line': b'-- Up-to-date: /home/chris/ros2_ws/src/rover/install/rover_msgs/include/rover_msgs/rover_msgs/srv/detail/drive_train_arbitration__functions.c\n'}
[1.726058] (rover_msgs) StdoutLine: {'line': b'-- Up-to-date: /home/chris/ros2_ws/src/rover/install/rover_msgs/include/rover_msgs/rover_msgs/srv/screenshot_control.h\n'}
[1.726140] (rover_msgs) StdoutLine: {'line': b'-- Up-to-date: /home/chris/ros2_ws/src/rover/install/rover_msgs/include/rover_msgs/rover_msgs/srv/light_control.h\n'}
[1.726222] (rover_msgs) StdoutLine: {'line': b'-- Up-to-date: /home/chris/ros2_ws/src/rover/install/rover_msgs/include/rover_msgs/rover_msgs/srv/joy_demux_set_state.h\n'}
[1.726303] (rover_msgs) StdoutLine: {'line': b'-- Up-to-date: /home/chris/ros2_ws/src/rover/install/rover_msgs/include/rover_msgs/rover_msgs/srv/new_gps_goal.h\n'}
[1.726443] (rover_msgs) StdoutLine: {'line': b'-- Up-to-date: /home/chris/ros2_ws/src/rover/install/rover_msgs/include/rover_msgs/rover_msgs/srv/compass_calibration.h\n'}
[1.726531] (rover_msgs) StdoutLine: {'line': b'-- Up-to-date: /home/chris/ros2_ws/src/rover/install/rover_msgs/include/rover_msgs/rover_msgs/srv/pano_control.h\n'}
[1.726613] (rover_msgs) StdoutLine: {'line': b'-- Up-to-date: /home/chris/ros2_ws/src/rover/install/rover_msgs/include/rover_msgs/rover_msgs/srv/rtsp_stream.h\n'}
[1.726696] (rover_msgs) StdoutLine: {'line': b'-- Up-to-date: /home/chris/ros2_ws/src/rover/install/rover_msgs/lib/librover_msgs__rosidl_generator_c.so\n'}
[1.726780] (rover_msgs) StdoutLine: {'line': b'-- Up-to-date: /home/chris/ros2_ws/src/rover/install/rover_msgs/include/rover_msgs/rover_msgs\n'}
[1.726863] (rover_msgs) StdoutLine: {'line': b'-- Up-to-date: /home/chris/ros2_ws/src/rover/install/rover_msgs/include/rover_msgs/rover_msgs/msg\n'}
[1.726950] (rover_msgs) StdoutLine: {'line': b'-- Up-to-date: /home/chris/ros2_ws/src/rover/install/rover_msgs/include/rover_msgs/rover_msgs/msg/detail\n'}
[1.727033] (rover_msgs) StdoutLine: {'line': b'-- Up-to-date: /home/chris/ros2_ws/src/rover/install/rover_msgs/include/rover_msgs/rover_msgs/msg/detail/camera_angle__rosidl_typesupport_fastrtps_c.h\n'}
[1.727283] (rover_msgs) StdoutLine: {'line': b'-- Up-to-date: /home/chris/ros2_ws/src/rover/install/rover_msgs/include/rover_msgs/rover_msgs/msg/detail/light_control__rosidl_typesupport_fastrtps_c.h\n'}
[1.727407] (rover_msgs) StdoutLine: {'line': b'-- Up-to-date: /home/chris/ros2_ws/src/rover/install/rover_msgs/include/rover_msgs/rover_msgs/msg/detail/compass__rosidl_typesupport_fastrtps_c.h\n'}
[1.727501] (rover_msgs) StdoutLine: {'line': b'-- Up-to-date: /home/chris/ros2_ws/src/rover/install/rover_msgs/include/rover_msgs/rover_msgs/msg/detail/joy__rosidl_typesupport_fastrtps_c.h\n'}
[1.727588] (rover_msgs) StdoutLine: {'line': b'-- Up-to-date: /home/chris/ros2_ws/src/rover/install/rover_msgs/include/rover_msgs/rover_msgs/msg/detail/gps__rosidl_typesupport_fastrtps_c.h\n'}
[1.727821] (rover_msgs) StdoutLine: {'line': b'-- Up-to-date: /home/chris/ros2_ws/src/rover/install/rover_msgs/include/rover_msgs/rover_msgs/msg/detail/arm_msg__rosidl_typesupport_fastrtps_c.h\n'}
[1.727968] (rover_msgs) StdoutLine: {'line': b'-- Up-to-date: /home/chris/ros2_ws/src/rover/install/rover_msgs/include/rover_msgs/rover_msgs/msg/detail/antenna_cmd__rosidl_typesupport_fastrtps_c.h\n'}
[1.728069] (rover_msgs) StdoutLine: {'line': b'-- Up-to-date: /home/chris/ros2_ws/src/rover/install/rover_msgs/include/rover_msgs/rover_msgs/msg/detail/joy_demux_status__rosidl_typesupport_fastrtps_c.h\n'}
[1.728170] (rover_msgs) StdoutLine: {'line': b'-- Up-to-date: /home/chris/ros2_ws/src/rover/install/rover_msgs/include/rover_msgs/rover_msgs/msg/detail/propulsion_motor__rosidl_typesupport_fastrtps_c.h\n'}
[1.728258] (rover_msgs) StdoutLine: {'line': b'-- Up-to-date: /home/chris/ros2_ws/src/rover/install/rover_msgs/include/rover_msgs/rover_msgs/msg/detail/camera_control__rosidl_typesupport_fastrtps_c.h\n'}
[1.728418] (rover_msgs) StdoutLine: {'line': b'-- Up-to-date: /home/chris/ros2_ws/src/rover/install/rover_msgs/include/rover_msgs/rover_msgs/msg/detail/can_device_status__rosidl_typesupport_fastrtps_c.h\n'}
[1.728597] (rover_msgs) StdoutLine: {'line': b'-- Up-to-date: /home/chris/ros2_ws/src/rover/install/rover_msgs/include/rover_msgs/rover_msgs/msg/detail/aruco__rosidl_typesupport_fastrtps_c.h\n'}
[1.728799] (rover_msgs) StdoutLine: {'line': b'-- Up-to-date: /home/chris/ros2_ws/src/rover/install/rover_msgs/include/rover_msgs/rover_msgs/msg/detail/drivetrain_arbitration__rosidl_typesupport_fastrtps_c.h\n'}
[1.729039] (rover_msgs) StdoutLine: {'line': b'-- Up-to-date: /home/chris/ros2_ws/src/rover/install/rover_msgs/include/rover_msgs/rover_msgs/msg/detail/science_control__rosidl_typesupport_fastrtps_c.h\n'}
[1.729274] (rover_msgs) StdoutLine: {'line': b'-- Up-to-date: /home/chris/ros2_ws/src/rover/install/rover_msgs/include/rover_msgs/rover_msgs/msg/detail/gps_position__rosidl_typesupport_fastrtps_c.h\n'}
[1.729513] (rover_msgs) StdoutLine: {'line': b'-- Up-to-date: /home/chris/ros2_ws/src/rover/install/rover_msgs/include/rover_msgs/rover_msgs/msg/rosidl_typesupport_fastrtps_c__visibility_control.h\n'}
[1.729668] (rover_msgs) StdoutLine: {'line': b'-- Up-to-date: /home/chris/ros2_ws/src/rover/install/rover_msgs/include/rover_msgs/rover_msgs/srv\n'}
[1.729800] (rover_msgs) StdoutLine: {'line': b'-- Up-to-date: /home/chris/ros2_ws/src/rover/install/rover_msgs/include/rover_msgs/rover_msgs/srv/detail\n'}
[1.729927] (rover_msgs) StdoutLine: {'line': b'-- Up-to-date: /home/chris/ros2_ws/src/rover/install/rover_msgs/include/rover_msgs/rover_msgs/srv/detail/screenshot_control__rosidl_typesupport_fastrtps_c.h\n'}
[1.730017] (rover_msgs) StdoutLine: {'line': b'-- Up-to-date: /home/chris/ros2_ws/src/rover/install/rover_msgs/include/rover_msgs/rover_msgs/srv/detail/pano_control__rosidl_typesupport_fastrtps_c.h\n'}
[1.730104] (rover_msgs) StdoutLine: {'line': b'-- Up-to-date: /home/chris/ros2_ws/src/rover/install/rover_msgs/include/rover_msgs/rover_msgs/srv/detail/light_control__rosidl_typesupport_fastrtps_c.h\n'}
[1.730189] (rover_msgs) StdoutLine: {'line': b'-- Up-to-date: /home/chris/ros2_ws/src/rover/install/rover_msgs/include/rover_msgs/rover_msgs/srv/detail/compass_calibration__rosidl_typesupport_fastrtps_c.h\n'}
[1.730275] (rover_msgs) StdoutLine: {'line': b'-- Up-to-date: /home/chris/ros2_ws/src/rover/install/rover_msgs/include/rover_msgs/rover_msgs/srv/detail/antenna_arbitration__rosidl_typesupport_fastrtps_c.h\n'}
[1.730454] (rover_msgs) StdoutLine: {'line': b'-- Up-to-date: /home/chris/ros2_ws/src/rover/install/rover_msgs/include/rover_msgs/rover_msgs/srv/detail/drive_train_arbitration__rosidl_typesupport_fastrtps_c.h\n'}
[1.730588] (rover_msgs) StdoutLine: {'line': b'-- Up-to-date: /home/chris/ros2_ws/src/rover/install/rover_msgs/include/rover_msgs/rover_msgs/srv/detail/joy_demux_set_state__rosidl_typesupport_fastrtps_c.h\n'}
[1.730676] (rover_msgs) StdoutLine: {'line': b'-- Up-to-date: /home/chris/ros2_ws/src/rover/install/rover_msgs/include/rover_msgs/rover_msgs/srv/detail/new_gps_goal__rosidl_typesupport_fastrtps_c.h\n'}
[1.730802] (rover_msgs) StdoutLine: {'line': b'-- Up-to-date: /home/chris/ros2_ws/src/rover/install/rover_msgs/include/rover_msgs/rover_msgs/srv/detail/rtsp_stream__rosidl_typesupport_fastrtps_c.h\n'}
[1.730893] (rover_msgs) StdoutLine: {'line': b'-- Up-to-date: /home/chris/ros2_ws/src/rover/install/rover_msgs/lib/librover_msgs__rosidl_typesupport_fastrtps_c.so\n'}
[1.730972] (rover_msgs) StdoutLine: {'line': b'-- Up-to-date: /home/chris/ros2_ws/src/rover/install/rover_msgs/include/rover_msgs/rover_msgs\n'}
[1.731049] (rover_msgs) StdoutLine: {'line': b'-- Up-to-date: /home/chris/ros2_ws/src/rover/install/rover_msgs/include/rover_msgs/rover_msgs/msg\n'}
[1.731133] (rover_msgs) StdoutLine: {'line': b'-- Up-to-date: /home/chris/ros2_ws/src/rover/install/rover_msgs/include/rover_msgs/rover_msgs/msg/detail\n'}
[1.731217] (rover_msgs) StdoutLine: {'line': b'-- Up-to-date: /home/chris/ros2_ws/src/rover/install/rover_msgs/include/rover_msgs/rover_msgs/msg/detail/aruco__type_support.c\n'}
[1.731301] (rover_msgs) StdoutLine: {'line': b'-- Up-to-date: /home/chris/ros2_ws/src/rover/install/rover_msgs/include/rover_msgs/rover_msgs/msg/detail/drivetrain_arbitration__rosidl_typesupport_introspection_c.h\n'}
[1.731425] (rover_msgs) StdoutLine: {'line': b'-- Up-to-date: /home/chris/ros2_ws/src/rover/install/rover_msgs/include/rover_msgs/rover_msgs/msg/detail/joy_demux_status__rosidl_typesupport_introspection_c.h\n'}
[1.731520] (rover_msgs) StdoutLine: {'line': b'-- Up-to-date: /home/chris/ros2_ws/src/rover/install/rover_msgs/include/rover_msgs/rover_msgs/msg/detail/can_device_status__type_support.c\n'}
[1.731599] (rover_msgs) StdoutLine: {'line': b'-- Up-to-date: /home/chris/ros2_ws/src/rover/install/rover_msgs/include/rover_msgs/rover_msgs/msg/detail/science_control__rosidl_typesupport_introspection_c.h\n'}
[1.731683] (rover_msgs) StdoutLine: {'line': b'-- Up-to-date: /home/chris/ros2_ws/src/rover/install/rover_msgs/include/rover_msgs/rover_msgs/msg/detail/gps__rosidl_typesupport_introspection_c.h\n'}
[1.731823] (rover_msgs) StdoutLine: {'line': b'-- Up-to-date: /home/chris/ros2_ws/src/rover/install/rover_msgs/include/rover_msgs/rover_msgs/msg/detail/science_control__type_support.c\n'}
[1.731901] (rover_msgs) StdoutLine: {'line': b'-- Up-to-date: /home/chris/ros2_ws/src/rover/install/rover_msgs/include/rover_msgs/rover_msgs/msg/detail/can_device_status__rosidl_typesupport_introspection_c.h\n'}
[1.731991] (rover_msgs) StdoutLine: {'line': b'-- Up-to-date: /home/chris/ros2_ws/src/rover/install/rover_msgs/include/rover_msgs/rover_msgs/msg/detail/propulsion_motor__rosidl_typesupport_introspection_c.h\n'}
[1.732068] (rover_msgs) StdoutLine: {'line': b'-- Up-to-date: /home/chris/ros2_ws/src/rover/install/rover_msgs/include/rover_msgs/rover_msgs/msg/detail/antenna_cmd__type_support.c\n'}
[1.732182] (rover_msgs) StdoutLine: {'line': b'-- Up-to-date: /home/chris/ros2_ws/src/rover/install/rover_msgs/include/rover_msgs/rover_msgs/msg/detail/aruco__rosidl_typesupport_introspection_c.h\n'}
[1.732281] (rover_msgs) StdoutLine: {'line': b'-- Up-to-date: /home/chris/ros2_ws/src/rover/install/rover_msgs/include/rover_msgs/rover_msgs/msg/detail/arm_msg__type_support.c\n'}
[1.732372] (rover_msgs) StdoutLine: {'line': b'-- Up-to-date: /home/chris/ros2_ws/src/rover/install/rover_msgs/include/rover_msgs/rover_msgs/msg/detail/arm_msg__rosidl_typesupport_introspection_c.h\n'}
[1.732479] (rover_msgs) StdoutLine: {'line': b'-- Up-to-date: /home/chris/ros2_ws/src/rover/install/rover_msgs/include/rover_msgs/rover_msgs/msg/detail/joy__type_support.c\n'}
[1.732559] (rover_msgs) StdoutLine: {'line': b'-- Up-to-date: /home/chris/ros2_ws/src/rover/install/rover_msgs/include/rover_msgs/rover_msgs/msg/detail/compass__type_support.c\n'}
[1.732644] (rover_msgs) StdoutLine: {'line': b'-- Up-to-date: /home/chris/ros2_ws/src/rover/install/rover_msgs/include/rover_msgs/rover_msgs/msg/detail/camera_control__type_support.c\n'}
[1.732727] (rover_msgs) StdoutLine: {'line': b'-- Up-to-date: /home/chris/ros2_ws/src/rover/install/rover_msgs/include/rover_msgs/rover_msgs/msg/detail/camera_control__rosidl_typesupport_introspection_c.h\n'}
[1.732811] (rover_msgs) StdoutLine: {'line': b'-- Up-to-date: /home/chris/ros2_ws/src/rover/install/rover_msgs/include/rover_msgs/rover_msgs/msg/detail/antenna_cmd__rosidl_typesupport_introspection_c.h\n'}
[1.732921] (rover_msgs) StdoutLine: {'line': b'-- Up-to-date: /home/chris/ros2_ws/src/rover/install/rover_msgs/include/rover_msgs/rover_msgs/msg/detail/camera_angle__type_support.c\n'}
[1.732999] (rover_msgs) StdoutLine: {'line': b'-- Up-to-date: /home/chris/ros2_ws/src/rover/install/rover_msgs/include/rover_msgs/rover_msgs/msg/detail/light_control__rosidl_typesupport_introspection_c.h\n'}
[1.733081] (rover_msgs) StdoutLine: {'line': b'-- Up-to-date: /home/chris/ros2_ws/src/rover/install/rover_msgs/include/rover_msgs/rover_msgs/msg/detail/compass__rosidl_typesupport_introspection_c.h\n'}
[1.733164] (rover_msgs) StdoutLine: {'line': b'-- Up-to-date: /home/chris/ros2_ws/src/rover/install/rover_msgs/include/rover_msgs/rover_msgs/msg/detail/propulsion_motor__type_support.c\n'}
[1.733246] (rover_msgs) StdoutLine: {'line': b'-- Up-to-date: /home/chris/ros2_ws/src/rover/install/rover_msgs/include/rover_msgs/rover_msgs/msg/detail/gps_position__type_support.c\n'}
[1.733338] (rover_msgs) StdoutLine: {'line': b'-- Up-to-date: /home/chris/ros2_ws/src/rover/install/rover_msgs/include/rover_msgs/rover_msgs/msg/detail/light_control__type_support.c\n'}
[1.733521] (rover_msgs) StdoutLine: {'line': b'-- Up-to-date: /home/chris/ros2_ws/src/rover/install/rover_msgs/include/rover_msgs/rover_msgs/msg/detail/drivetrain_arbitration__type_support.c\n'}
[1.733649] (rover_msgs) StdoutLine: {'line': b'-- Up-to-date: /home/chris/ros2_ws/src/rover/install/rover_msgs/include/rover_msgs/rover_msgs/msg/detail/joy__rosidl_typesupport_introspection_c.h\n'}
[1.733785] (rover_msgs) StdoutLine: {'line': b'-- Up-to-date: /home/chris/ros2_ws/src/rover/install/rover_msgs/include/rover_msgs/rover_msgs/msg/detail/gps_position__rosidl_typesupport_introspection_c.h\n'}
[1.733871] (rover_msgs) StdoutLine: {'line': b'-- Up-to-date: /home/chris/ros2_ws/src/rover/install/rover_msgs/include/rover_msgs/rover_msgs/msg/detail/joy_demux_status__type_support.c\n'}
[1.733955] (rover_msgs) StdoutLine: {'line': b'-- Up-to-date: /home/chris/ros2_ws/src/rover/install/rover_msgs/include/rover_msgs/rover_msgs/msg/detail/camera_angle__rosidl_typesupport_introspection_c.h\n'}
[1.734040] (rover_msgs) StdoutLine: {'line': b'-- Up-to-date: /home/chris/ros2_ws/src/rover/install/rover_msgs/include/rover_msgs/rover_msgs/msg/detail/gps__type_support.c\n'}
[1.734172] (rover_msgs) StdoutLine: {'line': b'-- Up-to-date: /home/chris/ros2_ws/src/rover/install/rover_msgs/include/rover_msgs/rover_msgs/msg/rosidl_typesupport_introspection_c__visibility_control.h\n'}
[1.734418] (rover_msgs) StdoutLine: {'line': b'-- Up-to-date: /home/chris/ros2_ws/src/rover/install/rover_msgs/include/rover_msgs/rover_msgs/srv\n'}
[1.734513] (rover_msgs) StdoutLine: {'line': b'-- Up-to-date: /home/chris/ros2_ws/src/rover/install/rover_msgs/include/rover_msgs/rover_msgs/srv/detail\n'}
[1.734598] (rover_msgs) StdoutLine: {'line': b'-- Up-to-date: /home/chris/ros2_ws/src/rover/install/rover_msgs/include/rover_msgs/rover_msgs/srv/detail/pano_control__type_support.c\n'}
[1.734683] (rover_msgs) StdoutLine: {'line': b'-- Up-to-date: /home/chris/ros2_ws/src/rover/install/rover_msgs/include/rover_msgs/rover_msgs/srv/detail/compass_calibration__type_support.c\n'}
[1.734767] (rover_msgs) StdoutLine: {'line': b'-- Up-to-date: /home/chris/ros2_ws/src/rover/install/rover_msgs/include/rover_msgs/rover_msgs/srv/detail/new_gps_goal__rosidl_typesupport_introspection_c.h\n'}
[1.734852] (rover_msgs) StdoutLine: {'line': b'-- Up-to-date: /home/chris/ros2_ws/src/rover/install/rover_msgs/include/rover_msgs/rover_msgs/srv/detail/joy_demux_set_state__type_support.c\n'}
[1.734935] (rover_msgs) StdoutLine: {'line': b'-- Up-to-date: /home/chris/ros2_ws/src/rover/install/rover_msgs/include/rover_msgs/rover_msgs/srv/detail/pano_control__rosidl_typesupport_introspection_c.h\n'}
[1.735061] (rover_msgs) StdoutLine: {'line': b'-- Up-to-date: /home/chris/ros2_ws/src/rover/install/rover_msgs/include/rover_msgs/rover_msgs/srv/detail/screenshot_control__rosidl_typesupport_introspection_c.h\n'}
[1.735273] (rover_msgs) StdoutLine: {'line': b'-- Up-to-date: /home/chris/ros2_ws/src/rover/install/rover_msgs/include/rover_msgs/rover_msgs/srv/detail/screenshot_control__type_support.c\n'}
[1.735365] (rover_msgs) StdoutLine: {'line': b'-- Up-to-date: /home/chris/ros2_ws/src/rover/install/rover_msgs/include/rover_msgs/rover_msgs/srv/detail/drive_train_arbitration__type_support.c\n'}
[1.735448] (rover_msgs) StdoutLine: {'line': b'-- Up-to-date: /home/chris/ros2_ws/src/rover/install/rover_msgs/include/rover_msgs/rover_msgs/srv/detail/antenna_arbitration__rosidl_typesupport_introspection_c.h\n'}
[1.735527] (rover_msgs) StdoutLine: {'line': b'-- Up-to-date: /home/chris/ros2_ws/src/rover/install/rover_msgs/include/rover_msgs/rover_msgs/srv/detail/rtsp_stream__type_support.c\n'}
[1.735604] (rover_msgs) StdoutLine: {'line': b'-- Up-to-date: /home/chris/ros2_ws/src/rover/install/rover_msgs/include/rover_msgs/rover_msgs/srv/detail/light_control__rosidl_typesupport_introspection_c.h\n'}
[1.735682] (rover_msgs) StdoutLine: {'line': b'-- Up-to-date: /home/chris/ros2_ws/src/rover/install/rover_msgs/include/rover_msgs/rover_msgs/srv/detail/light_control__type_support.c\n'}
[1.735760] (rover_msgs) StdoutLine: {'line': b'-- Up-to-date: /home/chris/ros2_ws/src/rover/install/rover_msgs/include/rover_msgs/rover_msgs/srv/detail/rtsp_stream__rosidl_typesupport_introspection_c.h\n'}
[1.735838] (rover_msgs) StdoutLine: {'line': b'-- Up-to-date: /home/chris/ros2_ws/src/rover/install/rover_msgs/include/rover_msgs/rover_msgs/srv/detail/compass_calibration__rosidl_typesupport_introspection_c.h\n'}
[1.735917] (rover_msgs) StdoutLine: {'line': b'-- Up-to-date: /home/chris/ros2_ws/src/rover/install/rover_msgs/include/rover_msgs/rover_msgs/srv/detail/drive_train_arbitration__rosidl_typesupport_introspection_c.h\n'}
[1.735994] (rover_msgs) StdoutLine: {'line': b'-- Up-to-date: /home/chris/ros2_ws/src/rover/install/rover_msgs/include/rover_msgs/rover_msgs/srv/detail/antenna_arbitration__type_support.c\n'}
[1.736072] (rover_msgs) StdoutLine: {'line': b'-- Up-to-date: /home/chris/ros2_ws/src/rover/install/rover_msgs/include/rover_msgs/rover_msgs/srv/detail/joy_demux_set_state__rosidl_typesupport_introspection_c.h\n'}
[1.736149] (rover_msgs) StdoutLine: {'line': b'-- Up-to-date: /home/chris/ros2_ws/src/rover/install/rover_msgs/include/rover_msgs/rover_msgs/srv/detail/new_gps_goal__type_support.c\n'}
[1.736230] (rover_msgs) StdoutLine: {'line': b'-- Up-to-date: /home/chris/ros2_ws/src/rover/install/rover_msgs/lib/librover_msgs__rosidl_typesupport_introspection_c.so\n'}
[1.736309] (rover_msgs) StdoutLine: {'line': b'-- Up-to-date: /home/chris/ros2_ws/src/rover/install/rover_msgs/lib/librover_msgs__rosidl_typesupport_c.so\n'}
[1.736398] (rover_msgs) StdoutLine: {'line': b'-- Up-to-date: /home/chris/ros2_ws/src/rover/install/rover_msgs/include/rover_msgs/rover_msgs\n'}
[1.736478] (rover_msgs) StdoutLine: {'line': b'-- Up-to-date: /home/chris/ros2_ws/src/rover/install/rover_msgs/include/rover_msgs/rover_msgs/msg\n'}
[1.736555] (rover_msgs) StdoutLine: {'line': b'-- Up-to-date: /home/chris/ros2_ws/src/rover/install/rover_msgs/include/rover_msgs/rover_msgs/msg/camera_angle.hpp\n'}
[1.736632] (rover_msgs) StdoutLine: {'line': b'-- Up-to-date: /home/chris/ros2_ws/src/rover/install/rover_msgs/include/rover_msgs/rover_msgs/msg/joy_demux_status.hpp\n'}
[1.736710] (rover_msgs) StdoutLine: {'line': b'-- Up-to-date: /home/chris/ros2_ws/src/rover/install/rover_msgs/include/rover_msgs/rover_msgs/msg/detail\n'}
[1.736789] (rover_msgs) StdoutLine: {'line': b'-- Up-to-date: /home/chris/ros2_ws/src/rover/install/rover_msgs/include/rover_msgs/rover_msgs/msg/detail/antenna_cmd__builder.hpp\n'}
[1.736866] (rover_msgs) StdoutLine: {'line': b'-- Up-to-date: /home/chris/ros2_ws/src/rover/install/rover_msgs/include/rover_msgs/rover_msgs/msg/detail/science_control__struct.hpp\n'}
[1.736944] (rover_msgs) StdoutLine: {'line': b'-- Up-to-date: /home/chris/ros2_ws/src/rover/install/rover_msgs/include/rover_msgs/rover_msgs/msg/detail/arm_msg__traits.hpp\n'}
[1.737030] (rover_msgs) StdoutLine: {'line': b'-- Up-to-date: /home/chris/ros2_ws/src/rover/install/rover_msgs/include/rover_msgs/rover_msgs/msg/detail/drivetrain_arbitration__traits.hpp\n'}
[1.737119] (rover_msgs) StdoutLine: {'line': b'-- Up-to-date: /home/chris/ros2_ws/src/rover/install/rover_msgs/include/rover_msgs/rover_msgs/msg/detail/gps_position__builder.hpp\n'}
[1.737196] (rover_msgs) StdoutLine: {'line': b'-- Up-to-date: /home/chris/ros2_ws/src/rover/install/rover_msgs/include/rover_msgs/rover_msgs/msg/detail/camera_control__struct.hpp\n'}
[1.737273] (rover_msgs) StdoutLine: {'line': b'-- Up-to-date: /home/chris/ros2_ws/src/rover/install/rover_msgs/include/rover_msgs/rover_msgs/msg/detail/compass__struct.hpp\n'}
[1.737362] (rover_msgs) StdoutLine: {'line': b'-- Up-to-date: /home/chris/ros2_ws/src/rover/install/rover_msgs/include/rover_msgs/rover_msgs/msg/detail/arm_msg__builder.hpp\n'}
[1.737452] (rover_msgs) StdoutLine: {'line': b'-- Up-to-date: /home/chris/ros2_ws/src/rover/install/rover_msgs/include/rover_msgs/rover_msgs/msg/detail/joy_demux_status__builder.hpp\n'}
[1.737533] (rover_msgs) StdoutLine: {'line': b'-- Up-to-date: /home/chris/ros2_ws/src/rover/install/rover_msgs/include/rover_msgs/rover_msgs/msg/detail/joy_demux_status__struct.hpp\n'}
[1.737610] (rover_msgs) StdoutLine: {'line': b'-- Up-to-date: /home/chris/ros2_ws/src/rover/install/rover_msgs/include/rover_msgs/rover_msgs/msg/detail/joy__builder.hpp\n'}
[1.737687] (rover_msgs) StdoutLine: {'line': b'-- Up-to-date: /home/chris/ros2_ws/src/rover/install/rover_msgs/include/rover_msgs/rover_msgs/msg/detail/camera_control__builder.hpp\n'}
[1.737766] (rover_msgs) StdoutLine: {'line': b'-- Up-to-date: /home/chris/ros2_ws/src/rover/install/rover_msgs/include/rover_msgs/rover_msgs/msg/detail/light_control__struct.hpp\n'}
[1.737843] (rover_msgs) StdoutLine: {'line': b'-- Up-to-date: /home/chris/ros2_ws/src/rover/install/rover_msgs/include/rover_msgs/rover_msgs/msg/detail/gps__builder.hpp\n'}
[1.737921] (rover_msgs) StdoutLine: {'line': b'-- Up-to-date: /home/chris/ros2_ws/src/rover/install/rover_msgs/include/rover_msgs/rover_msgs/msg/detail/can_device_status__builder.hpp\n'}
[1.737998] (rover_msgs) StdoutLine: {'line': b'-- Up-to-date: /home/chris/ros2_ws/src/rover/install/rover_msgs/include/rover_msgs/rover_msgs/msg/detail/joy_demux_status__traits.hpp\n'}
[1.738076] (rover_msgs) StdoutLine: {'line': b'-- Up-to-date: /home/chris/ros2_ws/src/rover/install/rover_msgs/include/rover_msgs/rover_msgs/msg/detail/aruco__builder.hpp\n'}
[1.738154] (rover_msgs) StdoutLine: {'line': b'-- Up-to-date: /home/chris/ros2_ws/src/rover/install/rover_msgs/include/rover_msgs/rover_msgs/msg/detail/antenna_cmd__struct.hpp\n'}
[1.738232] (rover_msgs) StdoutLine: {'line': b'-- Up-to-date: /home/chris/ros2_ws/src/rover/install/rover_msgs/include/rover_msgs/rover_msgs/msg/detail/gps_position__traits.hpp\n'}
[1.738308] (rover_msgs) StdoutLine: {'line': b'-- Up-to-date: /home/chris/ros2_ws/src/rover/install/rover_msgs/include/rover_msgs/rover_msgs/msg/detail/compass__builder.hpp\n'}
[1.738398] (rover_msgs) StdoutLine: {'line': b'-- Up-to-date: /home/chris/ros2_ws/src/rover/install/rover_msgs/include/rover_msgs/rover_msgs/msg/detail/light_control__traits.hpp\n'}
[1.738479] (rover_msgs) StdoutLine: {'line': b'-- Up-to-date: /home/chris/ros2_ws/src/rover/install/rover_msgs/include/rover_msgs/rover_msgs/msg/detail/joy__struct.hpp\n'}
[1.738557] (rover_msgs) StdoutLine: {'line': b'-- Up-to-date: /home/chris/ros2_ws/src/rover/install/rover_msgs/include/rover_msgs/rover_msgs/msg/detail/gps__struct.hpp\n'}
[1.738637] (rover_msgs) StdoutLine: {'line': b'-- Up-to-date: /home/chris/ros2_ws/src/rover/install/rover_msgs/include/rover_msgs/rover_msgs/msg/detail/can_device_status__struct.hpp\n'}
[1.738749] (rover_msgs) StdoutLine: {'line': b'-- Up-to-date: /home/chris/ros2_ws/src/rover/install/rover_msgs/include/rover_msgs/rover_msgs/msg/detail/aruco__traits.hpp\n'}
[1.738884] (rover_msgs) StdoutLine: {'line': b'-- Up-to-date: /home/chris/ros2_ws/src/rover/install/rover_msgs/include/rover_msgs/rover_msgs/msg/detail/propulsion_motor__traits.hpp\n'}
[1.738977] (rover_msgs) StdoutLine: {'line': b'-- Up-to-date: /home/chris/ros2_ws/src/rover/install/rover_msgs/include/rover_msgs/rover_msgs/msg/detail/propulsion_motor__builder.hpp\n'}
[1.739070] (rover_msgs) StdoutLine: {'line': b'-- Up-to-date: /home/chris/ros2_ws/src/rover/install/rover_msgs/include/rover_msgs/rover_msgs/msg/detail/camera_angle__struct.hpp\n'}
[1.739154] (rover_msgs) StdoutLine: {'line': b'-- Up-to-date: /home/chris/ros2_ws/src/rover/install/rover_msgs/include/rover_msgs/rover_msgs/msg/detail/light_control__builder.hpp\n'}
[1.739231] (rover_msgs) StdoutLine: {'line': b'-- Up-to-date: /home/chris/ros2_ws/src/rover/install/rover_msgs/include/rover_msgs/rover_msgs/msg/detail/arm_msg__struct.hpp\n'}
[1.739309] (rover_msgs) StdoutLine: {'line': b'-- Up-to-date: /home/chris/ros2_ws/src/rover/install/rover_msgs/include/rover_msgs/rover_msgs/msg/detail/gps__traits.hpp\n'}
[1.739402] (rover_msgs) StdoutLine: {'line': b'-- Up-to-date: /home/chris/ros2_ws/src/rover/install/rover_msgs/include/rover_msgs/rover_msgs/msg/detail/drivetrain_arbitration__builder.hpp\n'}
[1.739484] (rover_msgs) StdoutLine: {'line': b'-- Up-to-date: /home/chris/ros2_ws/src/rover/install/rover_msgs/include/rover_msgs/rover_msgs/msg/detail/gps_position__struct.hpp\n'}
[1.739563] (rover_msgs) StdoutLine: {'line': b'-- Up-to-date: /home/chris/ros2_ws/src/rover/install/rover_msgs/include/rover_msgs/rover_msgs/msg/detail/camera_angle__builder.hpp\n'}
[1.739642] (rover_msgs) StdoutLine: {'line': b'-- Up-to-date: /home/chris/ros2_ws/src/rover/install/rover_msgs/include/rover_msgs/rover_msgs/msg/detail/compass__traits.hpp\n'}
[1.739734] (rover_msgs) StdoutLine: {'line': b'-- Up-to-date: /home/chris/ros2_ws/src/rover/install/rover_msgs/include/rover_msgs/rover_msgs/msg/detail/camera_control__traits.hpp\n'}
[1.739813] (rover_msgs) StdoutLine: {'line': b'-- Up-to-date: /home/chris/ros2_ws/src/rover/install/rover_msgs/include/rover_msgs/rover_msgs/msg/detail/can_device_status__traits.hpp\n'}
[1.739891] (rover_msgs) StdoutLine: {'line': b'-- Up-to-date: /home/chris/ros2_ws/src/rover/install/rover_msgs/include/rover_msgs/rover_msgs/msg/detail/aruco__struct.hpp\n'}
[1.739984] (rover_msgs) StdoutLine: {'line': b'-- Up-to-date: /home/chris/ros2_ws/src/rover/install/rover_msgs/include/rover_msgs/rover_msgs/msg/detail/joy__traits.hpp\n'}
[1.740062] (rover_msgs) StdoutLine: {'line': b'-- Up-to-date: /home/chris/ros2_ws/src/rover/install/rover_msgs/include/rover_msgs/rover_msgs/msg/detail/antenna_cmd__traits.hpp\n'}
[1.740140] (rover_msgs) StdoutLine: {'line': b'-- Up-to-date: /home/chris/ros2_ws/src/rover/install/rover_msgs/include/rover_msgs/rover_msgs/msg/detail/propulsion_motor__struct.hpp\n'}
[1.740220] (rover_msgs) StdoutLine: {'line': b'-- Up-to-date: /home/chris/ros2_ws/src/rover/install/rover_msgs/include/rover_msgs/rover_msgs/msg/detail/camera_angle__traits.hpp\n'}
[1.740297] (rover_msgs) StdoutLine: {'line': b'-- Up-to-date: /home/chris/ros2_ws/src/rover/install/rover_msgs/include/rover_msgs/rover_msgs/msg/detail/science_control__traits.hpp\n'}
[1.740387] (rover_msgs) StdoutLine: {'line': b'-- Up-to-date: /home/chris/ros2_ws/src/rover/install/rover_msgs/include/rover_msgs/rover_msgs/msg/detail/science_control__builder.hpp\n'}
[1.740466] (rover_msgs) StdoutLine: {'line': b'-- Up-to-date: /home/chris/ros2_ws/src/rover/install/rover_msgs/include/rover_msgs/rover_msgs/msg/detail/drivetrain_arbitration__struct.hpp\n'}
[1.740544] (rover_msgs) StdoutLine: {'line': b'-- Up-to-date: /home/chris/ros2_ws/src/rover/install/rover_msgs/include/rover_msgs/rover_msgs/msg/camera_control.hpp\n'}
[1.740621] (rover_msgs) StdoutLine: {'line': b'-- Up-to-date: /home/chris/ros2_ws/src/rover/install/rover_msgs/include/rover_msgs/rover_msgs/msg/can_device_status.hpp\n'}
[1.740700] (rover_msgs) StdoutLine: {'line': b'-- Up-to-date: /home/chris/ros2_ws/src/rover/install/rover_msgs/include/rover_msgs/rover_msgs/msg/gps_position.hpp\n'}
[1.740778] (rover_msgs) StdoutLine: {'line': b'-- Up-to-date: /home/chris/ros2_ws/src/rover/install/rover_msgs/include/rover_msgs/rover_msgs/msg/joy.hpp\n'}
[1.740862] (rover_msgs) StdoutLine: {'line': b'-- Up-to-date: /home/chris/ros2_ws/src/rover/install/rover_msgs/include/rover_msgs/rover_msgs/msg/gps.hpp\n'}
[1.740939] (rover_msgs) StdoutLine: {'line': b'-- Up-to-date: /home/chris/ros2_ws/src/rover/install/rover_msgs/include/rover_msgs/rover_msgs/msg/propulsion_motor.hpp\n'}
[1.741016] (rover_msgs) StdoutLine: {'line': b'-- Up-to-date: /home/chris/ros2_ws/src/rover/install/rover_msgs/include/rover_msgs/rover_msgs/msg/arm_msg.hpp\n'}
[1.741094] (rover_msgs) StdoutLine: {'line': b'-- Up-to-date: /home/chris/ros2_ws/src/rover/install/rover_msgs/include/rover_msgs/rover_msgs/msg/compass.hpp\n'}
[1.741171] (rover_msgs) StdoutLine: {'line': b'-- Up-to-date: /home/chris/ros2_ws/src/rover/install/rover_msgs/include/rover_msgs/rover_msgs/msg/science_control.hpp\n'}
[1.741248] (rover_msgs) StdoutLine: {'line': b'-- Up-to-date: /home/chris/ros2_ws/src/rover/install/rover_msgs/include/rover_msgs/rover_msgs/msg/drivetrain_arbitration.hpp\n'}
[1.741331] (rover_msgs) StdoutLine: {'line': b'-- Up-to-date: /home/chris/ros2_ws/src/rover/install/rover_msgs/include/rover_msgs/rover_msgs/msg/light_control.hpp\n'}
[1.741417] (rover_msgs) StdoutLine: {'line': b'-- Up-to-date: /home/chris/ros2_ws/src/rover/install/rover_msgs/include/rover_msgs/rover_msgs/msg/antenna_cmd.hpp\n'}
[1.741497] (rover_msgs) StdoutLine: {'line': b'-- Up-to-date: /home/chris/ros2_ws/src/rover/install/rover_msgs/include/rover_msgs/rover_msgs/msg/aruco.hpp\n'}
[1.741574] (rover_msgs) StdoutLine: {'line': b'-- Up-to-date: /home/chris/ros2_ws/src/rover/install/rover_msgs/include/rover_msgs/rover_msgs/srv\n'}
[1.741652] (rover_msgs) StdoutLine: {'line': b'-- Up-to-date: /home/chris/ros2_ws/src/rover/install/rover_msgs/include/rover_msgs/rover_msgs/srv/rtsp_stream.hpp\n'}
[1.741729] (rover_msgs) StdoutLine: {'line': b'-- Up-to-date: /home/chris/ros2_ws/src/rover/install/rover_msgs/include/rover_msgs/rover_msgs/srv/detail\n'}
[1.741806] (rover_msgs) StdoutLine: {'line': b'-- Up-to-date: /home/chris/ros2_ws/src/rover/install/rover_msgs/include/rover_msgs/rover_msgs/srv/detail/antenna_arbitration__struct.hpp\n'}
[1.741883] (rover_msgs) StdoutLine: {'line': b'-- Up-to-date: /home/chris/ros2_ws/src/rover/install/rover_msgs/include/rover_msgs/rover_msgs/srv/detail/new_gps_goal__builder.hpp\n'}
[1.741962] (rover_msgs) StdoutLine: {'line': b'-- Up-to-date: /home/chris/ros2_ws/src/rover/install/rover_msgs/include/rover_msgs/rover_msgs/srv/detail/light_control__struct.hpp\n'}
[1.742040] (rover_msgs) StdoutLine: {'line': b'-- Up-to-date: /home/chris/ros2_ws/src/rover/install/rover_msgs/include/rover_msgs/rover_msgs/srv/detail/pano_control__traits.hpp\n'}
[1.742117] (rover_msgs) StdoutLine: {'line': b'-- Up-to-date: /home/chris/ros2_ws/src/rover/install/rover_msgs/include/rover_msgs/rover_msgs/srv/detail/new_gps_goal__struct.hpp\n'}
[1.742195] (rover_msgs) StdoutLine: {'line': b'-- Up-to-date: /home/chris/ros2_ws/src/rover/install/rover_msgs/include/rover_msgs/rover_msgs/srv/detail/drive_train_arbitration__traits.hpp\n'}
[1.742272] (rover_msgs) StdoutLine: {'line': b'-- Up-to-date: /home/chris/ros2_ws/src/rover/install/rover_msgs/include/rover_msgs/rover_msgs/srv/detail/drive_train_arbitration__struct.hpp\n'}
[1.742374] (rover_msgs) StdoutLine: {'line': b'-- Up-to-date: /home/chris/ros2_ws/src/rover/install/rover_msgs/include/rover_msgs/rover_msgs/srv/detail/compass_calibration__traits.hpp\n'}
[1.742462] (rover_msgs) StdoutLine: {'line': b'-- Up-to-date: /home/chris/ros2_ws/src/rover/install/rover_msgs/include/rover_msgs/rover_msgs/srv/detail/joy_demux_set_state__struct.hpp\n'}
[1.742543] (rover_msgs) StdoutLine: {'line': b'-- Up-to-date: /home/chris/ros2_ws/src/rover/install/rover_msgs/include/rover_msgs/rover_msgs/srv/detail/compass_calibration__builder.hpp\n'}
[1.742622] (rover_msgs) StdoutLine: {'line': b'-- Up-to-date: /home/chris/ros2_ws/src/rover/install/rover_msgs/include/rover_msgs/rover_msgs/srv/detail/rtsp_stream__traits.hpp\n'}
[1.742701] (rover_msgs) StdoutLine: {'line': b'-- Up-to-date: /home/chris/ros2_ws/src/rover/install/rover_msgs/include/rover_msgs/rover_msgs/srv/detail/pano_control__builder.hpp\n'}
[1.742786] (rover_msgs) StdoutLine: {'line': b'-- Up-to-date: /home/chris/ros2_ws/src/rover/install/rover_msgs/include/rover_msgs/rover_msgs/srv/detail/light_control__traits.hpp\n'}
[1.742864] (rover_msgs) StdoutLine: {'line': b'-- Up-to-date: /home/chris/ros2_ws/src/rover/install/rover_msgs/include/rover_msgs/rover_msgs/srv/detail/compass_calibration__struct.hpp\n'}
[1.742942] (rover_msgs) StdoutLine: {'line': b'-- Up-to-date: /home/chris/ros2_ws/src/rover/install/rover_msgs/include/rover_msgs/rover_msgs/srv/detail/screenshot_control__traits.hpp\n'}
[1.743019] (rover_msgs) StdoutLine: {'line': b'-- Up-to-date: /home/chris/ros2_ws/src/rover/install/rover_msgs/include/rover_msgs/rover_msgs/srv/detail/screenshot_control__builder.hpp\n'}
[1.743096] (rover_msgs) StdoutLine: {'line': b'-- Up-to-date: /home/chris/ros2_ws/src/rover/install/rover_msgs/include/rover_msgs/rover_msgs/srv/detail/screenshot_control__struct.hpp\n'}
[1.743173] (rover_msgs) StdoutLine: {'line': b'-- Up-to-date: /home/chris/ros2_ws/src/rover/install/rover_msgs/include/rover_msgs/rover_msgs/srv/detail/light_control__builder.hpp\n'}
[1.743250] (rover_msgs) StdoutLine: {'line': b'-- Up-to-date: /home/chris/ros2_ws/src/rover/install/rover_msgs/include/rover_msgs/rover_msgs/srv/detail/antenna_arbitration__builder.hpp\n'}
[1.743360] (rover_msgs) StdoutLine: {'line': b'-- Up-to-date: /home/chris/ros2_ws/src/rover/install/rover_msgs/include/rover_msgs/rover_msgs/srv/detail/new_gps_goal__traits.hpp\n'}
[1.743475] (rover_msgs) StdoutLine: {'line': b'-- Up-to-date: /home/chris/ros2_ws/src/rover/install/rover_msgs/include/rover_msgs/rover_msgs/srv/detail/rtsp_stream__struct.hpp\n'}
[1.743556] (rover_msgs) StdoutLine: {'line': b'-- Up-to-date: /home/chris/ros2_ws/src/rover/install/rover_msgs/include/rover_msgs/rover_msgs/srv/detail/rtsp_stream__builder.hpp\n'}
[1.743634] (rover_msgs) StdoutLine: {'line': b'-- Up-to-date: /home/chris/ros2_ws/src/rover/install/rover_msgs/include/rover_msgs/rover_msgs/srv/detail/joy_demux_set_state__builder.hpp\n'}
[1.743712] (rover_msgs) StdoutLine: {'line': b'-- Up-to-date: /home/chris/ros2_ws/src/rover/install/rover_msgs/include/rover_msgs/rover_msgs/srv/detail/pano_control__struct.hpp\n'}
[1.743789] (rover_msgs) StdoutLine: {'line': b'-- Up-to-date: /home/chris/ros2_ws/src/rover/install/rover_msgs/include/rover_msgs/rover_msgs/srv/detail/antenna_arbitration__traits.hpp\n'}
[1.743866] (rover_msgs) StdoutLine: {'line': b'-- Up-to-date: /home/chris/ros2_ws/src/rover/install/rover_msgs/include/rover_msgs/rover_msgs/srv/detail/drive_train_arbitration__builder.hpp\n'}
[1.743944] (rover_msgs) StdoutLine: {'line': b'-- Up-to-date: /home/chris/ros2_ws/src/rover/install/rover_msgs/include/rover_msgs/rover_msgs/srv/detail/joy_demux_set_state__traits.hpp\n'}
[1.744021] (rover_msgs) StdoutLine: {'line': b'-- Up-to-date: /home/chris/ros2_ws/src/rover/install/rover_msgs/include/rover_msgs/rover_msgs/srv/screenshot_control.hpp\n'}
[1.744101] (rover_msgs) StdoutLine: {'line': b'-- Up-to-date: /home/chris/ros2_ws/src/rover/install/rover_msgs/include/rover_msgs/rover_msgs/srv/joy_demux_set_state.hpp\n'}
[1.744202] (rover_msgs) StdoutLine: {'line': b'-- Up-to-date: /home/chris/ros2_ws/src/rover/install/rover_msgs/include/rover_msgs/rover_msgs/srv/antenna_arbitration.hpp\n'}
[1.744293] (rover_msgs) StdoutLine: {'line': b'-- Up-to-date: /home/chris/ros2_ws/src/rover/install/rover_msgs/include/rover_msgs/rover_msgs/srv/new_gps_goal.hpp\n'}
[1.744385] (rover_msgs) StdoutLine: {'line': b'-- Up-to-date: /home/chris/ros2_ws/src/rover/install/rover_msgs/include/rover_msgs/rover_msgs/srv/pano_control.hpp\n'}
[1.744465] (rover_msgs) StdoutLine: {'line': b'-- Up-to-date: /home/chris/ros2_ws/src/rover/install/rover_msgs/include/rover_msgs/rover_msgs/srv/light_control.hpp\n'}
[1.744542] (rover_msgs) StdoutLine: {'line': b'-- Up-to-date: /home/chris/ros2_ws/src/rover/install/rover_msgs/include/rover_msgs/rover_msgs/srv/drive_train_arbitration.hpp\n'}
[1.744631] (rover_msgs) StdoutLine: {'line': b'-- Up-to-date: /home/chris/ros2_ws/src/rover/install/rover_msgs/include/rover_msgs/rover_msgs/srv/compass_calibration.hpp\n'}
[1.744707] (rover_msgs) StdoutLine: {'line': b'-- Up-to-date: /home/chris/ros2_ws/src/rover/install/rover_msgs/include/rover_msgs/rover_msgs\n'}
[1.744783] (rover_msgs) StdoutLine: {'line': b'-- Up-to-date: /home/chris/ros2_ws/src/rover/install/rover_msgs/include/rover_msgs/rover_msgs/msg\n'}
[1.744861] (rover_msgs) StdoutLine: {'line': b'-- Up-to-date: /home/chris/ros2_ws/src/rover/install/rover_msgs/include/rover_msgs/rover_msgs/msg/detail\n'}
[1.744944] (rover_msgs) StdoutLine: {'line': b'-- Up-to-date: /home/chris/ros2_ws/src/rover/install/rover_msgs/include/rover_msgs/rover_msgs/msg/detail/compass__rosidl_typesupport_fastrtps_cpp.hpp\n'}
[1.745035] (rover_msgs) StdoutLine: {'line': b'-- Up-to-date: /home/chris/ros2_ws/src/rover/install/rover_msgs/include/rover_msgs/rover_msgs/msg/detail/light_control__rosidl_typesupport_fastrtps_cpp.hpp\n'}
[1.745112] (rover_msgs) StdoutLine: {'line': b'-- Up-to-date: /home/chris/ros2_ws/src/rover/install/rover_msgs/include/rover_msgs/rover_msgs/msg/detail/science_control__rosidl_typesupport_fastrtps_cpp.hpp\n'}
[1.745188] (rover_msgs) StdoutLine: {'line': b'-- Up-to-date: /home/chris/ros2_ws/src/rover/install/rover_msgs/include/rover_msgs/rover_msgs/msg/detail/camera_control__rosidl_typesupport_fastrtps_cpp.hpp\n'}
[1.745265] (rover_msgs) StdoutLine: {'line': b'-- Up-to-date: /home/chris/ros2_ws/src/rover/install/rover_msgs/include/rover_msgs/rover_msgs/msg/detail/dds_fastrtps\n'}
[1.745351] (rover_msgs) StdoutLine: {'line': b'-- Up-to-date: /home/chris/ros2_ws/src/rover/install/rover_msgs/include/rover_msgs/rover_msgs/msg/detail/antenna_cmd__rosidl_typesupport_fastrtps_cpp.hpp\n'}
[1.745437] (rover_msgs) StdoutLine: {'line': b'-- Up-to-date: /home/chris/ros2_ws/src/rover/install/rover_msgs/include/rover_msgs/rover_msgs/msg/detail/joy_demux_status__rosidl_typesupport_fastrtps_cpp.hpp\n'}
[1.745514] (rover_msgs) StdoutLine: {'line': b'-- Up-to-date: /home/chris/ros2_ws/src/rover/install/rover_msgs/include/rover_msgs/rover_msgs/msg/detail/can_device_status__rosidl_typesupport_fastrtps_cpp.hpp\n'}
[1.745592] (rover_msgs) StdoutLine: {'line': b'-- Up-to-date: /home/chris/ros2_ws/src/rover/install/rover_msgs/include/rover_msgs/rover_msgs/msg/detail/joy__rosidl_typesupport_fastrtps_cpp.hpp\n'}
[1.745668] (rover_msgs) StdoutLine: {'line': b'-- Up-to-date: /home/chris/ros2_ws/src/rover/install/rover_msgs/include/rover_msgs/rover_msgs/msg/detail/aruco__rosidl_typesupport_fastrtps_cpp.hpp\n'}
[1.745745] (rover_msgs) StdoutLine: {'line': b'-- Up-to-date: /home/chris/ros2_ws/src/rover/install/rover_msgs/include/rover_msgs/rover_msgs/msg/detail/gps__rosidl_typesupport_fastrtps_cpp.hpp\n'}
[1.745822] (rover_msgs) StdoutLine: {'line': b'-- Up-to-date: /home/chris/ros2_ws/src/rover/install/rover_msgs/include/rover_msgs/rover_msgs/msg/detail/camera_angle__rosidl_typesupport_fastrtps_cpp.hpp\n'}
[1.745899] (rover_msgs) StdoutLine: {'line': b'-- Up-to-date: /home/chris/ros2_ws/src/rover/install/rover_msgs/include/rover_msgs/rover_msgs/msg/detail/arm_msg__rosidl_typesupport_fastrtps_cpp.hpp\n'}
[1.745976] (rover_msgs) StdoutLine: {'line': b'-- Up-to-date: /home/chris/ros2_ws/src/rover/install/rover_msgs/include/rover_msgs/rover_msgs/msg/detail/propulsion_motor__rosidl_typesupport_fastrtps_cpp.hpp\n'}
[1.746052] (rover_msgs) StdoutLine: {'line': b'-- Up-to-date: /home/chris/ros2_ws/src/rover/install/rover_msgs/include/rover_msgs/rover_msgs/msg/detail/gps_position__rosidl_typesupport_fastrtps_cpp.hpp\n'}
[1.746129] (rover_msgs) StdoutLine: {'line': b'-- Up-to-date: /home/chris/ros2_ws/src/rover/install/rover_msgs/include/rover_msgs/rover_msgs/msg/detail/drivetrain_arbitration__rosidl_typesupport_fastrtps_cpp.hpp\n'}
[1.746205] (rover_msgs) StdoutLine: {'line': b'-- Up-to-date: /home/chris/ros2_ws/src/rover/install/rover_msgs/include/rover_msgs/rover_msgs/msg/rosidl_typesupport_fastrtps_cpp__visibility_control.h\n'}
[1.746289] (rover_msgs) StdoutLine: {'line': b'-- Up-to-date: /home/chris/ros2_ws/src/rover/install/rover_msgs/include/rover_msgs/rover_msgs/srv\n'}
[1.746379] (rover_msgs) StdoutLine: {'line': b'-- Up-to-date: /home/chris/ros2_ws/src/rover/install/rover_msgs/include/rover_msgs/rover_msgs/srv/detail\n'}
[1.746459] (rover_msgs) StdoutLine: {'line': b'-- Up-to-date: /home/chris/ros2_ws/src/rover/install/rover_msgs/include/rover_msgs/rover_msgs/srv/detail/joy_demux_set_state__rosidl_typesupport_fastrtps_cpp.hpp\n'}
[1.746536] (rover_msgs) StdoutLine: {'line': b'-- Up-to-date: /home/chris/ros2_ws/src/rover/install/rover_msgs/include/rover_msgs/rover_msgs/srv/detail/light_control__rosidl_typesupport_fastrtps_cpp.hpp\n'}
[1.746614] (rover_msgs) StdoutLine: {'line': b'-- Up-to-date: /home/chris/ros2_ws/src/rover/install/rover_msgs/include/rover_msgs/rover_msgs/srv/detail/antenna_arbitration__rosidl_typesupport_fastrtps_cpp.hpp\n'}
[1.746693] (rover_msgs) StdoutLine: {'line': b'-- Up-to-date: /home/chris/ros2_ws/src/rover/install/rover_msgs/include/rover_msgs/rover_msgs/srv/detail/dds_fastrtps\n'}
[1.746771] (rover_msgs) StdoutLine: {'line': b'-- Up-to-date: /home/chris/ros2_ws/src/rover/install/rover_msgs/include/rover_msgs/rover_msgs/srv/detail/new_gps_goal__rosidl_typesupport_fastrtps_cpp.hpp\n'}
[1.746848] (rover_msgs) StdoutLine: {'line': b'-- Up-to-date: /home/chris/ros2_ws/src/rover/install/rover_msgs/include/rover_msgs/rover_msgs/srv/detail/screenshot_control__rosidl_typesupport_fastrtps_cpp.hpp\n'}
[1.746925] (rover_msgs) StdoutLine: {'line': b'-- Up-to-date: /home/chris/ros2_ws/src/rover/install/rover_msgs/include/rover_msgs/rover_msgs/srv/detail/compass_calibration__rosidl_typesupport_fastrtps_cpp.hpp\n'}
[1.747010] (rover_msgs) StdoutLine: {'line': b'-- Up-to-date: /home/chris/ros2_ws/src/rover/install/rover_msgs/include/rover_msgs/rover_msgs/srv/detail/drive_train_arbitration__rosidl_typesupport_fastrtps_cpp.hpp\n'}
[1.747089] (rover_msgs) StdoutLine: {'line': b'-- Up-to-date: /home/chris/ros2_ws/src/rover/install/rover_msgs/include/rover_msgs/rover_msgs/srv/detail/rtsp_stream__rosidl_typesupport_fastrtps_cpp.hpp\n'}
[1.747168] (rover_msgs) StdoutLine: {'line': b'-- Up-to-date: /home/chris/ros2_ws/src/rover/install/rover_msgs/include/rover_msgs/rover_msgs/srv/detail/pano_control__rosidl_typesupport_fastrtps_cpp.hpp\n'}
[1.747258] (rover_msgs) StdoutLine: {'line': b'-- Up-to-date: /home/chris/ros2_ws/src/rover/install/rover_msgs/lib/librover_msgs__rosidl_typesupport_fastrtps_cpp.so\n'}
[1.747341] (rover_msgs) StdoutLine: {'line': b'-- Up-to-date: /home/chris/ros2_ws/src/rover/install/rover_msgs/include/rover_msgs/rover_msgs\n'}
[1.747427] (rover_msgs) StdoutLine: {'line': b'-- Up-to-date: /home/chris/ros2_ws/src/rover/install/rover_msgs/include/rover_msgs/rover_msgs/msg\n'}
[1.747504] (rover_msgs) StdoutLine: {'line': b'-- Up-to-date: /home/chris/ros2_ws/src/rover/install/rover_msgs/include/rover_msgs/rover_msgs/msg/detail\n'}
[1.747581] (rover_msgs) StdoutLine: {'line': b'-- Up-to-date: /home/chris/ros2_ws/src/rover/install/rover_msgs/include/rover_msgs/rover_msgs/msg/detail/joy_demux_status__rosidl_typesupport_introspection_cpp.hpp\n'}
[1.747660] (rover_msgs) StdoutLine: {'line': b'-- Up-to-date: /home/chris/ros2_ws/src/rover/install/rover_msgs/include/rover_msgs/rover_msgs/msg/detail/light_control__type_support.cpp\n'}
[1.747737] (rover_msgs) StdoutLine: {'line': b'-- Up-to-date: /home/chris/ros2_ws/src/rover/install/rover_msgs/include/rover_msgs/rover_msgs/msg/detail/joy__rosidl_typesupport_introspection_cpp.hpp\n'}
[1.747814] (rover_msgs) StdoutLine: {'line': b'-- Up-to-date: /home/chris/ros2_ws/src/rover/install/rover_msgs/include/rover_msgs/rover_msgs/msg/detail/camera_angle__rosidl_typesupport_introspection_cpp.hpp\n'}
[1.747892] (rover_msgs) StdoutLine: {'line': b'-- Up-to-date: /home/chris/ros2_ws/src/rover/install/rover_msgs/include/rover_msgs/rover_msgs/msg/detail/gps__type_support.cpp\n'}
[1.747972] (rover_msgs) StdoutLine: {'line': b'-- Up-to-date: /home/chris/ros2_ws/src/rover/install/rover_msgs/include/rover_msgs/rover_msgs/msg/detail/camera_control__type_support.cpp\n'}
[1.748056] (rover_msgs) StdoutLine: {'line': b'-- Up-to-date: /home/chris/ros2_ws/src/rover/install/rover_msgs/include/rover_msgs/rover_msgs/msg/detail/antenna_cmd__type_support.cpp\n'}
[1.748134] (rover_msgs) StdoutLine: {'line': b'-- Up-to-date: /home/chris/ros2_ws/src/rover/install/rover_msgs/include/rover_msgs/rover_msgs/msg/detail/drivetrain_arbitration__type_support.cpp\n'}
[1.748211] (rover_msgs) StdoutLine: {'line': b'-- Up-to-date: /home/chris/ros2_ws/src/rover/install/rover_msgs/include/rover_msgs/rover_msgs/msg/detail/camera_angle__type_support.cpp\n'}
[1.748289] (rover_msgs) StdoutLine: {'line': b'-- Up-to-date: /home/chris/ros2_ws/src/rover/install/rover_msgs/include/rover_msgs/rover_msgs/msg/detail/arm_msg__rosidl_typesupport_introspection_cpp.hpp\n'}
[1.748379] (rover_msgs) StdoutLine: {'line': b'-- Up-to-date: /home/chris/ros2_ws/src/rover/install/rover_msgs/include/rover_msgs/rover_msgs/msg/detail/science_control__rosidl_typesupport_introspection_cpp.hpp\n'}
[1.748461] (rover_msgs) StdoutLine: {'line': b'-- Up-to-date: /home/chris/ros2_ws/src/rover/install/rover_msgs/include/rover_msgs/rover_msgs/msg/detail/propulsion_motor__rosidl_typesupport_introspection_cpp.hpp\n'}
[1.748539] (rover_msgs) StdoutLine: {'line': b'-- Up-to-date: /home/chris/ros2_ws/src/rover/install/rover_msgs/include/rover_msgs/rover_msgs/msg/detail/drivetrain_arbitration__rosidl_typesupport_introspection_cpp.hpp\n'}
[1.748617] (rover_msgs) StdoutLine: {'line': b'-- Up-to-date: /home/chris/ros2_ws/src/rover/install/rover_msgs/include/rover_msgs/rover_msgs/msg/detail/gps__rosidl_typesupport_introspection_cpp.hpp\n'}
[1.748694] (rover_msgs) StdoutLine: {'line': b'-- Up-to-date: /home/chris/ros2_ws/src/rover/install/rover_msgs/include/rover_msgs/rover_msgs/msg/detail/propulsion_motor__type_support.cpp\n'}
[1.748770] (rover_msgs) StdoutLine: {'line': b'-- Up-to-date: /home/chris/ros2_ws/src/rover/install/rover_msgs/include/rover_msgs/rover_msgs/msg/detail/aruco__type_support.cpp\n'}
[1.748847] (rover_msgs) StdoutLine: {'line': b'-- Up-to-date: /home/chris/ros2_ws/src/rover/install/rover_msgs/include/rover_msgs/rover_msgs/msg/detail/joy__type_support.cpp\n'}
[1.748925] (rover_msgs) StdoutLine: {'line': b'-- Up-to-date: /home/chris/ros2_ws/src/rover/install/rover_msgs/include/rover_msgs/rover_msgs/msg/detail/light_control__rosidl_typesupport_introspection_cpp.hpp\n'}
[1.749002] (rover_msgs) StdoutLine: {'line': b'-- Up-to-date: /home/chris/ros2_ws/src/rover/install/rover_msgs/include/rover_msgs/rover_msgs/msg/detail/can_device_status__type_support.cpp\n'}
[1.749080] (rover_msgs) StdoutLine: {'line': b'-- Up-to-date: /home/chris/ros2_ws/src/rover/install/rover_msgs/include/rover_msgs/rover_msgs/msg/detail/science_control__type_support.cpp\n'}
[1.749163] (rover_msgs) StdoutLine: {'line': b'-- Up-to-date: /home/chris/ros2_ws/src/rover/install/rover_msgs/include/rover_msgs/rover_msgs/msg/detail/joy_demux_status__type_support.cpp\n'}
[1.749245] (rover_msgs) StdoutLine: {'line': b'-- Up-to-date: /home/chris/ros2_ws/src/rover/install/rover_msgs/include/rover_msgs/rover_msgs/msg/detail/gps_position__type_support.cpp\n'}
[1.749329] (rover_msgs) StdoutLine: {'line': b'-- Up-to-date: /home/chris/ros2_ws/src/rover/install/rover_msgs/include/rover_msgs/rover_msgs/msg/detail/camera_control__rosidl_typesupport_introspection_cpp.hpp\n'}
[1.749414] (rover_msgs) StdoutLine: {'line': b'-- Up-to-date: /home/chris/ros2_ws/src/rover/install/rover_msgs/include/rover_msgs/rover_msgs/msg/detail/compass__rosidl_typesupport_introspection_cpp.hpp\n'}
[1.749491] (rover_msgs) StdoutLine: {'line': b'-- Up-to-date: /home/chris/ros2_ws/src/rover/install/rover_msgs/include/rover_msgs/rover_msgs/msg/detail/gps_position__rosidl_typesupport_introspection_cpp.hpp\n'}
[1.749579] (rover_msgs) StdoutLine: {'line': b'-- Up-to-date: /home/chris/ros2_ws/src/rover/install/rover_msgs/include/rover_msgs/rover_msgs/msg/detail/aruco__rosidl_typesupport_introspection_cpp.hpp\n'}
[1.749661] (rover_msgs) StdoutLine: {'line': b'-- Up-to-date: /home/chris/ros2_ws/src/rover/install/rover_msgs/include/rover_msgs/rover_msgs/msg/detail/can_device_status__rosidl_typesupport_introspection_cpp.hpp\n'}
[1.749738] (rover_msgs) StdoutLine: {'line': b'-- Up-to-date: /home/chris/ros2_ws/src/rover/install/rover_msgs/include/rover_msgs/rover_msgs/msg/detail/antenna_cmd__rosidl_typesupport_introspection_cpp.hpp\n'}
[1.749815] (rover_msgs) StdoutLine: {'line': b'-- Up-to-date: /home/chris/ros2_ws/src/rover/install/rover_msgs/include/rover_msgs/rover_msgs/msg/detail/arm_msg__type_support.cpp\n'}
[1.749896] (rover_msgs) StdoutLine: {'line': b'-- Up-to-date: /home/chris/ros2_ws/src/rover/install/rover_msgs/include/rover_msgs/rover_msgs/msg/detail/compass__type_support.cpp\n'}
[1.749973] (rover_msgs) StdoutLine: {'line': b'-- Up-to-date: /home/chris/ros2_ws/src/rover/install/rover_msgs/include/rover_msgs/rover_msgs/srv\n'}
[1.750051] (rover_msgs) StdoutLine: {'line': b'-- Up-to-date: /home/chris/ros2_ws/src/rover/install/rover_msgs/include/rover_msgs/rover_msgs/srv/detail\n'}
[1.750127] (rover_msgs) StdoutLine: {'line': b'-- Up-to-date: /home/chris/ros2_ws/src/rover/install/rover_msgs/include/rover_msgs/rover_msgs/srv/detail/light_control__type_support.cpp\n'}
[1.750204] (rover_msgs) StdoutLine: {'line': b'-- Up-to-date: /home/chris/ros2_ws/src/rover/install/rover_msgs/include/rover_msgs/rover_msgs/srv/detail/rtsp_stream__rosidl_typesupport_introspection_cpp.hpp\n'}
[1.750281] (rover_msgs) StdoutLine: {'line': b'-- Up-to-date: /home/chris/ros2_ws/src/rover/install/rover_msgs/include/rover_msgs/rover_msgs/srv/detail/pano_control__type_support.cpp\n'}
[1.750367] (rover_msgs) StdoutLine: {'line': b'-- Up-to-date: /home/chris/ros2_ws/src/rover/install/rover_msgs/include/rover_msgs/rover_msgs/srv/detail/drive_train_arbitration__rosidl_typesupport_introspection_cpp.hpp\n'}
[1.750447] (rover_msgs) StdoutLine: {'line': b'-- Up-to-date: /home/chris/ros2_ws/src/rover/install/rover_msgs/include/rover_msgs/rover_msgs/srv/detail/rtsp_stream__type_support.cpp\n'}
[1.750527] (rover_msgs) StdoutLine: {'line': b'-- Up-to-date: /home/chris/ros2_ws/src/rover/install/rover_msgs/include/rover_msgs/rover_msgs/srv/detail/compass_calibration__rosidl_typesupport_introspection_cpp.hpp\n'}
[1.750604] (rover_msgs) StdoutLine: {'line': b'-- Up-to-date: /home/chris/ros2_ws/src/rover/install/rover_msgs/include/rover_msgs/rover_msgs/srv/detail/compass_calibration__type_support.cpp\n'}
[1.750682] (rover_msgs) StdoutLine: {'line': b'-- Up-to-date: /home/chris/ros2_ws/src/rover/install/rover_msgs/include/rover_msgs/rover_msgs/srv/detail/light_control__rosidl_typesupport_introspection_cpp.hpp\n'}
[1.750759] (rover_msgs) StdoutLine: {'line': b'-- Up-to-date: /home/chris/ros2_ws/src/rover/install/rover_msgs/include/rover_msgs/rover_msgs/srv/detail/pano_control__rosidl_typesupport_introspection_cpp.hpp\n'}
[1.750836] (rover_msgs) StdoutLine: {'line': b'-- Up-to-date: /home/chris/ros2_ws/src/rover/install/rover_msgs/include/rover_msgs/rover_msgs/srv/detail/joy_demux_set_state__rosidl_typesupport_introspection_cpp.hpp\n'}
[1.750913] (rover_msgs) StdoutLine: {'line': b'-- Up-to-date: /home/chris/ros2_ws/src/rover/install/rover_msgs/include/rover_msgs/rover_msgs/srv/detail/screenshot_control__type_support.cpp\n'}
[1.751035] (rover_msgs) StdoutLine: {'line': b'-- Up-to-date: /home/chris/ros2_ws/src/rover/install/rover_msgs/include/rover_msgs/rover_msgs/srv/detail/drive_train_arbitration__type_support.cpp\n'}
[1.751121] (rover_msgs) StdoutLine: {'line': b'-- Up-to-date: /home/chris/ros2_ws/src/rover/install/rover_msgs/include/rover_msgs/rover_msgs/srv/detail/new_gps_goal__rosidl_typesupport_introspection_cpp.hpp\n'}
[1.751200] (rover_msgs) StdoutLine: {'line': b'-- Up-to-date: /home/chris/ros2_ws/src/rover/install/rover_msgs/include/rover_msgs/rover_msgs/srv/detail/antenna_arbitration__rosidl_typesupport_introspection_cpp.hpp\n'}
[1.751287] (rover_msgs) StdoutLine: {'line': b'-- Up-to-date: /home/chris/ros2_ws/src/rover/install/rover_msgs/include/rover_msgs/rover_msgs/srv/detail/antenna_arbitration__type_support.cpp\n'}
[1.751392] (rover_msgs) StdoutLine: {'line': b'-- Up-to-date: /home/chris/ros2_ws/src/rover/install/rover_msgs/include/rover_msgs/rover_msgs/srv/detail/new_gps_goal__type_support.cpp\n'}
[1.751473] (rover_msgs) StdoutLine: {'line': b'-- Up-to-date: /home/chris/ros2_ws/src/rover/install/rover_msgs/include/rover_msgs/rover_msgs/srv/detail/joy_demux_set_state__type_support.cpp\n'}
[1.751551] (rover_msgs) StdoutLine: {'line': b'-- Up-to-date: /home/chris/ros2_ws/src/rover/install/rover_msgs/include/rover_msgs/rover_msgs/srv/detail/screenshot_control__rosidl_typesupport_introspection_cpp.hpp\n'}
[1.751627] (rover_msgs) StdoutLine: {'line': b'-- Up-to-date: /home/chris/ros2_ws/src/rover/install/rover_msgs/lib/librover_msgs__rosidl_typesupport_introspection_cpp.so\n'}
[1.751704] (rover_msgs) StdoutLine: {'line': b'-- Up-to-date: /home/chris/ros2_ws/src/rover/install/rover_msgs/lib/librover_msgs__rosidl_typesupport_cpp.so\n'}
[1.751780] (rover_msgs) StdoutLine: {'line': b'-- Up-to-date: /home/chris/ros2_ws/src/rover/install/rover_msgs/share/rover_msgs/environment/pythonpath.sh\n'}
[1.751875] (rover_msgs) StdoutLine: {'line': b'-- Up-to-date: /home/chris/ros2_ws/src/rover/install/rover_msgs/share/rover_msgs/environment/pythonpath.dsv\n'}
[1.751952] (rover_msgs) StdoutLine: {'line': b'-- Up-to-date: /home/chris/ros2_ws/src/rover/install/rover_msgs/local/lib/python3.10/dist-packages/rover_msgs-0.0.0-py3.10.egg-info\n'}
[1.752029] (rover_msgs) StdoutLine: {'line': b'-- Installing: /home/chris/ros2_ws/src/rover/install/rover_msgs/local/lib/python3.10/dist-packages/rover_msgs-0.0.0-py3.10.egg-info/dependency_links.txt\n'}
[1.752106] (rover_msgs) StdoutLine: {'line': b'-- Installing: /home/chris/ros2_ws/src/rover/install/rover_msgs/local/lib/python3.10/dist-packages/rover_msgs-0.0.0-py3.10.egg-info/top_level.txt\n'}
[1.752183] (rover_msgs) StdoutLine: {'line': b'-- Installing: /home/chris/ros2_ws/src/rover/install/rover_msgs/local/lib/python3.10/dist-packages/rover_msgs-0.0.0-py3.10.egg-info/SOURCES.txt\n'}
[1.752260] (rover_msgs) StdoutLine: {'line': b'-- Installing: /home/chris/ros2_ws/src/rover/install/rover_msgs/local/lib/python3.10/dist-packages/rover_msgs-0.0.0-py3.10.egg-info/PKG-INFO\n'}
[1.752351] (rover_msgs) StdoutLine: {'line': b'-- Up-to-date: /home/chris/ros2_ws/src/rover/install/rover_msgs/local/lib/python3.10/dist-packages/rover_msgs\n'}
[1.752438] (rover_msgs) StdoutLine: {'line': b'-- Up-to-date: /home/chris/ros2_ws/src/rover/install/rover_msgs/local/lib/python3.10/dist-packages/rover_msgs/rover_msgs_s__rosidl_typesupport_introspection_c.cpython-310-x86_64-linux-gnu.so\n'}
[1.752515] (rover_msgs) StdoutLine: {'line': b'-- Up-to-date: /home/chris/ros2_ws/src/rover/install/rover_msgs/local/lib/python3.10/dist-packages/rover_msgs/_rover_msgs_s.ep.rosidl_typesupport_introspection_c.c\n'}
[1.752591] (rover_msgs) StdoutLine: {'line': b'-- Up-to-date: /home/chris/ros2_ws/src/rover/install/rover_msgs/local/lib/python3.10/dist-packages/rover_msgs/msg\n'}
[1.752668] (rover_msgs) StdoutLine: {'line': b'-- Up-to-date: /home/chris/ros2_ws/src/rover/install/rover_msgs/local/lib/python3.10/dist-packages/rover_msgs/msg/_camera_angle_s.c\n'}
[1.752744] (rover_msgs) StdoutLine: {'line': b'-- Up-to-date: /home/chris/ros2_ws/src/rover/install/rover_msgs/local/lib/python3.10/dist-packages/rover_msgs/msg/_arm_msg_s.c\n'}
[1.752820] (rover_msgs) StdoutLine: {'line': b'-- Up-to-date: /home/chris/ros2_ws/src/rover/install/rover_msgs/local/lib/python3.10/dist-packages/rover_msgs/msg/_antenna_cmd.py\n'}
[1.752896] (rover_msgs) StdoutLine: {'line': b'-- Up-to-date: /home/chris/ros2_ws/src/rover/install/rover_msgs/local/lib/python3.10/dist-packages/rover_msgs/msg/_gps_s.c\n'}
[1.752973] (rover_msgs) StdoutLine: {'line': b'-- Up-to-date: /home/chris/ros2_ws/src/rover/install/rover_msgs/local/lib/python3.10/dist-packages/rover_msgs/msg/_camera_control_s.c\n'}
[1.753049] (rover_msgs) StdoutLine: {'line': b'-- Up-to-date: /home/chris/ros2_ws/src/rover/install/rover_msgs/local/lib/python3.10/dist-packages/rover_msgs/msg/_antenna_cmd_s.c\n'}
[1.753136] (rover_msgs) StdoutLine: {'line': b'-- Up-to-date: /home/chris/ros2_ws/src/rover/install/rover_msgs/local/lib/python3.10/dist-packages/rover_msgs/msg/_science_control.py\n'}
[1.753213] (rover_msgs) StdoutLine: {'line': b'-- Up-to-date: /home/chris/ros2_ws/src/rover/install/rover_msgs/local/lib/python3.10/dist-packages/rover_msgs/msg/_compass.py\n'}
[1.753289] (rover_msgs) StdoutLine: {'line': b'-- Up-to-date: /home/chris/ros2_ws/src/rover/install/rover_msgs/local/lib/python3.10/dist-packages/rover_msgs/msg/_arm_msg.py\n'}
[1.753382] (rover_msgs) StdoutLine: {'line': b'-- Up-to-date: /home/chris/ros2_ws/src/rover/install/rover_msgs/local/lib/python3.10/dist-packages/rover_msgs/msg/_propulsion_motor.py\n'}
[1.753461] (rover_msgs) StdoutLine: {'line': b'-- Up-to-date: /home/chris/ros2_ws/src/rover/install/rover_msgs/local/lib/python3.10/dist-packages/rover_msgs/msg/_camera_control.py\n'}
[1.753537] (rover_msgs) StdoutLine: {'line': b'-- Up-to-date: /home/chris/ros2_ws/src/rover/install/rover_msgs/local/lib/python3.10/dist-packages/rover_msgs/msg/_light_control.py\n'}
[1.753619] (rover_msgs) StdoutLine: {'line': b'-- Up-to-date: /home/chris/ros2_ws/src/rover/install/rover_msgs/local/lib/python3.10/dist-packages/rover_msgs/msg/_aruco_s.c\n'}
[1.753697] (rover_msgs) StdoutLine: {'line': b'-- Up-to-date: /home/chris/ros2_ws/src/rover/install/rover_msgs/local/lib/python3.10/dist-packages/rover_msgs/msg/_light_control_s.c\n'}
[1.753773] (rover_msgs) StdoutLine: {'line': b'-- Up-to-date: /home/chris/ros2_ws/src/rover/install/rover_msgs/local/lib/python3.10/dist-packages/rover_msgs/msg/_propulsion_motor_s.c\n'}
[1.753850] (rover_msgs) StdoutLine: {'line': b'-- Up-to-date: /home/chris/ros2_ws/src/rover/install/rover_msgs/local/lib/python3.10/dist-packages/rover_msgs/msg/_compass_s.c\n'}
[1.753928] (rover_msgs) StdoutLine: {'line': b'-- Up-to-date: /home/chris/ros2_ws/src/rover/install/rover_msgs/local/lib/python3.10/dist-packages/rover_msgs/msg/_camera_angle.py\n'}
[1.754005] (rover_msgs) StdoutLine: {'line': b'-- Up-to-date: /home/chris/ros2_ws/src/rover/install/rover_msgs/local/lib/python3.10/dist-packages/rover_msgs/msg/_can_device_status_s.c\n'}
[1.754081] (rover_msgs) StdoutLine: {'line': b'-- Up-to-date: /home/chris/ros2_ws/src/rover/install/rover_msgs/local/lib/python3.10/dist-packages/rover_msgs/msg/_drivetrain_arbitration.py\n'}
[1.754157] (rover_msgs) StdoutLine: {'line': b'-- Up-to-date: /home/chris/ros2_ws/src/rover/install/rover_msgs/local/lib/python3.10/dist-packages/rover_msgs/msg/_drivetrain_arbitration_s.c\n'}
[1.754234] (rover_msgs) StdoutLine: {'line': b'-- Up-to-date: /home/chris/ros2_ws/src/rover/install/rover_msgs/local/lib/python3.10/dist-packages/rover_msgs/msg/_joy_demux_status.py\n'}
[1.754332] (rover_msgs) StdoutLine: {'line': b'-- Up-to-date: /home/chris/ros2_ws/src/rover/install/rover_msgs/local/lib/python3.10/dist-packages/rover_msgs/msg/_joy.py\n'}
[1.754424] (rover_msgs) StdoutLine: {'line': b'-- Up-to-date: /home/chris/ros2_ws/src/rover/install/rover_msgs/local/lib/python3.10/dist-packages/rover_msgs/msg/_gps.py\n'}
[1.754502] (rover_msgs) StdoutLine: {'line': b'-- Up-to-date: /home/chris/ros2_ws/src/rover/install/rover_msgs/local/lib/python3.10/dist-packages/rover_msgs/msg/_aruco.py\n'}
[1.754581] (rover_msgs) StdoutLine: {'line': b'-- Up-to-date: /home/chris/ros2_ws/src/rover/install/rover_msgs/local/lib/python3.10/dist-packages/rover_msgs/msg/_gps_position.py\n'}
[1.754659] (rover_msgs) StdoutLine: {'line': b'-- Up-to-date: /home/chris/ros2_ws/src/rover/install/rover_msgs/local/lib/python3.10/dist-packages/rover_msgs/msg/_joy_demux_status_s.c\n'}
[1.754738] (rover_msgs) StdoutLine: {'line': b'-- Up-to-date: /home/chris/ros2_ws/src/rover/install/rover_msgs/local/lib/python3.10/dist-packages/rover_msgs/msg/_joy_s.c\n'}
[1.754816] (rover_msgs) StdoutLine: {'line': b'-- Up-to-date: /home/chris/ros2_ws/src/rover/install/rover_msgs/local/lib/python3.10/dist-packages/rover_msgs/msg/_gps_position_s.c\n'}
[1.754894] (rover_msgs) StdoutLine: {'line': b'-- Up-to-date: /home/chris/ros2_ws/src/rover/install/rover_msgs/local/lib/python3.10/dist-packages/rover_msgs/msg/__init__.py\n'}
[1.754978] (rover_msgs) StdoutLine: {'line': b'-- Up-to-date: /home/chris/ros2_ws/src/rover/install/rover_msgs/local/lib/python3.10/dist-packages/rover_msgs/msg/_science_control_s.c\n'}
[1.755057] (rover_msgs) StdoutLine: {'line': b'-- Up-to-date: /home/chris/ros2_ws/src/rover/install/rover_msgs/local/lib/python3.10/dist-packages/rover_msgs/msg/_can_device_status.py\n'}
[1.755135] (rover_msgs) StdoutLine: {'line': b'-- Up-to-date: /home/chris/ros2_ws/src/rover/install/rover_msgs/local/lib/python3.10/dist-packages/rover_msgs/librover_msgs__rosidl_generator_py.so\n'}
[1.755213] (rover_msgs) StdoutLine: {'line': b'-- Up-to-date: /home/chris/ros2_ws/src/rover/install/rover_msgs/local/lib/python3.10/dist-packages/rover_msgs/_rover_msgs_s.ep.rosidl_typesupport_fastrtps_c.c\n'}
[1.755296] (rover_msgs) StdoutLine: {'line': b'-- Up-to-date: /home/chris/ros2_ws/src/rover/install/rover_msgs/local/lib/python3.10/dist-packages/rover_msgs/rover_msgs_s__rosidl_typesupport_fastrtps_c.cpython-310-x86_64-linux-gnu.so\n'}
[1.755404] (rover_msgs) StdoutLine: {'line': b'-- Up-to-date: /home/chris/ros2_ws/src/rover/install/rover_msgs/local/lib/python3.10/dist-packages/rover_msgs/rover_msgs_s__rosidl_typesupport_c.cpython-310-x86_64-linux-gnu.so\n'}
[1.755493] (rover_msgs) StdoutLine: {'line': b'-- Up-to-date: /home/chris/ros2_ws/src/rover/install/rover_msgs/local/lib/python3.10/dist-packages/rover_msgs/__init__.py\n'}
[1.755574] (rover_msgs) StdoutLine: {'line': b'-- Up-to-date: /home/chris/ros2_ws/src/rover/install/rover_msgs/local/lib/python3.10/dist-packages/rover_msgs/srv\n'}
[1.755657] (rover_msgs) StdoutLine: {'line': b'-- Up-to-date: /home/chris/ros2_ws/src/rover/install/rover_msgs/local/lib/python3.10/dist-packages/rover_msgs/srv/_drive_train_arbitration.py\n'}
[1.755769] (rover_msgs) StdoutLine: {'line': b'-- Up-to-date: /home/chris/ros2_ws/src/rover/install/rover_msgs/local/lib/python3.10/dist-packages/rover_msgs/srv/_compass_calibration_s.c\n'}
[1.755855] (rover_msgs) StdoutLine: {'line': b'-- Up-to-date: /home/chris/ros2_ws/src/rover/install/rover_msgs/local/lib/python3.10/dist-packages/rover_msgs/srv/_screenshot_control.py\n'}
[1.755942] (rover_msgs) StdoutLine: {'line': b'-- Up-to-date: /home/chris/ros2_ws/src/rover/install/rover_msgs/local/lib/python3.10/dist-packages/rover_msgs/srv/_rtsp_stream_s.c\n'}
[1.756025] (rover_msgs) StdoutLine: {'line': b'-- Up-to-date: /home/chris/ros2_ws/src/rover/install/rover_msgs/local/lib/python3.10/dist-packages/rover_msgs/srv/_joy_demux_set_state_s.c\n'}
[1.756107] (rover_msgs) StdoutLine: {'line': b'-- Up-to-date: /home/chris/ros2_ws/src/rover/install/rover_msgs/local/lib/python3.10/dist-packages/rover_msgs/srv/_compass_calibration.py\n'}
[1.756190] (rover_msgs) StdoutLine: {'line': b'-- Up-to-date: /home/chris/ros2_ws/src/rover/install/rover_msgs/local/lib/python3.10/dist-packages/rover_msgs/srv/_light_control.py\n'}
[1.756271] (rover_msgs) StdoutLine: {'line': b'-- Up-to-date: /home/chris/ros2_ws/src/rover/install/rover_msgs/local/lib/python3.10/dist-packages/rover_msgs/srv/_light_control_s.c\n'}
[1.756381] (rover_msgs) StdoutLine: {'line': b'-- Up-to-date: /home/chris/ros2_ws/src/rover/install/rover_msgs/local/lib/python3.10/dist-packages/rover_msgs/srv/_pano_control_s.c\n'}
[1.756472] (rover_msgs) StdoutLine: {'line': b'-- Up-to-date: /home/chris/ros2_ws/src/rover/install/rover_msgs/local/lib/python3.10/dist-packages/rover_msgs/srv/_joy_demux_set_state.py\n'}
[1.756553] (rover_msgs) StdoutLine: {'line': b'-- Up-to-date: /home/chris/ros2_ws/src/rover/install/rover_msgs/local/lib/python3.10/dist-packages/rover_msgs/srv/_antenna_arbitration_s.c\n'}
[1.756630] (rover_msgs) StdoutLine: {'line': b'-- Up-to-date: /home/chris/ros2_ws/src/rover/install/rover_msgs/local/lib/python3.10/dist-packages/rover_msgs/srv/_new_gps_goal.py\n'}
[1.756705] (rover_msgs) StdoutLine: {'line': b'-- Up-to-date: /home/chris/ros2_ws/src/rover/install/rover_msgs/local/lib/python3.10/dist-packages/rover_msgs/srv/_drive_train_arbitration_s.c\n'}
[1.756789] (rover_msgs) StdoutLine: {'line': b'-- Up-to-date: /home/chris/ros2_ws/src/rover/install/rover_msgs/local/lib/python3.10/dist-packages/rover_msgs/srv/_rtsp_stream.py\n'}
[1.756876] (rover_msgs) StdoutLine: {'line': b'-- Up-to-date: /home/chris/ros2_ws/src/rover/install/rover_msgs/local/lib/python3.10/dist-packages/rover_msgs/srv/_screenshot_control_s.c\n'}
[1.756953] (rover_msgs) StdoutLine: {'line': b'-- Up-to-date: /home/chris/ros2_ws/src/rover/install/rover_msgs/local/lib/python3.10/dist-packages/rover_msgs/srv/_antenna_arbitration.py\n'}
[1.757028] (rover_msgs) StdoutLine: {'line': b'-- Up-to-date: /home/chris/ros2_ws/src/rover/install/rover_msgs/local/lib/python3.10/dist-packages/rover_msgs/srv/_pano_control.py\n'}
[1.757107] (rover_msgs) StdoutLine: {'line': b'-- Up-to-date: /home/chris/ros2_ws/src/rover/install/rover_msgs/local/lib/python3.10/dist-packages/rover_msgs/srv/__init__.py\n'}
[1.757184] (rover_msgs) StdoutLine: {'line': b'-- Up-to-date: /home/chris/ros2_ws/src/rover/install/rover_msgs/local/lib/python3.10/dist-packages/rover_msgs/srv/_new_gps_goal_s.c\n'}
[1.757261] (rover_msgs) StdoutLine: {'line': b'-- Up-to-date: /home/chris/ros2_ws/src/rover/install/rover_msgs/local/lib/python3.10/dist-packages/rover_msgs/_rover_msgs_s.ep.rosidl_typesupport_c.c\n'}
[1.786927] (rover_msgs) StdoutLine: {'line': b"Listing '/home/chris/ros2_ws/src/rover/install/rover_msgs/local/lib/python3.10/dist-packages/rover_msgs'...\n"}
[1.787121] (rover_msgs) StdoutLine: {'line': b"Listing '/home/chris/ros2_ws/src/rover/install/rover_msgs/local/lib/python3.10/dist-packages/rover_msgs/msg'...\n"}
[1.787214] (rover_msgs) StdoutLine: {'line': b"Listing '/home/chris/ros2_ws/src/rover/install/rover_msgs/local/lib/python3.10/dist-packages/rover_msgs/srv'...\n"}
[1.793221] (rover_msgs) StdoutLine: {'line': b'-- Up-to-date: /home/chris/ros2_ws/src/rover/install/rover_msgs/local/lib/python3.10/dist-packages/rover_msgs/rover_msgs_s__rosidl_typesupport_fastrtps_c.cpython-310-x86_64-linux-gnu.so\n'}
[1.793767] (rover_msgs) StdoutLine: {'line': b'-- Up-to-date: /home/chris/ros2_ws/src/rover/install/rover_msgs/local/lib/python3.10/dist-packages/rover_msgs/rover_msgs_s__rosidl_typesupport_introspection_c.cpython-310-x86_64-linux-gnu.so\n'}
[1.794278] (rover_msgs) StdoutLine: {'line': b'-- Up-to-date: /home/chris/ros2_ws/src/rover/install/rover_msgs/local/lib/python3.10/dist-packages/rover_msgs/rover_msgs_s__rosidl_typesupport_c.cpython-310-x86_64-linux-gnu.so\n'}
[1.794876] (rover_msgs) StdoutLine: {'line': b'-- Up-to-date: /home/chris/ros2_ws/src/rover/install/rover_msgs/lib/librover_msgs__rosidl_generator_py.so\n'}
[1.795262] (rover_msgs) StdoutLine: {'line': b'-- Up-to-date: /home/chris/ros2_ws/src/rover/install/rover_msgs/share/rover_msgs/msg/AntennaCmd.idl\n'}
[1.795497] (rover_msgs) StdoutLine: {'line': b'-- Up-to-date: /home/chris/ros2_ws/src/rover/install/rover_msgs/share/rover_msgs/msg/PropulsionMotor.idl\n'}
[1.795739] (rover_msgs) StdoutLine: {'line': b'-- Up-to-date: /home/chris/ros2_ws/src/rover/install/rover_msgs/share/rover_msgs/msg/CanDeviceStatus.idl\n'}
[1.795838] (rover_msgs) StdoutLine: {'line': b'-- Up-to-date: /home/chris/ros2_ws/src/rover/install/rover_msgs/share/rover_msgs/msg/Joy.idl\n'}
[1.795930] (rover_msgs) StdoutLine: {'line': b'-- Up-to-date: /home/chris/ros2_ws/src/rover/install/rover_msgs/share/rover_msgs/msg/JoyDemuxStatus.idl\n'}
[1.796088] (rover_msgs) StdoutLine: {'line': b'-- Up-to-date: /home/chris/ros2_ws/src/rover/install/rover_msgs/share/rover_msgs/msg/Gps.idl\n'}
[1.796262] (rover_msgs) StdoutLine: {'line': b'-- Up-to-date: /home/chris/ros2_ws/src/rover/install/rover_msgs/share/rover_msgs/msg/GpsPosition.idl\n'}
[1.796390] (rover_msgs) StdoutLine: {'line': b'-- Up-to-date: /home/chris/ros2_ws/src/rover/install/rover_msgs/share/rover_msgs/msg/CameraControl.idl\n'}
[1.796512] (rover_msgs) StdoutLine: {'line': b'-- Up-to-date: /home/chris/ros2_ws/src/rover/install/rover_msgs/share/rover_msgs/msg/LightControl.idl\n'}
[1.796621] (rover_msgs) StdoutLine: {'line': b'-- Up-to-date: /home/chris/ros2_ws/src/rover/install/rover_msgs/share/rover_msgs/msg/ScienceControl.idl\n'}
[1.796743] (rover_msgs) StdoutLine: {'line': b'-- Up-to-date: /home/chris/ros2_ws/src/rover/install/rover_msgs/share/rover_msgs/msg/ArmMsg.idl\n'}
[1.796826] (rover_msgs) StdoutLine: {'line': b'-- Up-to-date: /home/chris/ros2_ws/src/rover/install/rover_msgs/share/rover_msgs/msg/DrivetrainArbitration.idl\n'}
[1.796911] (rover_msgs) StdoutLine: {'line': b'-- Up-to-date: /home/chris/ros2_ws/src/rover/install/rover_msgs/share/rover_msgs/msg/Compass.idl\n'}
[1.796995] (rover_msgs) StdoutLine: {'line': b'-- Up-to-date: /home/chris/ros2_ws/src/rover/install/rover_msgs/share/rover_msgs/msg/CameraAngle.idl\n'}
[1.797124] (rover_msgs) StdoutLine: {'line': b'-- Up-to-date: /home/chris/ros2_ws/src/rover/install/rover_msgs/share/rover_msgs/msg/Aruco.idl\n'}
[1.797266] (rover_msgs) StdoutLine: {'line': b'-- Up-to-date: /home/chris/ros2_ws/src/rover/install/rover_msgs/share/rover_msgs/srv/JoyDemuxSetState.idl\n'}
[1.797407] (rover_msgs) StdoutLine: {'line': b'-- Up-to-date: /home/chris/ros2_ws/src/rover/install/rover_msgs/share/rover_msgs/srv/AntennaArbitration.idl\n'}
[1.797494] (rover_msgs) StdoutLine: {'line': b'-- Up-to-date: /home/chris/ros2_ws/src/rover/install/rover_msgs/share/rover_msgs/srv/DriveTrainArbitration.idl\n'}
[1.797578] (rover_msgs) StdoutLine: {'line': b'-- Up-to-date: /home/chris/ros2_ws/src/rover/install/rover_msgs/share/rover_msgs/srv/LightControl.idl\n'}
[1.797662] (rover_msgs) StdoutLine: {'line': b'-- Up-to-date: /home/chris/ros2_ws/src/rover/install/rover_msgs/share/rover_msgs/srv/CompassCalibration.idl\n'}
[1.797825] (rover_msgs) StdoutLine: {'line': b'-- Up-to-date: /home/chris/ros2_ws/src/rover/install/rover_msgs/share/rover_msgs/srv/NewGpsGoal.idl\n'}
[1.797908] (rover_msgs) StdoutLine: {'line': b'-- Up-to-date: /home/chris/ros2_ws/src/rover/install/rover_msgs/share/rover_msgs/srv/PanoControl.idl\n'}
[1.798035] (rover_msgs) StdoutLine: {'line': b'-- Up-to-date: /home/chris/ros2_ws/src/rover/install/rover_msgs/share/rover_msgs/srv/RtspStream.idl\n'}
[1.798119] (rover_msgs) StdoutLine: {'line': b'-- Up-to-date: /home/chris/ros2_ws/src/rover/install/rover_msgs/share/rover_msgs/srv/ScreenshotControl.idl\n'}
[1.798203] (rover_msgs) StdoutLine: {'line': b'-- Up-to-date: /home/chris/ros2_ws/src/rover/install/rover_msgs/share/rover_msgs/msg/AntennaCmd.msg\n'}
[1.798343] (rover_msgs) StdoutLine: {'line': b'-- Up-to-date: /home/chris/ros2_ws/src/rover/install/rover_msgs/share/rover_msgs/msg/PropulsionMotor.msg\n'}
[1.798484] (rover_msgs) StdoutLine: {'line': b'-- Up-to-date: /home/chris/ros2_ws/src/rover/install/rover_msgs/share/rover_msgs/msg/CanDeviceStatus.msg\n'}
[1.798570] (rover_msgs) StdoutLine: {'line': b'-- Up-to-date: /home/chris/ros2_ws/src/rover/install/rover_msgs/share/rover_msgs/msg/Joy.msg\n'}
[1.798654] (rover_msgs) StdoutLine: {'line': b'-- Up-to-date: /home/chris/ros2_ws/src/rover/install/rover_msgs/share/rover_msgs/msg/JoyDemuxStatus.msg\n'}
[1.798783] (rover_msgs) StdoutLine: {'line': b'-- Up-to-date: /home/chris/ros2_ws/src/rover/install/rover_msgs/share/rover_msgs/msg/Gps.msg\n'}
[1.798929] (rover_msgs) StdoutLine: {'line': b'-- Up-to-date: /home/chris/ros2_ws/src/rover/install/rover_msgs/share/rover_msgs/msg/GpsPosition.msg\n'}
[1.799017] (rover_msgs) StdoutLine: {'line': b'-- Up-to-date: /home/chris/ros2_ws/src/rover/install/rover_msgs/share/rover_msgs/msg/CameraControl.msg\n'}
[1.799154] (rover_msgs) StdoutLine: {'line': b'-- Up-to-date: /home/chris/ros2_ws/src/rover/install/rover_msgs/share/rover_msgs/msg/LightControl.msg\n'}
[1.799241] (rover_msgs) StdoutLine: {'line': b'-- Up-to-date: /home/chris/ros2_ws/src/rover/install/rover_msgs/share/rover_msgs/msg/ScienceControl.msg\n'}
[1.799384] (rover_msgs) StdoutLine: {'line': b'-- Up-to-date: /home/chris/ros2_ws/src/rover/install/rover_msgs/share/rover_msgs/msg/ArmMsg.msg\n'}
[1.799507] (rover_msgs) StdoutLine: {'line': b'-- Up-to-date: /home/chris/ros2_ws/src/rover/install/rover_msgs/share/rover_msgs/msg/DrivetrainArbitration.msg\n'}
[1.799639] (rover_msgs) StdoutLine: {'line': b'-- Up-to-date: /home/chris/ros2_ws/src/rover/install/rover_msgs/share/rover_msgs/msg/Compass.msg\n'}
[1.799724] (rover_msgs) StdoutLine: {'line': b'-- Up-to-date: /home/chris/ros2_ws/src/rover/install/rover_msgs/share/rover_msgs/msg/CameraAngle.msg\n'}
[1.799872] (rover_msgs) StdoutLine: {'line': b'-- Up-to-date: /home/chris/ros2_ws/src/rover/install/rover_msgs/share/rover_msgs/msg/Aruco.msg\n'}
[1.799955] (rover_msgs) StdoutLine: {'line': b'-- Up-to-date: /home/chris/ros2_ws/src/rover/install/rover_msgs/share/rover_msgs/srv/JoyDemuxSetState.srv\n'}
[1.800039] (rover_msgs) StdoutLine: {'line': b'-- Up-to-date: /home/chris/ros2_ws/src/rover/install/rover_msgs/share/rover_msgs/srv/JoyDemuxSetState_Request.msg\n'}
[1.800123] (rover_msgs) StdoutLine: {'line': b'-- Up-to-date: /home/chris/ros2_ws/src/rover/install/rover_msgs/share/rover_msgs/srv/JoyDemuxSetState_Response.msg\n'}
[1.800264] (rover_msgs) StdoutLine: {'line': b'-- Up-to-date: /home/chris/ros2_ws/src/rover/install/rover_msgs/share/rover_msgs/srv/AntennaArbitration.srv\n'}
[1.800390] (rover_msgs) StdoutLine: {'line': b'-- Up-to-date: /home/chris/ros2_ws/src/rover/install/rover_msgs/share/rover_msgs/srv/AntennaArbitration_Request.msg\n'}
[1.800481] (rover_msgs) StdoutLine: {'line': b'-- Up-to-date: /home/chris/ros2_ws/src/rover/install/rover_msgs/share/rover_msgs/srv/AntennaArbitration_Response.msg\n'}
[1.800566] (rover_msgs) StdoutLine: {'line': b'-- Up-to-date: /home/chris/ros2_ws/src/rover/install/rover_msgs/share/rover_msgs/srv/DriveTrainArbitration.srv\n'}
[1.800694] (rover_msgs) StdoutLine: {'line': b'-- Up-to-date: /home/chris/ros2_ws/src/rover/install/rover_msgs/share/rover_msgs/srv/DriveTrainArbitration_Request.msg\n'}
[1.800844] (rover_msgs) StdoutLine: {'line': b'-- Up-to-date: /home/chris/ros2_ws/src/rover/install/rover_msgs/share/rover_msgs/srv/DriveTrainArbitration_Response.msg\n'}
[1.800934] (rover_msgs) StdoutLine: {'line': b'-- Up-to-date: /home/chris/ros2_ws/src/rover/install/rover_msgs/share/rover_msgs/srv/LightControl.srv\n'}
[1.801052] (rover_msgs) StdoutLine: {'line': b'-- Up-to-date: /home/chris/ros2_ws/src/rover/install/rover_msgs/share/rover_msgs/srv/LightControl_Request.msg\n'}
[1.801154] (rover_msgs) StdoutLine: {'line': b'-- Up-to-date: /home/chris/ros2_ws/src/rover/install/rover_msgs/share/rover_msgs/srv/LightControl_Response.msg\n'}
[1.801233] (rover_msgs) StdoutLine: {'line': b'-- Up-to-date: /home/chris/ros2_ws/src/rover/install/rover_msgs/share/rover_msgs/srv/CompassCalibration.srv\n'}
[1.801341] (rover_msgs) StdoutLine: {'line': b'-- Up-to-date: /home/chris/ros2_ws/src/rover/install/rover_msgs/share/rover_msgs/srv/CompassCalibration_Request.msg\n'}
[1.801470] (rover_msgs) StdoutLine: {'line': b'-- Up-to-date: /home/chris/ros2_ws/src/rover/install/rover_msgs/share/rover_msgs/srv/CompassCalibration_Response.msg\n'}
[1.801558] (rover_msgs) StdoutLine: {'line': b'-- Up-to-date: /home/chris/ros2_ws/src/rover/install/rover_msgs/share/rover_msgs/srv/NewGpsGoal.srv\n'}
[1.801689] (rover_msgs) StdoutLine: {'line': b'-- Up-to-date: /home/chris/ros2_ws/src/rover/install/rover_msgs/share/rover_msgs/srv/NewGpsGoal_Request.msg\n'}
[1.801829] (rover_msgs) StdoutLine: {'line': b'-- Up-to-date: /home/chris/ros2_ws/src/rover/install/rover_msgs/share/rover_msgs/srv/NewGpsGoal_Response.msg\n'}
[1.801916] (rover_msgs) StdoutLine: {'line': b'-- Up-to-date: /home/chris/ros2_ws/src/rover/install/rover_msgs/share/rover_msgs/srv/PanoControl.srv\n'}
[1.802044] (rover_msgs) StdoutLine: {'line': b'-- Up-to-date: /home/chris/ros2_ws/src/rover/install/rover_msgs/share/rover_msgs/srv/PanoControl_Request.msg\n'}
[1.802180] (rover_msgs) StdoutLine: {'line': b'-- Up-to-date: /home/chris/ros2_ws/src/rover/install/rover_msgs/share/rover_msgs/srv/PanoControl_Response.msg\n'}
[1.802325] (rover_msgs) StdoutLine: {'line': b'-- Up-to-date: /home/chris/ros2_ws/src/rover/install/rover_msgs/share/rover_msgs/srv/RtspStream.srv\n'}
[1.802414] (-) TimerEvent: {}
[1.802608] (rover_msgs) StdoutLine: {'line': b'-- Up-to-date: /home/chris/ros2_ws/src/rover/install/rover_msgs/share/rover_msgs/srv/RtspStream_Request.msg\n'}
[1.802745] (rover_msgs) StdoutLine: {'line': b'-- Up-to-date: /home/chris/ros2_ws/src/rover/install/rover_msgs/share/rover_msgs/srv/RtspStream_Response.msg\n'}
[1.802834] (rover_msgs) StdoutLine: {'line': b'-- Up-to-date: /home/chris/ros2_ws/src/rover/install/rover_msgs/share/rover_msgs/srv/ScreenshotControl.srv\n'}
[1.802918] (rover_msgs) StdoutLine: {'line': b'-- Up-to-date: /home/chris/ros2_ws/src/rover/install/rover_msgs/share/rover_msgs/srv/ScreenshotControl_Request.msg\n'}
[1.803003] (rover_msgs) StdoutLine: {'line': b'-- Up-to-date: /home/chris/ros2_ws/src/rover/install/rover_msgs/share/rover_msgs/srv/ScreenshotControl_Response.msg\n'}
[1.803141] (rover_msgs) StdoutLine: {'line': b'-- Up-to-date: /home/chris/ros2_ws/src/rover/install/rover_msgs/share/rover_msgs//launch\n'}
[1.803297] (rover_msgs) StdoutLine: {'line': b'-- Up-to-date: /home/chris/ros2_ws/src/rover/install/rover_msgs/share/rover_msgs//launch/terminal_logger.launch.py\n'}
[1.803465] (rover_msgs) StdoutLine: {'line': b'-- Up-to-date: /home/chris/ros2_ws/src/rover/install/rover_msgs/share/rover_msgs//launch/base.launch.py\n'}
[1.803553] (rover_msgs) StdoutLine: {'line': b'-- Up-to-date: /home/chris/ros2_ws/src/rover/install/rover_msgs/share/rover_msgs//launch/rover.launch.py\n'}
[1.803687] (rover_msgs) StdoutLine: {'line': b'-- Up-to-date: /home/chris/ros2_ws/src/rover/install/rover_msgs/share/ament_index/resource_index/package_run_dependencies/rover_msgs\n'}
[1.803796] (rover_msgs) StdoutLine: {'line': b'-- Up-to-date: /home/chris/ros2_ws/src/rover/install/rover_msgs/share/ament_index/resource_index/parent_prefix_path/rover_msgs\n'}
[1.803902] (rover_msgs) StdoutLine: {'line': b'-- Up-to-date: /home/chris/ros2_ws/src/rover/install/rover_msgs/share/rover_msgs/environment/ament_prefix_path.sh\n'}
[1.804008] (rover_msgs) StdoutLine: {'line': b'-- Up-to-date: /home/chris/ros2_ws/src/rover/install/rover_msgs/share/rover_msgs/environment/ament_prefix_path.dsv\n'}
[1.804087] (rover_msgs) StdoutLine: {'line': b'-- Up-to-date: /home/chris/ros2_ws/src/rover/install/rover_msgs/share/rover_msgs/environment/path.sh\n'}
[1.804170] (rover_msgs) StdoutLine: {'line': b'-- Up-to-date: /home/chris/ros2_ws/src/rover/install/rover_msgs/share/rover_msgs/environment/path.dsv\n'}
[1.804255] (rover_msgs) StdoutLine: {'line': b'-- Up-to-date: /home/chris/ros2_ws/src/rover/install/rover_msgs/share/rover_msgs/local_setup.bash\n'}
[1.804405] (rover_msgs) StdoutLine: {'line': b'-- Up-to-date: /home/chris/ros2_ws/src/rover/install/rover_msgs/share/rover_msgs/local_setup.sh\n'}
[1.804493] (rover_msgs) StdoutLine: {'line': b'-- Up-to-date: /home/chris/ros2_ws/src/rover/install/rover_msgs/share/rover_msgs/local_setup.zsh\n'}
[1.804577] (rover_msgs) StdoutLine: {'line': b'-- Up-to-date: /home/chris/ros2_ws/src/rover/install/rover_msgs/share/rover_msgs/local_setup.dsv\n'}
[1.804661] (rover_msgs) StdoutLine: {'line': b'-- Installing: /home/chris/ros2_ws/src/rover/install/rover_msgs/share/rover_msgs/package.dsv\n'}
[1.804794] (rover_msgs) StdoutLine: {'line': b'-- Up-to-date: /home/chris/ros2_ws/src/rover/install/rover_msgs/share/ament_index/resource_index/packages/rover_msgs\n'}
[1.804932] (rover_msgs) StdoutLine: {'line': b'-- Up-to-date: /home/chris/ros2_ws/src/rover/install/rover_msgs/share/rover_msgs/cmake/lib_execExport.cmake\n'}
[1.805052] (rover_msgs) StdoutLine: {'line': b'-- Up-to-date: /home/chris/ros2_ws/src/rover/install/rover_msgs/share/rover_msgs/cmake/lib_execExport-noconfig.cmake\n'}
[1.805163] (rover_msgs) StdoutLine: {'line': b'-- Up-to-date: /home/chris/ros2_ws/src/rover/install/rover_msgs/share/rover_msgs/cmake/export_rover_msgs__rosidl_generator_cExport.cmake\n'}
[1.805303] (rover_msgs) StdoutLine: {'line': b'-- Up-to-date: /home/chris/ros2_ws/src/rover/install/rover_msgs/share/rover_msgs/cmake/export_rover_msgs__rosidl_generator_cExport-noconfig.cmake\n'}
[1.805439] (rover_msgs) StdoutLine: {'line': b'-- Up-to-date: /home/chris/ros2_ws/src/rover/install/rover_msgs/share/rover_msgs/cmake/export_rover_msgs__rosidl_typesupport_fastrtps_cExport.cmake\n'}
[1.805553] (rover_msgs) StdoutLine: {'line': b'-- Up-to-date: /home/chris/ros2_ws/src/rover/install/rover_msgs/share/rover_msgs/cmake/export_rover_msgs__rosidl_typesupport_fastrtps_cExport-noconfig.cmake\n'}
[1.805705] (rover_msgs) StdoutLine: {'line': b'-- Up-to-date: /home/chris/ros2_ws/src/rover/install/rover_msgs/share/rover_msgs/cmake/rover_msgs__rosidl_typesupport_introspection_cExport.cmake\n'}
[1.805834] (rover_msgs) StdoutLine: {'line': b'-- Up-to-date: /home/chris/ros2_ws/src/rover/install/rover_msgs/share/rover_msgs/cmake/rover_msgs__rosidl_typesupport_introspection_cExport-noconfig.cmake\n'}
[1.806009] (rover_msgs) StdoutLine: {'line': b'-- Up-to-date: /home/chris/ros2_ws/src/rover/install/rover_msgs/share/rover_msgs/cmake/rover_msgs__rosidl_typesupport_cExport.cmake\n'}
[1.806141] (rover_msgs) StdoutLine: {'line': b'-- Up-to-date: /home/chris/ros2_ws/src/rover/install/rover_msgs/share/rover_msgs/cmake/rover_msgs__rosidl_typesupport_cExport-noconfig.cmake\n'}
[1.806333] (rover_msgs) StdoutLine: {'line': b'-- Up-to-date: /home/chris/ros2_ws/src/rover/install/rover_msgs/share/rover_msgs/cmake/export_rover_msgs__rosidl_generator_cppExport.cmake\n'}
[1.806519] (rover_msgs) StdoutLine: {'line': b'-- Up-to-date: /home/chris/ros2_ws/src/rover/install/rover_msgs/share/rover_msgs/cmake/export_rover_msgs__rosidl_typesupport_fastrtps_cppExport.cmake\n'}
[1.806688] (rover_msgs) StdoutLine: {'line': b'-- Up-to-date: /home/chris/ros2_ws/src/rover/install/rover_msgs/share/rover_msgs/cmake/export_rover_msgs__rosidl_typesupport_fastrtps_cppExport-noconfig.cmake\n'}
[1.806918] (rover_msgs) StdoutLine: {'line': b'-- Up-to-date: /home/chris/ros2_ws/src/rover/install/rover_msgs/share/rover_msgs/cmake/rover_msgs__rosidl_typesupport_introspection_cppExport.cmake\n'}
[1.807104] (rover_msgs) StdoutLine: {'line': b'-- Up-to-date: /home/chris/ros2_ws/src/rover/install/rover_msgs/share/rover_msgs/cmake/rover_msgs__rosidl_typesupport_introspection_cppExport-noconfig.cmake\n'}
[1.807228] (rover_msgs) StdoutLine: {'line': b'-- Up-to-date: /home/chris/ros2_ws/src/rover/install/rover_msgs/share/rover_msgs/cmake/rover_msgs__rosidl_typesupport_cppExport.cmake\n'}
[1.807356] (rover_msgs) StdoutLine: {'line': b'-- Up-to-date: /home/chris/ros2_ws/src/rover/install/rover_msgs/share/rover_msgs/cmake/rover_msgs__rosidl_typesupport_cppExport-noconfig.cmake\n'}
[1.807506] (rover_msgs) StdoutLine: {'line': b'-- Up-to-date: /home/chris/ros2_ws/src/rover/install/rover_msgs/share/rover_msgs/cmake/export_rover_msgs__rosidl_generator_pyExport.cmake\n'}
[1.807632] (rover_msgs) StdoutLine: {'line': b'-- Up-to-date: /home/chris/ros2_ws/src/rover/install/rover_msgs/share/rover_msgs/cmake/export_rover_msgs__rosidl_generator_pyExport-noconfig.cmake\n'}
[1.807765] (rover_msgs) StdoutLine: {'line': b'-- Up-to-date: /home/chris/ros2_ws/src/rover/install/rover_msgs/share/rover_msgs/cmake/ament_cmake_export_targets-extras.cmake\n'}
[1.807899] (rover_msgs) StdoutLine: {'line': b'-- Up-to-date: /home/chris/ros2_ws/src/rover/install/rover_msgs/share/rover_msgs/cmake/rosidl_cmake-extras.cmake\n'}
[1.808029] (rover_msgs) StdoutLine: {'line': b'-- Up-to-date: /home/chris/ros2_ws/src/rover/install/rover_msgs/share/rover_msgs/cmake/ament_cmake_export_include_directories-extras.cmake\n'}
[1.808153] (rover_msgs) StdoutLine: {'line': b'-- Up-to-date: /home/chris/ros2_ws/src/rover/install/rover_msgs/share/rover_msgs/cmake/ament_cmake_export_libraries-extras.cmake\n'}
[1.808262] (rover_msgs) StdoutLine: {'line': b'-- Up-to-date: /home/chris/ros2_ws/src/rover/install/rover_msgs/share/rover_msgs/cmake/rosidl_cmake_export_typesupport_targets-extras.cmake\n'}
[1.808388] (rover_msgs) StdoutLine: {'line': b'-- Up-to-date: /home/chris/ros2_ws/src/rover/install/rover_msgs/share/rover_msgs/cmake/ament_cmake_export_dependencies-extras.cmake\n'}
[1.808505] (rover_msgs) StdoutLine: {'line': b'-- Up-to-date: /home/chris/ros2_ws/src/rover/install/rover_msgs/share/rover_msgs/cmake/rosidl_cmake_export_typesupport_libraries-extras.cmake\n'}
[1.808619] (rover_msgs) StdoutLine: {'line': b'-- Up-to-date: /home/chris/ros2_ws/src/rover/install/rover_msgs/share/rover_msgs/cmake/rover_msgsConfig.cmake\n'}
[1.808768] (rover_msgs) StdoutLine: {'line': b'-- Up-to-date: /home/chris/ros2_ws/src/rover/install/rover_msgs/share/rover_msgs/cmake/rover_msgsConfig-version.cmake\n'}
[1.808849] (rover_msgs) StdoutLine: {'line': b'-- Up-to-date: /home/chris/ros2_ws/src/rover/install/rover_msgs/share/rover_msgs/package.xml\n'}
[1.812227] (rover_msgs) CommandEnded: {'returncode': 0}
[1.902516] (-) TimerEvent: {}
[2.002808] (-) TimerEvent: {}
[2.103109] (-) TimerEvent: {}
[2.203407] (-) TimerEvent: {}
[2.303714] (-) TimerEvent: {}
[2.404018] (-) TimerEvent: {}
[2.504325] (-) TimerEvent: {}
[2.604591] (-) TimerEvent: {}
[2.704913] (-) TimerEvent: {}
[2.805183] (-) TimerEvent: {}
[2.886645] (rover_msgs) JobEnded: {'identifier': 'rover_msgs', 'rc': 0}
[2.887858] (rover_antenna) JobStarted: {'identifier': 'rover_antenna'}
[2.905599] (-) TimerEvent: {}
[3.006407] (-) TimerEvent: {}
[3.008334] (rover_arm) JobStarted: {'identifier': 'rover_arm'}
[3.106534] (-) TimerEvent: {}
[3.128103] (rover_auxiliary) JobStarted: {'identifier': 'rover_auxiliary'}
[3.206801] (-) TimerEvent: {}
[3.247824] (rover_can) JobStarted: {'identifier': 'rover_can'}
[3.307453] (-) TimerEvent: {}
[3.383858] (rover_drive_train) JobStarted: {'identifier': 'rover_drive_train'}
[3.407734] (-) TimerEvent: {}
[3.506581] (rover_gui) JobStarted: {'identifier': 'rover_gui'}
[3.508013] (-) TimerEvent: {}
[3.608791] (-) TimerEvent: {}
[3.648262] (rover_joy) JobStarted: {'identifier': 'rover_joy'}
[3.709043] (-) TimerEvent: {}
[3.783961] (rover_sim) JobStarted: {'identifier': 'rover_sim'}
[3.809176] (-) TimerEvent: {}
[3.909864] (-) TimerEvent: {}
[3.946766] (rover_antenna) JobProgress: {'identifier': 'rover_antenna', 'progress': 'cmake'}
[3.947817] (rover_antenna) Command: {'cmd': ['/usr/bin/cmake', '/home/chris/ros2_ws/src/rover/rover_antenna', '-DCMAKE_INSTALL_PREFIX=/home/chris/ros2_ws/src/rover/install/rover_antenna'], 'cwd': '/home/chris/ros2_ws/src/rover/build/rover_antenna', 'env': OrderedDict([('GJS_DEBUG_TOPICS', 'JS ERROR;JS LOG'), ('LESSOPEN', '| /usr/bin/lesspipe %s'), ('USER', 'chris'), ('SSH_AGENT_PID', '2583'), ('XDG_SESSION_TYPE', 'x11'), ('SHLVL', '1'), ('LD_LIBRARY_PATH', '/home/chris/ros2_ws/src/rover/install/rover_msgs/lib:/home/chris/ros2_ws/install/rover_msgs/lib:/home/chris/ros2_ws/install/moveit_visual_tools/lib:/home/chris/ros2_ws/install/micro_ros_agent/lib:/home/chris/ros2_ws/install/micro_ros_msgs/lib:/usr/lib/x86_64-linux-gnu/gazebo-11/plugins:/opt/ros/humble/opt/rviz_ogre_vendor/lib:/opt/ros/humble/lib/x86_64-linux-gnu:/opt/ros/humble/lib'), ('HOME', '/home/chris'), ('OLDPWD', '/home/chris'), ('DESKTOP_SESSION', 'ubuntu'), ('NVM_BIN', '/home/chris/.nvm/versions/node/v18.20.0/bin'), ('NVM_INC', '/home/chris/.nvm/versions/node/v18.20.0/include/node'), ('GIO_LAUNCHED_DESKTOP_FILE', '/usr/share/applications/terminator.desktop'), ('ROS_PYTHON_VERSION', '3'), ('GNOME_SHELL_SESSION_MODE', 'ubuntu'), ('GTK_MODULES', 'gail:atk-bridge'), ('MANAGERPID', '2412'), ('SYSTEMD_EXEC_PID', '2681'), ('DBUS_SESSION_BUS_ADDRESS', 'unix:path=/run/user/1000/bus'), ('COLORTERM', 'truecolor'), ('TERMINATOR_DBUS_NAME', 'net.tenshu.Terminator21a9d5db22c73a993ff0b42f64b396873'), ('GIO_LAUNCHED_DESKTOP_FILE_PID', '5179'), ('NVM_DIR', '/home/chris/.nvm'), ('COLCON_PREFIX_PATH', '/home/chris/ros2_ws/install'), ('ROS_DISTRO', 'humble'), ('LOGNAME', 'chris'), ('JOURNAL_STREAM', '8:21130'), ('_', '/usr/bin/colcon'), ('ROS_VERSION', '2'), ('XDG_SESSION_CLASS', 'user'), ('USERNAME', 'chris'), ('TERM', 'xterm-256color'), ('GNOME_DESKTOP_SESSION_ID', 'this-is-deprecated'), ('ROS_LOCALHOST_ONLY', '0'), ('WINDOWPATH', '2'), ('PATH', '/home/chris/.nvm/versions/node/v18.20.0/bin:/opt/ros/humble/bin:/home/chris/.local/bin:/usr/local/sbin:/usr/local/bin:/usr/sbin:/usr/bin:/sbin:/bin:/usr/games:/usr/local/games:/snap/bin:/snap/bin:/home/chris/.local/bin'), ('SESSION_MANAGER', 'local/chris:@/tmp/.ICE-unix/2659,unix/chris:/tmp/.ICE-unix/2659'), ('INVOCATION_ID', '151282377277484193bb6d51fbdeb473'), ('XDG_MENU_PREFIX', 'gnome-'), ('XDG_RUNTIME_DIR', '/run/user/1000'), ('DISPLAY', ':0'), ('TERMINATOR_DBUS_PATH', '/net/tenshu/Terminator2'), ('LANG', 'en_US.UTF-8'), ('XDG_CURRENT_DESKTOP', 'ubuntu:GNOME'), ('IBUS_DISABLE_SNOOPER', '1'), ('XMODIFIERS', '@im=ibus'), ('XDG_SESSION_DESKTOP', 'ubuntu'), ('XAUTHORITY', '/run/user/1000/gdm/Xauthority'), ('LS_COLORS', 'rs=0:di=01;34:ln=01;36:mh=00:pi=40;33:so=01;35:do=01;35:bd=40;33;01:cd=40;33;01:or=40;31;01:mi=00:su=37;41:sg=30;43:ca=30;41:tw=30;42:ow=34;42:st=37;44:ex=01;32:*.tar=01;31:*.tgz=01;31:*.arc=01;31:*.arj=01;31:*.taz=01;31:*.lha=01;31:*.lz4=01;31:*.lzh=01;31:*.lzma=01;31:*.tlz=01;31:*.txz=01;31:*.tzo=01;31:*.t7z=01;31:*.zip=01;31:*.z=01;31:*.dz=01;31:*.gz=01;31:*.lrz=01;31:*.lz=01;31:*.lzo=01;31:*.xz=01;31:*.zst=01;31:*.tzst=01;31:*.bz2=01;31:*.bz=01;31:*.tbz=01;31:*.tbz2=01;31:*.tz=01;31:*.deb=01;31:*.rpm=01;31:*.jar=01;31:*.war=01;31:*.ear=01;31:*.sar=01;31:*.rar=01;31:*.alz=01;31:*.ace=01;31:*.zoo=01;31:*.cpio=01;31:*.7z=01;31:*.rz=01;31:*.cab=01;31:*.wim=01;31:*.swm=01;31:*.dwm=01;31:*.esd=01;31:*.jpg=01;35:*.jpeg=01;35:*.mjpg=01;35:*.mjpeg=01;35:*.gif=01;35:*.bmp=01;35:*.pbm=01;35:*.pgm=01;35:*.ppm=01;35:*.tga=01;35:*.xbm=01;35:*.xpm=01;35:*.tif=01;35:*.tiff=01;35:*.png=01;35:*.svg=01;35:*.svgz=01;35:*.mng=01;35:*.pcx=01;35:*.mov=01;35:*.mpg=01;35:*.mpeg=01;35:*.m2v=01;35:*.mkv=01;35:*.webm=01;35:*.webp=01;35:*.ogm=01;35:*.mp4=01;35:*.m4v=01;35:*.mp4v=01;35:*.vob=01;35:*.qt=01;35:*.nuv=01;35:*.wmv=01;35:*.asf=01;35:*.rm=01;35:*.rmvb=01;35:*.flc=01;35:*.avi=01;35:*.fli=01;35:*.flv=01;35:*.gl=01;35:*.dl=01;35:*.xcf=01;35:*.xwd=01;35:*.yuv=01;35:*.cgm=01;35:*.emf=01;35:*.ogv=01;35:*.ogx=01;35:*.aac=00;36:*.au=00;36:*.flac=00;36:*.m4a=00;36:*.mid=00;36:*.midi=00;36:*.mka=00;36:*.mp3=00;36:*.mpc=00;36:*.ogg=00;36:*.ra=00;36:*.wav=00;36:*.oga=00;36:*.opus=00;36:*.spx=00;36:*.xspf=00;36:'), ('SSH_AUTH_SOCK', '/run/user/1000/keyring/ssh'), ('AMENT_PREFIX_PATH', '/home/chris/ros2_ws/src/rover/install/rover_msgs:/home/chris/ros2_ws/install/rover_sim:/home/chris/ros2_ws/install/rover_security:/home/chris/ros2_ws/install/rover_gui:/home/chris/ros2_ws/install/rover_can:/home/chris/ros2_ws/install/rover_auxiliary:/home/chris/ros2_ws/install/rover_antenna:/home/chris/ros2_ws/install/rover_msgs:/home/chris/ros2_ws/install/panorama:/home/chris/ros2_ws/install/moveit_visual_tools:/home/chris/ros2_ws/install/moveit_resources_prbt_support:/home/chris/ros2_ws/install/moveit_controller:/home/chris/ros2_ws/install/fanuc_crx_simulation:/home/chris/ros2_ws/install/moveit_configs_utils:/home/chris/ros2_ws/install/moveit_common:/home/chris/ros2_ws/install/micro_ros_setup:/home/chris/ros2_ws/install/micro_ros_agent:/home/chris/ros2_ws/install/micro_ros_msgs:/opt/ros/humble'), ('SHELL', '/bin/bash'), ('TERMINATOR_UUID', 'urn:uuid:c5ceb889-5994-4d28-b93f-d4dbf77a5b4e'), ('QT_ACCESSIBILITY', '1'), ('GDMSESSION', 'ubuntu'), ('LESSCLOSE', '/usr/bin/lesspipe %s %s'), ('GJS_DEBUG_OUTPUT', 'stderr'), ('QT_IM_MODULE', 'ibus'), ('PWD', '/home/chris/ros2_ws/src/rover/build/rover_antenna'), ('XDG_CONFIG_DIRS', '/etc/xdg/xdg-ubuntu:/etc/xdg'), ('NVM_CD_FLAGS', ''), ('XDG_DATA_DIRS', '/usr/share/ubuntu:/usr/share/gnome:/usr/local/share/:/usr/share/:/var/lib/snapd/desktop'), ('PYTHONPATH', '/home/chris/ros2_ws/src/rover/install/rover_msgs/local/lib/python3.10/dist-packages:/home/chris/ros2_ws/install/rover_sim/lib/python3.10/site-packages:/home/chris/ros2_ws/install/rover_msgs/local/lib/python3.10/dist-packages:/home/chris/ros2_ws/install/panorama/lib/python3.10/site-packages:/home/chris/ros2_ws/install/moveit_controller/local/lib/python3.10/dist-packages:/home/chris/ros2_ws/install/moveit_configs_utils/lib/python3.10/site-packages:/home/chris/ros2_ws/install/micro_ros_msgs/local/lib/python3.10/dist-packages:/opt/ros/humble/lib/python3.10/site-packages:/opt/ros/humble/local/lib/python3.10/dist-packages'), ('COLCON', '1'), ('VTE_VERSION', '6800'), ('CMAKE_PREFIX_PATH', '/home/chris/ros2_ws/src/rover/install/rover_msgs:/home/chris/ros2_ws/install/rover_security:/home/chris/ros2_ws/install/rover_gui:/home/chris/ros2_ws/install/rover_can:/home/chris/ros2_ws/install/rover_auxiliary:/home/chris/ros2_ws/install/rover_antenna:/home/chris/ros2_ws/install/rover_msgs:/home/chris/ros2_ws/install/moveit_visual_tools:/home/chris/ros2_ws/install/moveit_resources_prbt_support:/home/chris/ros2_ws/install/moveit_controller:/home/chris/ros2_ws/install/fanuc_crx_simulation:/home/chris/ros2_ws/install/moveit_common:/home/chris/ros2_ws/install/micro_ros_setup:/home/chris/ros2_ws/install/micro_ros_agent:/home/chris/ros2_ws/install/micro_ros_msgs:/home/chris/ros2_ws/install/rover_sim:/home/chris/ros2_ws/install/panorama:/home/chris/ros2_ws/install/moveit_configs_utils:/opt/ros/humble')]), 'shell': False}
[3.950484] (rover_arm) JobProgress: {'identifier': 'rover_arm', 'progress': 'cmake'}
[3.951128] (rover_arm) Command: {'cmd': ['/usr/bin/cmake', '/home/chris/ros2_ws/src/rover/rover_arm', '-DCMAKE_INSTALL_PREFIX=/home/chris/ros2_ws/src/rover/install/rover_arm'], 'cwd': '/home/chris/ros2_ws/src/rover/build/rover_arm', 'env': OrderedDict([('GJS_DEBUG_TOPICS', 'JS ERROR;JS LOG'), ('LESSOPEN', '| /usr/bin/lesspipe %s'), ('USER', 'chris'), ('SSH_AGENT_PID', '2583'), ('XDG_SESSION_TYPE', 'x11'), ('SHLVL', '1'), ('LD_LIBRARY_PATH', '/home/chris/ros2_ws/src/rover/install/rover_msgs/lib:/home/chris/ros2_ws/install/rover_msgs/lib:/home/chris/ros2_ws/install/moveit_visual_tools/lib:/home/chris/ros2_ws/install/micro_ros_agent/lib:/home/chris/ros2_ws/install/micro_ros_msgs/lib:/usr/lib/x86_64-linux-gnu/gazebo-11/plugins:/opt/ros/humble/opt/rviz_ogre_vendor/lib:/opt/ros/humble/lib/x86_64-linux-gnu:/opt/ros/humble/lib'), ('HOME', '/home/chris'), ('OLDPWD', '/home/chris'), ('DESKTOP_SESSION', 'ubuntu'), ('NVM_BIN', '/home/chris/.nvm/versions/node/v18.20.0/bin'), ('NVM_INC', '/home/chris/.nvm/versions/node/v18.20.0/include/node'), ('GIO_LAUNCHED_DESKTOP_FILE', '/usr/share/applications/terminator.desktop'), ('ROS_PYTHON_VERSION', '3'), ('GNOME_SHELL_SESSION_MODE', 'ubuntu'), ('GTK_MODULES', 'gail:atk-bridge'), ('MANAGERPID', '2412'), ('SYSTEMD_EXEC_PID', '2681'), ('DBUS_SESSION_BUS_ADDRESS', 'unix:path=/run/user/1000/bus'), ('COLORTERM', 'truecolor'), ('TERMINATOR_DBUS_NAME', 'net.tenshu.Terminator21a9d5db22c73a993ff0b42f64b396873'), ('GIO_LAUNCHED_DESKTOP_FILE_PID', '5179'), ('NVM_DIR', '/home/chris/.nvm'), ('COLCON_PREFIX_PATH', '/home/chris/ros2_ws/install'), ('ROS_DISTRO', 'humble'), ('LOGNAME', 'chris'), ('JOURNAL_STREAM', '8:21130'), ('_', '/usr/bin/colcon'), ('ROS_VERSION', '2'), ('XDG_SESSION_CLASS', 'user'), ('USERNAME', 'chris'), ('TERM', 'xterm-256color'), ('GNOME_DESKTOP_SESSION_ID', 'this-is-deprecated'), ('ROS_LOCALHOST_ONLY', '0'), ('WINDOWPATH', '2'), ('PATH', '/home/chris/.nvm/versions/node/v18.20.0/bin:/opt/ros/humble/bin:/home/chris/.local/bin:/usr/local/sbin:/usr/local/bin:/usr/sbin:/usr/bin:/sbin:/bin:/usr/games:/usr/local/games:/snap/bin:/snap/bin:/home/chris/.local/bin'), ('SESSION_MANAGER', 'local/chris:@/tmp/.ICE-unix/2659,unix/chris:/tmp/.ICE-unix/2659'), ('INVOCATION_ID', '151282377277484193bb6d51fbdeb473'), ('XDG_MENU_PREFIX', 'gnome-'), ('XDG_RUNTIME_DIR', '/run/user/1000'), ('DISPLAY', ':0'), ('TERMINATOR_DBUS_PATH', '/net/tenshu/Terminator2'), ('LANG', 'en_US.UTF-8'), ('XDG_CURRENT_DESKTOP', 'ubuntu:GNOME'), ('IBUS_DISABLE_SNOOPER', '1'), ('XMODIFIERS', '@im=ibus'), ('XDG_SESSION_DESKTOP', 'ubuntu'), ('XAUTHORITY', '/run/user/1000/gdm/Xauthority'), ('LS_COLORS', 'rs=0:di=01;34:ln=01;36:mh=00:pi=40;33:so=01;35:do=01;35:bd=40;33;01:cd=40;33;01:or=40;31;01:mi=00:su=37;41:sg=30;43:ca=30;41:tw=30;42:ow=34;42:st=37;44:ex=01;32:*.tar=01;31:*.tgz=01;31:*.arc=01;31:*.arj=01;31:*.taz=01;31:*.lha=01;31:*.lz4=01;31:*.lzh=01;31:*.lzma=01;31:*.tlz=01;31:*.txz=01;31:*.tzo=01;31:*.t7z=01;31:*.zip=01;31:*.z=01;31:*.dz=01;31:*.gz=01;31:*.lrz=01;31:*.lz=01;31:*.lzo=01;31:*.xz=01;31:*.zst=01;31:*.tzst=01;31:*.bz2=01;31:*.bz=01;31:*.tbz=01;31:*.tbz2=01;31:*.tz=01;31:*.deb=01;31:*.rpm=01;31:*.jar=01;31:*.war=01;31:*.ear=01;31:*.sar=01;31:*.rar=01;31:*.alz=01;31:*.ace=01;31:*.zoo=01;31:*.cpio=01;31:*.7z=01;31:*.rz=01;31:*.cab=01;31:*.wim=01;31:*.swm=01;31:*.dwm=01;31:*.esd=01;31:*.jpg=01;35:*.jpeg=01;35:*.mjpg=01;35:*.mjpeg=01;35:*.gif=01;35:*.bmp=01;35:*.pbm=01;35:*.pgm=01;35:*.ppm=01;35:*.tga=01;35:*.xbm=01;35:*.xpm=01;35:*.tif=01;35:*.tiff=01;35:*.png=01;35:*.svg=01;35:*.svgz=01;35:*.mng=01;35:*.pcx=01;35:*.mov=01;35:*.mpg=01;35:*.mpeg=01;35:*.m2v=01;35:*.mkv=01;35:*.webm=01;35:*.webp=01;35:*.ogm=01;35:*.mp4=01;35:*.m4v=01;35:*.mp4v=01;35:*.vob=01;35:*.qt=01;35:*.nuv=01;35:*.wmv=01;35:*.asf=01;35:*.rm=01;35:*.rmvb=01;35:*.flc=01;35:*.avi=01;35:*.fli=01;35:*.flv=01;35:*.gl=01;35:*.dl=01;35:*.xcf=01;35:*.xwd=01;35:*.yuv=01;35:*.cgm=01;35:*.emf=01;35:*.ogv=01;35:*.ogx=01;35:*.aac=00;36:*.au=00;36:*.flac=00;36:*.m4a=00;36:*.mid=00;36:*.midi=00;36:*.mka=00;36:*.mp3=00;36:*.mpc=00;36:*.ogg=00;36:*.ra=00;36:*.wav=00;36:*.oga=00;36:*.opus=00;36:*.spx=00;36:*.xspf=00;36:'), ('SSH_AUTH_SOCK', '/run/user/1000/keyring/ssh'), ('AMENT_PREFIX_PATH', '/home/chris/ros2_ws/src/rover/install/rover_msgs:/home/chris/ros2_ws/install/rover_sim:/home/chris/ros2_ws/install/rover_security:/home/chris/ros2_ws/install/rover_gui:/home/chris/ros2_ws/install/rover_can:/home/chris/ros2_ws/install/rover_auxiliary:/home/chris/ros2_ws/install/rover_antenna:/home/chris/ros2_ws/install/rover_msgs:/home/chris/ros2_ws/install/panorama:/home/chris/ros2_ws/install/moveit_visual_tools:/home/chris/ros2_ws/install/moveit_resources_prbt_support:/home/chris/ros2_ws/install/moveit_controller:/home/chris/ros2_ws/install/fanuc_crx_simulation:/home/chris/ros2_ws/install/moveit_configs_utils:/home/chris/ros2_ws/install/moveit_common:/home/chris/ros2_ws/install/micro_ros_setup:/home/chris/ros2_ws/install/micro_ros_agent:/home/chris/ros2_ws/install/micro_ros_msgs:/opt/ros/humble'), ('SHELL', '/bin/bash'), ('TERMINATOR_UUID', 'urn:uuid:c5ceb889-5994-4d28-b93f-d4dbf77a5b4e'), ('QT_ACCESSIBILITY', '1'), ('GDMSESSION', 'ubuntu'), ('LESSCLOSE', '/usr/bin/lesspipe %s %s'), ('GJS_DEBUG_OUTPUT', 'stderr'), ('QT_IM_MODULE', 'ibus'), ('PWD', '/home/chris/ros2_ws/src/rover/build/rover_arm'), ('XDG_CONFIG_DIRS', '/etc/xdg/xdg-ubuntu:/etc/xdg'), ('NVM_CD_FLAGS', ''), ('XDG_DATA_DIRS', '/usr/share/ubuntu:/usr/share/gnome:/usr/local/share/:/usr/share/:/var/lib/snapd/desktop'), ('PYTHONPATH', '/home/chris/ros2_ws/src/rover/install/rover_msgs/local/lib/python3.10/dist-packages:/home/chris/ros2_ws/install/rover_sim/lib/python3.10/site-packages:/home/chris/ros2_ws/install/rover_msgs/local/lib/python3.10/dist-packages:/home/chris/ros2_ws/install/panorama/lib/python3.10/site-packages:/home/chris/ros2_ws/install/moveit_controller/local/lib/python3.10/dist-packages:/home/chris/ros2_ws/install/moveit_configs_utils/lib/python3.10/site-packages:/home/chris/ros2_ws/install/micro_ros_msgs/local/lib/python3.10/dist-packages:/opt/ros/humble/lib/python3.10/site-packages:/opt/ros/humble/local/lib/python3.10/dist-packages'), ('COLCON', '1'), ('VTE_VERSION', '6800'), ('CMAKE_PREFIX_PATH', '/home/chris/ros2_ws/src/rover/install/rover_msgs:/home/chris/ros2_ws/install/rover_security:/home/chris/ros2_ws/install/rover_gui:/home/chris/ros2_ws/install/rover_can:/home/chris/ros2_ws/install/rover_auxiliary:/home/chris/ros2_ws/install/rover_antenna:/home/chris/ros2_ws/install/rover_msgs:/home/chris/ros2_ws/install/moveit_visual_tools:/home/chris/ros2_ws/install/moveit_resources_prbt_support:/home/chris/ros2_ws/install/moveit_controller:/home/chris/ros2_ws/install/fanuc_crx_simulation:/home/chris/ros2_ws/install/moveit_common:/home/chris/ros2_ws/install/micro_ros_setup:/home/chris/ros2_ws/install/micro_ros_agent:/home/chris/ros2_ws/install/micro_ros_msgs:/home/chris/ros2_ws/install/rover_sim:/home/chris/ros2_ws/install/panorama:/home/chris/ros2_ws/install/moveit_configs_utils:/opt/ros/humble')]), 'shell': False}
[3.954349] (rover_auxiliary) JobProgress: {'identifier': 'rover_auxiliary', 'progress': 'cmake'}
[3.954604] (rover_auxiliary) Command: {'cmd': ['/usr/bin/cmake', '/home/chris/ros2_ws/src/rover/rover_auxiliary', '-DCMAKE_INSTALL_PREFIX=/home/chris/ros2_ws/src/rover/install/rover_auxiliary'], 'cwd': '/home/chris/ros2_ws/src/rover/build/rover_auxiliary', 'env': OrderedDict([('GJS_DEBUG_TOPICS', 'JS ERROR;JS LOG'), ('LESSOPEN', '| /usr/bin/lesspipe %s'), ('USER', 'chris'), ('SSH_AGENT_PID', '2583'), ('XDG_SESSION_TYPE', 'x11'), ('SHLVL', '1'), ('LD_LIBRARY_PATH', '/home/chris/ros2_ws/src/rover/install/rover_msgs/lib:/home/chris/ros2_ws/install/rover_msgs/lib:/home/chris/ros2_ws/install/moveit_visual_tools/lib:/home/chris/ros2_ws/install/micro_ros_agent/lib:/home/chris/ros2_ws/install/micro_ros_msgs/lib:/usr/lib/x86_64-linux-gnu/gazebo-11/plugins:/opt/ros/humble/opt/rviz_ogre_vendor/lib:/opt/ros/humble/lib/x86_64-linux-gnu:/opt/ros/humble/lib'), ('HOME', '/home/chris'), ('OLDPWD', '/home/chris'), ('DESKTOP_SESSION', 'ubuntu'), ('NVM_BIN', '/home/chris/.nvm/versions/node/v18.20.0/bin'), ('NVM_INC', '/home/chris/.nvm/versions/node/v18.20.0/include/node'), ('GIO_LAUNCHED_DESKTOP_FILE', '/usr/share/applications/terminator.desktop'), ('ROS_PYTHON_VERSION', '3'), ('GNOME_SHELL_SESSION_MODE', 'ubuntu'), ('GTK_MODULES', 'gail:atk-bridge'), ('MANAGERPID', '2412'), ('SYSTEMD_EXEC_PID', '2681'), ('DBUS_SESSION_BUS_ADDRESS', 'unix:path=/run/user/1000/bus'), ('COLORTERM', 'truecolor'), ('TERMINATOR_DBUS_NAME', 'net.tenshu.Terminator21a9d5db22c73a993ff0b42f64b396873'), ('GIO_LAUNCHED_DESKTOP_FILE_PID', '5179'), ('NVM_DIR', '/home/chris/.nvm'), ('COLCON_PREFIX_PATH', '/home/chris/ros2_ws/install'), ('ROS_DISTRO', 'humble'), ('LOGNAME', 'chris'), ('JOURNAL_STREAM', '8:21130'), ('_', '/usr/bin/colcon'), ('ROS_VERSION', '2'), ('XDG_SESSION_CLASS', 'user'), ('USERNAME', 'chris'), ('TERM', 'xterm-256color'), ('GNOME_DESKTOP_SESSION_ID', 'this-is-deprecated'), ('ROS_LOCALHOST_ONLY', '0'), ('WINDOWPATH', '2'), ('PATH', '/home/chris/.nvm/versions/node/v18.20.0/bin:/opt/ros/humble/bin:/home/chris/.local/bin:/usr/local/sbin:/usr/local/bin:/usr/sbin:/usr/bin:/sbin:/bin:/usr/games:/usr/local/games:/snap/bin:/snap/bin:/home/chris/.local/bin'), ('SESSION_MANAGER', 'local/chris:@/tmp/.ICE-unix/2659,unix/chris:/tmp/.ICE-unix/2659'), ('INVOCATION_ID', '151282377277484193bb6d51fbdeb473'), ('XDG_MENU_PREFIX', 'gnome-'), ('XDG_RUNTIME_DIR', '/run/user/1000'), ('DISPLAY', ':0'), ('TERMINATOR_DBUS_PATH', '/net/tenshu/Terminator2'), ('LANG', 'en_US.UTF-8'), ('XDG_CURRENT_DESKTOP', 'ubuntu:GNOME'), ('IBUS_DISABLE_SNOOPER', '1'), ('XMODIFIERS', '@im=ibus'), ('XDG_SESSION_DESKTOP', 'ubuntu'), ('XAUTHORITY', '/run/user/1000/gdm/Xauthority'), ('LS_COLORS', 'rs=0:di=01;34:ln=01;36:mh=00:pi=40;33:so=01;35:do=01;35:bd=40;33;01:cd=40;33;01:or=40;31;01:mi=00:su=37;41:sg=30;43:ca=30;41:tw=30;42:ow=34;42:st=37;44:ex=01;32:*.tar=01;31:*.tgz=01;31:*.arc=01;31:*.arj=01;31:*.taz=01;31:*.lha=01;31:*.lz4=01;31:*.lzh=01;31:*.lzma=01;31:*.tlz=01;31:*.txz=01;31:*.tzo=01;31:*.t7z=01;31:*.zip=01;31:*.z=01;31:*.dz=01;31:*.gz=01;31:*.lrz=01;31:*.lz=01;31:*.lzo=01;31:*.xz=01;31:*.zst=01;31:*.tzst=01;31:*.bz2=01;31:*.bz=01;31:*.tbz=01;31:*.tbz2=01;31:*.tz=01;31:*.deb=01;31:*.rpm=01;31:*.jar=01;31:*.war=01;31:*.ear=01;31:*.sar=01;31:*.rar=01;31:*.alz=01;31:*.ace=01;31:*.zoo=01;31:*.cpio=01;31:*.7z=01;31:*.rz=01;31:*.cab=01;31:*.wim=01;31:*.swm=01;31:*.dwm=01;31:*.esd=01;31:*.jpg=01;35:*.jpeg=01;35:*.mjpg=01;35:*.mjpeg=01;35:*.gif=01;35:*.bmp=01;35:*.pbm=01;35:*.pgm=01;35:*.ppm=01;35:*.tga=01;35:*.xbm=01;35:*.xpm=01;35:*.tif=01;35:*.tiff=01;35:*.png=01;35:*.svg=01;35:*.svgz=01;35:*.mng=01;35:*.pcx=01;35:*.mov=01;35:*.mpg=01;35:*.mpeg=01;35:*.m2v=01;35:*.mkv=01;35:*.webm=01;35:*.webp=01;35:*.ogm=01;35:*.mp4=01;35:*.m4v=01;35:*.mp4v=01;35:*.vob=01;35:*.qt=01;35:*.nuv=01;35:*.wmv=01;35:*.asf=01;35:*.rm=01;35:*.rmvb=01;35:*.flc=01;35:*.avi=01;35:*.fli=01;35:*.flv=01;35:*.gl=01;35:*.dl=01;35:*.xcf=01;35:*.xwd=01;35:*.yuv=01;35:*.cgm=01;35:*.emf=01;35:*.ogv=01;35:*.ogx=01;35:*.aac=00;36:*.au=00;36:*.flac=00;36:*.m4a=00;36:*.mid=00;36:*.midi=00;36:*.mka=00;36:*.mp3=00;36:*.mpc=00;36:*.ogg=00;36:*.ra=00;36:*.wav=00;36:*.oga=00;36:*.opus=00;36:*.spx=00;36:*.xspf=00;36:'), ('SSH_AUTH_SOCK', '/run/user/1000/keyring/ssh'), ('AMENT_PREFIX_PATH', '/home/chris/ros2_ws/src/rover/install/rover_msgs:/home/chris/ros2_ws/install/rover_sim:/home/chris/ros2_ws/install/rover_security:/home/chris/ros2_ws/install/rover_gui:/home/chris/ros2_ws/install/rover_can:/home/chris/ros2_ws/install/rover_auxiliary:/home/chris/ros2_ws/install/rover_antenna:/home/chris/ros2_ws/install/rover_msgs:/home/chris/ros2_ws/install/panorama:/home/chris/ros2_ws/install/moveit_visual_tools:/home/chris/ros2_ws/install/moveit_resources_prbt_support:/home/chris/ros2_ws/install/moveit_controller:/home/chris/ros2_ws/install/fanuc_crx_simulation:/home/chris/ros2_ws/install/moveit_configs_utils:/home/chris/ros2_ws/install/moveit_common:/home/chris/ros2_ws/install/micro_ros_setup:/home/chris/ros2_ws/install/micro_ros_agent:/home/chris/ros2_ws/install/micro_ros_msgs:/opt/ros/humble'), ('SHELL', '/bin/bash'), ('TERMINATOR_UUID', 'urn:uuid:c5ceb889-5994-4d28-b93f-d4dbf77a5b4e'), ('QT_ACCESSIBILITY', '1'), ('GDMSESSION', 'ubuntu'), ('LESSCLOSE', '/usr/bin/lesspipe %s %s'), ('GJS_DEBUG_OUTPUT', 'stderr'), ('QT_IM_MODULE', 'ibus'), ('PWD', '/home/chris/ros2_ws/src/rover/build/rover_auxiliary'), ('XDG_CONFIG_DIRS', '/etc/xdg/xdg-ubuntu:/etc/xdg'), ('NVM_CD_FLAGS', ''), ('XDG_DATA_DIRS', '/usr/share/ubuntu:/usr/share/gnome:/usr/local/share/:/usr/share/:/var/lib/snapd/desktop'), ('PYTHONPATH', '/home/chris/ros2_ws/src/rover/install/rover_msgs/local/lib/python3.10/dist-packages:/home/chris/ros2_ws/install/rover_sim/lib/python3.10/site-packages:/home/chris/ros2_ws/install/rover_msgs/local/lib/python3.10/dist-packages:/home/chris/ros2_ws/install/panorama/lib/python3.10/site-packages:/home/chris/ros2_ws/install/moveit_controller/local/lib/python3.10/dist-packages:/home/chris/ros2_ws/install/moveit_configs_utils/lib/python3.10/site-packages:/home/chris/ros2_ws/install/micro_ros_msgs/local/lib/python3.10/dist-packages:/opt/ros/humble/lib/python3.10/site-packages:/opt/ros/humble/local/lib/python3.10/dist-packages'), ('COLCON', '1'), ('VTE_VERSION', '6800'), ('CMAKE_PREFIX_PATH', '/home/chris/ros2_ws/src/rover/install/rover_msgs:/home/chris/ros2_ws/install/rover_security:/home/chris/ros2_ws/install/rover_gui:/home/chris/ros2_ws/install/rover_can:/home/chris/ros2_ws/install/rover_auxiliary:/home/chris/ros2_ws/install/rover_antenna:/home/chris/ros2_ws/install/rover_msgs:/home/chris/ros2_ws/install/moveit_visual_tools:/home/chris/ros2_ws/install/moveit_resources_prbt_support:/home/chris/ros2_ws/install/moveit_controller:/home/chris/ros2_ws/install/fanuc_crx_simulation:/home/chris/ros2_ws/install/moveit_common:/home/chris/ros2_ws/install/micro_ros_setup:/home/chris/ros2_ws/install/micro_ros_agent:/home/chris/ros2_ws/install/micro_ros_msgs:/home/chris/ros2_ws/install/rover_sim:/home/chris/ros2_ws/install/panorama:/home/chris/ros2_ws/install/moveit_configs_utils:/opt/ros/humble')]), 'shell': False}
[3.959142] (rover_can) JobProgress: {'identifier': 'rover_can', 'progress': 'cmake'}
[3.959231] (rover_can) Command: {'cmd': ['/usr/bin/cmake', '/home/chris/ros2_ws/src/rover/rover_can', '-DCMAKE_INSTALL_PREFIX=/home/chris/ros2_ws/src/rover/install/rover_can'], 'cwd': '/home/chris/ros2_ws/src/rover/build/rover_can', 'env': OrderedDict([('GJS_DEBUG_TOPICS', 'JS ERROR;JS LOG'), ('LESSOPEN', '| /usr/bin/lesspipe %s'), ('USER', 'chris'), ('SSH_AGENT_PID', '2583'), ('XDG_SESSION_TYPE', 'x11'), ('SHLVL', '1'), ('LD_LIBRARY_PATH', '/home/chris/ros2_ws/src/rover/install/rover_msgs/lib:/home/chris/ros2_ws/install/rover_msgs/lib:/home/chris/ros2_ws/install/moveit_visual_tools/lib:/home/chris/ros2_ws/install/micro_ros_agent/lib:/home/chris/ros2_ws/install/micro_ros_msgs/lib:/usr/lib/x86_64-linux-gnu/gazebo-11/plugins:/opt/ros/humble/opt/rviz_ogre_vendor/lib:/opt/ros/humble/lib/x86_64-linux-gnu:/opt/ros/humble/lib'), ('HOME', '/home/chris'), ('OLDPWD', '/home/chris'), ('DESKTOP_SESSION', 'ubuntu'), ('NVM_BIN', '/home/chris/.nvm/versions/node/v18.20.0/bin'), ('NVM_INC', '/home/chris/.nvm/versions/node/v18.20.0/include/node'), ('GIO_LAUNCHED_DESKTOP_FILE', '/usr/share/applications/terminator.desktop'), ('ROS_PYTHON_VERSION', '3'), ('GNOME_SHELL_SESSION_MODE', 'ubuntu'), ('GTK_MODULES', 'gail:atk-bridge'), ('MANAGERPID', '2412'), ('SYSTEMD_EXEC_PID', '2681'), ('DBUS_SESSION_BUS_ADDRESS', 'unix:path=/run/user/1000/bus'), ('COLORTERM', 'truecolor'), ('TERMINATOR_DBUS_NAME', 'net.tenshu.Terminator21a9d5db22c73a993ff0b42f64b396873'), ('GIO_LAUNCHED_DESKTOP_FILE_PID', '5179'), ('NVM_DIR', '/home/chris/.nvm'), ('COLCON_PREFIX_PATH', '/home/chris/ros2_ws/install'), ('ROS_DISTRO', 'humble'), ('LOGNAME', 'chris'), ('JOURNAL_STREAM', '8:21130'), ('_', '/usr/bin/colcon'), ('ROS_VERSION', '2'), ('XDG_SESSION_CLASS', 'user'), ('USERNAME', 'chris'), ('TERM', 'xterm-256color'), ('GNOME_DESKTOP_SESSION_ID', 'this-is-deprecated'), ('ROS_LOCALHOST_ONLY', '0'), ('WINDOWPATH', '2'), ('PATH', '/home/chris/.nvm/versions/node/v18.20.0/bin:/opt/ros/humble/bin:/home/chris/.local/bin:/usr/local/sbin:/usr/local/bin:/usr/sbin:/usr/bin:/sbin:/bin:/usr/games:/usr/local/games:/snap/bin:/snap/bin:/home/chris/.local/bin'), ('SESSION_MANAGER', 'local/chris:@/tmp/.ICE-unix/2659,unix/chris:/tmp/.ICE-unix/2659'), ('INVOCATION_ID', '151282377277484193bb6d51fbdeb473'), ('XDG_MENU_PREFIX', 'gnome-'), ('XDG_RUNTIME_DIR', '/run/user/1000'), ('DISPLAY', ':0'), ('TERMINATOR_DBUS_PATH', '/net/tenshu/Terminator2'), ('LANG', 'en_US.UTF-8'), ('XDG_CURRENT_DESKTOP', 'ubuntu:GNOME'), ('IBUS_DISABLE_SNOOPER', '1'), ('XMODIFIERS', '@im=ibus'), ('XDG_SESSION_DESKTOP', 'ubuntu'), ('XAUTHORITY', '/run/user/1000/gdm/Xauthority'), ('LS_COLORS', 'rs=0:di=01;34:ln=01;36:mh=00:pi=40;33:so=01;35:do=01;35:bd=40;33;01:cd=40;33;01:or=40;31;01:mi=00:su=37;41:sg=30;43:ca=30;41:tw=30;42:ow=34;42:st=37;44:ex=01;32:*.tar=01;31:*.tgz=01;31:*.arc=01;31:*.arj=01;31:*.taz=01;31:*.lha=01;31:*.lz4=01;31:*.lzh=01;31:*.lzma=01;31:*.tlz=01;31:*.txz=01;31:*.tzo=01;31:*.t7z=01;31:*.zip=01;31:*.z=01;31:*.dz=01;31:*.gz=01;31:*.lrz=01;31:*.lz=01;31:*.lzo=01;31:*.xz=01;31:*.zst=01;31:*.tzst=01;31:*.bz2=01;31:*.bz=01;31:*.tbz=01;31:*.tbz2=01;31:*.tz=01;31:*.deb=01;31:*.rpm=01;31:*.jar=01;31:*.war=01;31:*.ear=01;31:*.sar=01;31:*.rar=01;31:*.alz=01;31:*.ace=01;31:*.zoo=01;31:*.cpio=01;31:*.7z=01;31:*.rz=01;31:*.cab=01;31:*.wim=01;31:*.swm=01;31:*.dwm=01;31:*.esd=01;31:*.jpg=01;35:*.jpeg=01;35:*.mjpg=01;35:*.mjpeg=01;35:*.gif=01;35:*.bmp=01;35:*.pbm=01;35:*.pgm=01;35:*.ppm=01;35:*.tga=01;35:*.xbm=01;35:*.xpm=01;35:*.tif=01;35:*.tiff=01;35:*.png=01;35:*.svg=01;35:*.svgz=01;35:*.mng=01;35:*.pcx=01;35:*.mov=01;35:*.mpg=01;35:*.mpeg=01;35:*.m2v=01;35:*.mkv=01;35:*.webm=01;35:*.webp=01;35:*.ogm=01;35:*.mp4=01;35:*.m4v=01;35:*.mp4v=01;35:*.vob=01;35:*.qt=01;35:*.nuv=01;35:*.wmv=01;35:*.asf=01;35:*.rm=01;35:*.rmvb=01;35:*.flc=01;35:*.avi=01;35:*.fli=01;35:*.flv=01;35:*.gl=01;35:*.dl=01;35:*.xcf=01;35:*.xwd=01;35:*.yuv=01;35:*.cgm=01;35:*.emf=01;35:*.ogv=01;35:*.ogx=01;35:*.aac=00;36:*.au=00;36:*.flac=00;36:*.m4a=00;36:*.mid=00;36:*.midi=00;36:*.mka=00;36:*.mp3=00;36:*.mpc=00;36:*.ogg=00;36:*.ra=00;36:*.wav=00;36:*.oga=00;36:*.opus=00;36:*.spx=00;36:*.xspf=00;36:'), ('SSH_AUTH_SOCK', '/run/user/1000/keyring/ssh'), ('AMENT_PREFIX_PATH', '/home/chris/ros2_ws/src/rover/install/rover_msgs:/home/chris/ros2_ws/install/rover_sim:/home/chris/ros2_ws/install/rover_security:/home/chris/ros2_ws/install/rover_gui:/home/chris/ros2_ws/install/rover_can:/home/chris/ros2_ws/install/rover_auxiliary:/home/chris/ros2_ws/install/rover_antenna:/home/chris/ros2_ws/install/rover_msgs:/home/chris/ros2_ws/install/panorama:/home/chris/ros2_ws/install/moveit_visual_tools:/home/chris/ros2_ws/install/moveit_resources_prbt_support:/home/chris/ros2_ws/install/moveit_controller:/home/chris/ros2_ws/install/fanuc_crx_simulation:/home/chris/ros2_ws/install/moveit_configs_utils:/home/chris/ros2_ws/install/moveit_common:/home/chris/ros2_ws/install/micro_ros_setup:/home/chris/ros2_ws/install/micro_ros_agent:/home/chris/ros2_ws/install/micro_ros_msgs:/opt/ros/humble'), ('SHELL', '/bin/bash'), ('TERMINATOR_UUID', 'urn:uuid:c5ceb889-5994-4d28-b93f-d4dbf77a5b4e'), ('QT_ACCESSIBILITY', '1'), ('GDMSESSION', 'ubuntu'), ('LESSCLOSE', '/usr/bin/lesspipe %s %s'), ('GJS_DEBUG_OUTPUT', 'stderr'), ('QT_IM_MODULE', 'ibus'), ('PWD', '/home/chris/ros2_ws/src/rover/build/rover_can'), ('XDG_CONFIG_DIRS', '/etc/xdg/xdg-ubuntu:/etc/xdg'), ('NVM_CD_FLAGS', ''), ('XDG_DATA_DIRS', '/usr/share/ubuntu:/usr/share/gnome:/usr/local/share/:/usr/share/:/var/lib/snapd/desktop'), ('PYTHONPATH', '/home/chris/ros2_ws/src/rover/install/rover_msgs/local/lib/python3.10/dist-packages:/home/chris/ros2_ws/install/rover_sim/lib/python3.10/site-packages:/home/chris/ros2_ws/install/rover_msgs/local/lib/python3.10/dist-packages:/home/chris/ros2_ws/install/panorama/lib/python3.10/site-packages:/home/chris/ros2_ws/install/moveit_controller/local/lib/python3.10/dist-packages:/home/chris/ros2_ws/install/moveit_configs_utils/lib/python3.10/site-packages:/home/chris/ros2_ws/install/micro_ros_msgs/local/lib/python3.10/dist-packages:/opt/ros/humble/lib/python3.10/site-packages:/opt/ros/humble/local/lib/python3.10/dist-packages'), ('COLCON', '1'), ('VTE_VERSION', '6800'), ('CMAKE_PREFIX_PATH', '/home/chris/ros2_ws/src/rover/install/rover_msgs:/home/chris/ros2_ws/install/rover_security:/home/chris/ros2_ws/install/rover_gui:/home/chris/ros2_ws/install/rover_can:/home/chris/ros2_ws/install/rover_auxiliary:/home/chris/ros2_ws/install/rover_antenna:/home/chris/ros2_ws/install/rover_msgs:/home/chris/ros2_ws/install/moveit_visual_tools:/home/chris/ros2_ws/install/moveit_resources_prbt_support:/home/chris/ros2_ws/install/moveit_controller:/home/chris/ros2_ws/install/fanuc_crx_simulation:/home/chris/ros2_ws/install/moveit_common:/home/chris/ros2_ws/install/micro_ros_setup:/home/chris/ros2_ws/install/micro_ros_agent:/home/chris/ros2_ws/install/micro_ros_msgs:/home/chris/ros2_ws/install/rover_sim:/home/chris/ros2_ws/install/panorama:/home/chris/ros2_ws/install/moveit_configs_utils:/opt/ros/humble')]), 'shell': False}
[3.963754] (rover_drive_train) JobProgress: {'identifier': 'rover_drive_train', 'progress': 'cmake'}
[3.963852] (rover_drive_train) Command: {'cmd': ['/usr/bin/cmake', '/home/chris/ros2_ws/src/rover/rover_drive_train', '-DCMAKE_INSTALL_PREFIX=/home/chris/ros2_ws/src/rover/install/rover_drive_train'], 'cwd': '/home/chris/ros2_ws/src/rover/build/rover_drive_train', 'env': OrderedDict([('GJS_DEBUG_TOPICS', 'JS ERROR;JS LOG'), ('LESSOPEN', '| /usr/bin/lesspipe %s'), ('USER', 'chris'), ('SSH_AGENT_PID', '2583'), ('XDG_SESSION_TYPE', 'x11'), ('SHLVL', '1'), ('LD_LIBRARY_PATH', '/home/chris/ros2_ws/src/rover/install/rover_msgs/lib:/home/chris/ros2_ws/install/rover_msgs/lib:/home/chris/ros2_ws/install/moveit_visual_tools/lib:/home/chris/ros2_ws/install/micro_ros_agent/lib:/home/chris/ros2_ws/install/micro_ros_msgs/lib:/usr/lib/x86_64-linux-gnu/gazebo-11/plugins:/opt/ros/humble/opt/rviz_ogre_vendor/lib:/opt/ros/humble/lib/x86_64-linux-gnu:/opt/ros/humble/lib'), ('HOME', '/home/chris'), ('OLDPWD', '/home/chris'), ('DESKTOP_SESSION', 'ubuntu'), ('NVM_BIN', '/home/chris/.nvm/versions/node/v18.20.0/bin'), ('NVM_INC', '/home/chris/.nvm/versions/node/v18.20.0/include/node'), ('GIO_LAUNCHED_DESKTOP_FILE', '/usr/share/applications/terminator.desktop'), ('ROS_PYTHON_VERSION', '3'), ('GNOME_SHELL_SESSION_MODE', 'ubuntu'), ('GTK_MODULES', 'gail:atk-bridge'), ('MANAGERPID', '2412'), ('SYSTEMD_EXEC_PID', '2681'), ('DBUS_SESSION_BUS_ADDRESS', 'unix:path=/run/user/1000/bus'), ('COLORTERM', 'truecolor'), ('TERMINATOR_DBUS_NAME', 'net.tenshu.Terminator21a9d5db22c73a993ff0b42f64b396873'), ('GIO_LAUNCHED_DESKTOP_FILE_PID', '5179'), ('NVM_DIR', '/home/chris/.nvm'), ('COLCON_PREFIX_PATH', '/home/chris/ros2_ws/install'), ('ROS_DISTRO', 'humble'), ('LOGNAME', 'chris'), ('JOURNAL_STREAM', '8:21130'), ('_', '/usr/bin/colcon'), ('ROS_VERSION', '2'), ('XDG_SESSION_CLASS', 'user'), ('USERNAME', 'chris'), ('TERM', 'xterm-256color'), ('GNOME_DESKTOP_SESSION_ID', 'this-is-deprecated'), ('ROS_LOCALHOST_ONLY', '0'), ('WINDOWPATH', '2'), ('PATH', '/home/chris/.nvm/versions/node/v18.20.0/bin:/opt/ros/humble/bin:/home/chris/.local/bin:/usr/local/sbin:/usr/local/bin:/usr/sbin:/usr/bin:/sbin:/bin:/usr/games:/usr/local/games:/snap/bin:/snap/bin:/home/chris/.local/bin'), ('SESSION_MANAGER', 'local/chris:@/tmp/.ICE-unix/2659,unix/chris:/tmp/.ICE-unix/2659'), ('INVOCATION_ID', '151282377277484193bb6d51fbdeb473'), ('XDG_MENU_PREFIX', 'gnome-'), ('XDG_RUNTIME_DIR', '/run/user/1000'), ('DISPLAY', ':0'), ('TERMINATOR_DBUS_PATH', '/net/tenshu/Terminator2'), ('LANG', 'en_US.UTF-8'), ('XDG_CURRENT_DESKTOP', 'ubuntu:GNOME'), ('IBUS_DISABLE_SNOOPER', '1'), ('XMODIFIERS', '@im=ibus'), ('XDG_SESSION_DESKTOP', 'ubuntu'), ('XAUTHORITY', '/run/user/1000/gdm/Xauthority'), ('LS_COLORS', 'rs=0:di=01;34:ln=01;36:mh=00:pi=40;33:so=01;35:do=01;35:bd=40;33;01:cd=40;33;01:or=40;31;01:mi=00:su=37;41:sg=30;43:ca=30;41:tw=30;42:ow=34;42:st=37;44:ex=01;32:*.tar=01;31:*.tgz=01;31:*.arc=01;31:*.arj=01;31:*.taz=01;31:*.lha=01;31:*.lz4=01;31:*.lzh=01;31:*.lzma=01;31:*.tlz=01;31:*.txz=01;31:*.tzo=01;31:*.t7z=01;31:*.zip=01;31:*.z=01;31:*.dz=01;31:*.gz=01;31:*.lrz=01;31:*.lz=01;31:*.lzo=01;31:*.xz=01;31:*.zst=01;31:*.tzst=01;31:*.bz2=01;31:*.bz=01;31:*.tbz=01;31:*.tbz2=01;31:*.tz=01;31:*.deb=01;31:*.rpm=01;31:*.jar=01;31:*.war=01;31:*.ear=01;31:*.sar=01;31:*.rar=01;31:*.alz=01;31:*.ace=01;31:*.zoo=01;31:*.cpio=01;31:*.7z=01;31:*.rz=01;31:*.cab=01;31:*.wim=01;31:*.swm=01;31:*.dwm=01;31:*.esd=01;31:*.jpg=01;35:*.jpeg=01;35:*.mjpg=01;35:*.mjpeg=01;35:*.gif=01;35:*.bmp=01;35:*.pbm=01;35:*.pgm=01;35:*.ppm=01;35:*.tga=01;35:*.xbm=01;35:*.xpm=01;35:*.tif=01;35:*.tiff=01;35:*.png=01;35:*.svg=01;35:*.svgz=01;35:*.mng=01;35:*.pcx=01;35:*.mov=01;35:*.mpg=01;35:*.mpeg=01;35:*.m2v=01;35:*.mkv=01;35:*.webm=01;35:*.webp=01;35:*.ogm=01;35:*.mp4=01;35:*.m4v=01;35:*.mp4v=01;35:*.vob=01;35:*.qt=01;35:*.nuv=01;35:*.wmv=01;35:*.asf=01;35:*.rm=01;35:*.rmvb=01;35:*.flc=01;35:*.avi=01;35:*.fli=01;35:*.flv=01;35:*.gl=01;35:*.dl=01;35:*.xcf=01;35:*.xwd=01;35:*.yuv=01;35:*.cgm=01;35:*.emf=01;35:*.ogv=01;35:*.ogx=01;35:*.aac=00;36:*.au=00;36:*.flac=00;36:*.m4a=00;36:*.mid=00;36:*.midi=00;36:*.mka=00;36:*.mp3=00;36:*.mpc=00;36:*.ogg=00;36:*.ra=00;36:*.wav=00;36:*.oga=00;36:*.opus=00;36:*.spx=00;36:*.xspf=00;36:'), ('SSH_AUTH_SOCK', '/run/user/1000/keyring/ssh'), ('AMENT_PREFIX_PATH', '/home/chris/ros2_ws/src/rover/install/rover_msgs:/home/chris/ros2_ws/install/rover_sim:/home/chris/ros2_ws/install/rover_security:/home/chris/ros2_ws/install/rover_gui:/home/chris/ros2_ws/install/rover_can:/home/chris/ros2_ws/install/rover_auxiliary:/home/chris/ros2_ws/install/rover_antenna:/home/chris/ros2_ws/install/rover_msgs:/home/chris/ros2_ws/install/panorama:/home/chris/ros2_ws/install/moveit_visual_tools:/home/chris/ros2_ws/install/moveit_resources_prbt_support:/home/chris/ros2_ws/install/moveit_controller:/home/chris/ros2_ws/install/fanuc_crx_simulation:/home/chris/ros2_ws/install/moveit_configs_utils:/home/chris/ros2_ws/install/moveit_common:/home/chris/ros2_ws/install/micro_ros_setup:/home/chris/ros2_ws/install/micro_ros_agent:/home/chris/ros2_ws/install/micro_ros_msgs:/opt/ros/humble'), ('SHELL', '/bin/bash'), ('TERMINATOR_UUID', 'urn:uuid:c5ceb889-5994-4d28-b93f-d4dbf77a5b4e'), ('QT_ACCESSIBILITY', '1'), ('GDMSESSION', 'ubuntu'), ('LESSCLOSE', '/usr/bin/lesspipe %s %s'), ('GJS_DEBUG_OUTPUT', 'stderr'), ('QT_IM_MODULE', 'ibus'), ('PWD', '/home/chris/ros2_ws/src/rover/build/rover_drive_train'), ('XDG_CONFIG_DIRS', '/etc/xdg/xdg-ubuntu:/etc/xdg'), ('NVM_CD_FLAGS', ''), ('XDG_DATA_DIRS', '/usr/share/ubuntu:/usr/share/gnome:/usr/local/share/:/usr/share/:/var/lib/snapd/desktop'), ('PYTHONPATH', '/home/chris/ros2_ws/src/rover/install/rover_msgs/local/lib/python3.10/dist-packages:/home/chris/ros2_ws/install/rover_sim/lib/python3.10/site-packages:/home/chris/ros2_ws/install/rover_msgs/local/lib/python3.10/dist-packages:/home/chris/ros2_ws/install/panorama/lib/python3.10/site-packages:/home/chris/ros2_ws/install/moveit_controller/local/lib/python3.10/dist-packages:/home/chris/ros2_ws/install/moveit_configs_utils/lib/python3.10/site-packages:/home/chris/ros2_ws/install/micro_ros_msgs/local/lib/python3.10/dist-packages:/opt/ros/humble/lib/python3.10/site-packages:/opt/ros/humble/local/lib/python3.10/dist-packages'), ('COLCON', '1'), ('VTE_VERSION', '6800'), ('CMAKE_PREFIX_PATH', '/home/chris/ros2_ws/src/rover/install/rover_msgs:/home/chris/ros2_ws/install/rover_security:/home/chris/ros2_ws/install/rover_gui:/home/chris/ros2_ws/install/rover_can:/home/chris/ros2_ws/install/rover_auxiliary:/home/chris/ros2_ws/install/rover_antenna:/home/chris/ros2_ws/install/rover_msgs:/home/chris/ros2_ws/install/moveit_visual_tools:/home/chris/ros2_ws/install/moveit_resources_prbt_support:/home/chris/ros2_ws/install/moveit_controller:/home/chris/ros2_ws/install/fanuc_crx_simulation:/home/chris/ros2_ws/install/moveit_common:/home/chris/ros2_ws/install/micro_ros_setup:/home/chris/ros2_ws/install/micro_ros_agent:/home/chris/ros2_ws/install/micro_ros_msgs:/home/chris/ros2_ws/install/rover_sim:/home/chris/ros2_ws/install/panorama:/home/chris/ros2_ws/install/moveit_configs_utils:/opt/ros/humble')]), 'shell': False}
[3.966740] (rover_gui) JobProgress: {'identifier': 'rover_gui', 'progress': 'cmake'}
[3.967502] (rover_gui) JobProgress: {'identifier': 'rover_gui', 'progress': 'build'}
[3.968517] (rover_gui) Command: {'cmd': ['/usr/bin/cmake', '--build', '/home/chris/ros2_ws/src/rover/build/rover_gui', '--', '-j12', '-l12'], 'cwd': '/home/chris/ros2_ws/src/rover/build/rover_gui', 'env': OrderedDict([('GJS_DEBUG_TOPICS', 'JS ERROR;JS LOG'), ('LESSOPEN', '| /usr/bin/lesspipe %s'), ('USER', 'chris'), ('SSH_AGENT_PID', '2583'), ('XDG_SESSION_TYPE', 'x11'), ('SHLVL', '1'), ('LD_LIBRARY_PATH', '/home/chris/ros2_ws/src/rover/install/rover_msgs/lib:/home/chris/ros2_ws/install/rover_msgs/lib:/home/chris/ros2_ws/install/moveit_visual_tools/lib:/home/chris/ros2_ws/install/micro_ros_agent/lib:/home/chris/ros2_ws/install/micro_ros_msgs/lib:/usr/lib/x86_64-linux-gnu/gazebo-11/plugins:/opt/ros/humble/opt/rviz_ogre_vendor/lib:/opt/ros/humble/lib/x86_64-linux-gnu:/opt/ros/humble/lib'), ('HOME', '/home/chris'), ('OLDPWD', '/home/chris'), ('DESKTOP_SESSION', 'ubuntu'), ('NVM_BIN', '/home/chris/.nvm/versions/node/v18.20.0/bin'), ('NVM_INC', '/home/chris/.nvm/versions/node/v18.20.0/include/node'), ('GIO_LAUNCHED_DESKTOP_FILE', '/usr/share/applications/terminator.desktop'), ('ROS_PYTHON_VERSION', '3'), ('GNOME_SHELL_SESSION_MODE', 'ubuntu'), ('GTK_MODULES', 'gail:atk-bridge'), ('MANAGERPID', '2412'), ('SYSTEMD_EXEC_PID', '2681'), ('DBUS_SESSION_BUS_ADDRESS', 'unix:path=/run/user/1000/bus'), ('COLORTERM', 'truecolor'), ('TERMINATOR_DBUS_NAME', 'net.tenshu.Terminator21a9d5db22c73a993ff0b42f64b396873'), ('GIO_LAUNCHED_DESKTOP_FILE_PID', '5179'), ('NVM_DIR', '/home/chris/.nvm'), ('COLCON_PREFIX_PATH', '/home/chris/ros2_ws/install'), ('ROS_DISTRO', 'humble'), ('LOGNAME', 'chris'), ('JOURNAL_STREAM', '8:21130'), ('_', '/usr/bin/colcon'), ('ROS_VERSION', '2'), ('XDG_SESSION_CLASS', 'user'), ('USERNAME', 'chris'), ('TERM', 'xterm-256color'), ('GNOME_DESKTOP_SESSION_ID', 'this-is-deprecated'), ('ROS_LOCALHOST_ONLY', '0'), ('WINDOWPATH', '2'), ('PATH', '/home/chris/.nvm/versions/node/v18.20.0/bin:/opt/ros/humble/bin:/home/chris/.local/bin:/usr/local/sbin:/usr/local/bin:/usr/sbin:/usr/bin:/sbin:/bin:/usr/games:/usr/local/games:/snap/bin:/snap/bin:/home/chris/.local/bin'), ('SESSION_MANAGER', 'local/chris:@/tmp/.ICE-unix/2659,unix/chris:/tmp/.ICE-unix/2659'), ('INVOCATION_ID', '151282377277484193bb6d51fbdeb473'), ('XDG_MENU_PREFIX', 'gnome-'), ('XDG_RUNTIME_DIR', '/run/user/1000'), ('DISPLAY', ':0'), ('TERMINATOR_DBUS_PATH', '/net/tenshu/Terminator2'), ('LANG', 'en_US.UTF-8'), ('XDG_CURRENT_DESKTOP', 'ubuntu:GNOME'), ('IBUS_DISABLE_SNOOPER', '1'), ('XMODIFIERS', '@im=ibus'), ('XDG_SESSION_DESKTOP', 'ubuntu'), ('XAUTHORITY', '/run/user/1000/gdm/Xauthority'), ('LS_COLORS', 'rs=0:di=01;34:ln=01;36:mh=00:pi=40;33:so=01;35:do=01;35:bd=40;33;01:cd=40;33;01:or=40;31;01:mi=00:su=37;41:sg=30;43:ca=30;41:tw=30;42:ow=34;42:st=37;44:ex=01;32:*.tar=01;31:*.tgz=01;31:*.arc=01;31:*.arj=01;31:*.taz=01;31:*.lha=01;31:*.lz4=01;31:*.lzh=01;31:*.lzma=01;31:*.tlz=01;31:*.txz=01;31:*.tzo=01;31:*.t7z=01;31:*.zip=01;31:*.z=01;31:*.dz=01;31:*.gz=01;31:*.lrz=01;31:*.lz=01;31:*.lzo=01;31:*.xz=01;31:*.zst=01;31:*.tzst=01;31:*.bz2=01;31:*.bz=01;31:*.tbz=01;31:*.tbz2=01;31:*.tz=01;31:*.deb=01;31:*.rpm=01;31:*.jar=01;31:*.war=01;31:*.ear=01;31:*.sar=01;31:*.rar=01;31:*.alz=01;31:*.ace=01;31:*.zoo=01;31:*.cpio=01;31:*.7z=01;31:*.rz=01;31:*.cab=01;31:*.wim=01;31:*.swm=01;31:*.dwm=01;31:*.esd=01;31:*.jpg=01;35:*.jpeg=01;35:*.mjpg=01;35:*.mjpeg=01;35:*.gif=01;35:*.bmp=01;35:*.pbm=01;35:*.pgm=01;35:*.ppm=01;35:*.tga=01;35:*.xbm=01;35:*.xpm=01;35:*.tif=01;35:*.tiff=01;35:*.png=01;35:*.svg=01;35:*.svgz=01;35:*.mng=01;35:*.pcx=01;35:*.mov=01;35:*.mpg=01;35:*.mpeg=01;35:*.m2v=01;35:*.mkv=01;35:*.webm=01;35:*.webp=01;35:*.ogm=01;35:*.mp4=01;35:*.m4v=01;35:*.mp4v=01;35:*.vob=01;35:*.qt=01;35:*.nuv=01;35:*.wmv=01;35:*.asf=01;35:*.rm=01;35:*.rmvb=01;35:*.flc=01;35:*.avi=01;35:*.fli=01;35:*.flv=01;35:*.gl=01;35:*.dl=01;35:*.xcf=01;35:*.xwd=01;35:*.yuv=01;35:*.cgm=01;35:*.emf=01;35:*.ogv=01;35:*.ogx=01;35:*.aac=00;36:*.au=00;36:*.flac=00;36:*.m4a=00;36:*.mid=00;36:*.midi=00;36:*.mka=00;36:*.mp3=00;36:*.mpc=00;36:*.ogg=00;36:*.ra=00;36:*.wav=00;36:*.oga=00;36:*.opus=00;36:*.spx=00;36:*.xspf=00;36:'), ('SSH_AUTH_SOCK', '/run/user/1000/keyring/ssh'), ('AMENT_PREFIX_PATH', '/home/chris/ros2_ws/src/rover/install/rover_msgs:/home/chris/ros2_ws/install/rover_sim:/home/chris/ros2_ws/install/rover_security:/home/chris/ros2_ws/install/rover_gui:/home/chris/ros2_ws/install/rover_can:/home/chris/ros2_ws/install/rover_auxiliary:/home/chris/ros2_ws/install/rover_antenna:/home/chris/ros2_ws/install/rover_msgs:/home/chris/ros2_ws/install/panorama:/home/chris/ros2_ws/install/moveit_visual_tools:/home/chris/ros2_ws/install/moveit_resources_prbt_support:/home/chris/ros2_ws/install/moveit_controller:/home/chris/ros2_ws/install/fanuc_crx_simulation:/home/chris/ros2_ws/install/moveit_configs_utils:/home/chris/ros2_ws/install/moveit_common:/home/chris/ros2_ws/install/micro_ros_setup:/home/chris/ros2_ws/install/micro_ros_agent:/home/chris/ros2_ws/install/micro_ros_msgs:/opt/ros/humble'), ('SHELL', '/bin/bash'), ('TERMINATOR_UUID', 'urn:uuid:c5ceb889-5994-4d28-b93f-d4dbf77a5b4e'), ('QT_ACCESSIBILITY', '1'), ('GDMSESSION', 'ubuntu'), ('LESSCLOSE', '/usr/bin/lesspipe %s %s'), ('GJS_DEBUG_OUTPUT', 'stderr'), ('QT_IM_MODULE', 'ibus'), ('PWD', '/home/chris/ros2_ws/src/rover/build/rover_gui'), ('XDG_CONFIG_DIRS', '/etc/xdg/xdg-ubuntu:/etc/xdg'), ('NVM_CD_FLAGS', ''), ('XDG_DATA_DIRS', '/usr/share/ubuntu:/usr/share/gnome:/usr/local/share/:/usr/share/:/var/lib/snapd/desktop'), ('PYTHONPATH', '/home/chris/ros2_ws/src/rover/install/rover_msgs/local/lib/python3.10/dist-packages:/home/chris/ros2_ws/install/rover_sim/lib/python3.10/site-packages:/home/chris/ros2_ws/install/rover_msgs/local/lib/python3.10/dist-packages:/home/chris/ros2_ws/install/panorama/lib/python3.10/site-packages:/home/chris/ros2_ws/install/moveit_controller/local/lib/python3.10/dist-packages:/home/chris/ros2_ws/install/moveit_configs_utils/lib/python3.10/site-packages:/home/chris/ros2_ws/install/micro_ros_msgs/local/lib/python3.10/dist-packages:/opt/ros/humble/lib/python3.10/site-packages:/opt/ros/humble/local/lib/python3.10/dist-packages'), ('COLCON', '1'), ('VTE_VERSION', '6800'), ('CMAKE_PREFIX_PATH', '/home/chris/ros2_ws/src/rover/install/rover_msgs:/home/chris/ros2_ws/install/rover_security:/home/chris/ros2_ws/install/rover_gui:/home/chris/ros2_ws/install/rover_can:/home/chris/ros2_ws/install/rover_auxiliary:/home/chris/ros2_ws/install/rover_antenna:/home/chris/ros2_ws/install/rover_msgs:/home/chris/ros2_ws/install/moveit_visual_tools:/home/chris/ros2_ws/install/moveit_resources_prbt_support:/home/chris/ros2_ws/install/moveit_controller:/home/chris/ros2_ws/install/fanuc_crx_simulation:/home/chris/ros2_ws/install/moveit_common:/home/chris/ros2_ws/install/micro_ros_setup:/home/chris/ros2_ws/install/micro_ros_agent:/home/chris/ros2_ws/install/micro_ros_msgs:/home/chris/ros2_ws/install/rover_sim:/home/chris/ros2_ws/install/panorama:/home/chris/ros2_ws/install/moveit_configs_utils:/opt/ros/humble')]), 'shell': False}
[3.975101] (rover_joy) JobProgress: {'identifier': 'rover_joy', 'progress': 'cmake'}
[3.975306] (rover_joy) Command: {'cmd': ['/usr/bin/cmake', '/home/chris/ros2_ws/src/rover/rover_joy', '-DCMAKE_INSTALL_PREFIX=/home/chris/ros2_ws/src/rover/install/rover_joy'], 'cwd': '/home/chris/ros2_ws/src/rover/build/rover_joy', 'env': OrderedDict([('GJS_DEBUG_TOPICS', 'JS ERROR;JS LOG'), ('LESSOPEN', '| /usr/bin/lesspipe %s'), ('USER', 'chris'), ('SSH_AGENT_PID', '2583'), ('XDG_SESSION_TYPE', 'x11'), ('SHLVL', '1'), ('LD_LIBRARY_PATH', '/home/chris/ros2_ws/src/rover/install/rover_msgs/lib:/home/chris/ros2_ws/install/rover_msgs/lib:/home/chris/ros2_ws/install/moveit_visual_tools/lib:/home/chris/ros2_ws/install/micro_ros_agent/lib:/home/chris/ros2_ws/install/micro_ros_msgs/lib:/usr/lib/x86_64-linux-gnu/gazebo-11/plugins:/opt/ros/humble/opt/rviz_ogre_vendor/lib:/opt/ros/humble/lib/x86_64-linux-gnu:/opt/ros/humble/lib'), ('HOME', '/home/chris'), ('OLDPWD', '/home/chris'), ('DESKTOP_SESSION', 'ubuntu'), ('NVM_BIN', '/home/chris/.nvm/versions/node/v18.20.0/bin'), ('NVM_INC', '/home/chris/.nvm/versions/node/v18.20.0/include/node'), ('GIO_LAUNCHED_DESKTOP_FILE', '/usr/share/applications/terminator.desktop'), ('ROS_PYTHON_VERSION', '3'), ('GNOME_SHELL_SESSION_MODE', 'ubuntu'), ('GTK_MODULES', 'gail:atk-bridge'), ('MANAGERPID', '2412'), ('SYSTEMD_EXEC_PID', '2681'), ('DBUS_SESSION_BUS_ADDRESS', 'unix:path=/run/user/1000/bus'), ('COLORTERM', 'truecolor'), ('TERMINATOR_DBUS_NAME', 'net.tenshu.Terminator21a9d5db22c73a993ff0b42f64b396873'), ('GIO_LAUNCHED_DESKTOP_FILE_PID', '5179'), ('NVM_DIR', '/home/chris/.nvm'), ('COLCON_PREFIX_PATH', '/home/chris/ros2_ws/install'), ('ROS_DISTRO', 'humble'), ('LOGNAME', 'chris'), ('JOURNAL_STREAM', '8:21130'), ('_', '/usr/bin/colcon'), ('ROS_VERSION', '2'), ('XDG_SESSION_CLASS', 'user'), ('USERNAME', 'chris'), ('TERM', 'xterm-256color'), ('GNOME_DESKTOP_SESSION_ID', 'this-is-deprecated'), ('ROS_LOCALHOST_ONLY', '0'), ('WINDOWPATH', '2'), ('PATH', '/home/chris/.nvm/versions/node/v18.20.0/bin:/opt/ros/humble/bin:/home/chris/.local/bin:/usr/local/sbin:/usr/local/bin:/usr/sbin:/usr/bin:/sbin:/bin:/usr/games:/usr/local/games:/snap/bin:/snap/bin:/home/chris/.local/bin'), ('SESSION_MANAGER', 'local/chris:@/tmp/.ICE-unix/2659,unix/chris:/tmp/.ICE-unix/2659'), ('INVOCATION_ID', '151282377277484193bb6d51fbdeb473'), ('XDG_MENU_PREFIX', 'gnome-'), ('XDG_RUNTIME_DIR', '/run/user/1000'), ('DISPLAY', ':0'), ('TERMINATOR_DBUS_PATH', '/net/tenshu/Terminator2'), ('LANG', 'en_US.UTF-8'), ('XDG_CURRENT_DESKTOP', 'ubuntu:GNOME'), ('IBUS_DISABLE_SNOOPER', '1'), ('XMODIFIERS', '@im=ibus'), ('XDG_SESSION_DESKTOP', 'ubuntu'), ('XAUTHORITY', '/run/user/1000/gdm/Xauthority'), ('LS_COLORS', 'rs=0:di=01;34:ln=01;36:mh=00:pi=40;33:so=01;35:do=01;35:bd=40;33;01:cd=40;33;01:or=40;31;01:mi=00:su=37;41:sg=30;43:ca=30;41:tw=30;42:ow=34;42:st=37;44:ex=01;32:*.tar=01;31:*.tgz=01;31:*.arc=01;31:*.arj=01;31:*.taz=01;31:*.lha=01;31:*.lz4=01;31:*.lzh=01;31:*.lzma=01;31:*.tlz=01;31:*.txz=01;31:*.tzo=01;31:*.t7z=01;31:*.zip=01;31:*.z=01;31:*.dz=01;31:*.gz=01;31:*.lrz=01;31:*.lz=01;31:*.lzo=01;31:*.xz=01;31:*.zst=01;31:*.tzst=01;31:*.bz2=01;31:*.bz=01;31:*.tbz=01;31:*.tbz2=01;31:*.tz=01;31:*.deb=01;31:*.rpm=01;31:*.jar=01;31:*.war=01;31:*.ear=01;31:*.sar=01;31:*.rar=01;31:*.alz=01;31:*.ace=01;31:*.zoo=01;31:*.cpio=01;31:*.7z=01;31:*.rz=01;31:*.cab=01;31:*.wim=01;31:*.swm=01;31:*.dwm=01;31:*.esd=01;31:*.jpg=01;35:*.jpeg=01;35:*.mjpg=01;35:*.mjpeg=01;35:*.gif=01;35:*.bmp=01;35:*.pbm=01;35:*.pgm=01;35:*.ppm=01;35:*.tga=01;35:*.xbm=01;35:*.xpm=01;35:*.tif=01;35:*.tiff=01;35:*.png=01;35:*.svg=01;35:*.svgz=01;35:*.mng=01;35:*.pcx=01;35:*.mov=01;35:*.mpg=01;35:*.mpeg=01;35:*.m2v=01;35:*.mkv=01;35:*.webm=01;35:*.webp=01;35:*.ogm=01;35:*.mp4=01;35:*.m4v=01;35:*.mp4v=01;35:*.vob=01;35:*.qt=01;35:*.nuv=01;35:*.wmv=01;35:*.asf=01;35:*.rm=01;35:*.rmvb=01;35:*.flc=01;35:*.avi=01;35:*.fli=01;35:*.flv=01;35:*.gl=01;35:*.dl=01;35:*.xcf=01;35:*.xwd=01;35:*.yuv=01;35:*.cgm=01;35:*.emf=01;35:*.ogv=01;35:*.ogx=01;35:*.aac=00;36:*.au=00;36:*.flac=00;36:*.m4a=00;36:*.mid=00;36:*.midi=00;36:*.mka=00;36:*.mp3=00;36:*.mpc=00;36:*.ogg=00;36:*.ra=00;36:*.wav=00;36:*.oga=00;36:*.opus=00;36:*.spx=00;36:*.xspf=00;36:'), ('SSH_AUTH_SOCK', '/run/user/1000/keyring/ssh'), ('AMENT_PREFIX_PATH', '/home/chris/ros2_ws/src/rover/install/rover_msgs:/home/chris/ros2_ws/install/rover_sim:/home/chris/ros2_ws/install/rover_security:/home/chris/ros2_ws/install/rover_gui:/home/chris/ros2_ws/install/rover_can:/home/chris/ros2_ws/install/rover_auxiliary:/home/chris/ros2_ws/install/rover_antenna:/home/chris/ros2_ws/install/rover_msgs:/home/chris/ros2_ws/install/panorama:/home/chris/ros2_ws/install/moveit_visual_tools:/home/chris/ros2_ws/install/moveit_resources_prbt_support:/home/chris/ros2_ws/install/moveit_controller:/home/chris/ros2_ws/install/fanuc_crx_simulation:/home/chris/ros2_ws/install/moveit_configs_utils:/home/chris/ros2_ws/install/moveit_common:/home/chris/ros2_ws/install/micro_ros_setup:/home/chris/ros2_ws/install/micro_ros_agent:/home/chris/ros2_ws/install/micro_ros_msgs:/opt/ros/humble'), ('SHELL', '/bin/bash'), ('TERMINATOR_UUID', 'urn:uuid:c5ceb889-5994-4d28-b93f-d4dbf77a5b4e'), ('QT_ACCESSIBILITY', '1'), ('GDMSESSION', 'ubuntu'), ('LESSCLOSE', '/usr/bin/lesspipe %s %s'), ('GJS_DEBUG_OUTPUT', 'stderr'), ('QT_IM_MODULE', 'ibus'), ('PWD', '/home/chris/ros2_ws/src/rover/build/rover_joy'), ('XDG_CONFIG_DIRS', '/etc/xdg/xdg-ubuntu:/etc/xdg'), ('NVM_CD_FLAGS', ''), ('XDG_DATA_DIRS', '/usr/share/ubuntu:/usr/share/gnome:/usr/local/share/:/usr/share/:/var/lib/snapd/desktop'), ('PYTHONPATH', '/home/chris/ros2_ws/src/rover/install/rover_msgs/local/lib/python3.10/dist-packages:/home/chris/ros2_ws/install/rover_sim/lib/python3.10/site-packages:/home/chris/ros2_ws/install/rover_msgs/local/lib/python3.10/dist-packages:/home/chris/ros2_ws/install/panorama/lib/python3.10/site-packages:/home/chris/ros2_ws/install/moveit_controller/local/lib/python3.10/dist-packages:/home/chris/ros2_ws/install/moveit_configs_utils/lib/python3.10/site-packages:/home/chris/ros2_ws/install/micro_ros_msgs/local/lib/python3.10/dist-packages:/opt/ros/humble/lib/python3.10/site-packages:/opt/ros/humble/local/lib/python3.10/dist-packages'), ('COLCON', '1'), ('VTE_VERSION', '6800'), ('CMAKE_PREFIX_PATH', '/home/chris/ros2_ws/src/rover/install/rover_msgs:/home/chris/ros2_ws/install/rover_security:/home/chris/ros2_ws/install/rover_gui:/home/chris/ros2_ws/install/rover_can:/home/chris/ros2_ws/install/rover_auxiliary:/home/chris/ros2_ws/install/rover_antenna:/home/chris/ros2_ws/install/rover_msgs:/home/chris/ros2_ws/install/moveit_visual_tools:/home/chris/ros2_ws/install/moveit_resources_prbt_support:/home/chris/ros2_ws/install/moveit_controller:/home/chris/ros2_ws/install/fanuc_crx_simulation:/home/chris/ros2_ws/install/moveit_common:/home/chris/ros2_ws/install/micro_ros_setup:/home/chris/ros2_ws/install/micro_ros_agent:/home/chris/ros2_ws/install/micro_ros_msgs:/home/chris/ros2_ws/install/rover_sim:/home/chris/ros2_ws/install/panorama:/home/chris/ros2_ws/install/moveit_configs_utils:/opt/ros/humble')]), 'shell': False}
[4.009989] (-) TimerEvent: {}
[4.060116] (rover_auxiliary) StdoutLine: {'line': b'-- The C compiler identification is GNU 11.4.0\n'}
[4.073814] (rover_antenna) StdoutLine: {'line': b'-- The C compiler identification is GNU 11.4.0\n'}
[4.074638] (rover_arm) StdoutLine: {'line': b'-- The C compiler identification is GNU 11.4.0\n'}
[4.074992] (rover_can) StdoutLine: {'line': b'-- The C compiler identification is GNU 11.4.0\n'}
[4.080195] (rover_gui) StdoutLine: {'line': b'[  5%] \x1b[34m\x1b[1mGenerating UI files...\x1b[0m\n'}
[4.082880] (rover_drive_train) StdoutLine: {'line': b'-- The C compiler identification is GNU 11.4.0\n'}
[4.090060] (rover_gui) StdoutLine: {'line': b'\x1b[0;34m=== Generating UI files ... ===\x1b[0m\n'}
[4.100964] (rover_joy) StdoutLine: {'line': b'-- The C compiler identification is GNU 11.4.0\n'}
[4.110472] (-) TimerEvent: {}
[4.111442] (rover_gui) StdoutLine: {'line': b'\x1b[0;32m[SUCCESS] Compiled /home/chris/ros2_ws/src/rover/rover_gui/ui/ui/FileExplorer.ui to /home/chris/ros2_ws/src/rover/rover_gui/ui/include/UI_FileExplorer.h\x1b[0m\n'}
[4.132121] (rover_gui) StdoutLine: {'line': b'\x1b[0;32m[SUCCESS] Compiled /home/chris/ros2_ws/src/rover/rover_gui/ui/ui/Notification.ui to /home/chris/ros2_ws/src/rover/rover_gui/ui/include/UI_Notification.h\x1b[0m\n'}
[4.146248] (rover_gui) StdoutLine: {'line': b'\x1b[0;32m[SUCCESS] Compiled /home/chris/ros2_ws/src/rover/rover_gui/ui/ui/Player.ui to /home/chris/ros2_ws/src/rover/rover_gui/ui/include/UI_Player.h\x1b[0m\n'}
[4.163590] (rover_gui) StdoutLine: {'line': b'[  5%] Built target run_generate_ui\n'}
[4.188225] (rover_auxiliary) StdoutLine: {'line': b'-- The CXX compiler identification is GNU 11.4.0\n'}
[4.205937] (rover_auxiliary) StdoutLine: {'line': b'-- Detecting C compiler ABI info\n'}
[4.207332] (rover_gui) StdoutLine: {'line': b'[ 10%] \x1b[34m\x1b[1mAutomatic MOC for target main_gui\x1b[0m\n'}
[4.208226] (rover_can) StdoutLine: {'line': b'-- The CXX compiler identification is GNU 11.4.0\n'}
[4.210591] (-) TimerEvent: {}
[4.213534] (rover_antenna) StdoutLine: {'line': b'-- The CXX compiler identification is GNU 11.4.0\n'}
[4.215964] (rover_arm) StdoutLine: {'line': b'-- The CXX compiler identification is GNU 11.4.0\n'}
[4.223545] (rover_drive_train) StdoutLine: {'line': b'-- The CXX compiler identification is GNU 11.4.0\n'}
[4.225873] (rover_can) StdoutLine: {'line': b'-- Detecting C compiler ABI info\n'}
[4.228704] (rover_antenna) StdoutLine: {'line': b'-- Detecting C compiler ABI info\n'}
[4.232576] (rover_arm) StdoutLine: {'line': b'-- Detecting C compiler ABI info\n'}
[4.240901] (rover_drive_train) StdoutLine: {'line': b'-- Detecting C compiler ABI info\n'}
[4.243370] (rover_joy) StdoutLine: {'line': b'-- The CXX compiler identification is GNU 11.4.0\n'}
[4.260154] (rover_joy) StdoutLine: {'line': b'-- Detecting C compiler ABI info\n'}
[4.310774] (-) TimerEvent: {}
[4.365446] (rover_auxiliary) StdoutLine: {'line': b'-- Detecting C compiler ABI info - done\n'}
[4.386517] (rover_auxiliary) StdoutLine: {'line': b'-- Check for working C compiler: /usr/bin/cc - skipped\n'}
[4.386905] (rover_auxiliary) StdoutLine: {'line': b'-- Detecting C compile features\n'}
[4.387121] (rover_auxiliary) StdoutLine: {'line': b'-- Detecting C compile features - done\n'}
[4.391241] (rover_auxiliary) StdoutLine: {'line': b'-- Detecting CXX compiler ABI info\n'}
[4.404191] (rover_antenna) StdoutLine: {'line': b'-- Detecting C compiler ABI info - done\n'}
[4.409043] (rover_can) StdoutLine: {'line': b'-- Detecting C compiler ABI info - done\n'}
[4.410878] (-) TimerEvent: {}
[4.415400] (rover_arm) StdoutLine: {'line': b'-- Detecting C compiler ABI info - done\n'}
[4.418430] (rover_drive_train) StdoutLine: {'line': b'-- Detecting C compiler ABI info - done\n'}
[4.425938] (rover_antenna) StdoutLine: {'line': b'-- Check for working C compiler: /usr/bin/cc - skipped\n'}
[4.426489] (rover_antenna) StdoutLine: {'line': b'-- Detecting C compile features\n'}
[4.427471] (rover_antenna) StdoutLine: {'line': b'-- Detecting C compile features - done\n'}
[4.427822] (rover_joy) StdoutLine: {'line': b'-- Detecting C compiler ABI info - done\n'}
[4.429586] (rover_can) StdoutLine: {'line': b'-- Check for working C compiler: /usr/bin/cc - skipped\n'}
[4.430091] (rover_can) StdoutLine: {'line': b'-- Detecting C compile features\n'}
[4.430936] (rover_can) StdoutLine: {'line': b'-- Detecting C compile features - done\n'}
[4.433461] (rover_arm) StdoutLine: {'line': b'-- Check for working C compiler: /usr/bin/cc - skipped\n'}
[4.433722] (rover_arm) StdoutLine: {'line': b'-- Detecting C compile features\n'}
[4.434023] (rover_arm) StdoutLine: {'line': b'-- Detecting C compile features - done\n'}
[4.435421] (rover_antenna) StdoutLine: {'line': b'-- Detecting CXX compiler ABI info\n'}
[4.437677] (rover_drive_train) StdoutLine: {'line': b'-- Check for working C compiler: /usr/bin/cc - skipped\n'}
[4.439382] (rover_drive_train) StdoutLine: {'line': b'-- Detecting C compile features\n'}
[4.439752] (rover_drive_train) StdoutLine: {'line': b'-- Detecting C compile features - done\n'}
[4.439915] (rover_can) StdoutLine: {'line': b'-- Detecting CXX compiler ABI info\n'}
[4.442422] (rover_arm) StdoutLine: {'line': b'-- Detecting CXX compiler ABI info\n'}
[4.444687] (rover_joy) StdoutLine: {'line': b'-- Check for working C compiler: /usr/bin/cc - skipped\n'}
[4.445891] (rover_drive_train) StdoutLine: {'line': b'-- Detecting CXX compiler ABI info\n'}
[4.446280] (rover_joy) StdoutLine: {'line': b'-- Detecting C compile features\n'}
[4.446526] (rover_joy) StdoutLine: {'line': b'-- Detecting C compile features - done\n'}
[4.453647] (rover_joy) StdoutLine: {'line': b'-- Detecting CXX compiler ABI info\n'}
[4.510992] (-) TimerEvent: {}
[4.586414] (rover_auxiliary) StdoutLine: {'line': b'-- Detecting CXX compiler ABI info - done\n'}
[4.611258] (rover_auxiliary) StdoutLine: {'line': b'-- Check for working CXX compiler: /usr/bin/c++ - skipped\n'}
[4.611755] (-) TimerEvent: {}
[4.612217] (rover_auxiliary) StdoutLine: {'line': b'-- Detecting CXX compile features\n'}
[4.618538] (rover_auxiliary) StdoutLine: {'line': b'-- Detecting CXX compile features - done\n'}
[4.631943] (rover_antenna) StdoutLine: {'line': b'-- Detecting CXX compiler ABI info - done\n'}
[4.632419] (rover_auxiliary) StdoutLine: {'line': b'-- Found ament_cmake: 1.3.6 (/opt/ros/humble/share/ament_cmake/cmake)\n'}
[4.651060] (rover_can) StdoutLine: {'line': b'-- Detecting CXX compiler ABI info - done\n'}
[4.651426] (rover_joy) StdoutLine: {'line': b'-- Detecting CXX compiler ABI info - done\n'}
[4.665412] (rover_drive_train) StdoutLine: {'line': b'-- Detecting CXX compiler ABI info - done\n'}
[4.665735] (rover_arm) StdoutLine: {'line': b'-- Detecting CXX compiler ABI info - done\n'}
[4.676428] (rover_antenna) StdoutLine: {'line': b'-- Check for working CXX compiler: /usr/bin/c++ - skipped\n'}
[4.678475] (rover_antenna) StdoutLine: {'line': b'-- Detecting CXX compile features\n'}
[4.678712] (rover_antenna) StdoutLine: {'line': b'-- Detecting CXX compile features - done\n'}
[4.679439] (rover_joy) StdoutLine: {'line': b'-- Check for working CXX compiler: /usr/bin/c++ - skipped\n'}
[4.680449] (rover_joy) StdoutLine: {'line': b'-- Detecting CXX compile features\n'}
[4.682084] (rover_joy) StdoutLine: {'line': b'-- Detecting CXX compile features - done\n'}
[4.689499] (rover_can) StdoutLine: {'line': b'-- Check for working CXX compiler: /usr/bin/c++ - skipped\n'}
[4.689809] (rover_can) StdoutLine: {'line': b'-- Detecting CXX compile features\n'}
[4.690011] (rover_can) StdoutLine: {'line': b'-- Detecting CXX compile features - done\n'}
[4.693386] (rover_joy) StdoutLine: {'line': b'-- Found ament_cmake: 1.3.6 (/opt/ros/humble/share/ament_cmake/cmake)\n'}
[4.701387] (rover_can) StdoutLine: {'line': b'-- Found ament_cmake: 1.3.6 (/opt/ros/humble/share/ament_cmake/cmake)\n'}
[4.701736] (rover_antenna) StdoutLine: {'line': b'-- Found ament_cmake: 1.3.6 (/opt/ros/humble/share/ament_cmake/cmake)\n'}
[4.715389] (-) TimerEvent: {}
[4.736662] (rover_drive_train) StdoutLine: {'line': b'-- Check for working CXX compiler: /usr/bin/c++ - skipped\n'}
[4.737244] (rover_drive_train) StdoutLine: {'line': b'-- Detecting CXX compile features\n'}
[4.738390] (rover_drive_train) StdoutLine: {'line': b'-- Detecting CXX compile features - done\n'}
[4.744422] (rover_arm) StdoutLine: {'line': b'-- Check for working CXX compiler: /usr/bin/c++ - skipped\n'}
[4.746393] (rover_arm) StdoutLine: {'line': b'-- Detecting CXX compile features\n'}
[4.750241] (rover_arm) StdoutLine: {'line': b'-- Detecting CXX compile features - done\n'}
[4.752804] (rover_drive_train) StdoutLine: {'line': b'-- Found ament_cmake: 1.3.6 (/opt/ros/humble/share/ament_cmake/cmake)\n'}
[4.765042] (rover_arm) StdoutLine: {'line': b'-- Found ament_cmake: 1.3.6 (/opt/ros/humble/share/ament_cmake/cmake)\n'}
[4.816692] (-) TimerEvent: {}
[4.917447] (-) TimerEvent: {}
[4.931121] (rover_gui) StdoutLine: {'line': b'[ 10%] Built target main_gui_autogen\n'}
[4.983561] (rover_gui) StdoutLine: {'line': b'\x1b[35m\x1b[1mConsolidate compiler generated dependencies of target main_gui\x1b[0m\n'}
[5.021489] (-) TimerEvent: {}
[5.113522] (rover_gui) StdoutLine: {'line': b'[ 15%] \x1b[32mBuilding CXX object CMakeFiles/main_gui.dir/main_gui_autogen/mocs_compilation.cpp.o\x1b[0m\n'}
[5.121902] (-) TimerEvent: {}
[5.123589] (rover_gui) StdoutLine: {'line': b'[ 20%] \x1b[32mBuilding CXX object CMakeFiles/main_gui.dir/src/main_gui.cpp.o\x1b[0m\n'}
[5.138438] (rover_gui) StdoutLine: {'line': b'[ 25%] \x1b[32mBuilding CXX object CMakeFiles/main_gui.dir/src/QSshFileExplorer/QFileTransferWidget.cpp.o\x1b[0m\n'}
[5.146452] (rover_gui) StdoutLine: {'line': b'[ 30%] \x1b[32mBuilding CXX object CMakeFiles/main_gui.dir/src/QSshFileExplorer/Worker/LibSshSupportModule.cpp.o\x1b[0m\n'}
[5.146827] (rover_gui) StdoutLine: {'line': b'[ 35%] \x1b[32mBuilding CXX object CMakeFiles/main_gui.dir/src/QSshFileExplorer/QSshFileExplorerWidget.cpp.o\x1b[0m\n'}
[5.167261] (rover_gui) StdoutLine: {'line': b'[ 40%] \x1b[32mBuilding CXX object CMakeFiles/main_gui.dir/src/QRtspPlayer/QRtspPlayerWidget.cpp.o\x1b[0m\n'}
[5.220045] (rover_auxiliary) StdoutLine: {'line': b'-- Found Python3: /usr/bin/python3.10 (found version "3.10.12") found components: Interpreter \n'}
[5.225417] (-) TimerEvent: {}
[5.284997] (rover_joy) StdoutLine: {'line': b'-- Found Python3: /usr/bin/python3.10 (found version "3.10.12") found components: Interpreter \n'}
[5.320643] (rover_can) StdoutLine: {'line': b'-- Found Python3: /usr/bin/python3.10 (found version "3.10.12") found components: Interpreter \n'}
[5.320957] (rover_antenna) StdoutLine: {'line': b'-- Found Python3: /usr/bin/python3.10 (found version "3.10.12") found components: Interpreter \n'}
[5.327524] (rover_drive_train) StdoutLine: {'line': b'-- Found Python3: /usr/bin/python3.10 (found version "3.10.12") found components: Interpreter \n'}
[5.328274] (-) TimerEvent: {}
[5.346019] (rover_arm) StdoutLine: {'line': b'-- Found Python3: /usr/bin/python3.10 (found version "3.10.12") found components: Interpreter \n'}
[5.430405] (-) TimerEvent: {}
[5.530952] (-) TimerEvent: {}
[5.631487] (-) TimerEvent: {}
[5.645630] (rover_auxiliary) StdoutLine: {'line': b'-- Found rclcpp: 16.0.7 (/opt/ros/humble/share/rclcpp/cmake)\n'}
[5.711990] (rover_joy) StdoutLine: {'line': b'-- Found rclcpp: 16.0.7 (/opt/ros/humble/share/rclcpp/cmake)\n'}
[5.721723] (rover_antenna) StdoutLine: {'line': b'-- Found rclcpp: 16.0.7 (/opt/ros/humble/share/rclcpp/cmake)\n'}
[5.731656] (-) TimerEvent: {}
[5.741205] (rover_drive_train) StdoutLine: {'line': b'-- Found rclcpp: 16.0.7 (/opt/ros/humble/share/rclcpp/cmake)\n'}
[5.801098] (rover_arm) StdoutLine: {'line': b'-- Found rclcpp: 16.0.7 (/opt/ros/humble/share/rclcpp/cmake)\n'}
[5.809078] (rover_can) StdoutLine: {'line': b'-- Found rclcpp: 16.0.7 (/opt/ros/humble/share/rclcpp/cmake)\n'}
[5.831773] (-) TimerEvent: {}
[5.889958] (rover_antenna) StdoutLine: {'line': b'-- Found rosidl_generator_c: 3.1.5 (/opt/ros/humble/share/rosidl_generator_c/cmake)\n'}
[5.914377] (rover_antenna) StdoutLine: {'line': b'-- Found rosidl_adapter: 3.1.5 (/opt/ros/humble/share/rosidl_adapter/cmake)\n'}
[5.931882] (-) TimerEvent: {}
[5.932306] (rover_drive_train) StdoutLine: {'line': b'-- Found rosidl_generator_c: 3.1.5 (/opt/ros/humble/share/rosidl_generator_c/cmake)\n'}
[5.948580] (rover_antenna) StdoutLine: {'line': b'-- Found rosidl_generator_cpp: 3.1.5 (/opt/ros/humble/share/rosidl_generator_cpp/cmake)\n'}
[5.956581] (rover_drive_train) StdoutLine: {'line': b'-- Found rosidl_adapter: 3.1.5 (/opt/ros/humble/share/rosidl_adapter/cmake)\n'}
[5.969742] (rover_auxiliary) StdoutLine: {'line': b'-- Found rosidl_generator_c: 3.1.5 (/opt/ros/humble/share/rosidl_generator_c/cmake)\n'}
[5.976947] (rover_arm) StdoutLine: {'line': b'-- Found rosidl_generator_c: 3.1.5 (/opt/ros/humble/share/rosidl_generator_c/cmake)\n'}
[5.992955] (rover_drive_train) StdoutLine: {'line': b'-- Found rosidl_generator_cpp: 3.1.5 (/opt/ros/humble/share/rosidl_generator_cpp/cmake)\n'}
[6.002467] (rover_arm) StdoutLine: {'line': b'-- Found rosidl_adapter: 3.1.5 (/opt/ros/humble/share/rosidl_adapter/cmake)\n'}
[6.005118] (rover_antenna) StdoutLine: {'line': b'-- Using all available rosidl_typesupport_c: rosidl_typesupport_fastrtps_c;rosidl_typesupport_introspection_c\n'}
[6.012395] (rover_auxiliary) StdoutLine: {'line': b'-- Found rosidl_adapter: 3.1.5 (/opt/ros/humble/share/rosidl_adapter/cmake)\n'}
[6.023468] (rover_joy) StdoutLine: {'line': b'-- Found rosidl_generator_c: 3.1.5 (/opt/ros/humble/share/rosidl_generator_c/cmake)\n'}
[6.032190] (-) TimerEvent: {}
[6.036573] (rover_arm) StdoutLine: {'line': b'-- Found rosidl_generator_cpp: 3.1.5 (/opt/ros/humble/share/rosidl_generator_cpp/cmake)\n'}
[6.056453] (rover_drive_train) StdoutLine: {'line': b'-- Using all available rosidl_typesupport_c: rosidl_typesupport_fastrtps_c;rosidl_typesupport_introspection_c\n'}
[6.067659] (rover_joy) StdoutLine: {'line': b'-- Found rosidl_adapter: 3.1.5 (/opt/ros/humble/share/rosidl_adapter/cmake)\n'}
[6.075071] (rover_auxiliary) StdoutLine: {'line': b'-- Found rosidl_generator_cpp: 3.1.5 (/opt/ros/humble/share/rosidl_generator_cpp/cmake)\n'}
[6.086773] (rover_antenna) StdoutLine: {'line': b'-- Using all available rosidl_typesupport_cpp: rosidl_typesupport_fastrtps_cpp;rosidl_typesupport_introspection_cpp\n'}
[6.087131] (rover_arm) StdoutLine: {'line': b'-- Using all available rosidl_typesupport_c: rosidl_typesupport_fastrtps_c;rosidl_typesupport_introspection_c\n'}
[6.113471] (rover_can) StdoutLine: {'line': b'-- Found rosidl_generator_c: 3.1.5 (/opt/ros/humble/share/rosidl_generator_c/cmake)\n'}
[6.127549] (rover_joy) StdoutLine: {'line': b'-- Found rosidl_generator_cpp: 3.1.5 (/opt/ros/humble/share/rosidl_generator_cpp/cmake)\n'}
[6.130847] (rover_drive_train) StdoutLine: {'line': b'-- Using all available rosidl_typesupport_cpp: rosidl_typesupport_fastrtps_cpp;rosidl_typesupport_introspection_cpp\n'}
[6.132272] (-) TimerEvent: {}
[6.153889] (rover_arm) StdoutLine: {'line': b'-- Using all available rosidl_typesupport_cpp: rosidl_typesupport_fastrtps_cpp;rosidl_typesupport_introspection_cpp\n'}
[6.158373] (rover_can) StdoutLine: {'line': b'-- Found rosidl_adapter: 3.1.5 (/opt/ros/humble/share/rosidl_adapter/cmake)\n'}
[6.182253] (rover_auxiliary) StdoutLine: {'line': b'-- Using all available rosidl_typesupport_c: rosidl_typesupport_fastrtps_c;rosidl_typesupport_introspection_c\n'}
[6.223429] (rover_can) StdoutLine: {'line': b'-- Found rosidl_generator_cpp: 3.1.5 (/opt/ros/humble/share/rosidl_generator_cpp/cmake)\n'}
[6.224021] (rover_joy) StdoutLine: {'line': b'-- Using all available rosidl_typesupport_c: rosidl_typesupport_fastrtps_c;rosidl_typesupport_introspection_c\n'}
[6.232448] (-) TimerEvent: {}
[6.297368] (rover_can) StdoutLine: {'line': b'-- Using all available rosidl_typesupport_c: rosidl_typesupport_fastrtps_c;rosidl_typesupport_introspection_c\n'}
[6.299437] (rover_joy) StdoutLine: {'line': b'-- Using all available rosidl_typesupport_cpp: rosidl_typesupport_fastrtps_cpp;rosidl_typesupport_introspection_cpp\n'}
[6.326290] (rover_auxiliary) StdoutLine: {'line': b'-- Using all available rosidl_typesupport_cpp: rosidl_typesupport_fastrtps_cpp;rosidl_typesupport_introspection_cpp\n'}
[6.332568] (-) TimerEvent: {}
[6.374443] (rover_can) StdoutLine: {'line': b'-- Using all available rosidl_typesupport_cpp: rosidl_typesupport_fastrtps_cpp;rosidl_typesupport_introspection_cpp\n'}
[6.391529] (rover_arm) StdoutLine: {'line': b'-- Found rmw_implementation_cmake: 6.1.1 (/opt/ros/humble/share/rmw_implementation_cmake/cmake)\n'}
[6.399398] (rover_antenna) StdoutLine: {'line': b'-- Found rmw_implementation_cmake: 6.1.1 (/opt/ros/humble/share/rmw_implementation_cmake/cmake)\n'}
[6.407895] (rover_arm) StdoutLine: {'line': b'-- Found rmw_fastrtps_cpp: 6.2.5 (/opt/ros/humble/share/rmw_fastrtps_cpp/cmake)\n'}
[6.414110] (rover_antenna) StdoutLine: {'line': b'-- Found rmw_fastrtps_cpp: 6.2.5 (/opt/ros/humble/share/rmw_fastrtps_cpp/cmake)\n'}
[6.432678] (-) TimerEvent: {}
[6.533201] (-) TimerEvent: {}
[6.552408] (rover_drive_train) StdoutLine: {'line': b'-- Found rmw_implementation_cmake: 6.1.1 (/opt/ros/humble/share/rmw_implementation_cmake/cmake)\n'}
[6.583051] (rover_drive_train) StdoutLine: {'line': b'-- Found rmw_fastrtps_cpp: 6.2.5 (/opt/ros/humble/share/rmw_fastrtps_cpp/cmake)\n'}
[6.616521] (rover_joy) StdoutLine: {'line': b'-- Found rmw_implementation_cmake: 6.1.1 (/opt/ros/humble/share/rmw_implementation_cmake/cmake)\n'}
[6.633332] (-) TimerEvent: {}
[6.634574] (rover_joy) StdoutLine: {'line': b'-- Found rmw_fastrtps_cpp: 6.2.5 (/opt/ros/humble/share/rmw_fastrtps_cpp/cmake)\n'}
[6.706495] (rover_can) StdoutLine: {'line': b'-- Found rmw_implementation_cmake: 6.1.1 (/opt/ros/humble/share/rmw_implementation_cmake/cmake)\n'}
[6.718042] (rover_can) StdoutLine: {'line': b'-- Found rmw_fastrtps_cpp: 6.2.5 (/opt/ros/humble/share/rmw_fastrtps_cpp/cmake)\n'}
[6.733435] (-) TimerEvent: {}
[6.779986] (rover_arm) StdoutLine: {'line': b'-- Found OpenSSL: /usr/lib/x86_64-linux-gnu/libcrypto.so (found version "3.0.2")  \n'}
[6.800090] (rover_auxiliary) StdoutLine: {'line': b'-- Found rmw_implementation_cmake: 6.1.1 (/opt/ros/humble/share/rmw_implementation_cmake/cmake)\n'}
[6.821386] (rover_auxiliary) StdoutLine: {'line': b'-- Found rmw_fastrtps_cpp: 6.2.5 (/opt/ros/humble/share/rmw_fastrtps_cpp/cmake)\n'}
[6.833550] (-) TimerEvent: {}
[6.877566] (rover_arm) StdoutLine: {'line': b'-- Found FastRTPS: /opt/ros/humble/include  \n'}
[6.878062] (rover_antenna) StdoutLine: {'line': b'-- Found OpenSSL: /usr/lib/x86_64-linux-gnu/libcrypto.so (found version "3.0.2")  \n'}
[6.936401] (-) TimerEvent: {}
[6.998390] (rover_antenna) StdoutLine: {'line': b'-- Found FastRTPS: /opt/ros/humble/include  \n'}
[7.009645] (rover_joy) StdoutLine: {'line': b'-- Found OpenSSL: /usr/lib/x86_64-linux-gnu/libcrypto.so (found version "3.0.2")  \n'}
[7.032034] (rover_drive_train) StdoutLine: {'line': b'-- Found OpenSSL: /usr/lib/x86_64-linux-gnu/libcrypto.so (found version "3.0.2")  \n'}
[7.036551] (-) TimerEvent: {}
[7.075087] (rover_arm) StdoutLine: {'line': b"-- Using RMW implementation 'rmw_fastrtps_cpp' as default\n"}
[7.102672] (rover_sim) Command: {'cmd': ['/usr/bin/python3', 'setup.py', 'egg_info', '--egg-base', '../build/rover_sim', 'build', '--build-base', '/home/chris/ros2_ws/src/rover/build/rover_sim/build', 'install', '--record', '/home/chris/ros2_ws/src/rover/build/rover_sim/install.log', '--single-version-externally-managed'], 'cwd': '/home/chris/ros2_ws/src/rover/rover_sim', 'env': {'GJS_DEBUG_TOPICS': 'JS ERROR;JS LOG', 'LESSOPEN': '| /usr/bin/lesspipe %s', 'USER': 'chris', 'SSH_AGENT_PID': '2583', 'XDG_SESSION_TYPE': 'x11', 'SHLVL': '1', 'LD_LIBRARY_PATH': '/home/chris/ros2_ws/src/rover/install/rover_msgs/lib:/home/chris/ros2_ws/install/rover_msgs/lib:/home/chris/ros2_ws/install/moveit_visual_tools/lib:/home/chris/ros2_ws/install/micro_ros_agent/lib:/home/chris/ros2_ws/install/micro_ros_msgs/lib:/usr/lib/x86_64-linux-gnu/gazebo-11/plugins:/opt/ros/humble/opt/rviz_ogre_vendor/lib:/opt/ros/humble/lib/x86_64-linux-gnu:/opt/ros/humble/lib', 'HOME': '/home/chris', 'OLDPWD': '/home/chris', 'DESKTOP_SESSION': 'ubuntu', 'NVM_BIN': '/home/chris/.nvm/versions/node/v18.20.0/bin', 'NVM_INC': '/home/chris/.nvm/versions/node/v18.20.0/include/node', 'GIO_LAUNCHED_DESKTOP_FILE': '/usr/share/applications/terminator.desktop', 'ROS_PYTHON_VERSION': '3', 'GNOME_SHELL_SESSION_MODE': 'ubuntu', 'GTK_MODULES': 'gail:atk-bridge', 'MANAGERPID': '2412', 'SYSTEMD_EXEC_PID': '2681', 'DBUS_SESSION_BUS_ADDRESS': 'unix:path=/run/user/1000/bus', 'COLORTERM': 'truecolor', 'TERMINATOR_DBUS_NAME': 'net.tenshu.Terminator21a9d5db22c73a993ff0b42f64b396873', 'GIO_LAUNCHED_DESKTOP_FILE_PID': '5179', 'NVM_DIR': '/home/chris/.nvm', 'COLCON_PREFIX_PATH': '/home/chris/ros2_ws/install', 'ROS_DISTRO': 'humble', 'LOGNAME': 'chris', 'JOURNAL_STREAM': '8:21130', '_': '/usr/bin/colcon', 'ROS_VERSION': '2', 'XDG_SESSION_CLASS': 'user', 'USERNAME': 'chris', 'TERM': 'xterm-256color', 'GNOME_DESKTOP_SESSION_ID': 'this-is-deprecated', 'ROS_LOCALHOST_ONLY': '0', 'WINDOWPATH': '2', 'PATH': '/home/chris/.nvm/versions/node/v18.20.0/bin:/opt/ros/humble/bin:/home/chris/.local/bin:/usr/local/sbin:/usr/local/bin:/usr/sbin:/usr/bin:/sbin:/bin:/usr/games:/usr/local/games:/snap/bin:/snap/bin:/home/chris/.local/bin', 'SESSION_MANAGER': 'local/chris:@/tmp/.ICE-unix/2659,unix/chris:/tmp/.ICE-unix/2659', 'INVOCATION_ID': '151282377277484193bb6d51fbdeb473', 'XDG_MENU_PREFIX': 'gnome-', 'XDG_RUNTIME_DIR': '/run/user/1000', 'DISPLAY': ':0', 'TERMINATOR_DBUS_PATH': '/net/tenshu/Terminator2', 'LANG': 'en_US.UTF-8', 'XDG_CURRENT_DESKTOP': 'ubuntu:GNOME', 'IBUS_DISABLE_SNOOPER': '1', 'XMODIFIERS': '@im=ibus', 'XDG_SESSION_DESKTOP': 'ubuntu', 'XAUTHORITY': '/run/user/1000/gdm/Xauthority', 'LS_COLORS': 'rs=0:di=01;34:ln=01;36:mh=00:pi=40;33:so=01;35:do=01;35:bd=40;33;01:cd=40;33;01:or=40;31;01:mi=00:su=37;41:sg=30;43:ca=30;41:tw=30;42:ow=34;42:st=37;44:ex=01;32:*.tar=01;31:*.tgz=01;31:*.arc=01;31:*.arj=01;31:*.taz=01;31:*.lha=01;31:*.lz4=01;31:*.lzh=01;31:*.lzma=01;31:*.tlz=01;31:*.txz=01;31:*.tzo=01;31:*.t7z=01;31:*.zip=01;31:*.z=01;31:*.dz=01;31:*.gz=01;31:*.lrz=01;31:*.lz=01;31:*.lzo=01;31:*.xz=01;31:*.zst=01;31:*.tzst=01;31:*.bz2=01;31:*.bz=01;31:*.tbz=01;31:*.tbz2=01;31:*.tz=01;31:*.deb=01;31:*.rpm=01;31:*.jar=01;31:*.war=01;31:*.ear=01;31:*.sar=01;31:*.rar=01;31:*.alz=01;31:*.ace=01;31:*.zoo=01;31:*.cpio=01;31:*.7z=01;31:*.rz=01;31:*.cab=01;31:*.wim=01;31:*.swm=01;31:*.dwm=01;31:*.esd=01;31:*.jpg=01;35:*.jpeg=01;35:*.mjpg=01;35:*.mjpeg=01;35:*.gif=01;35:*.bmp=01;35:*.pbm=01;35:*.pgm=01;35:*.ppm=01;35:*.tga=01;35:*.xbm=01;35:*.xpm=01;35:*.tif=01;35:*.tiff=01;35:*.png=01;35:*.svg=01;35:*.svgz=01;35:*.mng=01;35:*.pcx=01;35:*.mov=01;35:*.mpg=01;35:*.mpeg=01;35:*.m2v=01;35:*.mkv=01;35:*.webm=01;35:*.webp=01;35:*.ogm=01;35:*.mp4=01;35:*.m4v=01;35:*.mp4v=01;35:*.vob=01;35:*.qt=01;35:*.nuv=01;35:*.wmv=01;35:*.asf=01;35:*.rm=01;35:*.rmvb=01;35:*.flc=01;35:*.avi=01;35:*.fli=01;35:*.flv=01;35:*.gl=01;35:*.dl=01;35:*.xcf=01;35:*.xwd=01;35:*.yuv=01;35:*.cgm=01;35:*.emf=01;35:*.ogv=01;35:*.ogx=01;35:*.aac=00;36:*.au=00;36:*.flac=00;36:*.m4a=00;36:*.mid=00;36:*.midi=00;36:*.mka=00;36:*.mp3=00;36:*.mpc=00;36:*.ogg=00;36:*.ra=00;36:*.wav=00;36:*.oga=00;36:*.opus=00;36:*.spx=00;36:*.xspf=00;36:', 'SSH_AUTH_SOCK': '/run/user/1000/keyring/ssh', 'AMENT_PREFIX_PATH': '/home/chris/ros2_ws/src/rover/install/rover_msgs:/home/chris/ros2_ws/install/rover_sim:/home/chris/ros2_ws/install/rover_security:/home/chris/ros2_ws/install/rover_gui:/home/chris/ros2_ws/install/rover_can:/home/chris/ros2_ws/install/rover_auxiliary:/home/chris/ros2_ws/install/rover_antenna:/home/chris/ros2_ws/install/rover_msgs:/home/chris/ros2_ws/install/panorama:/home/chris/ros2_ws/install/moveit_visual_tools:/home/chris/ros2_ws/install/moveit_resources_prbt_support:/home/chris/ros2_ws/install/moveit_controller:/home/chris/ros2_ws/install/fanuc_crx_simulation:/home/chris/ros2_ws/install/moveit_configs_utils:/home/chris/ros2_ws/install/moveit_common:/home/chris/ros2_ws/install/micro_ros_setup:/home/chris/ros2_ws/install/micro_ros_agent:/home/chris/ros2_ws/install/micro_ros_msgs:/opt/ros/humble', 'SHELL': '/bin/bash', 'TERMINATOR_UUID': 'urn:uuid:c5ceb889-5994-4d28-b93f-d4dbf77a5b4e', 'QT_ACCESSIBILITY': '1', 'GDMSESSION': 'ubuntu', 'LESSCLOSE': '/usr/bin/lesspipe %s %s', 'GJS_DEBUG_OUTPUT': 'stderr', 'QT_IM_MODULE': 'ibus', 'PWD': '/home/chris/ros2_ws/src/rover/build/rover_sim', 'XDG_CONFIG_DIRS': '/etc/xdg/xdg-ubuntu:/etc/xdg', 'NVM_CD_FLAGS': '', 'XDG_DATA_DIRS': '/usr/share/ubuntu:/usr/share/gnome:/usr/local/share/:/usr/share/:/var/lib/snapd/desktop', 'PYTHONPATH': '/home/chris/ros2_ws/src/rover/build/rover_sim/prefix_override:/home/chris/ros2_ws/src/rover/install/rover_sim/lib/python3.10/site-packages:/home/chris/ros2_ws/src/rover/install/rover_msgs/local/lib/python3.10/dist-packages:/home/chris/ros2_ws/install/rover_sim/lib/python3.10/site-packages:/home/chris/ros2_ws/install/rover_msgs/local/lib/python3.10/dist-packages:/home/chris/ros2_ws/install/panorama/lib/python3.10/site-packages:/home/chris/ros2_ws/install/moveit_controller/local/lib/python3.10/dist-packages:/home/chris/ros2_ws/install/moveit_configs_utils/lib/python3.10/site-packages:/home/chris/ros2_ws/install/micro_ros_msgs/local/lib/python3.10/dist-packages:/opt/ros/humble/lib/python3.10/site-packages:/opt/ros/humble/local/lib/python3.10/dist-packages', 'COLCON': '1', 'VTE_VERSION': '6800', 'CMAKE_PREFIX_PATH': '/home/chris/ros2_ws/src/rover/install/rover_msgs:/home/chris/ros2_ws/install/rover_security:/home/chris/ros2_ws/install/rover_gui:/home/chris/ros2_ws/install/rover_can:/home/chris/ros2_ws/install/rover_auxiliary:/home/chris/ros2_ws/install/rover_antenna:/home/chris/ros2_ws/install/rover_msgs:/home/chris/ros2_ws/install/moveit_visual_tools:/home/chris/ros2_ws/install/moveit_resources_prbt_support:/home/chris/ros2_ws/install/moveit_controller:/home/chris/ros2_ws/install/fanuc_crx_simulation:/home/chris/ros2_ws/install/moveit_common:/home/chris/ros2_ws/install/micro_ros_setup:/home/chris/ros2_ws/install/micro_ros_agent:/home/chris/ros2_ws/install/micro_ros_msgs'}, 'shell': False}
[7.124409] (rover_joy) StdoutLine: {'line': b'-- Found FastRTPS: /opt/ros/humble/include  \n'}
[7.136712] (rover_can) StdoutLine: {'line': b'-- Found OpenSSL: /usr/lib/x86_64-linux-gnu/libcrypto.so (found version "3.0.2")  \n'}
[7.137116] (-) TimerEvent: {}
[7.140437] (rover_drive_train) StdoutLine: {'line': b'-- Found FastRTPS: /opt/ros/humble/include  \n'}
[7.146507] (rover_arm) StdoutLine: {'line': b'-- Looking for pthread.h\n'}
[7.226013] (rover_antenna) StdoutLine: {'line': b"-- Using RMW implementation 'rmw_fastrtps_cpp' as default\n"}
[7.243423] (-) TimerEvent: {}
[7.269242] (rover_auxiliary) StdoutLine: {'line': b'-- Found OpenSSL: /usr/lib/x86_64-linux-gnu/libcrypto.so (found version "3.0.2")  \n'}
[7.273070] (rover_can) StdoutLine: {'line': b'-- Found FastRTPS: /opt/ros/humble/include  \n'}
[7.286368] (rover_joy) StdoutLine: {'line': b"-- Using RMW implementation 'rmw_fastrtps_cpp' as default\n"}
[7.299903] (rover_antenna) StdoutLine: {'line': b'-- Looking for pthread.h\n'}
[7.318262] (rover_drive_train) StdoutLine: {'line': b"-- Using RMW implementation 'rmw_fastrtps_cpp' as default\n"}
[7.331687] (rover_joy) StdoutLine: {'line': b'-- Looking for pthread.h\n'}
[7.343543] (-) TimerEvent: {}
[7.390224] (rover_drive_train) StdoutLine: {'line': b'-- Looking for pthread.h\n'}
[7.394490] (rover_auxiliary) StdoutLine: {'line': b'-- Found FastRTPS: /opt/ros/humble/include  \n'}
[7.443663] (-) TimerEvent: {}
[7.529986] (rover_arm) StdoutLine: {'line': b'-- Looking for pthread.h - found\n'}
[7.531138] (rover_arm) StdoutLine: {'line': b'-- Performing Test CMAKE_HAVE_LIBC_PTHREAD\n'}
[7.539585] (rover_can) StdoutLine: {'line': b"-- Using RMW implementation 'rmw_fastrtps_cpp' as default\n"}
[7.545218] (-) TimerEvent: {}
[7.590629] (rover_auxiliary) StdoutLine: {'line': b"-- Using RMW implementation 'rmw_fastrtps_cpp' as default\n"}
[7.605677] (rover_antenna) StdoutLine: {'line': b'-- Looking for pthread.h - found\n'}
[7.606564] (rover_antenna) StdoutLine: {'line': b'-- Performing Test CMAKE_HAVE_LIBC_PTHREAD\n'}
[7.621572] (rover_can) StdoutLine: {'line': b'-- Looking for pthread.h\n'}
[7.626062] (rover_joy) StdoutLine: {'line': b'-- Looking for pthread.h - found\n'}
[7.633855] (rover_joy) StdoutLine: {'line': b'-- Performing Test CMAKE_HAVE_LIBC_PTHREAD\n'}
[7.650480] (-) TimerEvent: {}
[7.670381] (rover_auxiliary) StdoutLine: {'line': b'-- Looking for pthread.h\n'}
[7.750640] (-) TimerEvent: {}
[7.756025] (rover_drive_train) StdoutLine: {'line': b'-- Looking for pthread.h - found\n'}
[7.757859] (rover_drive_train) StdoutLine: {'line': b'-- Performing Test CMAKE_HAVE_LIBC_PTHREAD\n'}
[7.788691] (rover_arm) StdoutLine: {'line': b'-- Performing Test CMAKE_HAVE_LIBC_PTHREAD - Success\n'}
[7.797603] (rover_arm) StdoutLine: {'line': b'-- Found Threads: TRUE  \n'}
[7.853418] (-) TimerEvent: {}
[7.954040] (-) TimerEvent: {}
[7.974989] (rover_antenna) StdoutLine: {'line': b'-- Performing Test CMAKE_HAVE_LIBC_PTHREAD - Success\n'}
[7.984836] (rover_antenna) StdoutLine: {'line': b'-- Found Threads: TRUE  \n'}
[8.005441] (rover_joy) StdoutLine: {'line': b'-- Performing Test CMAKE_HAVE_LIBC_PTHREAD - Success\n'}
[8.013200] (rover_joy) StdoutLine: {'line': b'-- Found Threads: TRUE  \n'}
[8.027908] (rover_can) StdoutLine: {'line': b'-- Looking for pthread.h - found\n'}
[8.029021] (rover_auxiliary) StdoutLine: {'line': b'-- Looking for pthread.h - found\n'}
[8.030229] (rover_can) StdoutLine: {'line': b'-- Performing Test CMAKE_HAVE_LIBC_PTHREAD\n'}
[8.031081] (rover_auxiliary) StdoutLine: {'line': b'-- Performing Test CMAKE_HAVE_LIBC_PTHREAD\n'}
[8.056463] (-) TimerEvent: {}
[8.120763] (rover_drive_train) StdoutLine: {'line': b'-- Performing Test CMAKE_HAVE_LIBC_PTHREAD - Success\n'}
[8.123537] (rover_drive_train) StdoutLine: {'line': b'-- Found Threads: TRUE  \n'}
[8.156579] (-) TimerEvent: {}
[8.258735] (-) TimerEvent: {}
[8.331564] (rover_auxiliary) StdoutLine: {'line': b'-- Performing Test CMAKE_HAVE_LIBC_PTHREAD - Success\n'}
[8.335851] (rover_auxiliary) StdoutLine: {'line': b'-- Found Threads: TRUE  \n'}
[8.358950] (-) TimerEvent: {}
[8.363628] (rover_can) StdoutLine: {'line': b'-- Performing Test CMAKE_HAVE_LIBC_PTHREAD - Success\n'}
[8.369096] (rover_can) StdoutLine: {'line': b'-- Found Threads: TRUE  \n'}
[8.460547] (-) TimerEvent: {}
[8.479266] (rover_arm) StdoutLine: {'line': b'-- Found joy: 3.3.0 (/opt/ros/humble/share/joy/cmake)\n'}
[8.560700] (-) TimerEvent: {}
[8.625586] (rover_antenna) StdoutLine: {'line': b'-- Found rover_msgs: 0.0.0 (/home/chris/ros2_ws/src/rover/install/rover_msgs/share/rover_msgs/cmake)\n'}
[8.662420] (-) TimerEvent: {}
[8.747151] (rover_joy) StdoutLine: {'line': b'-- Found joy: 3.3.0 (/opt/ros/humble/share/joy/cmake)\n'}
[8.749677] (rover_drive_train) StdoutLine: {'line': b'-- Found joy: 3.3.0 (/opt/ros/humble/share/joy/cmake)\n'}
[8.762534] (-) TimerEvent: {}
[8.797923] (rover_security) StdoutLine: {'line': b'[100%] \x1b[32m\x1b[1mLinking CXX executable heartbeat\x1b[0m\n'}
[8.866419] (-) TimerEvent: {}
[8.882570] (rover_antenna) StdoutLine: {'line': b'-- Configuring done\n'}
[8.949849] (rover_antenna) StdoutLine: {'line': b'-- Generating done\n'}
[8.963140] (rover_antenna) StdoutLine: {'line': b'-- Build files have been written to: /home/chris/ros2_ws/src/rover/build/rover_antenna\n'}
[8.966528] (-) TimerEvent: {}
[8.995350] (rover_can) StdoutLine: {'line': b'-- Found rover_msgs: 0.0.0 (/home/chris/ros2_ws/src/rover/install/rover_msgs/share/rover_msgs/cmake)\n'}
[8.998534] (rover_sim) StdoutLine: {'line': b'running egg_info\n'}
[8.998936] (rover_sim) StdoutLine: {'line': b'creating ../build/rover_sim/rover_sim.egg-info\n'}
[8.999108] (rover_sim) StdoutLine: {'line': b'writing ../build/rover_sim/rover_sim.egg-info/PKG-INFO\n'}
[8.999264] (rover_sim) StdoutLine: {'line': b'writing dependency_links to ../build/rover_sim/rover_sim.egg-info/dependency_links.txt\n'}
[8.999453] (rover_sim) StdoutLine: {'line': b'writing entry points to ../build/rover_sim/rover_sim.egg-info/entry_points.txt\n'}
[8.999617] (rover_sim) StdoutLine: {'line': b'writing requirements to ../build/rover_sim/rover_sim.egg-info/requires.txt\n'}
[8.999771] (rover_sim) StdoutLine: {'line': b'writing top-level names to ../build/rover_sim/rover_sim.egg-info/top_level.txt\n'}
[8.999920] (rover_sim) StdoutLine: {'line': b"writing manifest file '../build/rover_sim/rover_sim.egg-info/SOURCES.txt'\n"}
[9.000069] (rover_sim) StdoutLine: {'line': b"reading manifest file '../build/rover_sim/rover_sim.egg-info/SOURCES.txt'\n"}
[9.000227] (rover_sim) StdoutLine: {'line': b"writing manifest file '../build/rover_sim/rover_sim.egg-info/SOURCES.txt'\n"}
[9.000421] (rover_sim) StdoutLine: {'line': b'running build\n'}
[9.000591] (rover_sim) StdoutLine: {'line': b'running build_py\n'}
[9.000741] (rover_sim) StdoutLine: {'line': b'creating /home/chris/ros2_ws/src/rover/build/rover_sim/build\n'}
[9.000892] (rover_sim) StdoutLine: {'line': b'creating /home/chris/ros2_ws/src/rover/build/rover_sim/build/lib\n'}
[9.001042] (rover_sim) StdoutLine: {'line': b'creating /home/chris/ros2_ws/src/rover/build/rover_sim/build/lib/rover_sim\n'}
[9.001192] (rover_sim) StdoutLine: {'line': b'copying rover_sim/main.py -> /home/chris/ros2_ws/src/rover/build/rover_sim/build/lib/rover_sim\n'}
[9.001349] (rover_sim) StdoutLine: {'line': b'copying rover_sim/__init__.py -> /home/chris/ros2_ws/src/rover/build/rover_sim/build/lib/rover_sim\n'}
[9.008497] (rover_sim) StdoutLine: {'line': b'running install\n'}
[9.008718] (rover_sim) StdoutLine: {'line': b'running install_lib\n'}
[9.008878] (rover_sim) StdoutLine: {'line': b'creating /home/chris/ros2_ws/src/rover/install/rover_sim/lib/python3.10/site-packages/rover_sim\n'}
[9.009034] (rover_sim) StdoutLine: {'line': b'copying /home/chris/ros2_ws/src/rover/build/rover_sim/build/lib/rover_sim/main.py -> /home/chris/ros2_ws/src/rover/install/rover_sim/lib/python3.10/site-packages/rover_sim\n'}
[9.009201] (rover_sim) StdoutLine: {'line': b'copying /home/chris/ros2_ws/src/rover/build/rover_sim/build/lib/rover_sim/__init__.py -> /home/chris/ros2_ws/src/rover/install/rover_sim/lib/python3.10/site-packages/rover_sim\n'}
[9.009363] (rover_sim) StdoutLine: {'line': b'byte-compiling /home/chris/ros2_ws/src/rover/install/rover_sim/lib/python3.10/site-packages/rover_sim/main.py to main.cpython-310.pyc\n'}
[9.009548] (rover_sim) StdoutLine: {'line': b'byte-compiling /home/chris/ros2_ws/src/rover/install/rover_sim/lib/python3.10/site-packages/rover_sim/__init__.py to __init__.cpython-310.pyc\n'}
[9.009718] (rover_sim) StdoutLine: {'line': b'running install_data\n'}
[9.009877] (rover_sim) StdoutLine: {'line': b'creating /home/chris/ros2_ws/src/rover/install/rover_sim/share/ament_index\n'}
[9.010025] (rover_sim) StdoutLine: {'line': b'creating /home/chris/ros2_ws/src/rover/install/rover_sim/share/ament_index/resource_index\n'}
[9.010159] (rover_sim) StdoutLine: {'line': b'creating /home/chris/ros2_ws/src/rover/install/rover_sim/share/ament_index/resource_index/packages\n'}
[9.010348] (rover_sim) StdoutLine: {'line': b'copying resource/rover_sim -> /home/chris/ros2_ws/src/rover/install/rover_sim/share/ament_index/resource_index/packages\n'}
[9.010520] (rover_sim) StdoutLine: {'line': b'copying package.xml -> /home/chris/ros2_ws/src/rover/install/rover_sim/share/rover_sim\n'}
[9.010678] (rover_sim) StdoutLine: {'line': b'creating /home/chris/ros2_ws/src/rover/install/rover_sim/share/rover_sim/launch\n'}
[9.010848] (rover_sim) StdoutLine: {'line': b'copying launch/sim.launch.py -> /home/chris/ros2_ws/src/rover/install/rover_sim/share/rover_sim/launch\n'}
[9.011010] (rover_sim) StdoutLine: {'line': b'running install_egg_info\n'}
[9.011155] (rover_sim) StdoutLine: {'line': b'Copying ../build/rover_sim/rover_sim.egg-info to /home/chris/ros2_ws/src/rover/install/rover_sim/lib/python3.10/site-packages/rover_sim-0.0.0-py3.10.egg-info\n'}
[9.011359] (rover_sim) StdoutLine: {'line': b'running install_scripts\n'}
[9.016594] (rover_sim) StdoutLine: {'line': b'Installing rover_sim script to /home/chris/ros2_ws/src/rover/install/rover_sim/lib/rover_sim\n'}
[9.016805] (rover_sim) StdoutLine: {'line': b"writing list of installed files to '/home/chris/ros2_ws/src/rover/build/rover_sim/install.log'\n"}
[9.016998] (rover_antenna) CommandEnded: {'returncode': 0}
[9.017853] (rover_antenna) JobProgress: {'identifier': 'rover_antenna', 'progress': 'build'}
[9.017921] (rover_antenna) Command: {'cmd': ['/usr/bin/cmake', '--build', '/home/chris/ros2_ws/src/rover/build/rover_antenna', '--', '-j12', '-l12'], 'cwd': '/home/chris/ros2_ws/src/rover/build/rover_antenna', 'env': OrderedDict([('GJS_DEBUG_TOPICS', 'JS ERROR;JS LOG'), ('LESSOPEN', '| /usr/bin/lesspipe %s'), ('USER', 'chris'), ('SSH_AGENT_PID', '2583'), ('XDG_SESSION_TYPE', 'x11'), ('SHLVL', '1'), ('LD_LIBRARY_PATH', '/home/chris/ros2_ws/src/rover/install/rover_msgs/lib:/home/chris/ros2_ws/install/rover_msgs/lib:/home/chris/ros2_ws/install/moveit_visual_tools/lib:/home/chris/ros2_ws/install/micro_ros_agent/lib:/home/chris/ros2_ws/install/micro_ros_msgs/lib:/usr/lib/x86_64-linux-gnu/gazebo-11/plugins:/opt/ros/humble/opt/rviz_ogre_vendor/lib:/opt/ros/humble/lib/x86_64-linux-gnu:/opt/ros/humble/lib'), ('HOME', '/home/chris'), ('OLDPWD', '/home/chris'), ('DESKTOP_SESSION', 'ubuntu'), ('NVM_BIN', '/home/chris/.nvm/versions/node/v18.20.0/bin'), ('NVM_INC', '/home/chris/.nvm/versions/node/v18.20.0/include/node'), ('GIO_LAUNCHED_DESKTOP_FILE', '/usr/share/applications/terminator.desktop'), ('ROS_PYTHON_VERSION', '3'), ('GNOME_SHELL_SESSION_MODE', 'ubuntu'), ('GTK_MODULES', 'gail:atk-bridge'), ('MANAGERPID', '2412'), ('SYSTEMD_EXEC_PID', '2681'), ('DBUS_SESSION_BUS_ADDRESS', 'unix:path=/run/user/1000/bus'), ('COLORTERM', 'truecolor'), ('TERMINATOR_DBUS_NAME', 'net.tenshu.Terminator21a9d5db22c73a993ff0b42f64b396873'), ('GIO_LAUNCHED_DESKTOP_FILE_PID', '5179'), ('NVM_DIR', '/home/chris/.nvm'), ('COLCON_PREFIX_PATH', '/home/chris/ros2_ws/install'), ('ROS_DISTRO', 'humble'), ('LOGNAME', 'chris'), ('JOURNAL_STREAM', '8:21130'), ('_', '/usr/bin/colcon'), ('ROS_VERSION', '2'), ('XDG_SESSION_CLASS', 'user'), ('USERNAME', 'chris'), ('TERM', 'xterm-256color'), ('GNOME_DESKTOP_SESSION_ID', 'this-is-deprecated'), ('ROS_LOCALHOST_ONLY', '0'), ('WINDOWPATH', '2'), ('PATH', '/home/chris/.nvm/versions/node/v18.20.0/bin:/opt/ros/humble/bin:/home/chris/.local/bin:/usr/local/sbin:/usr/local/bin:/usr/sbin:/usr/bin:/sbin:/bin:/usr/games:/usr/local/games:/snap/bin:/snap/bin:/home/chris/.local/bin'), ('SESSION_MANAGER', 'local/chris:@/tmp/.ICE-unix/2659,unix/chris:/tmp/.ICE-unix/2659'), ('INVOCATION_ID', '151282377277484193bb6d51fbdeb473'), ('XDG_MENU_PREFIX', 'gnome-'), ('XDG_RUNTIME_DIR', '/run/user/1000'), ('DISPLAY', ':0'), ('TERMINATOR_DBUS_PATH', '/net/tenshu/Terminator2'), ('LANG', 'en_US.UTF-8'), ('XDG_CURRENT_DESKTOP', 'ubuntu:GNOME'), ('IBUS_DISABLE_SNOOPER', '1'), ('XMODIFIERS', '@im=ibus'), ('XDG_SESSION_DESKTOP', 'ubuntu'), ('XAUTHORITY', '/run/user/1000/gdm/Xauthority'), ('LS_COLORS', 'rs=0:di=01;34:ln=01;36:mh=00:pi=40;33:so=01;35:do=01;35:bd=40;33;01:cd=40;33;01:or=40;31;01:mi=00:su=37;41:sg=30;43:ca=30;41:tw=30;42:ow=34;42:st=37;44:ex=01;32:*.tar=01;31:*.tgz=01;31:*.arc=01;31:*.arj=01;31:*.taz=01;31:*.lha=01;31:*.lz4=01;31:*.lzh=01;31:*.lzma=01;31:*.tlz=01;31:*.txz=01;31:*.tzo=01;31:*.t7z=01;31:*.zip=01;31:*.z=01;31:*.dz=01;31:*.gz=01;31:*.lrz=01;31:*.lz=01;31:*.lzo=01;31:*.xz=01;31:*.zst=01;31:*.tzst=01;31:*.bz2=01;31:*.bz=01;31:*.tbz=01;31:*.tbz2=01;31:*.tz=01;31:*.deb=01;31:*.rpm=01;31:*.jar=01;31:*.war=01;31:*.ear=01;31:*.sar=01;31:*.rar=01;31:*.alz=01;31:*.ace=01;31:*.zoo=01;31:*.cpio=01;31:*.7z=01;31:*.rz=01;31:*.cab=01;31:*.wim=01;31:*.swm=01;31:*.dwm=01;31:*.esd=01;31:*.jpg=01;35:*.jpeg=01;35:*.mjpg=01;35:*.mjpeg=01;35:*.gif=01;35:*.bmp=01;35:*.pbm=01;35:*.pgm=01;35:*.ppm=01;35:*.tga=01;35:*.xbm=01;35:*.xpm=01;35:*.tif=01;35:*.tiff=01;35:*.png=01;35:*.svg=01;35:*.svgz=01;35:*.mng=01;35:*.pcx=01;35:*.mov=01;35:*.mpg=01;35:*.mpeg=01;35:*.m2v=01;35:*.mkv=01;35:*.webm=01;35:*.webp=01;35:*.ogm=01;35:*.mp4=01;35:*.m4v=01;35:*.mp4v=01;35:*.vob=01;35:*.qt=01;35:*.nuv=01;35:*.wmv=01;35:*.asf=01;35:*.rm=01;35:*.rmvb=01;35:*.flc=01;35:*.avi=01;35:*.fli=01;35:*.flv=01;35:*.gl=01;35:*.dl=01;35:*.xcf=01;35:*.xwd=01;35:*.yuv=01;35:*.cgm=01;35:*.emf=01;35:*.ogv=01;35:*.ogx=01;35:*.aac=00;36:*.au=00;36:*.flac=00;36:*.m4a=00;36:*.mid=00;36:*.midi=00;36:*.mka=00;36:*.mp3=00;36:*.mpc=00;36:*.ogg=00;36:*.ra=00;36:*.wav=00;36:*.oga=00;36:*.opus=00;36:*.spx=00;36:*.xspf=00;36:'), ('SSH_AUTH_SOCK', '/run/user/1000/keyring/ssh'), ('AMENT_PREFIX_PATH', '/home/chris/ros2_ws/src/rover/install/rover_msgs:/home/chris/ros2_ws/install/rover_sim:/home/chris/ros2_ws/install/rover_security:/home/chris/ros2_ws/install/rover_gui:/home/chris/ros2_ws/install/rover_can:/home/chris/ros2_ws/install/rover_auxiliary:/home/chris/ros2_ws/install/rover_antenna:/home/chris/ros2_ws/install/rover_msgs:/home/chris/ros2_ws/install/panorama:/home/chris/ros2_ws/install/moveit_visual_tools:/home/chris/ros2_ws/install/moveit_resources_prbt_support:/home/chris/ros2_ws/install/moveit_controller:/home/chris/ros2_ws/install/fanuc_crx_simulation:/home/chris/ros2_ws/install/moveit_configs_utils:/home/chris/ros2_ws/install/moveit_common:/home/chris/ros2_ws/install/micro_ros_setup:/home/chris/ros2_ws/install/micro_ros_agent:/home/chris/ros2_ws/install/micro_ros_msgs:/opt/ros/humble'), ('SHELL', '/bin/bash'), ('TERMINATOR_UUID', 'urn:uuid:c5ceb889-5994-4d28-b93f-d4dbf77a5b4e'), ('QT_ACCESSIBILITY', '1'), ('GDMSESSION', 'ubuntu'), ('LESSCLOSE', '/usr/bin/lesspipe %s %s'), ('GJS_DEBUG_OUTPUT', 'stderr'), ('QT_IM_MODULE', 'ibus'), ('PWD', '/home/chris/ros2_ws/src/rover/build/rover_antenna'), ('XDG_CONFIG_DIRS', '/etc/xdg/xdg-ubuntu:/etc/xdg'), ('NVM_CD_FLAGS', ''), ('XDG_DATA_DIRS', '/usr/share/ubuntu:/usr/share/gnome:/usr/local/share/:/usr/share/:/var/lib/snapd/desktop'), ('PYTHONPATH', '/home/chris/ros2_ws/src/rover/install/rover_msgs/local/lib/python3.10/dist-packages:/home/chris/ros2_ws/install/rover_sim/lib/python3.10/site-packages:/home/chris/ros2_ws/install/rover_msgs/local/lib/python3.10/dist-packages:/home/chris/ros2_ws/install/panorama/lib/python3.10/site-packages:/home/chris/ros2_ws/install/moveit_controller/local/lib/python3.10/dist-packages:/home/chris/ros2_ws/install/moveit_configs_utils/lib/python3.10/site-packages:/home/chris/ros2_ws/install/micro_ros_msgs/local/lib/python3.10/dist-packages:/opt/ros/humble/lib/python3.10/site-packages:/opt/ros/humble/local/lib/python3.10/dist-packages'), ('COLCON', '1'), ('VTE_VERSION', '6800'), ('CMAKE_PREFIX_PATH', '/home/chris/ros2_ws/src/rover/install/rover_msgs:/home/chris/ros2_ws/install/rover_security:/home/chris/ros2_ws/install/rover_gui:/home/chris/ros2_ws/install/rover_can:/home/chris/ros2_ws/install/rover_auxiliary:/home/chris/ros2_ws/install/rover_antenna:/home/chris/ros2_ws/install/rover_msgs:/home/chris/ros2_ws/install/moveit_visual_tools:/home/chris/ros2_ws/install/moveit_resources_prbt_support:/home/chris/ros2_ws/install/moveit_controller:/home/chris/ros2_ws/install/fanuc_crx_simulation:/home/chris/ros2_ws/install/moveit_common:/home/chris/ros2_ws/install/micro_ros_setup:/home/chris/ros2_ws/install/micro_ros_agent:/home/chris/ros2_ws/install/micro_ros_msgs:/home/chris/ros2_ws/install/rover_sim:/home/chris/ros2_ws/install/panorama:/home/chris/ros2_ws/install/moveit_configs_utils:/opt/ros/humble')]), 'shell': False}
[9.018785] (rover_sim) CommandEnded: {'returncode': 0}
[9.067525] (rover_auxiliary) StdoutLine: {'line': b'-- Found rover_msgs: 0.0.0 (/home/chris/ros2_ws/src/rover/install/rover_msgs/share/rover_msgs/cmake)\n'}
[9.071674] (-) TimerEvent: {}
[9.167651] (rover_arm) StdoutLine: {'line': b'-- Found rover_msgs: 0.0.0 (/home/chris/ros2_ws/src/rover/install/rover_msgs/share/rover_msgs/cmake)\n'}
[9.174888] (-) TimerEvent: {}
[9.246118] (rover_antenna) StdoutLine: {'line': b'[ 16%] \x1b[32mBuilding CXX object CMakeFiles/jog_antenna.dir/src/jog_antenna.cpp.o\x1b[0m\n'}
[9.268895] (rover_antenna) StdoutLine: {'line': b'[ 33%] \x1b[32mBuilding CXX object CMakeFiles/autonomus.dir/src/autonomus.cpp.o\x1b[0m\n'}
[9.280920] (rover_antenna) StdoutLine: {'line': b'[ 50%] \x1b[32mBuilding CXX object CMakeFiles/arbitration.dir/src/arbitration.cpp.o\x1b[0m\n'}
[9.281271] (-) TimerEvent: {}
[9.301409] (rover_sim) JobEnded: {'identifier': 'rover_sim', 'rc': 0}
[9.355478] (rover_can) StdoutLine: {'line': b'-- Configuring done\n'}
[9.381389] (-) TimerEvent: {}
[9.401477] (rover_auxiliary) StdoutLine: {'line': b'-- Configuring done\n'}
[9.414030] (rover_can) StdoutLine: {'line': b'-- Generating done\n'}
[9.424800] (rover_can) StdoutLine: {'line': b'-- Build files have been written to: /home/chris/ros2_ws/src/rover/build/rover_can\n'}
[9.446413] (rover_drive_train) StdoutLine: {'line': b'-- Found rover_msgs: 0.0.0 (/home/chris/ros2_ws/src/rover/install/rover_msgs/share/rover_msgs/cmake)\n'}
[9.469504] (rover_arm) StdoutLine: {'line': b'-- Configuring done\n'}
[9.475818] (rover_can) CommandEnded: {'returncode': 0}
[9.488735] (-) TimerEvent: {}
[9.489074] (rover_can) JobProgress: {'identifier': 'rover_can', 'progress': 'build'}
[9.489146] (rover_can) Command: {'cmd': ['/usr/bin/cmake', '--build', '/home/chris/ros2_ws/src/rover/build/rover_can', '--', '-j12', '-l12'], 'cwd': '/home/chris/ros2_ws/src/rover/build/rover_can', 'env': OrderedDict([('GJS_DEBUG_TOPICS', 'JS ERROR;JS LOG'), ('LESSOPEN', '| /usr/bin/lesspipe %s'), ('USER', 'chris'), ('SSH_AGENT_PID', '2583'), ('XDG_SESSION_TYPE', 'x11'), ('SHLVL', '1'), ('LD_LIBRARY_PATH', '/home/chris/ros2_ws/src/rover/install/rover_msgs/lib:/home/chris/ros2_ws/install/rover_msgs/lib:/home/chris/ros2_ws/install/moveit_visual_tools/lib:/home/chris/ros2_ws/install/micro_ros_agent/lib:/home/chris/ros2_ws/install/micro_ros_msgs/lib:/usr/lib/x86_64-linux-gnu/gazebo-11/plugins:/opt/ros/humble/opt/rviz_ogre_vendor/lib:/opt/ros/humble/lib/x86_64-linux-gnu:/opt/ros/humble/lib'), ('HOME', '/home/chris'), ('OLDPWD', '/home/chris'), ('DESKTOP_SESSION', 'ubuntu'), ('NVM_BIN', '/home/chris/.nvm/versions/node/v18.20.0/bin'), ('NVM_INC', '/home/chris/.nvm/versions/node/v18.20.0/include/node'), ('GIO_LAUNCHED_DESKTOP_FILE', '/usr/share/applications/terminator.desktop'), ('ROS_PYTHON_VERSION', '3'), ('GNOME_SHELL_SESSION_MODE', 'ubuntu'), ('GTK_MODULES', 'gail:atk-bridge'), ('MANAGERPID', '2412'), ('SYSTEMD_EXEC_PID', '2681'), ('DBUS_SESSION_BUS_ADDRESS', 'unix:path=/run/user/1000/bus'), ('COLORTERM', 'truecolor'), ('TERMINATOR_DBUS_NAME', 'net.tenshu.Terminator21a9d5db22c73a993ff0b42f64b396873'), ('GIO_LAUNCHED_DESKTOP_FILE_PID', '5179'), ('NVM_DIR', '/home/chris/.nvm'), ('COLCON_PREFIX_PATH', '/home/chris/ros2_ws/install'), ('ROS_DISTRO', 'humble'), ('LOGNAME', 'chris'), ('JOURNAL_STREAM', '8:21130'), ('_', '/usr/bin/colcon'), ('ROS_VERSION', '2'), ('XDG_SESSION_CLASS', 'user'), ('USERNAME', 'chris'), ('TERM', 'xterm-256color'), ('GNOME_DESKTOP_SESSION_ID', 'this-is-deprecated'), ('ROS_LOCALHOST_ONLY', '0'), ('WINDOWPATH', '2'), ('PATH', '/home/chris/.nvm/versions/node/v18.20.0/bin:/opt/ros/humble/bin:/home/chris/.local/bin:/usr/local/sbin:/usr/local/bin:/usr/sbin:/usr/bin:/sbin:/bin:/usr/games:/usr/local/games:/snap/bin:/snap/bin:/home/chris/.local/bin'), ('SESSION_MANAGER', 'local/chris:@/tmp/.ICE-unix/2659,unix/chris:/tmp/.ICE-unix/2659'), ('INVOCATION_ID', '151282377277484193bb6d51fbdeb473'), ('XDG_MENU_PREFIX', 'gnome-'), ('XDG_RUNTIME_DIR', '/run/user/1000'), ('DISPLAY', ':0'), ('TERMINATOR_DBUS_PATH', '/net/tenshu/Terminator2'), ('LANG', 'en_US.UTF-8'), ('XDG_CURRENT_DESKTOP', 'ubuntu:GNOME'), ('IBUS_DISABLE_SNOOPER', '1'), ('XMODIFIERS', '@im=ibus'), ('XDG_SESSION_DESKTOP', 'ubuntu'), ('XAUTHORITY', '/run/user/1000/gdm/Xauthority'), ('LS_COLORS', 'rs=0:di=01;34:ln=01;36:mh=00:pi=40;33:so=01;35:do=01;35:bd=40;33;01:cd=40;33;01:or=40;31;01:mi=00:su=37;41:sg=30;43:ca=30;41:tw=30;42:ow=34;42:st=37;44:ex=01;32:*.tar=01;31:*.tgz=01;31:*.arc=01;31:*.arj=01;31:*.taz=01;31:*.lha=01;31:*.lz4=01;31:*.lzh=01;31:*.lzma=01;31:*.tlz=01;31:*.txz=01;31:*.tzo=01;31:*.t7z=01;31:*.zip=01;31:*.z=01;31:*.dz=01;31:*.gz=01;31:*.lrz=01;31:*.lz=01;31:*.lzo=01;31:*.xz=01;31:*.zst=01;31:*.tzst=01;31:*.bz2=01;31:*.bz=01;31:*.tbz=01;31:*.tbz2=01;31:*.tz=01;31:*.deb=01;31:*.rpm=01;31:*.jar=01;31:*.war=01;31:*.ear=01;31:*.sar=01;31:*.rar=01;31:*.alz=01;31:*.ace=01;31:*.zoo=01;31:*.cpio=01;31:*.7z=01;31:*.rz=01;31:*.cab=01;31:*.wim=01;31:*.swm=01;31:*.dwm=01;31:*.esd=01;31:*.jpg=01;35:*.jpeg=01;35:*.mjpg=01;35:*.mjpeg=01;35:*.gif=01;35:*.bmp=01;35:*.pbm=01;35:*.pgm=01;35:*.ppm=01;35:*.tga=01;35:*.xbm=01;35:*.xpm=01;35:*.tif=01;35:*.tiff=01;35:*.png=01;35:*.svg=01;35:*.svgz=01;35:*.mng=01;35:*.pcx=01;35:*.mov=01;35:*.mpg=01;35:*.mpeg=01;35:*.m2v=01;35:*.mkv=01;35:*.webm=01;35:*.webp=01;35:*.ogm=01;35:*.mp4=01;35:*.m4v=01;35:*.mp4v=01;35:*.vob=01;35:*.qt=01;35:*.nuv=01;35:*.wmv=01;35:*.asf=01;35:*.rm=01;35:*.rmvb=01;35:*.flc=01;35:*.avi=01;35:*.fli=01;35:*.flv=01;35:*.gl=01;35:*.dl=01;35:*.xcf=01;35:*.xwd=01;35:*.yuv=01;35:*.cgm=01;35:*.emf=01;35:*.ogv=01;35:*.ogx=01;35:*.aac=00;36:*.au=00;36:*.flac=00;36:*.m4a=00;36:*.mid=00;36:*.midi=00;36:*.mka=00;36:*.mp3=00;36:*.mpc=00;36:*.ogg=00;36:*.ra=00;36:*.wav=00;36:*.oga=00;36:*.opus=00;36:*.spx=00;36:*.xspf=00;36:'), ('SSH_AUTH_SOCK', '/run/user/1000/keyring/ssh'), ('AMENT_PREFIX_PATH', '/home/chris/ros2_ws/src/rover/install/rover_msgs:/home/chris/ros2_ws/install/rover_sim:/home/chris/ros2_ws/install/rover_security:/home/chris/ros2_ws/install/rover_gui:/home/chris/ros2_ws/install/rover_can:/home/chris/ros2_ws/install/rover_auxiliary:/home/chris/ros2_ws/install/rover_antenna:/home/chris/ros2_ws/install/rover_msgs:/home/chris/ros2_ws/install/panorama:/home/chris/ros2_ws/install/moveit_visual_tools:/home/chris/ros2_ws/install/moveit_resources_prbt_support:/home/chris/ros2_ws/install/moveit_controller:/home/chris/ros2_ws/install/fanuc_crx_simulation:/home/chris/ros2_ws/install/moveit_configs_utils:/home/chris/ros2_ws/install/moveit_common:/home/chris/ros2_ws/install/micro_ros_setup:/home/chris/ros2_ws/install/micro_ros_agent:/home/chris/ros2_ws/install/micro_ros_msgs:/opt/ros/humble'), ('SHELL', '/bin/bash'), ('TERMINATOR_UUID', 'urn:uuid:c5ceb889-5994-4d28-b93f-d4dbf77a5b4e'), ('QT_ACCESSIBILITY', '1'), ('GDMSESSION', 'ubuntu'), ('LESSCLOSE', '/usr/bin/lesspipe %s %s'), ('GJS_DEBUG_OUTPUT', 'stderr'), ('QT_IM_MODULE', 'ibus'), ('PWD', '/home/chris/ros2_ws/src/rover/build/rover_can'), ('XDG_CONFIG_DIRS', '/etc/xdg/xdg-ubuntu:/etc/xdg'), ('NVM_CD_FLAGS', ''), ('XDG_DATA_DIRS', '/usr/share/ubuntu:/usr/share/gnome:/usr/local/share/:/usr/share/:/var/lib/snapd/desktop'), ('PYTHONPATH', '/home/chris/ros2_ws/src/rover/install/rover_msgs/local/lib/python3.10/dist-packages:/home/chris/ros2_ws/install/rover_sim/lib/python3.10/site-packages:/home/chris/ros2_ws/install/rover_msgs/local/lib/python3.10/dist-packages:/home/chris/ros2_ws/install/panorama/lib/python3.10/site-packages:/home/chris/ros2_ws/install/moveit_controller/local/lib/python3.10/dist-packages:/home/chris/ros2_ws/install/moveit_configs_utils/lib/python3.10/site-packages:/home/chris/ros2_ws/install/micro_ros_msgs/local/lib/python3.10/dist-packages:/opt/ros/humble/lib/python3.10/site-packages:/opt/ros/humble/local/lib/python3.10/dist-packages'), ('COLCON', '1'), ('VTE_VERSION', '6800'), ('CMAKE_PREFIX_PATH', '/home/chris/ros2_ws/src/rover/install/rover_msgs:/home/chris/ros2_ws/install/rover_security:/home/chris/ros2_ws/install/rover_gui:/home/chris/ros2_ws/install/rover_can:/home/chris/ros2_ws/install/rover_auxiliary:/home/chris/ros2_ws/install/rover_antenna:/home/chris/ros2_ws/install/rover_msgs:/home/chris/ros2_ws/install/moveit_visual_tools:/home/chris/ros2_ws/install/moveit_resources_prbt_support:/home/chris/ros2_ws/install/moveit_controller:/home/chris/ros2_ws/install/fanuc_crx_simulation:/home/chris/ros2_ws/install/moveit_common:/home/chris/ros2_ws/install/micro_ros_setup:/home/chris/ros2_ws/install/micro_ros_agent:/home/chris/ros2_ws/install/micro_ros_msgs:/home/chris/ros2_ws/install/rover_sim:/home/chris/ros2_ws/install/panorama:/home/chris/ros2_ws/install/moveit_configs_utils:/opt/ros/humble')]), 'shell': False}
[9.496958] (rover_auxiliary) StdoutLine: {'line': b'-- Generating done\n'}
[9.499543] (rover_auxiliary) StdoutLine: {'line': b'-- Build files have been written to: /home/chris/ros2_ws/src/rover/build/rover_auxiliary\n'}
[9.520794] (rover_joy) StdoutLine: {'line': b'-- Found rover_msgs: 0.0.0 (/home/chris/ros2_ws/src/rover/install/rover_msgs/share/rover_msgs/cmake)\n'}
[9.534489] (rover_arm) StdoutLine: {'line': b'-- Generating done\n'}
[9.542836] (rover_arm) StdoutLine: {'line': b'-- Build files have been written to: /home/chris/ros2_ws/src/rover/build/rover_arm\n'}
[9.553941] (rover_auxiliary) CommandEnded: {'returncode': 0}
[9.555325] (rover_auxiliary) JobProgress: {'identifier': 'rover_auxiliary', 'progress': 'build'}
[9.555972] (rover_auxiliary) Command: {'cmd': ['/usr/bin/cmake', '--build', '/home/chris/ros2_ws/src/rover/build/rover_auxiliary', '--', '-j12', '-l12'], 'cwd': '/home/chris/ros2_ws/src/rover/build/rover_auxiliary', 'env': OrderedDict([('GJS_DEBUG_TOPICS', 'JS ERROR;JS LOG'), ('LESSOPEN', '| /usr/bin/lesspipe %s'), ('USER', 'chris'), ('SSH_AGENT_PID', '2583'), ('XDG_SESSION_TYPE', 'x11'), ('SHLVL', '1'), ('LD_LIBRARY_PATH', '/home/chris/ros2_ws/src/rover/install/rover_msgs/lib:/home/chris/ros2_ws/install/rover_msgs/lib:/home/chris/ros2_ws/install/moveit_visual_tools/lib:/home/chris/ros2_ws/install/micro_ros_agent/lib:/home/chris/ros2_ws/install/micro_ros_msgs/lib:/usr/lib/x86_64-linux-gnu/gazebo-11/plugins:/opt/ros/humble/opt/rviz_ogre_vendor/lib:/opt/ros/humble/lib/x86_64-linux-gnu:/opt/ros/humble/lib'), ('HOME', '/home/chris'), ('OLDPWD', '/home/chris'), ('DESKTOP_SESSION', 'ubuntu'), ('NVM_BIN', '/home/chris/.nvm/versions/node/v18.20.0/bin'), ('NVM_INC', '/home/chris/.nvm/versions/node/v18.20.0/include/node'), ('GIO_LAUNCHED_DESKTOP_FILE', '/usr/share/applications/terminator.desktop'), ('ROS_PYTHON_VERSION', '3'), ('GNOME_SHELL_SESSION_MODE', 'ubuntu'), ('GTK_MODULES', 'gail:atk-bridge'), ('MANAGERPID', '2412'), ('SYSTEMD_EXEC_PID', '2681'), ('DBUS_SESSION_BUS_ADDRESS', 'unix:path=/run/user/1000/bus'), ('COLORTERM', 'truecolor'), ('TERMINATOR_DBUS_NAME', 'net.tenshu.Terminator21a9d5db22c73a993ff0b42f64b396873'), ('GIO_LAUNCHED_DESKTOP_FILE_PID', '5179'), ('NVM_DIR', '/home/chris/.nvm'), ('COLCON_PREFIX_PATH', '/home/chris/ros2_ws/install'), ('ROS_DISTRO', 'humble'), ('LOGNAME', 'chris'), ('JOURNAL_STREAM', '8:21130'), ('_', '/usr/bin/colcon'), ('ROS_VERSION', '2'), ('XDG_SESSION_CLASS', 'user'), ('USERNAME', 'chris'), ('TERM', 'xterm-256color'), ('GNOME_DESKTOP_SESSION_ID', 'this-is-deprecated'), ('ROS_LOCALHOST_ONLY', '0'), ('WINDOWPATH', '2'), ('PATH', '/home/chris/.nvm/versions/node/v18.20.0/bin:/opt/ros/humble/bin:/home/chris/.local/bin:/usr/local/sbin:/usr/local/bin:/usr/sbin:/usr/bin:/sbin:/bin:/usr/games:/usr/local/games:/snap/bin:/snap/bin:/home/chris/.local/bin'), ('SESSION_MANAGER', 'local/chris:@/tmp/.ICE-unix/2659,unix/chris:/tmp/.ICE-unix/2659'), ('INVOCATION_ID', '151282377277484193bb6d51fbdeb473'), ('XDG_MENU_PREFIX', 'gnome-'), ('XDG_RUNTIME_DIR', '/run/user/1000'), ('DISPLAY', ':0'), ('TERMINATOR_DBUS_PATH', '/net/tenshu/Terminator2'), ('LANG', 'en_US.UTF-8'), ('XDG_CURRENT_DESKTOP', 'ubuntu:GNOME'), ('IBUS_DISABLE_SNOOPER', '1'), ('XMODIFIERS', '@im=ibus'), ('XDG_SESSION_DESKTOP', 'ubuntu'), ('XAUTHORITY', '/run/user/1000/gdm/Xauthority'), ('LS_COLORS', 'rs=0:di=01;34:ln=01;36:mh=00:pi=40;33:so=01;35:do=01;35:bd=40;33;01:cd=40;33;01:or=40;31;01:mi=00:su=37;41:sg=30;43:ca=30;41:tw=30;42:ow=34;42:st=37;44:ex=01;32:*.tar=01;31:*.tgz=01;31:*.arc=01;31:*.arj=01;31:*.taz=01;31:*.lha=01;31:*.lz4=01;31:*.lzh=01;31:*.lzma=01;31:*.tlz=01;31:*.txz=01;31:*.tzo=01;31:*.t7z=01;31:*.zip=01;31:*.z=01;31:*.dz=01;31:*.gz=01;31:*.lrz=01;31:*.lz=01;31:*.lzo=01;31:*.xz=01;31:*.zst=01;31:*.tzst=01;31:*.bz2=01;31:*.bz=01;31:*.tbz=01;31:*.tbz2=01;31:*.tz=01;31:*.deb=01;31:*.rpm=01;31:*.jar=01;31:*.war=01;31:*.ear=01;31:*.sar=01;31:*.rar=01;31:*.alz=01;31:*.ace=01;31:*.zoo=01;31:*.cpio=01;31:*.7z=01;31:*.rz=01;31:*.cab=01;31:*.wim=01;31:*.swm=01;31:*.dwm=01;31:*.esd=01;31:*.jpg=01;35:*.jpeg=01;35:*.mjpg=01;35:*.mjpeg=01;35:*.gif=01;35:*.bmp=01;35:*.pbm=01;35:*.pgm=01;35:*.ppm=01;35:*.tga=01;35:*.xbm=01;35:*.xpm=01;35:*.tif=01;35:*.tiff=01;35:*.png=01;35:*.svg=01;35:*.svgz=01;35:*.mng=01;35:*.pcx=01;35:*.mov=01;35:*.mpg=01;35:*.mpeg=01;35:*.m2v=01;35:*.mkv=01;35:*.webm=01;35:*.webp=01;35:*.ogm=01;35:*.mp4=01;35:*.m4v=01;35:*.mp4v=01;35:*.vob=01;35:*.qt=01;35:*.nuv=01;35:*.wmv=01;35:*.asf=01;35:*.rm=01;35:*.rmvb=01;35:*.flc=01;35:*.avi=01;35:*.fli=01;35:*.flv=01;35:*.gl=01;35:*.dl=01;35:*.xcf=01;35:*.xwd=01;35:*.yuv=01;35:*.cgm=01;35:*.emf=01;35:*.ogv=01;35:*.ogx=01;35:*.aac=00;36:*.au=00;36:*.flac=00;36:*.m4a=00;36:*.mid=00;36:*.midi=00;36:*.mka=00;36:*.mp3=00;36:*.mpc=00;36:*.ogg=00;36:*.ra=00;36:*.wav=00;36:*.oga=00;36:*.opus=00;36:*.spx=00;36:*.xspf=00;36:'), ('SSH_AUTH_SOCK', '/run/user/1000/keyring/ssh'), ('AMENT_PREFIX_PATH', '/home/chris/ros2_ws/src/rover/install/rover_msgs:/home/chris/ros2_ws/install/rover_sim:/home/chris/ros2_ws/install/rover_security:/home/chris/ros2_ws/install/rover_gui:/home/chris/ros2_ws/install/rover_can:/home/chris/ros2_ws/install/rover_auxiliary:/home/chris/ros2_ws/install/rover_antenna:/home/chris/ros2_ws/install/rover_msgs:/home/chris/ros2_ws/install/panorama:/home/chris/ros2_ws/install/moveit_visual_tools:/home/chris/ros2_ws/install/moveit_resources_prbt_support:/home/chris/ros2_ws/install/moveit_controller:/home/chris/ros2_ws/install/fanuc_crx_simulation:/home/chris/ros2_ws/install/moveit_configs_utils:/home/chris/ros2_ws/install/moveit_common:/home/chris/ros2_ws/install/micro_ros_setup:/home/chris/ros2_ws/install/micro_ros_agent:/home/chris/ros2_ws/install/micro_ros_msgs:/opt/ros/humble'), ('SHELL', '/bin/bash'), ('TERMINATOR_UUID', 'urn:uuid:c5ceb889-5994-4d28-b93f-d4dbf77a5b4e'), ('QT_ACCESSIBILITY', '1'), ('GDMSESSION', 'ubuntu'), ('LESSCLOSE', '/usr/bin/lesspipe %s %s'), ('GJS_DEBUG_OUTPUT', 'stderr'), ('QT_IM_MODULE', 'ibus'), ('PWD', '/home/chris/ros2_ws/src/rover/build/rover_auxiliary'), ('XDG_CONFIG_DIRS', '/etc/xdg/xdg-ubuntu:/etc/xdg'), ('NVM_CD_FLAGS', ''), ('XDG_DATA_DIRS', '/usr/share/ubuntu:/usr/share/gnome:/usr/local/share/:/usr/share/:/var/lib/snapd/desktop'), ('PYTHONPATH', '/home/chris/ros2_ws/src/rover/install/rover_msgs/local/lib/python3.10/dist-packages:/home/chris/ros2_ws/install/rover_sim/lib/python3.10/site-packages:/home/chris/ros2_ws/install/rover_msgs/local/lib/python3.10/dist-packages:/home/chris/ros2_ws/install/panorama/lib/python3.10/site-packages:/home/chris/ros2_ws/install/moveit_controller/local/lib/python3.10/dist-packages:/home/chris/ros2_ws/install/moveit_configs_utils/lib/python3.10/site-packages:/home/chris/ros2_ws/install/micro_ros_msgs/local/lib/python3.10/dist-packages:/opt/ros/humble/lib/python3.10/site-packages:/opt/ros/humble/local/lib/python3.10/dist-packages'), ('COLCON', '1'), ('VTE_VERSION', '6800'), ('CMAKE_PREFIX_PATH', '/home/chris/ros2_ws/src/rover/install/rover_msgs:/home/chris/ros2_ws/install/rover_security:/home/chris/ros2_ws/install/rover_gui:/home/chris/ros2_ws/install/rover_can:/home/chris/ros2_ws/install/rover_auxiliary:/home/chris/ros2_ws/install/rover_antenna:/home/chris/ros2_ws/install/rover_msgs:/home/chris/ros2_ws/install/moveit_visual_tools:/home/chris/ros2_ws/install/moveit_resources_prbt_support:/home/chris/ros2_ws/install/moveit_controller:/home/chris/ros2_ws/install/fanuc_crx_simulation:/home/chris/ros2_ws/install/moveit_common:/home/chris/ros2_ws/install/micro_ros_setup:/home/chris/ros2_ws/install/micro_ros_agent:/home/chris/ros2_ws/install/micro_ros_msgs:/home/chris/ros2_ws/install/rover_sim:/home/chris/ros2_ws/install/panorama:/home/chris/ros2_ws/install/moveit_configs_utils:/opt/ros/humble')]), 'shell': False}
[9.591422] (-) TimerEvent: {}
[9.603617] (rover_arm) CommandEnded: {'returncode': 0}
[9.604606] (rover_arm) JobProgress: {'identifier': 'rover_arm', 'progress': 'build'}
[9.604676] (rover_arm) Command: {'cmd': ['/usr/bin/cmake', '--build', '/home/chris/ros2_ws/src/rover/build/rover_arm', '--', '-j12', '-l12'], 'cwd': '/home/chris/ros2_ws/src/rover/build/rover_arm', 'env': OrderedDict([('GJS_DEBUG_TOPICS', 'JS ERROR;JS LOG'), ('LESSOPEN', '| /usr/bin/lesspipe %s'), ('USER', 'chris'), ('SSH_AGENT_PID', '2583'), ('XDG_SESSION_TYPE', 'x11'), ('SHLVL', '1'), ('LD_LIBRARY_PATH', '/home/chris/ros2_ws/src/rover/install/rover_msgs/lib:/home/chris/ros2_ws/install/rover_msgs/lib:/home/chris/ros2_ws/install/moveit_visual_tools/lib:/home/chris/ros2_ws/install/micro_ros_agent/lib:/home/chris/ros2_ws/install/micro_ros_msgs/lib:/usr/lib/x86_64-linux-gnu/gazebo-11/plugins:/opt/ros/humble/opt/rviz_ogre_vendor/lib:/opt/ros/humble/lib/x86_64-linux-gnu:/opt/ros/humble/lib'), ('HOME', '/home/chris'), ('OLDPWD', '/home/chris'), ('DESKTOP_SESSION', 'ubuntu'), ('NVM_BIN', '/home/chris/.nvm/versions/node/v18.20.0/bin'), ('NVM_INC', '/home/chris/.nvm/versions/node/v18.20.0/include/node'), ('GIO_LAUNCHED_DESKTOP_FILE', '/usr/share/applications/terminator.desktop'), ('ROS_PYTHON_VERSION', '3'), ('GNOME_SHELL_SESSION_MODE', 'ubuntu'), ('GTK_MODULES', 'gail:atk-bridge'), ('MANAGERPID', '2412'), ('SYSTEMD_EXEC_PID', '2681'), ('DBUS_SESSION_BUS_ADDRESS', 'unix:path=/run/user/1000/bus'), ('COLORTERM', 'truecolor'), ('TERMINATOR_DBUS_NAME', 'net.tenshu.Terminator21a9d5db22c73a993ff0b42f64b396873'), ('GIO_LAUNCHED_DESKTOP_FILE_PID', '5179'), ('NVM_DIR', '/home/chris/.nvm'), ('COLCON_PREFIX_PATH', '/home/chris/ros2_ws/install'), ('ROS_DISTRO', 'humble'), ('LOGNAME', 'chris'), ('JOURNAL_STREAM', '8:21130'), ('_', '/usr/bin/colcon'), ('ROS_VERSION', '2'), ('XDG_SESSION_CLASS', 'user'), ('USERNAME', 'chris'), ('TERM', 'xterm-256color'), ('GNOME_DESKTOP_SESSION_ID', 'this-is-deprecated'), ('ROS_LOCALHOST_ONLY', '0'), ('WINDOWPATH', '2'), ('PATH', '/home/chris/.nvm/versions/node/v18.20.0/bin:/opt/ros/humble/bin:/home/chris/.local/bin:/usr/local/sbin:/usr/local/bin:/usr/sbin:/usr/bin:/sbin:/bin:/usr/games:/usr/local/games:/snap/bin:/snap/bin:/home/chris/.local/bin'), ('SESSION_MANAGER', 'local/chris:@/tmp/.ICE-unix/2659,unix/chris:/tmp/.ICE-unix/2659'), ('INVOCATION_ID', '151282377277484193bb6d51fbdeb473'), ('XDG_MENU_PREFIX', 'gnome-'), ('XDG_RUNTIME_DIR', '/run/user/1000'), ('DISPLAY', ':0'), ('TERMINATOR_DBUS_PATH', '/net/tenshu/Terminator2'), ('LANG', 'en_US.UTF-8'), ('XDG_CURRENT_DESKTOP', 'ubuntu:GNOME'), ('IBUS_DISABLE_SNOOPER', '1'), ('XMODIFIERS', '@im=ibus'), ('XDG_SESSION_DESKTOP', 'ubuntu'), ('XAUTHORITY', '/run/user/1000/gdm/Xauthority'), ('LS_COLORS', 'rs=0:di=01;34:ln=01;36:mh=00:pi=40;33:so=01;35:do=01;35:bd=40;33;01:cd=40;33;01:or=40;31;01:mi=00:su=37;41:sg=30;43:ca=30;41:tw=30;42:ow=34;42:st=37;44:ex=01;32:*.tar=01;31:*.tgz=01;31:*.arc=01;31:*.arj=01;31:*.taz=01;31:*.lha=01;31:*.lz4=01;31:*.lzh=01;31:*.lzma=01;31:*.tlz=01;31:*.txz=01;31:*.tzo=01;31:*.t7z=01;31:*.zip=01;31:*.z=01;31:*.dz=01;31:*.gz=01;31:*.lrz=01;31:*.lz=01;31:*.lzo=01;31:*.xz=01;31:*.zst=01;31:*.tzst=01;31:*.bz2=01;31:*.bz=01;31:*.tbz=01;31:*.tbz2=01;31:*.tz=01;31:*.deb=01;31:*.rpm=01;31:*.jar=01;31:*.war=01;31:*.ear=01;31:*.sar=01;31:*.rar=01;31:*.alz=01;31:*.ace=01;31:*.zoo=01;31:*.cpio=01;31:*.7z=01;31:*.rz=01;31:*.cab=01;31:*.wim=01;31:*.swm=01;31:*.dwm=01;31:*.esd=01;31:*.jpg=01;35:*.jpeg=01;35:*.mjpg=01;35:*.mjpeg=01;35:*.gif=01;35:*.bmp=01;35:*.pbm=01;35:*.pgm=01;35:*.ppm=01;35:*.tga=01;35:*.xbm=01;35:*.xpm=01;35:*.tif=01;35:*.tiff=01;35:*.png=01;35:*.svg=01;35:*.svgz=01;35:*.mng=01;35:*.pcx=01;35:*.mov=01;35:*.mpg=01;35:*.mpeg=01;35:*.m2v=01;35:*.mkv=01;35:*.webm=01;35:*.webp=01;35:*.ogm=01;35:*.mp4=01;35:*.m4v=01;35:*.mp4v=01;35:*.vob=01;35:*.qt=01;35:*.nuv=01;35:*.wmv=01;35:*.asf=01;35:*.rm=01;35:*.rmvb=01;35:*.flc=01;35:*.avi=01;35:*.fli=01;35:*.flv=01;35:*.gl=01;35:*.dl=01;35:*.xcf=01;35:*.xwd=01;35:*.yuv=01;35:*.cgm=01;35:*.emf=01;35:*.ogv=01;35:*.ogx=01;35:*.aac=00;36:*.au=00;36:*.flac=00;36:*.m4a=00;36:*.mid=00;36:*.midi=00;36:*.mka=00;36:*.mp3=00;36:*.mpc=00;36:*.ogg=00;36:*.ra=00;36:*.wav=00;36:*.oga=00;36:*.opus=00;36:*.spx=00;36:*.xspf=00;36:'), ('SSH_AUTH_SOCK', '/run/user/1000/keyring/ssh'), ('AMENT_PREFIX_PATH', '/home/chris/ros2_ws/src/rover/install/rover_msgs:/home/chris/ros2_ws/install/rover_sim:/home/chris/ros2_ws/install/rover_security:/home/chris/ros2_ws/install/rover_gui:/home/chris/ros2_ws/install/rover_can:/home/chris/ros2_ws/install/rover_auxiliary:/home/chris/ros2_ws/install/rover_antenna:/home/chris/ros2_ws/install/rover_msgs:/home/chris/ros2_ws/install/panorama:/home/chris/ros2_ws/install/moveit_visual_tools:/home/chris/ros2_ws/install/moveit_resources_prbt_support:/home/chris/ros2_ws/install/moveit_controller:/home/chris/ros2_ws/install/fanuc_crx_simulation:/home/chris/ros2_ws/install/moveit_configs_utils:/home/chris/ros2_ws/install/moveit_common:/home/chris/ros2_ws/install/micro_ros_setup:/home/chris/ros2_ws/install/micro_ros_agent:/home/chris/ros2_ws/install/micro_ros_msgs:/opt/ros/humble'), ('SHELL', '/bin/bash'), ('TERMINATOR_UUID', 'urn:uuid:c5ceb889-5994-4d28-b93f-d4dbf77a5b4e'), ('QT_ACCESSIBILITY', '1'), ('GDMSESSION', 'ubuntu'), ('LESSCLOSE', '/usr/bin/lesspipe %s %s'), ('GJS_DEBUG_OUTPUT', 'stderr'), ('QT_IM_MODULE', 'ibus'), ('PWD', '/home/chris/ros2_ws/src/rover/build/rover_arm'), ('XDG_CONFIG_DIRS', '/etc/xdg/xdg-ubuntu:/etc/xdg'), ('NVM_CD_FLAGS', ''), ('XDG_DATA_DIRS', '/usr/share/ubuntu:/usr/share/gnome:/usr/local/share/:/usr/share/:/var/lib/snapd/desktop'), ('PYTHONPATH', '/home/chris/ros2_ws/src/rover/install/rover_msgs/local/lib/python3.10/dist-packages:/home/chris/ros2_ws/install/rover_sim/lib/python3.10/site-packages:/home/chris/ros2_ws/install/rover_msgs/local/lib/python3.10/dist-packages:/home/chris/ros2_ws/install/panorama/lib/python3.10/site-packages:/home/chris/ros2_ws/install/moveit_controller/local/lib/python3.10/dist-packages:/home/chris/ros2_ws/install/moveit_configs_utils/lib/python3.10/site-packages:/home/chris/ros2_ws/install/micro_ros_msgs/local/lib/python3.10/dist-packages:/opt/ros/humble/lib/python3.10/site-packages:/opt/ros/humble/local/lib/python3.10/dist-packages'), ('COLCON', '1'), ('VTE_VERSION', '6800'), ('CMAKE_PREFIX_PATH', '/home/chris/ros2_ws/src/rover/install/rover_msgs:/home/chris/ros2_ws/install/rover_security:/home/chris/ros2_ws/install/rover_gui:/home/chris/ros2_ws/install/rover_can:/home/chris/ros2_ws/install/rover_auxiliary:/home/chris/ros2_ws/install/rover_antenna:/home/chris/ros2_ws/install/rover_msgs:/home/chris/ros2_ws/install/moveit_visual_tools:/home/chris/ros2_ws/install/moveit_resources_prbt_support:/home/chris/ros2_ws/install/moveit_controller:/home/chris/ros2_ws/install/fanuc_crx_simulation:/home/chris/ros2_ws/install/moveit_common:/home/chris/ros2_ws/install/micro_ros_setup:/home/chris/ros2_ws/install/micro_ros_agent:/home/chris/ros2_ws/install/micro_ros_msgs:/home/chris/ros2_ws/install/rover_sim:/home/chris/ros2_ws/install/panorama:/home/chris/ros2_ws/install/moveit_configs_utils:/opt/ros/humble')]), 'shell': False}
[9.695407] (-) TimerEvent: {}
[9.716344] (rover_can) StdoutLine: {'line': b'[ 50%] \x1b[32mBuilding CXX object CMakeFiles/can_master.dir/src/can_master.cpp.o\x1b[0m\n'}
[9.770963] (rover_drive_train) StdoutLine: {'line': b'-- Configuring done\n'}
[9.802392] (-) TimerEvent: {}
[9.804563] (rover_auxiliary) StdoutLine: {'line': b'[ 16%] \x1b[32mBuilding CXX object CMakeFiles/compass_calibrator.dir/src/compass_calibrator.cpp.o\x1b[0m\n'}
[9.804871] (rover_auxiliary) StdoutLine: {'line': b'[ 33%] \x1b[32mBuilding CXX object CMakeFiles/light_control.dir/src/light_control.cpp.o\x1b[0m\n'}
[9.814502] (rover_drive_train) StdoutLine: {'line': b'-- Generating done\n'}
[9.817361] (rover_auxiliary) StdoutLine: {'line': b'[ 50%] \x1b[32mBuilding CXX object CMakeFiles/goal_manager.dir/src/goal_manager.cpp.o\x1b[0m\n'}
[9.818446] (rover_drive_train) StdoutLine: {'line': b'-- Build files have been written to: /home/chris/ros2_ws/src/rover/build/rover_drive_train\n'}
[9.822905] (rover_security) StdoutLine: {'line': b'[100%] Built target heartbeat\n'}
[9.850965] (rover_drive_train) CommandEnded: {'returncode': 0}
[9.857631] (rover_drive_train) JobProgress: {'identifier': 'rover_drive_train', 'progress': 'build'}
[9.857769] (rover_drive_train) Command: {'cmd': ['/usr/bin/cmake', '--build', '/home/chris/ros2_ws/src/rover/build/rover_drive_train', '--', '-j12', '-l12'], 'cwd': '/home/chris/ros2_ws/src/rover/build/rover_drive_train', 'env': OrderedDict([('GJS_DEBUG_TOPICS', 'JS ERROR;JS LOG'), ('LESSOPEN', '| /usr/bin/lesspipe %s'), ('USER', 'chris'), ('SSH_AGENT_PID', '2583'), ('XDG_SESSION_TYPE', 'x11'), ('SHLVL', '1'), ('LD_LIBRARY_PATH', '/home/chris/ros2_ws/src/rover/install/rover_msgs/lib:/home/chris/ros2_ws/install/rover_msgs/lib:/home/chris/ros2_ws/install/moveit_visual_tools/lib:/home/chris/ros2_ws/install/micro_ros_agent/lib:/home/chris/ros2_ws/install/micro_ros_msgs/lib:/usr/lib/x86_64-linux-gnu/gazebo-11/plugins:/opt/ros/humble/opt/rviz_ogre_vendor/lib:/opt/ros/humble/lib/x86_64-linux-gnu:/opt/ros/humble/lib'), ('HOME', '/home/chris'), ('OLDPWD', '/home/chris'), ('DESKTOP_SESSION', 'ubuntu'), ('NVM_BIN', '/home/chris/.nvm/versions/node/v18.20.0/bin'), ('NVM_INC', '/home/chris/.nvm/versions/node/v18.20.0/include/node'), ('GIO_LAUNCHED_DESKTOP_FILE', '/usr/share/applications/terminator.desktop'), ('ROS_PYTHON_VERSION', '3'), ('GNOME_SHELL_SESSION_MODE', 'ubuntu'), ('GTK_MODULES', 'gail:atk-bridge'), ('MANAGERPID', '2412'), ('SYSTEMD_EXEC_PID', '2681'), ('DBUS_SESSION_BUS_ADDRESS', 'unix:path=/run/user/1000/bus'), ('COLORTERM', 'truecolor'), ('TERMINATOR_DBUS_NAME', 'net.tenshu.Terminator21a9d5db22c73a993ff0b42f64b396873'), ('GIO_LAUNCHED_DESKTOP_FILE_PID', '5179'), ('NVM_DIR', '/home/chris/.nvm'), ('COLCON_PREFIX_PATH', '/home/chris/ros2_ws/install'), ('ROS_DISTRO', 'humble'), ('LOGNAME', 'chris'), ('JOURNAL_STREAM', '8:21130'), ('_', '/usr/bin/colcon'), ('ROS_VERSION', '2'), ('XDG_SESSION_CLASS', 'user'), ('USERNAME', 'chris'), ('TERM', 'xterm-256color'), ('GNOME_DESKTOP_SESSION_ID', 'this-is-deprecated'), ('ROS_LOCALHOST_ONLY', '0'), ('WINDOWPATH', '2'), ('PATH', '/home/chris/.nvm/versions/node/v18.20.0/bin:/opt/ros/humble/bin:/home/chris/.local/bin:/usr/local/sbin:/usr/local/bin:/usr/sbin:/usr/bin:/sbin:/bin:/usr/games:/usr/local/games:/snap/bin:/snap/bin:/home/chris/.local/bin'), ('SESSION_MANAGER', 'local/chris:@/tmp/.ICE-unix/2659,unix/chris:/tmp/.ICE-unix/2659'), ('INVOCATION_ID', '151282377277484193bb6d51fbdeb473'), ('XDG_MENU_PREFIX', 'gnome-'), ('XDG_RUNTIME_DIR', '/run/user/1000'), ('DISPLAY', ':0'), ('TERMINATOR_DBUS_PATH', '/net/tenshu/Terminator2'), ('LANG', 'en_US.UTF-8'), ('XDG_CURRENT_DESKTOP', 'ubuntu:GNOME'), ('IBUS_DISABLE_SNOOPER', '1'), ('XMODIFIERS', '@im=ibus'), ('XDG_SESSION_DESKTOP', 'ubuntu'), ('XAUTHORITY', '/run/user/1000/gdm/Xauthority'), ('LS_COLORS', 'rs=0:di=01;34:ln=01;36:mh=00:pi=40;33:so=01;35:do=01;35:bd=40;33;01:cd=40;33;01:or=40;31;01:mi=00:su=37;41:sg=30;43:ca=30;41:tw=30;42:ow=34;42:st=37;44:ex=01;32:*.tar=01;31:*.tgz=01;31:*.arc=01;31:*.arj=01;31:*.taz=01;31:*.lha=01;31:*.lz4=01;31:*.lzh=01;31:*.lzma=01;31:*.tlz=01;31:*.txz=01;31:*.tzo=01;31:*.t7z=01;31:*.zip=01;31:*.z=01;31:*.dz=01;31:*.gz=01;31:*.lrz=01;31:*.lz=01;31:*.lzo=01;31:*.xz=01;31:*.zst=01;31:*.tzst=01;31:*.bz2=01;31:*.bz=01;31:*.tbz=01;31:*.tbz2=01;31:*.tz=01;31:*.deb=01;31:*.rpm=01;31:*.jar=01;31:*.war=01;31:*.ear=01;31:*.sar=01;31:*.rar=01;31:*.alz=01;31:*.ace=01;31:*.zoo=01;31:*.cpio=01;31:*.7z=01;31:*.rz=01;31:*.cab=01;31:*.wim=01;31:*.swm=01;31:*.dwm=01;31:*.esd=01;31:*.jpg=01;35:*.jpeg=01;35:*.mjpg=01;35:*.mjpeg=01;35:*.gif=01;35:*.bmp=01;35:*.pbm=01;35:*.pgm=01;35:*.ppm=01;35:*.tga=01;35:*.xbm=01;35:*.xpm=01;35:*.tif=01;35:*.tiff=01;35:*.png=01;35:*.svg=01;35:*.svgz=01;35:*.mng=01;35:*.pcx=01;35:*.mov=01;35:*.mpg=01;35:*.mpeg=01;35:*.m2v=01;35:*.mkv=01;35:*.webm=01;35:*.webp=01;35:*.ogm=01;35:*.mp4=01;35:*.m4v=01;35:*.mp4v=01;35:*.vob=01;35:*.qt=01;35:*.nuv=01;35:*.wmv=01;35:*.asf=01;35:*.rm=01;35:*.rmvb=01;35:*.flc=01;35:*.avi=01;35:*.fli=01;35:*.flv=01;35:*.gl=01;35:*.dl=01;35:*.xcf=01;35:*.xwd=01;35:*.yuv=01;35:*.cgm=01;35:*.emf=01;35:*.ogv=01;35:*.ogx=01;35:*.aac=00;36:*.au=00;36:*.flac=00;36:*.m4a=00;36:*.mid=00;36:*.midi=00;36:*.mka=00;36:*.mp3=00;36:*.mpc=00;36:*.ogg=00;36:*.ra=00;36:*.wav=00;36:*.oga=00;36:*.opus=00;36:*.spx=00;36:*.xspf=00;36:'), ('SSH_AUTH_SOCK', '/run/user/1000/keyring/ssh'), ('AMENT_PREFIX_PATH', '/home/chris/ros2_ws/src/rover/install/rover_msgs:/home/chris/ros2_ws/install/rover_sim:/home/chris/ros2_ws/install/rover_security:/home/chris/ros2_ws/install/rover_gui:/home/chris/ros2_ws/install/rover_can:/home/chris/ros2_ws/install/rover_auxiliary:/home/chris/ros2_ws/install/rover_antenna:/home/chris/ros2_ws/install/rover_msgs:/home/chris/ros2_ws/install/panorama:/home/chris/ros2_ws/install/moveit_visual_tools:/home/chris/ros2_ws/install/moveit_resources_prbt_support:/home/chris/ros2_ws/install/moveit_controller:/home/chris/ros2_ws/install/fanuc_crx_simulation:/home/chris/ros2_ws/install/moveit_configs_utils:/home/chris/ros2_ws/install/moveit_common:/home/chris/ros2_ws/install/micro_ros_setup:/home/chris/ros2_ws/install/micro_ros_agent:/home/chris/ros2_ws/install/micro_ros_msgs:/opt/ros/humble'), ('SHELL', '/bin/bash'), ('TERMINATOR_UUID', 'urn:uuid:c5ceb889-5994-4d28-b93f-d4dbf77a5b4e'), ('QT_ACCESSIBILITY', '1'), ('GDMSESSION', 'ubuntu'), ('LESSCLOSE', '/usr/bin/lesspipe %s %s'), ('GJS_DEBUG_OUTPUT', 'stderr'), ('QT_IM_MODULE', 'ibus'), ('PWD', '/home/chris/ros2_ws/src/rover/build/rover_drive_train'), ('XDG_CONFIG_DIRS', '/etc/xdg/xdg-ubuntu:/etc/xdg'), ('NVM_CD_FLAGS', ''), ('XDG_DATA_DIRS', '/usr/share/ubuntu:/usr/share/gnome:/usr/local/share/:/usr/share/:/var/lib/snapd/desktop'), ('PYTHONPATH', '/home/chris/ros2_ws/src/rover/install/rover_msgs/local/lib/python3.10/dist-packages:/home/chris/ros2_ws/install/rover_sim/lib/python3.10/site-packages:/home/chris/ros2_ws/install/rover_msgs/local/lib/python3.10/dist-packages:/home/chris/ros2_ws/install/panorama/lib/python3.10/site-packages:/home/chris/ros2_ws/install/moveit_controller/local/lib/python3.10/dist-packages:/home/chris/ros2_ws/install/moveit_configs_utils/lib/python3.10/site-packages:/home/chris/ros2_ws/install/micro_ros_msgs/local/lib/python3.10/dist-packages:/opt/ros/humble/lib/python3.10/site-packages:/opt/ros/humble/local/lib/python3.10/dist-packages'), ('COLCON', '1'), ('VTE_VERSION', '6800'), ('CMAKE_PREFIX_PATH', '/home/chris/ros2_ws/src/rover/install/rover_msgs:/home/chris/ros2_ws/install/rover_security:/home/chris/ros2_ws/install/rover_gui:/home/chris/ros2_ws/install/rover_can:/home/chris/ros2_ws/install/rover_auxiliary:/home/chris/ros2_ws/install/rover_antenna:/home/chris/ros2_ws/install/rover_msgs:/home/chris/ros2_ws/install/moveit_visual_tools:/home/chris/ros2_ws/install/moveit_resources_prbt_support:/home/chris/ros2_ws/install/moveit_controller:/home/chris/ros2_ws/install/fanuc_crx_simulation:/home/chris/ros2_ws/install/moveit_common:/home/chris/ros2_ws/install/micro_ros_setup:/home/chris/ros2_ws/install/micro_ros_agent:/home/chris/ros2_ws/install/micro_ros_msgs:/home/chris/ros2_ws/install/rover_sim:/home/chris/ros2_ws/install/panorama:/home/chris/ros2_ws/install/moveit_configs_utils:/opt/ros/humble')]), 'shell': False}
[9.874177] (rover_arm) StdoutLine: {'line': b'[ 50%] \x1b[32mBuilding CXX object CMakeFiles/teleop.dir/src/teleop.cpp.o\x1b[0m\n'}
[9.880311] (rover_security) CommandEnded: {'returncode': 0}
[9.902510] (-) TimerEvent: {}
[10.006439] (-) TimerEvent: {}
[10.017486] (rover_joy) StdoutLine: {'line': b'-- Configuring done\n'}
[10.033515] (rover_security) JobProgress: {'identifier': 'rover_security', 'progress': 'install'}
[10.033660] (rover_security) Command: {'cmd': ['/usr/bin/cmake', '--install', '/home/chris/ros2_ws/src/rover/build/rover_security'], 'cwd': '/home/chris/ros2_ws/src/rover/build/rover_security', 'env': OrderedDict([('GJS_DEBUG_TOPICS', 'JS ERROR;JS LOG'), ('LESSOPEN', '| /usr/bin/lesspipe %s'), ('USER', 'chris'), ('SSH_AGENT_PID', '2583'), ('XDG_SESSION_TYPE', 'x11'), ('SHLVL', '1'), ('LD_LIBRARY_PATH', '/home/chris/ros2_ws/install/rover_msgs/lib:/home/chris/ros2_ws/install/moveit_visual_tools/lib:/home/chris/ros2_ws/install/micro_ros_agent/lib:/home/chris/ros2_ws/install/micro_ros_msgs/lib:/usr/lib/x86_64-linux-gnu/gazebo-11/plugins:/opt/ros/humble/opt/rviz_ogre_vendor/lib:/opt/ros/humble/lib/x86_64-linux-gnu:/opt/ros/humble/lib'), ('HOME', '/home/chris'), ('OLDPWD', '/home/chris'), ('DESKTOP_SESSION', 'ubuntu'), ('NVM_BIN', '/home/chris/.nvm/versions/node/v18.20.0/bin'), ('NVM_INC', '/home/chris/.nvm/versions/node/v18.20.0/include/node'), ('GIO_LAUNCHED_DESKTOP_FILE', '/usr/share/applications/terminator.desktop'), ('ROS_PYTHON_VERSION', '3'), ('GNOME_SHELL_SESSION_MODE', 'ubuntu'), ('GTK_MODULES', 'gail:atk-bridge'), ('MANAGERPID', '2412'), ('SYSTEMD_EXEC_PID', '2681'), ('DBUS_SESSION_BUS_ADDRESS', 'unix:path=/run/user/1000/bus'), ('COLORTERM', 'truecolor'), ('TERMINATOR_DBUS_NAME', 'net.tenshu.Terminator21a9d5db22c73a993ff0b42f64b396873'), ('GIO_LAUNCHED_DESKTOP_FILE_PID', '5179'), ('NVM_DIR', '/home/chris/.nvm'), ('COLCON_PREFIX_PATH', '/home/chris/ros2_ws/install'), ('ROS_DISTRO', 'humble'), ('LOGNAME', 'chris'), ('JOURNAL_STREAM', '8:21130'), ('_', '/usr/bin/colcon'), ('ROS_VERSION', '2'), ('XDG_SESSION_CLASS', 'user'), ('USERNAME', 'chris'), ('TERM', 'xterm-256color'), ('GNOME_DESKTOP_SESSION_ID', 'this-is-deprecated'), ('ROS_LOCALHOST_ONLY', '0'), ('WINDOWPATH', '2'), ('PATH', '/home/chris/.nvm/versions/node/v18.20.0/bin:/opt/ros/humble/bin:/home/chris/.local/bin:/usr/local/sbin:/usr/local/bin:/usr/sbin:/usr/bin:/sbin:/bin:/usr/games:/usr/local/games:/snap/bin:/snap/bin:/home/chris/.local/bin'), ('SESSION_MANAGER', 'local/chris:@/tmp/.ICE-unix/2659,unix/chris:/tmp/.ICE-unix/2659'), ('INVOCATION_ID', '151282377277484193bb6d51fbdeb473'), ('XDG_MENU_PREFIX', 'gnome-'), ('XDG_RUNTIME_DIR', '/run/user/1000'), ('DISPLAY', ':0'), ('TERMINATOR_DBUS_PATH', '/net/tenshu/Terminator2'), ('LANG', 'en_US.UTF-8'), ('XDG_CURRENT_DESKTOP', 'ubuntu:GNOME'), ('IBUS_DISABLE_SNOOPER', '1'), ('XMODIFIERS', '@im=ibus'), ('XDG_SESSION_DESKTOP', 'ubuntu'), ('XAUTHORITY', '/run/user/1000/gdm/Xauthority'), ('LS_COLORS', 'rs=0:di=01;34:ln=01;36:mh=00:pi=40;33:so=01;35:do=01;35:bd=40;33;01:cd=40;33;01:or=40;31;01:mi=00:su=37;41:sg=30;43:ca=30;41:tw=30;42:ow=34;42:st=37;44:ex=01;32:*.tar=01;31:*.tgz=01;31:*.arc=01;31:*.arj=01;31:*.taz=01;31:*.lha=01;31:*.lz4=01;31:*.lzh=01;31:*.lzma=01;31:*.tlz=01;31:*.txz=01;31:*.tzo=01;31:*.t7z=01;31:*.zip=01;31:*.z=01;31:*.dz=01;31:*.gz=01;31:*.lrz=01;31:*.lz=01;31:*.lzo=01;31:*.xz=01;31:*.zst=01;31:*.tzst=01;31:*.bz2=01;31:*.bz=01;31:*.tbz=01;31:*.tbz2=01;31:*.tz=01;31:*.deb=01;31:*.rpm=01;31:*.jar=01;31:*.war=01;31:*.ear=01;31:*.sar=01;31:*.rar=01;31:*.alz=01;31:*.ace=01;31:*.zoo=01;31:*.cpio=01;31:*.7z=01;31:*.rz=01;31:*.cab=01;31:*.wim=01;31:*.swm=01;31:*.dwm=01;31:*.esd=01;31:*.jpg=01;35:*.jpeg=01;35:*.mjpg=01;35:*.mjpeg=01;35:*.gif=01;35:*.bmp=01;35:*.pbm=01;35:*.pgm=01;35:*.ppm=01;35:*.tga=01;35:*.xbm=01;35:*.xpm=01;35:*.tif=01;35:*.tiff=01;35:*.png=01;35:*.svg=01;35:*.svgz=01;35:*.mng=01;35:*.pcx=01;35:*.mov=01;35:*.mpg=01;35:*.mpeg=01;35:*.m2v=01;35:*.mkv=01;35:*.webm=01;35:*.webp=01;35:*.ogm=01;35:*.mp4=01;35:*.m4v=01;35:*.mp4v=01;35:*.vob=01;35:*.qt=01;35:*.nuv=01;35:*.wmv=01;35:*.asf=01;35:*.rm=01;35:*.rmvb=01;35:*.flc=01;35:*.avi=01;35:*.fli=01;35:*.flv=01;35:*.gl=01;35:*.dl=01;35:*.xcf=01;35:*.xwd=01;35:*.yuv=01;35:*.cgm=01;35:*.emf=01;35:*.ogv=01;35:*.ogx=01;35:*.aac=00;36:*.au=00;36:*.flac=00;36:*.m4a=00;36:*.mid=00;36:*.midi=00;36:*.mka=00;36:*.mp3=00;36:*.mpc=00;36:*.ogg=00;36:*.ra=00;36:*.wav=00;36:*.oga=00;36:*.opus=00;36:*.spx=00;36:*.xspf=00;36:'), ('SSH_AUTH_SOCK', '/run/user/1000/keyring/ssh'), ('AMENT_PREFIX_PATH', '/home/chris/ros2_ws/install/rover_sim:/home/chris/ros2_ws/install/rover_security:/home/chris/ros2_ws/install/rover_gui:/home/chris/ros2_ws/install/rover_can:/home/chris/ros2_ws/install/rover_auxiliary:/home/chris/ros2_ws/install/rover_antenna:/home/chris/ros2_ws/install/rover_msgs:/home/chris/ros2_ws/install/panorama:/home/chris/ros2_ws/install/moveit_visual_tools:/home/chris/ros2_ws/install/moveit_resources_prbt_support:/home/chris/ros2_ws/install/moveit_controller:/home/chris/ros2_ws/install/fanuc_crx_simulation:/home/chris/ros2_ws/install/moveit_configs_utils:/home/chris/ros2_ws/install/moveit_common:/home/chris/ros2_ws/install/micro_ros_setup:/home/chris/ros2_ws/install/micro_ros_agent:/home/chris/ros2_ws/install/micro_ros_msgs:/opt/ros/humble'), ('SHELL', '/bin/bash'), ('TERMINATOR_UUID', 'urn:uuid:c5ceb889-5994-4d28-b93f-d4dbf77a5b4e'), ('QT_ACCESSIBILITY', '1'), ('GDMSESSION', 'ubuntu'), ('LESSCLOSE', '/usr/bin/lesspipe %s %s'), ('GJS_DEBUG_OUTPUT', 'stderr'), ('QT_IM_MODULE', 'ibus'), ('PWD', '/home/chris/ros2_ws/src/rover/build/rover_security'), ('XDG_CONFIG_DIRS', '/etc/xdg/xdg-ubuntu:/etc/xdg'), ('NVM_CD_FLAGS', ''), ('XDG_DATA_DIRS', '/usr/share/ubuntu:/usr/share/gnome:/usr/local/share/:/usr/share/:/var/lib/snapd/desktop'), ('PYTHONPATH', '/home/chris/ros2_ws/install/rover_sim/lib/python3.10/site-packages:/home/chris/ros2_ws/install/rover_msgs/local/lib/python3.10/dist-packages:/home/chris/ros2_ws/install/panorama/lib/python3.10/site-packages:/home/chris/ros2_ws/install/moveit_controller/local/lib/python3.10/dist-packages:/home/chris/ros2_ws/install/moveit_configs_utils/lib/python3.10/site-packages:/home/chris/ros2_ws/install/micro_ros_msgs/local/lib/python3.10/dist-packages:/opt/ros/humble/lib/python3.10/site-packages:/opt/ros/humble/local/lib/python3.10/dist-packages'), ('COLCON', '1'), ('VTE_VERSION', '6800'), ('CMAKE_PREFIX_PATH', '/home/chris/ros2_ws/install/rover_security:/home/chris/ros2_ws/install/rover_gui:/home/chris/ros2_ws/install/rover_can:/home/chris/ros2_ws/install/rover_auxiliary:/home/chris/ros2_ws/install/rover_antenna:/home/chris/ros2_ws/install/rover_msgs:/home/chris/ros2_ws/install/moveit_visual_tools:/home/chris/ros2_ws/install/moveit_resources_prbt_support:/home/chris/ros2_ws/install/moveit_controller:/home/chris/ros2_ws/install/fanuc_crx_simulation:/home/chris/ros2_ws/install/moveit_common:/home/chris/ros2_ws/install/micro_ros_setup:/home/chris/ros2_ws/install/micro_ros_agent:/home/chris/ros2_ws/install/micro_ros_msgs:/home/chris/ros2_ws/install/rover_sim:/home/chris/ros2_ws/install/panorama:/home/chris/ros2_ws/install/moveit_configs_utils:/opt/ros/humble')]), 'shell': False}
[10.051414] (rover_security) StdoutLine: {'line': b'-- Install configuration: ""\n'}
[10.051738] (rover_security) StdoutLine: {'line': b'-- Installing: /home/chris/ros2_ws/src/rover/install/rover_security/share/rover_security//launch\n'}
[10.051903] (rover_security) StdoutLine: {'line': b'-- Installing: /home/chris/ros2_ws/src/rover/install/rover_security/share/rover_security//launch/security_base.launch.py\n'}
[10.052049] (rover_security) StdoutLine: {'line': b'-- Installing: /home/chris/ros2_ws/src/rover/install/rover_security/share/rover_security//launch/security_rover.launch.py\n'}
[10.052185] (rover_security) StdoutLine: {'line': b'-- Installing: /home/chris/ros2_ws/src/rover/install/rover_security/share/rover_security//launch/security.launch.py\n'}
[10.052346] (rover_security) StdoutLine: {'line': b'-- Installing: /home/chris/ros2_ws/src/rover/install/rover_security/lib/rover_security/heartbeat\n'}
[10.052658] (rover_security) StdoutLine: {'line': b'-- Set runtime path of "/home/chris/ros2_ws/src/rover/install/rover_security/lib/rover_security/heartbeat" to ""\n'}
[10.052868] (rover_security) StdoutLine: {'line': b'-- Installing: /home/chris/ros2_ws/src/rover/install/rover_security/share/ament_index/resource_index/package_run_dependencies/rover_security\n'}
[10.053524] (rover_security) StdoutLine: {'line': b'-- Installing: /home/chris/ros2_ws/src/rover/install/rover_security/share/ament_index/resource_index/parent_prefix_path/rover_security\n'}
[10.054396] (rover_security) StdoutLine: {'line': b'-- Installing: /home/chris/ros2_ws/src/rover/install/rover_security/share/rover_security/environment/ament_prefix_path.sh\n'}
[10.054676] (rover_security) StdoutLine: {'line': b'-- Installing: /home/chris/ros2_ws/src/rover/install/rover_security/share/rover_security/environment/ament_prefix_path.dsv\n'}
[10.055595] (rover_security) StdoutLine: {'line': b'-- Installing: /home/chris/ros2_ws/src/rover/install/rover_security/share/rover_security/environment/path.sh\n'}
[10.059937] (rover_security) StdoutLine: {'line': b'-- Installing: /home/chris/ros2_ws/src/rover/install/rover_security/share/rover_security/environment/path.dsv\n'}
[10.060151] (rover_security) StdoutLine: {'line': b'-- Installing: /home/chris/ros2_ws/src/rover/install/rover_security/share/rover_security/local_setup.bash\n'}
[10.060342] (rover_security) StdoutLine: {'line': b'-- Installing: /home/chris/ros2_ws/src/rover/install/rover_security/share/rover_security/local_setup.sh\n'}
[10.060497] (rover_security) StdoutLine: {'line': b'-- Installing: /home/chris/ros2_ws/src/rover/install/rover_security/share/rover_security/local_setup.zsh\n'}
[10.060637] (rover_security) StdoutLine: {'line': b'-- Installing: /home/chris/ros2_ws/src/rover/install/rover_security/share/rover_security/local_setup.dsv\n'}
[10.067897] (rover_security) StdoutLine: {'line': b'-- Installing: /home/chris/ros2_ws/src/rover/install/rover_security/share/rover_security/package.dsv\n'}
[10.068228] (rover_security) StdoutLine: {'line': b'-- Installing: /home/chris/ros2_ws/src/rover/install/rover_security/share/ament_index/resource_index/packages/rover_security\n'}
[10.068487] (rover_security) StdoutLine: {'line': b'-- Installing: /home/chris/ros2_ws/src/rover/install/rover_security/share/rover_security/cmake/rover_securityConfig.cmake\n'}
[10.068659] (rover_security) StdoutLine: {'line': b'-- Installing: /home/chris/ros2_ws/src/rover/install/rover_security/share/rover_security/cmake/rover_securityConfig-version.cmake\n'}
[10.068802] (rover_security) StdoutLine: {'line': b'-- Installing: /home/chris/ros2_ws/src/rover/install/rover_security/share/rover_security/package.xml\n'}
[10.068942] (rover_security) CommandEnded: {'returncode': 0}
[10.109579] (-) TimerEvent: {}
[10.151525] (rover_drive_train) StdoutLine: {'line': b'[ 25%] \x1b[32mBuilding CXX object CMakeFiles/arbitration.dir/src/arbitration.cpp.o\x1b[0m\n'}
[10.155577] (rover_drive_train) StdoutLine: {'line': b'[ 50%] \x1b[32mBuilding CXX object CMakeFiles/teleop.dir/src/teleop.cpp.o\x1b[0m\n'}
[10.176501] (rover_joy) StdoutLine: {'line': b'-- Generating done\n'}
[10.197764] (rover_joy) StdoutLine: {'line': b'-- Build files have been written to: /home/chris/ros2_ws/src/rover/build/rover_joy\n'}
[10.211006] (-) TimerEvent: {}
[10.312554] (-) TimerEvent: {}
[10.417040] (-) TimerEvent: {}
[10.517927] (-) TimerEvent: {}
[10.556959] (rover_joy) CommandEnded: {'returncode': 0}
[10.564510] (rover_joy) JobProgress: {'identifier': 'rover_joy', 'progress': 'build'}
[10.564633] (rover_joy) Command: {'cmd': ['/usr/bin/cmake', '--build', '/home/chris/ros2_ws/src/rover/build/rover_joy', '--', '-j12', '-l12'], 'cwd': '/home/chris/ros2_ws/src/rover/build/rover_joy', 'env': OrderedDict([('GJS_DEBUG_TOPICS', 'JS ERROR;JS LOG'), ('LESSOPEN', '| /usr/bin/lesspipe %s'), ('USER', 'chris'), ('SSH_AGENT_PID', '2583'), ('XDG_SESSION_TYPE', 'x11'), ('SHLVL', '1'), ('LD_LIBRARY_PATH', '/home/chris/ros2_ws/src/rover/install/rover_msgs/lib:/home/chris/ros2_ws/install/rover_msgs/lib:/home/chris/ros2_ws/install/moveit_visual_tools/lib:/home/chris/ros2_ws/install/micro_ros_agent/lib:/home/chris/ros2_ws/install/micro_ros_msgs/lib:/usr/lib/x86_64-linux-gnu/gazebo-11/plugins:/opt/ros/humble/opt/rviz_ogre_vendor/lib:/opt/ros/humble/lib/x86_64-linux-gnu:/opt/ros/humble/lib'), ('HOME', '/home/chris'), ('OLDPWD', '/home/chris'), ('DESKTOP_SESSION', 'ubuntu'), ('NVM_BIN', '/home/chris/.nvm/versions/node/v18.20.0/bin'), ('NVM_INC', '/home/chris/.nvm/versions/node/v18.20.0/include/node'), ('GIO_LAUNCHED_DESKTOP_FILE', '/usr/share/applications/terminator.desktop'), ('ROS_PYTHON_VERSION', '3'), ('GNOME_SHELL_SESSION_MODE', 'ubuntu'), ('GTK_MODULES', 'gail:atk-bridge'), ('MANAGERPID', '2412'), ('SYSTEMD_EXEC_PID', '2681'), ('DBUS_SESSION_BUS_ADDRESS', 'unix:path=/run/user/1000/bus'), ('COLORTERM', 'truecolor'), ('TERMINATOR_DBUS_NAME', 'net.tenshu.Terminator21a9d5db22c73a993ff0b42f64b396873'), ('GIO_LAUNCHED_DESKTOP_FILE_PID', '5179'), ('NVM_DIR', '/home/chris/.nvm'), ('COLCON_PREFIX_PATH', '/home/chris/ros2_ws/install'), ('ROS_DISTRO', 'humble'), ('LOGNAME', 'chris'), ('JOURNAL_STREAM', '8:21130'), ('_', '/usr/bin/colcon'), ('ROS_VERSION', '2'), ('XDG_SESSION_CLASS', 'user'), ('USERNAME', 'chris'), ('TERM', 'xterm-256color'), ('GNOME_DESKTOP_SESSION_ID', 'this-is-deprecated'), ('ROS_LOCALHOST_ONLY', '0'), ('WINDOWPATH', '2'), ('PATH', '/home/chris/.nvm/versions/node/v18.20.0/bin:/opt/ros/humble/bin:/home/chris/.local/bin:/usr/local/sbin:/usr/local/bin:/usr/sbin:/usr/bin:/sbin:/bin:/usr/games:/usr/local/games:/snap/bin:/snap/bin:/home/chris/.local/bin'), ('SESSION_MANAGER', 'local/chris:@/tmp/.ICE-unix/2659,unix/chris:/tmp/.ICE-unix/2659'), ('INVOCATION_ID', '151282377277484193bb6d51fbdeb473'), ('XDG_MENU_PREFIX', 'gnome-'), ('XDG_RUNTIME_DIR', '/run/user/1000'), ('DISPLAY', ':0'), ('TERMINATOR_DBUS_PATH', '/net/tenshu/Terminator2'), ('LANG', 'en_US.UTF-8'), ('XDG_CURRENT_DESKTOP', 'ubuntu:GNOME'), ('IBUS_DISABLE_SNOOPER', '1'), ('XMODIFIERS', '@im=ibus'), ('XDG_SESSION_DESKTOP', 'ubuntu'), ('XAUTHORITY', '/run/user/1000/gdm/Xauthority'), ('LS_COLORS', 'rs=0:di=01;34:ln=01;36:mh=00:pi=40;33:so=01;35:do=01;35:bd=40;33;01:cd=40;33;01:or=40;31;01:mi=00:su=37;41:sg=30;43:ca=30;41:tw=30;42:ow=34;42:st=37;44:ex=01;32:*.tar=01;31:*.tgz=01;31:*.arc=01;31:*.arj=01;31:*.taz=01;31:*.lha=01;31:*.lz4=01;31:*.lzh=01;31:*.lzma=01;31:*.tlz=01;31:*.txz=01;31:*.tzo=01;31:*.t7z=01;31:*.zip=01;31:*.z=01;31:*.dz=01;31:*.gz=01;31:*.lrz=01;31:*.lz=01;31:*.lzo=01;31:*.xz=01;31:*.zst=01;31:*.tzst=01;31:*.bz2=01;31:*.bz=01;31:*.tbz=01;31:*.tbz2=01;31:*.tz=01;31:*.deb=01;31:*.rpm=01;31:*.jar=01;31:*.war=01;31:*.ear=01;31:*.sar=01;31:*.rar=01;31:*.alz=01;31:*.ace=01;31:*.zoo=01;31:*.cpio=01;31:*.7z=01;31:*.rz=01;31:*.cab=01;31:*.wim=01;31:*.swm=01;31:*.dwm=01;31:*.esd=01;31:*.jpg=01;35:*.jpeg=01;35:*.mjpg=01;35:*.mjpeg=01;35:*.gif=01;35:*.bmp=01;35:*.pbm=01;35:*.pgm=01;35:*.ppm=01;35:*.tga=01;35:*.xbm=01;35:*.xpm=01;35:*.tif=01;35:*.tiff=01;35:*.png=01;35:*.svg=01;35:*.svgz=01;35:*.mng=01;35:*.pcx=01;35:*.mov=01;35:*.mpg=01;35:*.mpeg=01;35:*.m2v=01;35:*.mkv=01;35:*.webm=01;35:*.webp=01;35:*.ogm=01;35:*.mp4=01;35:*.m4v=01;35:*.mp4v=01;35:*.vob=01;35:*.qt=01;35:*.nuv=01;35:*.wmv=01;35:*.asf=01;35:*.rm=01;35:*.rmvb=01;35:*.flc=01;35:*.avi=01;35:*.fli=01;35:*.flv=01;35:*.gl=01;35:*.dl=01;35:*.xcf=01;35:*.xwd=01;35:*.yuv=01;35:*.cgm=01;35:*.emf=01;35:*.ogv=01;35:*.ogx=01;35:*.aac=00;36:*.au=00;36:*.flac=00;36:*.m4a=00;36:*.mid=00;36:*.midi=00;36:*.mka=00;36:*.mp3=00;36:*.mpc=00;36:*.ogg=00;36:*.ra=00;36:*.wav=00;36:*.oga=00;36:*.opus=00;36:*.spx=00;36:*.xspf=00;36:'), ('SSH_AUTH_SOCK', '/run/user/1000/keyring/ssh'), ('AMENT_PREFIX_PATH', '/home/chris/ros2_ws/src/rover/install/rover_msgs:/home/chris/ros2_ws/install/rover_sim:/home/chris/ros2_ws/install/rover_security:/home/chris/ros2_ws/install/rover_gui:/home/chris/ros2_ws/install/rover_can:/home/chris/ros2_ws/install/rover_auxiliary:/home/chris/ros2_ws/install/rover_antenna:/home/chris/ros2_ws/install/rover_msgs:/home/chris/ros2_ws/install/panorama:/home/chris/ros2_ws/install/moveit_visual_tools:/home/chris/ros2_ws/install/moveit_resources_prbt_support:/home/chris/ros2_ws/install/moveit_controller:/home/chris/ros2_ws/install/fanuc_crx_simulation:/home/chris/ros2_ws/install/moveit_configs_utils:/home/chris/ros2_ws/install/moveit_common:/home/chris/ros2_ws/install/micro_ros_setup:/home/chris/ros2_ws/install/micro_ros_agent:/home/chris/ros2_ws/install/micro_ros_msgs:/opt/ros/humble'), ('SHELL', '/bin/bash'), ('TERMINATOR_UUID', 'urn:uuid:c5ceb889-5994-4d28-b93f-d4dbf77a5b4e'), ('QT_ACCESSIBILITY', '1'), ('GDMSESSION', 'ubuntu'), ('LESSCLOSE', '/usr/bin/lesspipe %s %s'), ('GJS_DEBUG_OUTPUT', 'stderr'), ('QT_IM_MODULE', 'ibus'), ('PWD', '/home/chris/ros2_ws/src/rover/build/rover_joy'), ('XDG_CONFIG_DIRS', '/etc/xdg/xdg-ubuntu:/etc/xdg'), ('NVM_CD_FLAGS', ''), ('XDG_DATA_DIRS', '/usr/share/ubuntu:/usr/share/gnome:/usr/local/share/:/usr/share/:/var/lib/snapd/desktop'), ('PYTHONPATH', '/home/chris/ros2_ws/src/rover/install/rover_msgs/local/lib/python3.10/dist-packages:/home/chris/ros2_ws/install/rover_sim/lib/python3.10/site-packages:/home/chris/ros2_ws/install/rover_msgs/local/lib/python3.10/dist-packages:/home/chris/ros2_ws/install/panorama/lib/python3.10/site-packages:/home/chris/ros2_ws/install/moveit_controller/local/lib/python3.10/dist-packages:/home/chris/ros2_ws/install/moveit_configs_utils/lib/python3.10/site-packages:/home/chris/ros2_ws/install/micro_ros_msgs/local/lib/python3.10/dist-packages:/opt/ros/humble/lib/python3.10/site-packages:/opt/ros/humble/local/lib/python3.10/dist-packages'), ('COLCON', '1'), ('VTE_VERSION', '6800'), ('CMAKE_PREFIX_PATH', '/home/chris/ros2_ws/src/rover/install/rover_msgs:/home/chris/ros2_ws/install/rover_security:/home/chris/ros2_ws/install/rover_gui:/home/chris/ros2_ws/install/rover_can:/home/chris/ros2_ws/install/rover_auxiliary:/home/chris/ros2_ws/install/rover_antenna:/home/chris/ros2_ws/install/rover_msgs:/home/chris/ros2_ws/install/moveit_visual_tools:/home/chris/ros2_ws/install/moveit_resources_prbt_support:/home/chris/ros2_ws/install/moveit_controller:/home/chris/ros2_ws/install/fanuc_crx_simulation:/home/chris/ros2_ws/install/moveit_common:/home/chris/ros2_ws/install/micro_ros_setup:/home/chris/ros2_ws/install/micro_ros_agent:/home/chris/ros2_ws/install/micro_ros_msgs:/home/chris/ros2_ws/install/rover_sim:/home/chris/ros2_ws/install/panorama:/home/chris/ros2_ws/install/moveit_configs_utils:/opt/ros/humble')]), 'shell': False}
[10.619920] (-) TimerEvent: {}
[10.728113] (-) TimerEvent: {}
[10.787088] (rover_joy) StdoutLine: {'line': b'[ 25%] \x1b[32mBuilding CXX object CMakeFiles/joy_formator.dir/src/joy_formator.cpp.o\x1b[0m\n'}
[10.787534] (rover_joy) StdoutLine: {'line': b'[ 50%] \x1b[32mBuilding CXX object CMakeFiles/joy_demux.dir/src/joy_demux.cpp.o\x1b[0m\n'}
[10.831712] (-) TimerEvent: {}
[10.935489] (-) TimerEvent: {}
[11.040368] (-) TimerEvent: {}
[11.140902] (-) TimerEvent: {}
[11.193238] (rover_security) JobEnded: {'identifier': 'rover_security', 'rc': 0}
[11.241025] (-) TimerEvent: {}
[11.345009] (-) TimerEvent: {}
[11.449653] (-) TimerEvent: {}
[11.550198] (-) TimerEvent: {}
[11.650966] (-) TimerEvent: {}
[11.755441] (-) TimerEvent: {}
[11.856009] (-) TimerEvent: {}
[11.958195] (-) TimerEvent: {}
[12.061425] (-) TimerEvent: {}
[12.162010] (-) TimerEvent: {}
[12.262656] (-) TimerEvent: {}
[12.363181] (-) TimerEvent: {}
[12.470175] (-) TimerEvent: {}
[12.573442] (-) TimerEvent: {}
[12.674072] (-) TimerEvent: {}
[12.774728] (-) TimerEvent: {}
[12.875348] (-) TimerEvent: {}
[12.979417] (-) TimerEvent: {}
[13.079961] (-) TimerEvent: {}
[13.184469] (-) TimerEvent: {}
[13.285442] (-) TimerEvent: {}
[13.389428] (-) TimerEvent: {}
[13.490047] (-) TimerEvent: {}
[13.593441] (-) TimerEvent: {}
[13.697414] (-) TimerEvent: {}
[13.797975] (-) TimerEvent: {}
[13.898512] (-) TimerEvent: {}
[14.001458] (-) TimerEvent: {}
[14.101981] (-) TimerEvent: {}
[14.202567] (-) TimerEvent: {}
[14.303146] (-) TimerEvent: {}
[14.406662] (-) TimerEvent: {}
[14.510471] (-) TimerEvent: {}
[14.612464] (-) TimerEvent: {}
[14.715424] (-) TimerEvent: {}
[14.816072] (-) TimerEvent: {}
[14.916742] (-) TimerEvent: {}
[15.021481] (-) TimerEvent: {}
[15.122052] (-) TimerEvent: {}
[15.222619] (-) TimerEvent: {}
[15.325443] (-) TimerEvent: {}
[15.426265] (-) TimerEvent: {}
[15.530424] (-) TimerEvent: {}
[15.634419] (-) TimerEvent: {}
[15.735018] (-) TimerEvent: {}
[15.835632] (-) TimerEvent: {}
[15.936209] (-) TimerEvent: {}
[16.040412] (-) TimerEvent: {}
[16.141116] (-) TimerEvent: {}
[16.242146] (-) TimerEvent: {}
[16.342795] (-) TimerEvent: {}
[16.445437] (-) TimerEvent: {}
[16.548471] (-) TimerEvent: {}
[16.649055] (-) TimerEvent: {}
[16.749666] (-) TimerEvent: {}
[16.852753] (-) TimerEvent: {}
[16.963449] (-) TimerEvent: {}
[17.065437] (-) TimerEvent: {}
[17.168416] (-) TimerEvent: {}
[17.268963] (-) TimerEvent: {}
[17.369756] (-) TimerEvent: {}
[17.470606] (-) TimerEvent: {}
[17.575722] (-) TimerEvent: {}
[17.676354] (-) TimerEvent: {}
[17.777173] (-) TimerEvent: {}
[17.877927] (-) TimerEvent: {}
[17.980783] (-) TimerEvent: {}
[18.086432] (-) TimerEvent: {}
[18.187028] (-) TimerEvent: {}
[18.292524] (-) TimerEvent: {}
[18.393352] (-) TimerEvent: {}
[18.498423] (-) TimerEvent: {}
[18.598997] (-) TimerEvent: {}
[18.705459] (-) TimerEvent: {}
[18.806037] (-) TimerEvent: {}
[18.906659] (-) TimerEvent: {}
[19.007337] (-) TimerEvent: {}
[19.109117] (-) TimerEvent: {}
[19.213407] (-) TimerEvent: {}
[19.313972] (-) TimerEvent: {}
[19.415477] (-) TimerEvent: {}
[19.516395] (-) TimerEvent: {}
[19.622442] (-) TimerEvent: {}
[19.723029] (-) TimerEvent: {}
[19.823594] (-) TimerEvent: {}
[19.891631] (rover_gui) StderrLine: {'line': b'\x1b[01m\x1b[K/home/chris/ros2_ws/src/rover/rover_gui/src/QSshFileExplorer/Worker/LibSshSupportModule.cpp:\x1b[m\x1b[K In function \xe2\x80\x98\x1b[01m\x1b[Kbool LibSshSupportModule::getSftpFileSize(sftp_session, const string&, uint64_t&)\x1b[m\x1b[K\xe2\x80\x99:\n'}
[19.896641] (rover_gui) StderrLine: {'line': b'\x1b[01m\x1b[K/home/chris/ros2_ws/src/rover/rover_gui/src/QSshFileExplorer/Worker/LibSshSupportModule.cpp:172:19:\x1b[m\x1b[K \x1b[01;31m\x1b[Kerror: \x1b[m\x1b[K\xe2\x80\x98\x1b[01m\x1b[KCHECK_POINTER_VALID\x1b[m\x1b[K\xe2\x80\x99 was not declared in this scope\n'}
[19.896904] (rover_gui) StderrLine: {'line': b'  172 |         success = \x1b[01;31m\x1b[KCHECK_POINTER_VALID\x1b[m\x1b[K(sftp_);\n'}
[19.897074] (rover_gui) StderrLine: {'line': b'      |                   \x1b[01;31m\x1b[K^~~~~~~~~~~~~~~~~~~\x1b[m\x1b[K\n'}
[19.923745] (-) TimerEvent: {}
[20.024646] (-) TimerEvent: {}
[20.125448] (-) TimerEvent: {}
[20.228630] (-) TimerEvent: {}
[20.329184] (-) TimerEvent: {}
[20.433426] (-) TimerEvent: {}
[20.536427] (-) TimerEvent: {}
[20.637018] (-) TimerEvent: {}
[20.740426] (-) TimerEvent: {}
[20.841031] (-) TimerEvent: {}
[20.941618] (-) TimerEvent: {}
[21.046427] (-) TimerEvent: {}
[21.148425] (-) TimerEvent: {}
[21.250442] (-) TimerEvent: {}
[21.354436] (-) TimerEvent: {}
[21.455087] (-) TimerEvent: {}
[21.559432] (-) TimerEvent: {}
[21.663424] (-) TimerEvent: {}
[21.763976] (-) TimerEvent: {}
[21.864584] (-) TimerEvent: {}
[21.969904] (-) TimerEvent: {}
[22.070440] (-) TimerEvent: {}
[22.175424] (-) TimerEvent: {}
[22.275970] (-) TimerEvent: {}
[22.379446] (-) TimerEvent: {}
[22.480035] (-) TimerEvent: {}
[22.489162] (rover_gui) StderrLine: {'line': b'gmake[2]: *** [CMakeFiles/main_gui.dir/build.make:154: CMakeFiles/main_gui.dir/src/QSshFileExplorer/Worker/LibSshSupportModule.cpp.o] Error 1\n'}
[22.489543] (rover_gui) StderrLine: {'line': b'gmake[2]: *** Waiting for unfinished jobs....\n'}
[22.580178] (-) TimerEvent: {}
[22.682661] (-) TimerEvent: {}
[22.783442] (-) TimerEvent: {}
[22.884231] (-) TimerEvent: {}
[22.986919] (-) TimerEvent: {}
[23.087519] (-) TimerEvent: {}
[23.188451] (-) TimerEvent: {}
[23.292744] (-) TimerEvent: {}
[23.393305] (-) TimerEvent: {}
[23.493994] (-) TimerEvent: {}
[23.595957] (-) TimerEvent: {}
[23.698836] (-) TimerEvent: {}
[23.799429] (-) TimerEvent: {}
[23.903439] (-) TimerEvent: {}
[24.003999] (-) TimerEvent: {}
[24.107589] (-) TimerEvent: {}
[24.209429] (-) TimerEvent: {}
[24.309957] (-) TimerEvent: {}
[24.410520] (-) TimerEvent: {}
[24.511118] (-) TimerEvent: {}
[24.614617] (-) TimerEvent: {}
[24.715111] (-) TimerEvent: {}
[24.815666] (-) TimerEvent: {}
[24.916245] (-) TimerEvent: {}
[25.018912] (-) TimerEvent: {}
[25.119434] (-) TimerEvent: {}
[25.220283] (-) TimerEvent: {}
[25.323877] (-) TimerEvent: {}
[25.424972] (-) TimerEvent: {}
[25.528963] (-) TimerEvent: {}
[25.629571] (-) TimerEvent: {}
[25.733434] (-) TimerEvent: {}
[25.833985] (-) TimerEvent: {}
[25.934700] (-) TimerEvent: {}
[26.035297] (-) TimerEvent: {}
[26.138822] (-) TimerEvent: {}
[26.239535] (-) TimerEvent: {}
[26.340230] (-) TimerEvent: {}
[26.441172] (-) TimerEvent: {}
[26.544648] (-) TimerEvent: {}
[26.645253] (-) TimerEvent: {}
[26.745877] (-) TimerEvent: {}
[26.848423] (-) TimerEvent: {}
[26.949015] (-) TimerEvent: {}
[27.049625] (-) TimerEvent: {}
[27.151554] (-) TimerEvent: {}
[27.252214] (-) TimerEvent: {}
[27.354407] (-) TimerEvent: {}
[27.455111] (-) TimerEvent: {}
[27.555990] (-) TimerEvent: {}
[27.659420] (-) TimerEvent: {}
[27.683839] (rover_gui) StderrLine: {'line': b'gmake[1]: *** [CMakeFiles/Makefile2:167: CMakeFiles/main_gui.dir/all] Error 2\n'}
[27.684918] (rover_gui) StderrLine: {'line': b'gmake: *** [Makefile:146: all] Error 2\n'}
[27.705377] (rover_gui) CommandEnded: {'returncode': 2}
[27.759556] (-) TimerEvent: {}
[27.862626] (-) TimerEvent: {}
[27.963152] (-) TimerEvent: {}
[28.078504] (-) TimerEvent: {}
[28.179297] (-) TimerEvent: {}
[28.290393] (-) TimerEvent: {}
[28.371169] (rover_gui) JobEnded: {'identifier': 'rover_gui', 'rc': 2}
[28.390558] (-) TimerEvent: {}
[28.491114] (-) TimerEvent: {}
[28.591691] (-) TimerEvent: {}
[28.692257] (-) TimerEvent: {}
[28.792812] (-) TimerEvent: {}
[28.893379] (-) TimerEvent: {}
[28.994852] (-) TimerEvent: {}
[29.096927] (-) TimerEvent: {}
[29.112427] (rover_auxiliary) StdoutLine: {'line': b'[ 66%] \x1b[32m\x1b[1mLinking CXX executable light_control\x1b[0m\n'}
[29.200443] (-) TimerEvent: {}
[29.225617] (rover_auxiliary) StdoutLine: {'line': b'[ 83%] \x1b[32m\x1b[1mLinking CXX executable goal_manager\x1b[0m\n'}
[29.300576] (-) TimerEvent: {}
[29.401296] (-) TimerEvent: {}
[29.503658] (-) TimerEvent: {}
[29.604155] (-) TimerEvent: {}
[29.704905] (-) TimerEvent: {}
[29.807444] (-) TimerEvent: {}
[29.908029] (-) TimerEvent: {}
[29.918282] (rover_auxiliary) StdoutLine: {'line': b'[ 83%] Built target light_control\n'}
[29.943516] (rover_auxiliary) StdoutLine: {'line': b'[ 83%] Built target goal_manager\n'}
[30.008151] (-) TimerEvent: {}
[30.108690] (-) TimerEvent: {}
[30.211015] (-) TimerEvent: {}
[30.312296] (-) TimerEvent: {}
[30.416433] (-) TimerEvent: {}
[30.517214] (-) TimerEvent: {}
[30.618000] (-) TimerEvent: {}
[30.718820] (-) TimerEvent: {}
[30.819810] (-) TimerEvent: {}
[30.927419] (-) TimerEvent: {}
[31.027875] (-) TimerEvent: {}
[31.128348] (-) TimerEvent: {}
[31.228798] (-) TimerEvent: {}
[31.329275] (-) TimerEvent: {}
[31.429785] (-) TimerEvent: {}
[31.530313] (-) TimerEvent: {}
[31.631035] (-) TimerEvent: {}
[31.731951] (-) TimerEvent: {}
[31.832661] (-) TimerEvent: {}
[31.933125] (-) TimerEvent: {}
[32.033800] (-) TimerEvent: {}
[32.134697] (-) TimerEvent: {}
[32.235152] (-) TimerEvent: {}
[32.335938] (-) TimerEvent: {}
[32.436908] (-) TimerEvent: {}
[32.537577] (-) TimerEvent: {}
[32.638234] (-) TimerEvent: {}
[32.739050] (-) TimerEvent: {}
[32.839857] (-) TimerEvent: {}
[32.940625] (-) TimerEvent: {}
[33.041401] (-) TimerEvent: {}
[33.141843] (-) TimerEvent: {}
[33.242701] (-) TimerEvent: {}
[33.343526] (-) TimerEvent: {}
[33.444204] (-) TimerEvent: {}
[33.544931] (-) TimerEvent: {}
[33.645917] (-) TimerEvent: {}
[33.746598] (-) TimerEvent: {}
[33.847292] (-) TimerEvent: {}
[33.947769] (-) TimerEvent: {}
[34.048496] (-) TimerEvent: {}
[34.148964] (-) TimerEvent: {}
[34.249633] (-) TimerEvent: {}
[34.350416] (-) TimerEvent: {}
[34.451160] (-) TimerEvent: {}
[34.551660] (-) TimerEvent: {}
[34.652842] (-) TimerEvent: {}
[34.753816] (-) TimerEvent: {}
[34.855618] (-) TimerEvent: {}
[34.956522] (-) TimerEvent: {}
[35.057952] (-) TimerEvent: {}
[35.078261] (rover_joy) StdoutLine: {'line': b'[ 75%] \x1b[32m\x1b[1mLinking CXX executable joy_demux\x1b[0m\n'}
[35.158121] (-) TimerEvent: {}
[35.261109] (-) TimerEvent: {}
[35.361616] (-) TimerEvent: {}
[35.462168] (-) TimerEvent: {}
[35.546269] (rover_antenna) StdoutLine: {'line': b'[ 66%] \x1b[32m\x1b[1mLinking CXX executable jog_antenna\x1b[0m\n'}
[35.563496] (-) TimerEvent: {}
[35.664099] (-) TimerEvent: {}
[35.731879] (rover_drive_train) StdoutLine: {'line': b'[ 75%] \x1b[32m\x1b[1mLinking CXX executable teleop\x1b[0m\n'}
[35.764248] (-) TimerEvent: {}
[35.864989] (-) TimerEvent: {}
[35.965890] (-) TimerEvent: {}
[36.067616] (-) TimerEvent: {}
[36.136175] (rover_antenna) StdoutLine: {'line': b'[ 83%] \x1b[32m\x1b[1mLinking CXX executable autonomus\x1b[0m\n'}
[36.169489] (-) TimerEvent: {}
[36.270474] (-) TimerEvent: {}
[36.371777] (-) TimerEvent: {}
[36.472856] (-) TimerEvent: {}
[36.574248] (-) TimerEvent: {}
[36.675560] (-) TimerEvent: {}
[36.768414] (rover_joy) StdoutLine: {'line': b'[ 75%] Built target joy_demux\n'}
[36.775717] (-) TimerEvent: {}
[36.876336] (-) TimerEvent: {}
[36.894262] (rover_arm) StdoutLine: {'line': b'[100%] \x1b[32m\x1b[1mLinking CXX executable teleop\x1b[0m\n'}
[36.937569] (rover_antenna) StdoutLine: {'line': b'[ 83%] Built target jog_antenna\n'}
[36.976422] (-) TimerEvent: {}
[37.076986] (-) TimerEvent: {}
[37.077528] (rover_drive_train) StdoutLine: {'line': b'[ 75%] Built target teleop\n'}
[37.177125] (-) TimerEvent: {}
[37.274584] (rover_antenna) StdoutLine: {'line': b'[ 83%] Built target autonomus\n'}
[37.277245] (-) TimerEvent: {}
[37.377648] (-) TimerEvent: {}
[37.394518] (rover_antenna) StdoutLine: {'line': b'[100%] \x1b[32m\x1b[1mLinking CXX executable arbitration\x1b[0m\n'}
[37.477805] (-) TimerEvent: {}
[37.578402] (-) TimerEvent: {}
[37.679018] (-) TimerEvent: {}
[37.779566] (-) TimerEvent: {}
[37.880067] (-) TimerEvent: {}
[37.918705] (rover_joy) StdoutLine: {'line': b'[100%] \x1b[32m\x1b[1mLinking CXX executable joy_formator\x1b[0m\n'}
[37.980201] (-) TimerEvent: {}
[38.080788] (-) TimerEvent: {}
[38.142160] (rover_arm) StdoutLine: {'line': b'[100%] Built target teleop\n'}
[38.162951] (rover_arm) JobEnded: {'identifier': 'rover_arm', 'rc': 'SIGINT'}
[38.180870] (-) TimerEvent: {}
[38.261965] (rover_antenna) StdoutLine: {'line': b'[100%] Built target arbitration\n'}
[38.281015] (-) TimerEvent: {}
[38.282375] (rover_antenna) JobEnded: {'identifier': 'rover_antenna', 'rc': 'SIGINT'}
[38.381149] (-) TimerEvent: {}
[38.481623] (-) TimerEvent: {}
[38.581985] (-) TimerEvent: {}
[38.682397] (-) TimerEvent: {}
[38.767665] (rover_joy) StdoutLine: {'line': b'[100%] Built target joy_formator\n'}
[38.782548] (-) TimerEvent: {}
[38.786056] (rover_joy) JobEnded: {'identifier': 'rover_joy', 'rc': 'SIGINT'}
[38.882670] (-) TimerEvent: {}
[38.983051] (-) TimerEvent: {}
[39.083415] (-) TimerEvent: {}
[39.183781] (-) TimerEvent: {}
[39.284126] (-) TimerEvent: {}
[39.384496] (-) TimerEvent: {}
[39.475979] (rover_auxiliary) StdoutLine: {'line': b'[100%] \x1b[32m\x1b[1mLinking CXX executable compass_calibrator\x1b[0m\n'}
[39.484631] (-) TimerEvent: {}
[39.585063] (-) TimerEvent: {}
[39.685656] (-) TimerEvent: {}
[39.786096] (-) TimerEvent: {}
[39.886530] (-) TimerEvent: {}
[39.986887] (-) TimerEvent: {}
[40.087294] (-) TimerEvent: {}
[40.134429] (rover_auxiliary) StdoutLine: {'line': b'[100%] Built target compass_calibrator\n'}
[40.152802] (rover_auxiliary) JobEnded: {'identifier': 'rover_auxiliary', 'rc': 'SIGINT'}
[40.187508] (-) TimerEvent: {}
[40.287887] (-) TimerEvent: {}
[40.388238] (-) TimerEvent: {}
[40.488644] (-) TimerEvent: {}
[40.588975] (-) TimerEvent: {}
[40.689307] (-) TimerEvent: {}
[40.789720] (-) TimerEvent: {}
[40.890066] (-) TimerEvent: {}
[40.990397] (-) TimerEvent: {}
[41.090735] (-) TimerEvent: {}
[41.191056] (-) TimerEvent: {}
[41.291410] (-) TimerEvent: {}
[41.391712] (-) TimerEvent: {}
[41.492037] (-) TimerEvent: {}
[41.592360] (-) TimerEvent: {}
[41.692667] (-) TimerEvent: {}
[41.793001] (-) TimerEvent: {}
[41.893327] (-) TimerEvent: {}
[41.993666] (-) TimerEvent: {}
[42.094024] (-) TimerEvent: {}
[42.194366] (-) TimerEvent: {}
[42.294721] (-) TimerEvent: {}
[42.395100] (-) TimerEvent: {}
[42.444664] (rover_drive_train) StdoutLine: {'line': b'[100%] \x1b[32m\x1b[1mLinking CXX executable arbitration\x1b[0m\n'}
[42.495234] (-) TimerEvent: {}
[42.595584] (-) TimerEvent: {}
[42.695918] (-) TimerEvent: {}
[42.796252] (-) TimerEvent: {}
[42.896579] (-) TimerEvent: {}
[42.996928] (-) TimerEvent: {}
[43.097248] (-) TimerEvent: {}
[43.197596] (-) TimerEvent: {}
[43.261725] (rover_drive_train) StdoutLine: {'line': b'[100%] Built target arbitration\n'}
[43.278381] (rover_drive_train) JobEnded: {'identifier': 'rover_drive_train', 'rc': 'SIGINT'}
[43.297721] (-) TimerEvent: {}
[43.398026] (-) TimerEvent: {}
[43.498332] (-) TimerEvent: {}
[43.598703] (-) TimerEvent: {}
[43.699011] (-) TimerEvent: {}
[43.799348] (-) TimerEvent: {}
[43.899655] (-) TimerEvent: {}
[43.999963] (-) TimerEvent: {}
[44.100266] (-) TimerEvent: {}
[44.200547] (-) TimerEvent: {}
[44.300855] (-) TimerEvent: {}
[44.401161] (-) TimerEvent: {}
[44.501478] (-) TimerEvent: {}
[44.601758] (-) TimerEvent: {}
[44.702213] (-) TimerEvent: {}
[44.802615] (-) TimerEvent: {}
[44.902978] (-) TimerEvent: {}
[45.003281] (-) TimerEvent: {}
[45.103605] (-) TimerEvent: {}
[45.203911] (-) TimerEvent: {}
[45.304218] (-) TimerEvent: {}
[45.404537] (-) TimerEvent: {}
[45.504845] (-) TimerEvent: {}
[45.605153] (-) TimerEvent: {}
[45.705477] (-) TimerEvent: {}
[45.805787] (-) TimerEvent: {}
[45.906096] (-) TimerEvent: {}
[46.006408] (-) TimerEvent: {}
[46.106723] (-) TimerEvent: {}
[46.207032] (-) TimerEvent: {}
[46.307353] (-) TimerEvent: {}
[46.407664] (-) TimerEvent: {}
[46.507975] (-) TimerEvent: {}
[46.608326] (-) TimerEvent: {}
[46.708637] (-) TimerEvent: {}
[46.808947] (-) TimerEvent: {}
[46.909263] (-) TimerEvent: {}
[47.009589] (-) TimerEvent: {}
[47.109909] (-) TimerEvent: {}
[47.210219] (-) TimerEvent: {}
[47.310540] (-) TimerEvent: {}
[47.410848] (-) TimerEvent: {}
[47.511167] (-) TimerEvent: {}
[47.611487] (-) TimerEvent: {}
[47.711799] (-) TimerEvent: {}
[47.812111] (-) TimerEvent: {}
[47.912437] (-) TimerEvent: {}
[48.012743] (-) TimerEvent: {}
[48.113044] (-) TimerEvent: {}
[48.213369] (-) TimerEvent: {}
[48.313690] (-) TimerEvent: {}
[48.414022] (-) TimerEvent: {}
[48.514336] (-) TimerEvent: {}
[48.614638] (-) TimerEvent: {}
[48.714950] (-) TimerEvent: {}
[48.815259] (-) TimerEvent: {}
[48.915575] (-) TimerEvent: {}
[49.015882] (-) TimerEvent: {}
[49.116195] (-) TimerEvent: {}
[49.216595] (-) TimerEvent: {}
[49.316907] (-) TimerEvent: {}
[49.417226] (-) TimerEvent: {}
[49.517513] (-) TimerEvent: {}
[49.617812] (-) TimerEvent: {}
[49.718301] (-) TimerEvent: {}
[49.819135] (-) TimerEvent: {}
[49.919712] (-) TimerEvent: {}
[50.020020] (-) TimerEvent: {}
[50.120385] (-) TimerEvent: {}
[50.220704] (-) TimerEvent: {}
[50.321014] (-) TimerEvent: {}
[50.421328] (-) TimerEvent: {}
[50.521630] (-) TimerEvent: {}
[50.621951] (-) TimerEvent: {}
[50.722272] (-) TimerEvent: {}
[50.822574] (-) TimerEvent: {}
[50.922937] (-) TimerEvent: {}
[51.023276] (-) TimerEvent: {}
[51.123633] (-) TimerEvent: {}
[51.223970] (-) TimerEvent: {}
[51.324310] (-) TimerEvent: {}
[51.424671] (-) TimerEvent: {}
[51.525022] (-) TimerEvent: {}
[51.625375] (-) TimerEvent: {}
[51.725713] (-) TimerEvent: {}
[51.826050] (-) TimerEvent: {}
[51.926402] (-) TimerEvent: {}
[52.026763] (-) TimerEvent: {}
[52.127094] (-) TimerEvent: {}
[52.227448] (-) TimerEvent: {}
[52.327821] (-) TimerEvent: {}
[52.428158] (-) TimerEvent: {}
[52.528515] (-) TimerEvent: {}
[52.607905] (rover_can) StdoutLine: {'line': b'[100%] \x1b[32m\x1b[1mLinking CXX executable can_master\x1b[0m\n'}
[52.628616] (-) TimerEvent: {}
[52.728922] (-) TimerEvent: {}
[52.829259] (-) TimerEvent: {}
[52.929577] (-) TimerEvent: {}
[53.029882] (-) TimerEvent: {}
[53.130206] (-) TimerEvent: {}
[53.230696] (-) TimerEvent: {}
[53.331094] (-) TimerEvent: {}
[53.431433] (-) TimerEvent: {}
[53.531753] (-) TimerEvent: {}
[53.632082] (-) TimerEvent: {}
[53.732445] (-) TimerEvent: {}
[53.832755] (-) TimerEvent: {}
[53.840401] (rover_can) StdoutLine: {'line': b'[100%] Built target can_master\n'}
[53.854983] (rover_can) JobEnded: {'identifier': 'rover_can', 'rc': 'SIGINT'}
[53.865585] (-) EventReactorShutdown: {}
