-- The C compiler identification is GNU 11.4.0
-- The CXX compiler identification is GNU 11.4.0
-- Detecting C compiler ABI info
-- Detecting C compiler ABI info - done
-- Check for working C compiler: /usr/bin/cc - skipped
-- Detecting C compile features
-- Detecting C compile features - done
-- Detecting CXX compiler ABI info
-- Detecting CXX compiler ABI info - done
-- Check for working CXX compiler: /usr/bin/c++ - skipped
-- Detecting CXX compile features
-- Detecting CXX compile features - done
-- Found ament_cmake: 1.3.11 (/opt/ros/humble/share/ament_cmake/cmake)
-- Found Python3: /usr/bin/python3 (found version "3.10.12") found components: Interpreter 
-- Found ament_index_cpp: 1.4.0 (/opt/ros/humble/share/ament_index_cpp/cmake)
-- Found rosidl_default_generators: 1.2.0 (/opt/ros/humble/share/rosidl_default_generators/cmake)
-- Using all available rosidl_typesupport_c: rosidl_typesupport_fastrtps_c;rosidl_typesupport_introspection_c
-- Found rosidl_adapter: 3.1.6 (/opt/ros/humble/share/rosidl_adapter/cmake)
-- Using all available rosidl_typesupport_cpp: rosidl_typesupport_fastrtps_cpp;rosidl_typesupport_introspection_cpp
-- Found rclcpp: 16.0.12 (/opt/ros/humble/share/rclcpp/cmake)
-- Found rmw_implementation_cmake: 6.1.2 (/opt/ros/humble/share/rmw_implementation_cmake/cmake)
-- Found rmw_fastrtps_cpp: 6.2.7 (/opt/ros/humble/share/rmw_fastrtps_cpp/cmake)
-- Found OpenSSL: /usr/lib/aarch64-linux-gnu/libcrypto.so (found version "3.0.2")  
-- Found FastRTPS: /opt/ros/humble/include  
-- Using RMW implementation 'rmw_fastrtps_cpp' as default
-- Looking for pthread.h
-- Looking for pthread.h - found
-- Performing Test CMAKE_HAVE_LIBC_PTHREAD
-- Performing Test CMAKE_HAVE_LIBC_PTHREAD - Success
-- Found Threads: TRUE  
-- Found ament_cmake_ros: 0.10.0 (/opt/ros/humble/share/ament_cmake_ros/cmake)
-- Using all available rosidl_typesupport_c: rosidl_typesupport_fastrtps_c;rosidl_typesupport_introspection_c
-- Using all available rosidl_typesupport_cpp: rosidl_typesupport_fastrtps_cpp;rosidl_typesupport_introspection_cpp
-- Found PythonInterp: /usr/bin/python3 (found suitable version "3.10.12", minimum required is "3.6") 
-- Found python_cmake_module: 0.10.0 (/opt/ros/humble/share/python_cmake_module/cmake)
-- Found PythonLibs: /usr/lib/aarch64-linux-gnu/libpython3.10.so (found suitable version "3.10.12", minimum required is "3.5") 
-- Using PYTHON_EXECUTABLE: /usr/bin/python3
-- Using PYTHON_INCLUDE_DIRS: /usr/include/python3.10
-- Using PYTHON_LIBRARIES: /usr/lib/aarch64-linux-gnu/libpython3.10.so
-- Found PythonExtra: .so  
-- Configuring done
-- Generating done
-- Build files have been written to: /home/chris/ros2_ws/src/rover/build/rover_msgs
[  0%] [32mBuilding CXX object CMakeFiles/lib_exec.dir/src/lib.cpp.o[0m
[  0%] [34m[1mGenerating C++ code for ROS interfaces[0m
[  0%] [32mBuilding CXX object CMakeFiles/lib_exec.dir/include/rovus_lib/timer.cpp.o[0m
[  1%] [32m[1mLinking CXX static library liblib_exec.a[0m
[  1%] Built target lib_exec
[  1%] [34m[1mGenerating C code for ROS interfaces[0m
[  1%] Built target rover_msgs__cpp
[  1%] Built target ament_cmake_python_copy_rover_msgs
[  1%] [34m[1mGenerating C++ type support dispatch for ROS interfaces[0m
[  2%] [32mBuilding C object CMakeFiles/rover_msgs__rosidl_generator_c.dir/rosidl_generator_c/rover_msgs/msg/detail/antenna_cmd__functions.c.o[0m
[  2%] [32mBuilding C object CMakeFiles/rover_msgs__rosidl_generator_c.dir/rosidl_generator_c/rover_msgs/msg/detail/propulsion_motor__functions.c.o[0m
[  3%] [32mBuilding C object CMakeFiles/rover_msgs__rosidl_generator_c.dir/rosidl_generator_c/rover_msgs/msg/detail/can_device_status__functions.c.o[0m
[  3%] [32mBuilding C object CMakeFiles/rover_msgs__rosidl_generator_c.dir/rosidl_generator_c/rover_msgs/msg/detail/joy__functions.c.o[0m
[  4%] [32mBuilding C object CMakeFiles/rover_msgs__rosidl_generator_c.dir/rosidl_generator_c/rover_msgs/msg/detail/joy_demux_status__functions.c.o[0m
[  4%] [32mBuilding C object CMakeFiles/rover_msgs__rosidl_generator_c.dir/rosidl_generator_c/rover_msgs/msg/detail/gps__functions.c.o[0m
[  4%] [32mBuilding C object CMakeFiles/rover_msgs__rosidl_generator_c.dir/rosidl_generator_c/rover_msgs/msg/detail/gps_position__functions.c.o[0m
[  5%] [32mBuilding C object CMakeFiles/rover_msgs__rosidl_generator_c.dir/rosidl_generator_c/rover_msgs/msg/detail/camera_control__functions.c.o[0m
[  6%] [32mBuilding CXX object CMakeFiles/rover_msgs__rosidl_typesupport_cpp.dir/rosidl_typesupport_cpp/rover_msgs/msg/antenna_cmd__type_support.cpp.o[0m
[  6%] [32mBuilding C object CMakeFiles/rover_msgs__rosidl_generator_c.dir/rosidl_generator_c/rover_msgs/msg/detail/light_control__functions.c.o[0m
[  7%] [32mBuilding C object CMakeFiles/rover_msgs__rosidl_generator_c.dir/rosidl_generator_c/rover_msgs/msg/detail/science_control__functions.c.o[0m
[  7%] [32mBuilding C object CMakeFiles/rover_msgs__rosidl_generator_c.dir/rosidl_generator_c/rover_msgs/msg/detail/arm_msg__functions.c.o[0m
[  8%] [32mBuilding C object CMakeFiles/rover_msgs__rosidl_generator_c.dir/rosidl_generator_c/rover_msgs/msg/detail/drivetrain_arbitration__functions.c.o[0m
[  8%] [32mBuilding C object CMakeFiles/rover_msgs__rosidl_generator_c.dir/rosidl_generator_c/rover_msgs/msg/detail/compass__functions.c.o[0m
[  9%] [32mBuilding C object CMakeFiles/rover_msgs__rosidl_generator_c.dir/rosidl_generator_c/rover_msgs/msg/detail/camera_angle__functions.c.o[0m
[  9%] [32mBuilding CXX object CMakeFiles/rover_msgs__rosidl_typesupport_cpp.dir/rosidl_typesupport_cpp/rover_msgs/msg/propulsion_motor__type_support.cpp.o[0m
[  9%] [32mBuilding C object CMakeFiles/rover_msgs__rosidl_generator_c.dir/rosidl_generator_c/rover_msgs/msg/detail/aruco__functions.c.o[0m
[ 10%] [32mBuilding C object CMakeFiles/rover_msgs__rosidl_generator_c.dir/rosidl_generator_c/rover_msgs/srv/detail/joy_demux_set_state__functions.c.o[0m
[ 10%] [32mBuilding C object CMakeFiles/rover_msgs__rosidl_generator_c.dir/rosidl_generator_c/rover_msgs/srv/detail/antenna_arbitration__functions.c.o[0m
[ 11%] [32mBuilding C object CMakeFiles/rover_msgs__rosidl_generator_c.dir/rosidl_generator_c/rover_msgs/srv/detail/drive_train_arbitration__functions.c.o[0m
[ 11%] [32mBuilding C object CMakeFiles/rover_msgs__rosidl_generator_c.dir/rosidl_generator_c/rover_msgs/srv/detail/light_control__functions.c.o[0m
[ 12%] [32mBuilding CXX object CMakeFiles/rover_msgs__rosidl_typesupport_cpp.dir/rosidl_typesupport_cpp/rover_msgs/msg/can_device_status__type_support.cpp.o[0m
[ 12%] [32mBuilding C object CMakeFiles/rover_msgs__rosidl_generator_c.dir/rosidl_generator_c/rover_msgs/srv/detail/compass_calibration__functions.c.o[0m
[ 13%] [32mBuilding C object CMakeFiles/rover_msgs__rosidl_generator_c.dir/rosidl_generator_c/rover_msgs/srv/detail/new_gps_goal__functions.c.o[0m
[ 13%] [32mBuilding C object CMakeFiles/rover_msgs__rosidl_generator_c.dir/rosidl_generator_c/rover_msgs/srv/detail/pano_control__functions.c.o[0m
[ 14%] [32mBuilding C object CMakeFiles/rover_msgs__rosidl_generator_c.dir/rosidl_generator_c/rover_msgs/srv/detail/rtsp_stream__functions.c.o[0m
[ 14%] [32mBuilding CXX object CMakeFiles/rover_msgs__rosidl_typesupport_cpp.dir/rosidl_typesupport_cpp/rover_msgs/msg/joy__type_support.cpp.o[0m
[ 14%] [32mBuilding C object CMakeFiles/rover_msgs__rosidl_generator_c.dir/rosidl_generator_c/rover_msgs/srv/detail/screenshot_control__functions.c.o[0m
[ 15%] [32m[1mLinking C shared library librover_msgs__rosidl_generator_c.so[0m
[ 15%] Built target rover_msgs__rosidl_generator_c
[ 16%] [32mBuilding CXX object CMakeFiles/rover_msgs__rosidl_typesupport_cpp.dir/rosidl_typesupport_cpp/rover_msgs/msg/joy_demux_status__type_support.cpp.o[0m
[ 16%] [34m[1mGenerating C++ type support for eProsima Fast-RTPS[0m
[ 16%] [32mBuilding CXX object CMakeFiles/rover_msgs__rosidl_typesupport_cpp.dir/rosidl_typesupport_cpp/rover_msgs/msg/gps__type_support.cpp.o[0m
[ 17%] [32mBuilding CXX object CMakeFiles/rover_msgs__rosidl_typesupport_cpp.dir/rosidl_typesupport_cpp/rover_msgs/msg/gps_position__type_support.cpp.o[0m
[ 17%] [32mBuilding CXX object CMakeFiles/rover_msgs__rosidl_typesupport_cpp.dir/rosidl_typesupport_cpp/rover_msgs/msg/camera_control__type_support.cpp.o[0m
[ 18%] [32mBuilding CXX object CMakeFiles/rover_msgs__rosidl_typesupport_cpp.dir/rosidl_typesupport_cpp/rover_msgs/msg/light_control__type_support.cpp.o[0m
[ 18%] [32mBuilding CXX object CMakeFiles/rover_msgs__rosidl_typesupport_cpp.dir/rosidl_typesupport_cpp/rover_msgs/msg/science_control__type_support.cpp.o[0m
[ 19%] [32mBuilding CXX object CMakeFiles/rover_msgs__rosidl_typesupport_cpp.dir/rosidl_typesupport_cpp/rover_msgs/msg/arm_msg__type_support.cpp.o[0m
[ 19%] [32mBuilding CXX object CMakeFiles/rover_msgs__rosidl_typesupport_cpp.dir/rosidl_typesupport_cpp/rover_msgs/msg/drivetrain_arbitration__type_support.cpp.o[0m
[ 19%] [32mBuilding CXX object CMakeFiles/rover_msgs__rosidl_typesupport_cpp.dir/rosidl_typesupport_cpp/rover_msgs/msg/compass__type_support.cpp.o[0m
[ 20%] [32mBuilding CXX object CMakeFiles/rover_msgs__rosidl_typesupport_cpp.dir/rosidl_typesupport_cpp/rover_msgs/msg/camera_angle__type_support.cpp.o[0m
[ 21%] [32mBuilding CXX object CMakeFiles/rover_msgs__rosidl_typesupport_fastrtps_cpp.dir/rosidl_typesupport_fastrtps_cpp/rover_msgs/msg/detail/dds_fastrtps/antenna_cmd__type_support.cpp.o[0m
[ 21%] [32mBuilding CXX object CMakeFiles/rover_msgs__rosidl_typesupport_cpp.dir/rosidl_typesupport_cpp/rover_msgs/msg/aruco__type_support.cpp.o[0m
[ 21%] [32mBuilding CXX object CMakeFiles/rover_msgs__rosidl_typesupport_fastrtps_cpp.dir/rosidl_typesupport_fastrtps_cpp/rover_msgs/msg/detail/dds_fastrtps/propulsion_motor__type_support.cpp.o[0m
[ 22%] [32mBuilding CXX object CMakeFiles/rover_msgs__rosidl_typesupport_cpp.dir/rosidl_typesupport_cpp/rover_msgs/srv/joy_demux_set_state__type_support.cpp.o[0m
[ 22%] [32mBuilding CXX object CMakeFiles/rover_msgs__rosidl_typesupport_cpp.dir/rosidl_typesupport_cpp/rover_msgs/srv/antenna_arbitration__type_support.cpp.o[0m
[ 23%] [32mBuilding CXX object CMakeFiles/rover_msgs__rosidl_typesupport_fastrtps_cpp.dir/rosidl_typesupport_fastrtps_cpp/rover_msgs/msg/detail/dds_fastrtps/can_device_status__type_support.cpp.o[0m
[ 24%] [32mBuilding CXX object CMakeFiles/rover_msgs__rosidl_typesupport_cpp.dir/rosidl_typesupport_cpp/rover_msgs/srv/drive_train_arbitration__type_support.cpp.o[0m
[ 24%] [32mBuilding CXX object CMakeFiles/rover_msgs__rosidl_typesupport_fastrtps_cpp.dir/rosidl_typesupport_fastrtps_cpp/rover_msgs/msg/detail/dds_fastrtps/joy__type_support.cpp.o[0m
[ 24%] [32mBuilding CXX object CMakeFiles/rover_msgs__rosidl_typesupport_cpp.dir/rosidl_typesupport_cpp/rover_msgs/srv/light_control__type_support.cpp.o[0m
[ 25%] [32mBuilding CXX object CMakeFiles/rover_msgs__rosidl_typesupport_cpp.dir/rosidl_typesupport_cpp/rover_msgs/srv/compass_calibration__type_support.cpp.o[0m
[ 26%] [32mBuilding CXX object CMakeFiles/rover_msgs__rosidl_typesupport_fastrtps_cpp.dir/rosidl_typesupport_fastrtps_cpp/rover_msgs/msg/detail/dds_fastrtps/joy_demux_status__type_support.cpp.o[0m
[ 26%] [32mBuilding CXX object CMakeFiles/rover_msgs__rosidl_typesupport_cpp.dir/rosidl_typesupport_cpp/rover_msgs/srv/new_gps_goal__type_support.cpp.o[0m
[ 26%] [32mBuilding CXX object CMakeFiles/rover_msgs__rosidl_typesupport_fastrtps_cpp.dir/rosidl_typesupport_fastrtps_cpp/rover_msgs/msg/detail/dds_fastrtps/gps__type_support.cpp.o[0m
[ 27%] [32mBuilding CXX object CMakeFiles/rover_msgs__rosidl_typesupport_cpp.dir/rosidl_typesupport_cpp/rover_msgs/srv/pano_control__type_support.cpp.o[0m
[ 27%] [32mBuilding CXX object CMakeFiles/rover_msgs__rosidl_typesupport_cpp.dir/rosidl_typesupport_cpp/rover_msgs/srv/rtsp_stream__type_support.cpp.o[0m
[ 27%] [32mBuilding CXX object CMakeFiles/rover_msgs__rosidl_typesupport_fastrtps_cpp.dir/rosidl_typesupport_fastrtps_cpp/rover_msgs/msg/detail/dds_fastrtps/gps_position__type_support.cpp.o[0m
[ 28%] [32mBuilding CXX object CMakeFiles/rover_msgs__rosidl_typesupport_cpp.dir/rosidl_typesupport_cpp/rover_msgs/srv/screenshot_control__type_support.cpp.o[0m
[ 29%] [32mBuilding CXX object CMakeFiles/rover_msgs__rosidl_typesupport_fastrtps_cpp.dir/rosidl_typesupport_fastrtps_cpp/rover_msgs/msg/detail/dds_fastrtps/camera_control__type_support.cpp.o[0m
[ 29%] [32m[1mLinking CXX shared library librover_msgs__rosidl_typesupport_cpp.so[0m
[ 29%] Built target rover_msgs__rosidl_typesupport_cpp
[ 29%] [34m[1mGenerating C++ introspection for ROS interfaces[0m
[ 29%] [32mBuilding CXX object CMakeFiles/rover_msgs__rosidl_typesupport_fastrtps_cpp.dir/rosidl_typesupport_fastrtps_cpp/rover_msgs/msg/detail/dds_fastrtps/light_control__type_support.cpp.o[0m
[ 30%] [32mBuilding CXX object CMakeFiles/rover_msgs__rosidl_typesupport_fastrtps_cpp.dir/rosidl_typesupport_fastrtps_cpp/rover_msgs/msg/detail/dds_fastrtps/science_control__type_support.cpp.o[0m
[ 30%] [32mBuilding CXX object CMakeFiles/rover_msgs__rosidl_typesupport_fastrtps_cpp.dir/rosidl_typesupport_fastrtps_cpp/rover_msgs/msg/detail/dds_fastrtps/arm_msg__type_support.cpp.o[0m
[ 31%] [32mBuilding CXX object CMakeFiles/rover_msgs__rosidl_typesupport_fastrtps_cpp.dir/rosidl_typesupport_fastrtps_cpp/rover_msgs/msg/detail/dds_fastrtps/drivetrain_arbitration__type_support.cpp.o[0m
[ 31%] [32mBuilding CXX object CMakeFiles/rover_msgs__rosidl_typesupport_fastrtps_cpp.dir/rosidl_typesupport_fastrtps_cpp/rover_msgs/msg/detail/dds_fastrtps/compass__type_support.cpp.o[0m
[ 31%] [32mBuilding CXX object CMakeFiles/rover_msgs__rosidl_typesupport_introspection_cpp.dir/rosidl_typesupport_introspection_cpp/rover_msgs/msg/detail/antenna_cmd__type_support.cpp.o[0m
[ 32%] [32mBuilding CXX object CMakeFiles/rover_msgs__rosidl_typesupport_fastrtps_cpp.dir/rosidl_typesupport_fastrtps_cpp/rover_msgs/msg/detail/dds_fastrtps/camera_angle__type_support.cpp.o[0m
[ 33%] [32mBuilding CXX object CMakeFiles/rover_msgs__rosidl_typesupport_introspection_cpp.dir/rosidl_typesupport_introspection_cpp/rover_msgs/msg/detail/propulsion_motor__type_support.cpp.o[0m
[ 33%] [32mBuilding CXX object CMakeFiles/rover_msgs__rosidl_typesupport_fastrtps_cpp.dir/rosidl_typesupport_fastrtps_cpp/rover_msgs/msg/detail/dds_fastrtps/aruco__type_support.cpp.o[0m
[ 33%] [32mBuilding CXX object CMakeFiles/rover_msgs__rosidl_typesupport_introspection_cpp.dir/rosidl_typesupport_introspection_cpp/rover_msgs/msg/detail/can_device_status__type_support.cpp.o[0m
[ 34%] [32mBuilding CXX object CMakeFiles/rover_msgs__rosidl_typesupport_introspection_cpp.dir/rosidl_typesupport_introspection_cpp/rover_msgs/msg/detail/joy__type_support.cpp.o[0m
[ 35%] [32mBuilding CXX object CMakeFiles/rover_msgs__rosidl_typesupport_fastrtps_cpp.dir/rosidl_typesupport_fastrtps_cpp/rover_msgs/srv/detail/dds_fastrtps/joy_demux_set_state__type_support.cpp.o[0m
[ 35%] [32mBuilding CXX object CMakeFiles/rover_msgs__rosidl_typesupport_introspection_cpp.dir/rosidl_typesupport_introspection_cpp/rover_msgs/msg/detail/joy_demux_status__type_support.cpp.o[0m
[ 35%] [32mBuilding CXX object CMakeFiles/rover_msgs__rosidl_typesupport_fastrtps_cpp.dir/rosidl_typesupport_fastrtps_cpp/rover_msgs/srv/detail/dds_fastrtps/antenna_arbitration__type_support.cpp.o[0m
[ 36%] [32mBuilding CXX object CMakeFiles/rover_msgs__rosidl_typesupport_introspection_cpp.dir/rosidl_typesupport_introspection_cpp/rover_msgs/msg/detail/gps__type_support.cpp.o[0m
[ 37%] [32mBuilding CXX object CMakeFiles/rover_msgs__rosidl_typesupport_fastrtps_cpp.dir/rosidl_typesupport_fastrtps_cpp/rover_msgs/srv/detail/dds_fastrtps/drive_train_arbitration__type_support.cpp.o[0m
[ 37%] [32mBuilding CXX object CMakeFiles/rover_msgs__rosidl_typesupport_introspection_cpp.dir/rosidl_typesupport_introspection_cpp/rover_msgs/msg/detail/gps_position__type_support.cpp.o[0m
[ 37%] [32mBuilding CXX object CMakeFiles/rover_msgs__rosidl_typesupport_fastrtps_cpp.dir/rosidl_typesupport_fastrtps_cpp/rover_msgs/srv/detail/dds_fastrtps/light_control__type_support.cpp.o[0m
[ 38%] [32mBuilding CXX object CMakeFiles/rover_msgs__rosidl_typesupport_introspection_cpp.dir/rosidl_typesupport_introspection_cpp/rover_msgs/msg/detail/camera_control__type_support.cpp.o[0m
[ 38%] [32mBuilding CXX object CMakeFiles/rover_msgs__rosidl_typesupport_fastrtps_cpp.dir/rosidl_typesupport_fastrtps_cpp/rover_msgs/srv/detail/dds_fastrtps/compass_calibration__type_support.cpp.o[0m
[ 38%] [32mBuilding CXX object CMakeFiles/rover_msgs__rosidl_typesupport_introspection_cpp.dir/rosidl_typesupport_introspection_cpp/rover_msgs/msg/detail/light_control__type_support.cpp.o[0m
[ 39%] [32mBuilding CXX object CMakeFiles/rover_msgs__rosidl_typesupport_fastrtps_cpp.dir/rosidl_typesupport_fastrtps_cpp/rover_msgs/srv/detail/dds_fastrtps/new_gps_goal__type_support.cpp.o[0m
[ 40%] [32mBuilding CXX object CMakeFiles/rover_msgs__rosidl_typesupport_introspection_cpp.dir/rosidl_typesupport_introspection_cpp/rover_msgs/msg/detail/science_control__type_support.cpp.o[0m
[ 40%] [32mBuilding CXX object CMakeFiles/rover_msgs__rosidl_typesupport_fastrtps_cpp.dir/rosidl_typesupport_fastrtps_cpp/rover_msgs/srv/detail/dds_fastrtps/pano_control__type_support.cpp.o[0m
[ 40%] [32mBuilding CXX object CMakeFiles/rover_msgs__rosidl_typesupport_introspection_cpp.dir/rosidl_typesupport_introspection_cpp/rover_msgs/msg/detail/arm_msg__type_support.cpp.o[0m
[ 41%] [32mBuilding CXX object CMakeFiles/rover_msgs__rosidl_typesupport_fastrtps_cpp.dir/rosidl_typesupport_fastrtps_cpp/rover_msgs/srv/detail/dds_fastrtps/rtsp_stream__type_support.cpp.o[0m
[ 42%] [32mBuilding CXX object CMakeFiles/rover_msgs__rosidl_typesupport_introspection_cpp.dir/rosidl_typesupport_introspection_cpp/rover_msgs/msg/detail/drivetrain_arbitration__type_support.cpp.o[0m
[ 42%] [32mBuilding CXX object CMakeFiles/rover_msgs__rosidl_typesupport_fastrtps_cpp.dir/rosidl_typesupport_fastrtps_cpp/rover_msgs/srv/detail/dds_fastrtps/screenshot_control__type_support.cpp.o[0m
[ 42%] [32mBuilding CXX object CMakeFiles/rover_msgs__rosidl_typesupport_introspection_cpp.dir/rosidl_typesupport_introspection_cpp/rover_msgs/msg/detail/compass__type_support.cpp.o[0m
[ 42%] [32mBuilding CXX object CMakeFiles/rover_msgs__rosidl_typesupport_introspection_cpp.dir/rosidl_typesupport_introspection_cpp/rover_msgs/msg/detail/camera_angle__type_support.cpp.o[0m
[ 43%] [32m[1mLinking CXX shared library librover_msgs__rosidl_typesupport_fastrtps_cpp.so[0m
[ 43%] Built target rover_msgs__rosidl_typesupport_fastrtps_cpp
[ 44%] [32mBuilding CXX object CMakeFiles/rover_msgs__rosidl_typesupport_introspection_cpp.dir/rosidl_typesupport_introspection_cpp/rover_msgs/msg/detail/aruco__type_support.cpp.o[0m
[ 44%] [32mBuilding CXX object CMakeFiles/rover_msgs__rosidl_typesupport_introspection_cpp.dir/rosidl_typesupport_introspection_cpp/rover_msgs/srv/detail/joy_demux_set_state__type_support.cpp.o[0m
running egg_info
creating rover_msgs.egg-info
writing rover_msgs.egg-info/PKG-INFO
writing dependency_links to rover_msgs.egg-info/dependency_links.txt
writing top-level names to rover_msgs.egg-info/top_level.txt
writing manifest file 'rover_msgs.egg-info/SOURCES.txt'
reading manifest file 'rover_msgs.egg-info/SOURCES.txt'
writing manifest file 'rover_msgs.egg-info/SOURCES.txt'
[ 44%] Built target ament_cmake_python_build_rover_msgs_egg
[ 45%] [32mBuilding CXX object CMakeFiles/rover_msgs__rosidl_typesupport_introspection_cpp.dir/rosidl_typesupport_introspection_cpp/rover_msgs/srv/detail/antenna_arbitration__type_support.cpp.o[0m
[ 45%] [34m[1mGenerating C type support for eProsima Fast-RTPS[0m
[ 45%] [32mBuilding CXX object CMakeFiles/rover_msgs__rosidl_typesupport_introspection_cpp.dir/rosidl_typesupport_introspection_cpp/rover_msgs/srv/detail/drive_train_arbitration__type_support.cpp.o[0m
[ 46%] [32mBuilding CXX object CMakeFiles/rover_msgs__rosidl_typesupport_introspection_cpp.dir/rosidl_typesupport_introspection_cpp/rover_msgs/srv/detail/light_control__type_support.cpp.o[0m
[ 46%] [32mBuilding CXX object CMakeFiles/rover_msgs__rosidl_typesupport_introspection_cpp.dir/rosidl_typesupport_introspection_cpp/rover_msgs/srv/detail/compass_calibration__type_support.cpp.o[0m
[ 47%] [32mBuilding CXX object CMakeFiles/rover_msgs__rosidl_typesupport_introspection_cpp.dir/rosidl_typesupport_introspection_cpp/rover_msgs/srv/detail/new_gps_goal__type_support.cpp.o[0m
[ 47%] [32mBuilding CXX object CMakeFiles/rover_msgs__rosidl_typesupport_introspection_cpp.dir/rosidl_typesupport_introspection_cpp/rover_msgs/srv/detail/pano_control__type_support.cpp.o[0m
[ 48%] [32mBuilding CXX object CMakeFiles/rover_msgs__rosidl_typesupport_introspection_cpp.dir/rosidl_typesupport_introspection_cpp/rover_msgs/srv/detail/rtsp_stream__type_support.cpp.o[0m
[ 49%] [32mBuilding CXX object CMakeFiles/rover_msgs__rosidl_typesupport_fastrtps_c.dir/rosidl_typesupport_fastrtps_c/rover_msgs/msg/detail/antenna_cmd__type_support_c.cpp.o[0m
[ 49%] [32mBuilding CXX object CMakeFiles/rover_msgs__rosidl_typesupport_introspection_cpp.dir/rosidl_typesupport_introspection_cpp/rover_msgs/srv/detail/screenshot_control__type_support.cpp.o[0m
[ 49%] [32mBuilding CXX object CMakeFiles/rover_msgs__rosidl_typesupport_fastrtps_c.dir/rosidl_typesupport_fastrtps_c/rover_msgs/msg/detail/propulsion_motor__type_support_c.cpp.o[0m
[ 50%] [32m[1mLinking CXX shared library librover_msgs__rosidl_typesupport_introspection_cpp.so[0m
[ 51%] [32mBuilding CXX object CMakeFiles/rover_msgs__rosidl_typesupport_fastrtps_c.dir/rosidl_typesupport_fastrtps_c/rover_msgs/msg/detail/can_device_status__type_support_c.cpp.o[0m
[ 51%] Built target rover_msgs__rosidl_typesupport_introspection_cpp
[ 51%] [32mBuilding CXX object CMakeFiles/rover_msgs__rosidl_typesupport_fastrtps_c.dir/rosidl_typesupport_fastrtps_c/rover_msgs/msg/detail/joy__type_support_c.cpp.o[0m
[ 52%] [32mBuilding CXX object CMakeFiles/rover_msgs__rosidl_typesupport_fastrtps_c.dir/rosidl_typesupport_fastrtps_c/rover_msgs/msg/detail/joy_demux_status__type_support_c.cpp.o[0m
[ 52%] [32mBuilding CXX object CMakeFiles/rover_msgs__rosidl_typesupport_fastrtps_c.dir/rosidl_typesupport_fastrtps_c/rover_msgs/msg/detail/gps__type_support_c.cpp.o[0m
[ 53%] [32mBuilding CXX object CMakeFiles/rover_msgs__rosidl_typesupport_fastrtps_c.dir/rosidl_typesupport_fastrtps_c/rover_msgs/msg/detail/gps_position__type_support_c.cpp.o[0m
[ 53%] [34m[1mGenerating C introspection for ROS interfaces[0m
[ 53%] [32mBuilding CXX object CMakeFiles/rover_msgs__rosidl_typesupport_fastrtps_c.dir/rosidl_typesupport_fastrtps_c/rover_msgs/msg/detail/camera_control__type_support_c.cpp.o[0m
[ 54%] [32mBuilding CXX object CMakeFiles/rover_msgs__rosidl_typesupport_fastrtps_c.dir/rosidl_typesupport_fastrtps_c/rover_msgs/msg/detail/light_control__type_support_c.cpp.o[0m
[ 54%] [32mBuilding CXX object CMakeFiles/rover_msgs__rosidl_typesupport_fastrtps_c.dir/rosidl_typesupport_fastrtps_c/rover_msgs/msg/detail/science_control__type_support_c.cpp.o[0m
[ 54%] [32mBuilding CXX object CMakeFiles/rover_msgs__rosidl_typesupport_fastrtps_c.dir/rosidl_typesupport_fastrtps_c/rover_msgs/msg/detail/arm_msg__type_support_c.cpp.o[0m
[ 55%] [32mBuilding CXX object CMakeFiles/rover_msgs__rosidl_typesupport_fastrtps_c.dir/rosidl_typesupport_fastrtps_c/rover_msgs/msg/detail/drivetrain_arbitration__type_support_c.cpp.o[0m
[ 56%] [32mBuilding C object CMakeFiles/rover_msgs__rosidl_typesupport_introspection_c.dir/rosidl_typesupport_introspection_c/rover_msgs/msg/detail/antenna_cmd__type_support.c.o[0m
[ 56%] [32mBuilding CXX object CMakeFiles/rover_msgs__rosidl_typesupport_fastrtps_c.dir/rosidl_typesupport_fastrtps_c/rover_msgs/msg/detail/compass__type_support_c.cpp.o[0m
[ 56%] [32mBuilding C object CMakeFiles/rover_msgs__rosidl_typesupport_introspection_c.dir/rosidl_typesupport_introspection_c/rover_msgs/msg/detail/propulsion_motor__type_support.c.o[0m
[ 57%] [32mBuilding C object CMakeFiles/rover_msgs__rosidl_typesupport_introspection_c.dir/rosidl_typesupport_introspection_c/rover_msgs/msg/detail/can_device_status__type_support.c.o[0m
[ 57%] [32mBuilding C object CMakeFiles/rover_msgs__rosidl_typesupport_introspection_c.dir/rosidl_typesupport_introspection_c/rover_msgs/msg/detail/joy__type_support.c.o[0m
[ 57%] [32mBuilding C object CMakeFiles/rover_msgs__rosidl_typesupport_introspection_c.dir/rosidl_typesupport_introspection_c/rover_msgs/msg/detail/joy_demux_status__type_support.c.o[0m
[ 58%] [32mBuilding C object CMakeFiles/rover_msgs__rosidl_typesupport_introspection_c.dir/rosidl_typesupport_introspection_c/rover_msgs/msg/detail/gps__type_support.c.o[0m
[ 58%] [32mBuilding C object CMakeFiles/rover_msgs__rosidl_typesupport_introspection_c.dir/rosidl_typesupport_introspection_c/rover_msgs/msg/detail/gps_position__type_support.c.o[0m
[ 59%] [32mBuilding C object CMakeFiles/rover_msgs__rosidl_typesupport_introspection_c.dir/rosidl_typesupport_introspection_c/rover_msgs/msg/detail/camera_control__type_support.c.o[0m
[ 59%] [32mBuilding C object CMakeFiles/rover_msgs__rosidl_typesupport_introspection_c.dir/rosidl_typesupport_introspection_c/rover_msgs/msg/detail/light_control__type_support.c.o[0m
[ 60%] [32mBuilding C object CMakeFiles/rover_msgs__rosidl_typesupport_introspection_c.dir/rosidl_typesupport_introspection_c/rover_msgs/msg/detail/science_control__type_support.c.o[0m
[ 60%] [32mBuilding C object CMakeFiles/rover_msgs__rosidl_typesupport_introspection_c.dir/rosidl_typesupport_introspection_c/rover_msgs/msg/detail/arm_msg__type_support.c.o[0m
[ 61%] [32mBuilding CXX object CMakeFiles/rover_msgs__rosidl_typesupport_fastrtps_c.dir/rosidl_typesupport_fastrtps_c/rover_msgs/msg/detail/camera_angle__type_support_c.cpp.o[0m
[ 62%] [32mBuilding C object CMakeFiles/rover_msgs__rosidl_typesupport_introspection_c.dir/rosidl_typesupport_introspection_c/rover_msgs/msg/detail/drivetrain_arbitration__type_support.c.o[0m
[ 62%] [32mBuilding C object CMakeFiles/rover_msgs__rosidl_typesupport_introspection_c.dir/rosidl_typesupport_introspection_c/rover_msgs/msg/detail/compass__type_support.c.o[0m
[ 63%] [32mBuilding C object CMakeFiles/rover_msgs__rosidl_typesupport_introspection_c.dir/rosidl_typesupport_introspection_c/rover_msgs/msg/detail/camera_angle__type_support.c.o[0m
[ 63%] [32mBuilding C object CMakeFiles/rover_msgs__rosidl_typesupport_introspection_c.dir/rosidl_typesupport_introspection_c/rover_msgs/msg/detail/aruco__type_support.c.o[0m
[ 64%] [32mBuilding C object CMakeFiles/rover_msgs__rosidl_typesupport_introspection_c.dir/rosidl_typesupport_introspection_c/rover_msgs/srv/detail/joy_demux_set_state__type_support.c.o[0m
[ 64%] [32mBuilding C object CMakeFiles/rover_msgs__rosidl_typesupport_introspection_c.dir/rosidl_typesupport_introspection_c/rover_msgs/srv/detail/antenna_arbitration__type_support.c.o[0m
[ 64%] [32mBuilding C object CMakeFiles/rover_msgs__rosidl_typesupport_introspection_c.dir/rosidl_typesupport_introspection_c/rover_msgs/srv/detail/drive_train_arbitration__type_support.c.o[0m
[ 65%] [32mBuilding C object CMakeFiles/rover_msgs__rosidl_typesupport_introspection_c.dir/rosidl_typesupport_introspection_c/rover_msgs/srv/detail/light_control__type_support.c.o[0m
[ 65%] [32mBuilding C object CMakeFiles/rover_msgs__rosidl_typesupport_introspection_c.dir/rosidl_typesupport_introspection_c/rover_msgs/srv/detail/compass_calibration__type_support.c.o[0m
[ 66%] [32mBuilding C object CMakeFiles/rover_msgs__rosidl_typesupport_introspection_c.dir/rosidl_typesupport_introspection_c/rover_msgs/srv/detail/new_gps_goal__type_support.c.o[0m
[ 66%] [32mBuilding CXX object CMakeFiles/rover_msgs__rosidl_typesupport_fastrtps_c.dir/rosidl_typesupport_fastrtps_c/rover_msgs/msg/detail/aruco__type_support_c.cpp.o[0m
[ 66%] [32mBuilding C object CMakeFiles/rover_msgs__rosidl_typesupport_introspection_c.dir/rosidl_typesupport_introspection_c/rover_msgs/srv/detail/pano_control__type_support.c.o[0m
[ 67%] [32mBuilding C object CMakeFiles/rover_msgs__rosidl_typesupport_introspection_c.dir/rosidl_typesupport_introspection_c/rover_msgs/srv/detail/rtsp_stream__type_support.c.o[0m
[ 67%] [32mBuilding C object CMakeFiles/rover_msgs__rosidl_typesupport_introspection_c.dir/rosidl_typesupport_introspection_c/rover_msgs/srv/detail/screenshot_control__type_support.c.o[0m
[ 68%] [32m[1mLinking C shared library librover_msgs__rosidl_typesupport_introspection_c.so[0m
[ 68%] Built target rover_msgs__rosidl_typesupport_introspection_c
[ 69%] [32mBuilding CXX object CMakeFiles/rover_msgs__rosidl_typesupport_fastrtps_c.dir/rosidl_typesupport_fastrtps_c/rover_msgs/srv/detail/joy_demux_set_state__type_support_c.cpp.o[0m
[ 70%] [34m[1mGenerating C type support dispatch for ROS interfaces[0m
[ 70%] [32mBuilding CXX object CMakeFiles/rover_msgs__rosidl_typesupport_fastrtps_c.dir/rosidl_typesupport_fastrtps_c/rover_msgs/srv/detail/antenna_arbitration__type_support_c.cpp.o[0m
[ 71%] [32mBuilding CXX object CMakeFiles/rover_msgs__rosidl_typesupport_fastrtps_c.dir/rosidl_typesupport_fastrtps_c/rover_msgs/srv/detail/drive_train_arbitration__type_support_c.cpp.o[0m
[ 71%] [32mBuilding CXX object CMakeFiles/rover_msgs__rosidl_typesupport_fastrtps_c.dir/rosidl_typesupport_fastrtps_c/rover_msgs/srv/detail/light_control__type_support_c.cpp.o[0m
[ 72%] [32mBuilding CXX object CMakeFiles/rover_msgs__rosidl_typesupport_fastrtps_c.dir/rosidl_typesupport_fastrtps_c/rover_msgs/srv/detail/compass_calibration__type_support_c.cpp.o[0m
[ 72%] [32mBuilding CXX object CMakeFiles/rover_msgs__rosidl_typesupport_c.dir/rosidl_typesupport_c/rover_msgs/msg/antenna_cmd__type_support.cpp.o[0m
[ 73%] [32mBuilding CXX object CMakeFiles/rover_msgs__rosidl_typesupport_c.dir/rosidl_typesupport_c/rover_msgs/msg/propulsion_motor__type_support.cpp.o[0m
[ 73%] [32mBuilding CXX object CMakeFiles/rover_msgs__rosidl_typesupport_c.dir/rosidl_typesupport_c/rover_msgs/msg/can_device_status__type_support.cpp.o[0m
[ 73%] [32mBuilding CXX object CMakeFiles/rover_msgs__rosidl_typesupport_c.dir/rosidl_typesupport_c/rover_msgs/msg/joy__type_support.cpp.o[0m
[ 74%] [32mBuilding CXX object CMakeFiles/rover_msgs__rosidl_typesupport_c.dir/rosidl_typesupport_c/rover_msgs/msg/joy_demux_status__type_support.cpp.o[0m
[ 74%] [32mBuilding CXX object CMakeFiles/rover_msgs__rosidl_typesupport_fastrtps_c.dir/rosidl_typesupport_fastrtps_c/rover_msgs/srv/detail/new_gps_goal__type_support_c.cpp.o[0m
[ 74%] [32mBuilding CXX object CMakeFiles/rover_msgs__rosidl_typesupport_c.dir/rosidl_typesupport_c/rover_msgs/msg/gps__type_support.cpp.o[0m
[ 75%] [32mBuilding CXX object CMakeFiles/rover_msgs__rosidl_typesupport_c.dir/rosidl_typesupport_c/rover_msgs/msg/gps_position__type_support.cpp.o[0m
[ 75%] [32mBuilding CXX object CMakeFiles/rover_msgs__rosidl_typesupport_c.dir/rosidl_typesupport_c/rover_msgs/msg/camera_control__type_support.cpp.o[0m
[ 76%] [32mBuilding CXX object CMakeFiles/rover_msgs__rosidl_typesupport_c.dir/rosidl_typesupport_c/rover_msgs/msg/light_control__type_support.cpp.o[0m
[ 76%] [32mBuilding CXX object CMakeFiles/rover_msgs__rosidl_typesupport_c.dir/rosidl_typesupport_c/rover_msgs/msg/science_control__type_support.cpp.o[0m
[ 77%] [32mBuilding CXX object CMakeFiles/rover_msgs__rosidl_typesupport_c.dir/rosidl_typesupport_c/rover_msgs/msg/arm_msg__type_support.cpp.o[0m
[ 77%] [32mBuilding CXX object CMakeFiles/rover_msgs__rosidl_typesupport_c.dir/rosidl_typesupport_c/rover_msgs/msg/drivetrain_arbitration__type_support.cpp.o[0m
[ 78%] [32mBuilding CXX object CMakeFiles/rover_msgs__rosidl_typesupport_c.dir/rosidl_typesupport_c/rover_msgs/msg/compass__type_support.cpp.o[0m
[ 78%] [32mBuilding CXX object CMakeFiles/rover_msgs__rosidl_typesupport_c.dir/rosidl_typesupport_c/rover_msgs/msg/camera_angle__type_support.cpp.o[0m
[ 79%] [32mBuilding CXX object CMakeFiles/rover_msgs__rosidl_typesupport_c.dir/rosidl_typesupport_c/rover_msgs/msg/aruco__type_support.cpp.o[0m
[ 79%] [32mBuilding CXX object CMakeFiles/rover_msgs__rosidl_typesupport_c.dir/rosidl_typesupport_c/rover_msgs/srv/joy_demux_set_state__type_support.cpp.o[0m
[ 80%] [32mBuilding CXX object CMakeFiles/rover_msgs__rosidl_typesupport_fastrtps_c.dir/rosidl_typesupport_fastrtps_c/rover_msgs/srv/detail/pano_control__type_support_c.cpp.o[0m
[ 80%] [32mBuilding CXX object CMakeFiles/rover_msgs__rosidl_typesupport_c.dir/rosidl_typesupport_c/rover_msgs/srv/antenna_arbitration__type_support.cpp.o[0m
[ 81%] [32mBuilding CXX object CMakeFiles/rover_msgs__rosidl_typesupport_c.dir/rosidl_typesupport_c/rover_msgs/srv/drive_train_arbitration__type_support.cpp.o[0m
[ 81%] [32mBuilding CXX object CMakeFiles/rover_msgs__rosidl_typesupport_c.dir/rosidl_typesupport_c/rover_msgs/srv/light_control__type_support.cpp.o[0m
[ 82%] [32mBuilding CXX object CMakeFiles/rover_msgs__rosidl_typesupport_c.dir/rosidl_typesupport_c/rover_msgs/srv/compass_calibration__type_support.cpp.o[0m
[ 82%] [32mBuilding CXX object CMakeFiles/rover_msgs__rosidl_typesupport_c.dir/rosidl_typesupport_c/rover_msgs/srv/new_gps_goal__type_support.cpp.o[0m
[ 83%] [32mBuilding CXX object CMakeFiles/rover_msgs__rosidl_typesupport_c.dir/rosidl_typesupport_c/rover_msgs/srv/pano_control__type_support.cpp.o[0m
[ 83%] [32mBuilding CXX object CMakeFiles/rover_msgs__rosidl_typesupport_c.dir/rosidl_typesupport_c/rover_msgs/srv/rtsp_stream__type_support.cpp.o[0m
[ 84%] [32mBuilding CXX object CMakeFiles/rover_msgs__rosidl_typesupport_c.dir/rosidl_typesupport_c/rover_msgs/srv/screenshot_control__type_support.cpp.o[0m
[ 84%] [32m[1mLinking CXX shared library librover_msgs__rosidl_typesupport_c.so[0m
[ 84%] Built target rover_msgs__rosidl_typesupport_c
[ 84%] [32mBuilding CXX object CMakeFiles/rover_msgs__rosidl_typesupport_fastrtps_c.dir/rosidl_typesupport_fastrtps_c/rover_msgs/srv/detail/rtsp_stream__type_support_c.cpp.o[0m
[ 84%] [32mBuilding CXX object CMakeFiles/rover_msgs__rosidl_typesupport_fastrtps_c.dir/rosidl_typesupport_fastrtps_c/rover_msgs/srv/detail/screenshot_control__type_support_c.cpp.o[0m
[ 85%] [32m[1mLinking CXX shared library librover_msgs__rosidl_typesupport_fastrtps_c.so[0m
[ 85%] Built target rover_msgs__rosidl_typesupport_fastrtps_c
[ 85%] Built target rover_msgs
[ 86%] [34m[1mGenerating Python code for ROS interfaces[0m
[ 86%] Built target rover_msgs__py
[ 86%] [32mBuilding C object CMakeFiles/rover_msgs__rosidl_generator_py.dir/rosidl_generator_py/rover_msgs/msg/_antenna_cmd_s.c.o[0m
[ 87%] [32mBuilding C object CMakeFiles/rover_msgs__rosidl_generator_py.dir/rosidl_generator_py/rover_msgs/msg/_propulsion_motor_s.c.o[0m
[ 87%] [32mBuilding C object CMakeFiles/rover_msgs__rosidl_generator_py.dir/rosidl_generator_py/rover_msgs/msg/_can_device_status_s.c.o[0m
[ 88%] [32mBuilding C object CMakeFiles/rover_msgs__rosidl_generator_py.dir/rosidl_generator_py/rover_msgs/msg/_joy_s.c.o[0m
[ 88%] [32mBuilding C object CMakeFiles/rover_msgs__rosidl_generator_py.dir/rosidl_generator_py/rover_msgs/msg/_joy_demux_status_s.c.o[0m
[ 88%] [32mBuilding C object CMakeFiles/rover_msgs__rosidl_generator_py.dir/rosidl_generator_py/rover_msgs/msg/_gps_s.c.o[0m
[ 89%] [32mBuilding C object CMakeFiles/rover_msgs__rosidl_generator_py.dir/rosidl_generator_py/rover_msgs/msg/_gps_position_s.c.o[0m
[ 89%] [32mBuilding C object CMakeFiles/rover_msgs__rosidl_generator_py.dir/rosidl_generator_py/rover_msgs/msg/_camera_control_s.c.o[0m
[ 90%] [32mBuilding C object CMakeFiles/rover_msgs__rosidl_generator_py.dir/rosidl_generator_py/rover_msgs/msg/_light_control_s.c.o[0m
[ 90%] [32mBuilding C object CMakeFiles/rover_msgs__rosidl_generator_py.dir/rosidl_generator_py/rover_msgs/msg/_science_control_s.c.o[0m
[ 91%] [32mBuilding C object CMakeFiles/rover_msgs__rosidl_generator_py.dir/rosidl_generator_py/rover_msgs/msg/_arm_msg_s.c.o[0m
[ 91%] [32mBuilding C object CMakeFiles/rover_msgs__rosidl_generator_py.dir/rosidl_generator_py/rover_msgs/msg/_drivetrain_arbitration_s.c.o[0m
[ 92%] [32mBuilding C object CMakeFiles/rover_msgs__rosidl_generator_py.dir/rosidl_generator_py/rover_msgs/msg/_compass_s.c.o[0m
[ 92%] [32mBuilding C object CMakeFiles/rover_msgs__rosidl_generator_py.dir/rosidl_generator_py/rover_msgs/msg/_camera_angle_s.c.o[0m
[ 93%] [32mBuilding C object CMakeFiles/rover_msgs__rosidl_generator_py.dir/rosidl_generator_py/rover_msgs/msg/_aruco_s.c.o[0m
[ 93%] [32mBuilding C object CMakeFiles/rover_msgs__rosidl_generator_py.dir/rosidl_generator_py/rover_msgs/srv/_joy_demux_set_state_s.c.o[0m
[ 94%] [32mBuilding C object CMakeFiles/rover_msgs__rosidl_generator_py.dir/rosidl_generator_py/rover_msgs/srv/_antenna_arbitration_s.c.o[0m
[ 94%] [32mBuilding C object CMakeFiles/rover_msgs__rosidl_generator_py.dir/rosidl_generator_py/rover_msgs/srv/_drive_train_arbitration_s.c.o[0m
[ 94%] [32mBuilding C object CMakeFiles/rover_msgs__rosidl_generator_py.dir/rosidl_generator_py/rover_msgs/srv/_light_control_s.c.o[0m
[ 95%] [32mBuilding C object CMakeFiles/rover_msgs__rosidl_generator_py.dir/rosidl_generator_py/rover_msgs/srv/_compass_calibration_s.c.o[0m
[ 95%] [32mBuilding C object CMakeFiles/rover_msgs__rosidl_generator_py.dir/rosidl_generator_py/rover_msgs/srv/_new_gps_goal_s.c.o[0m
[ 96%] [32mBuilding C object CMakeFiles/rover_msgs__rosidl_generator_py.dir/rosidl_generator_py/rover_msgs/srv/_pano_control_s.c.o[0m
[ 96%] [32mBuilding C object CMakeFiles/rover_msgs__rosidl_generator_py.dir/rosidl_generator_py/rover_msgs/srv/_rtsp_stream_s.c.o[0m
[ 97%] [32mBuilding C object CMakeFiles/rover_msgs__rosidl_generator_py.dir/rosidl_generator_py/rover_msgs/srv/_screenshot_control_s.c.o[0m
[ 97%] [32m[1mLinking C shared library rosidl_generator_py/rover_msgs/librover_msgs__rosidl_generator_py.so[0m
[ 97%] Built target rover_msgs__rosidl_generator_py
[ 97%] [32mBuilding C object CMakeFiles/rover_msgs__rosidl_typesupport_fastrtps_c__pyext.dir/rosidl_generator_py/rover_msgs/_rover_msgs_s.ep.rosidl_typesupport_fastrtps_c.c.o[0m
[ 97%] [32mBuilding C object CMakeFiles/rover_msgs__rosidl_typesupport_introspection_c__pyext.dir/rosidl_generator_py/rover_msgs/_rover_msgs_s.ep.rosidl_typesupport_introspection_c.c.o[0m
[ 99%] [32m[1mLinking C shared library rosidl_generator_py/rover_msgs/rover_msgs_s__rosidl_typesupport_fastrtps_c.cpython-310-aarch64-linux-gnu.so[0m
[ 99%] [32m[1mLinking C shared library rosidl_generator_py/rover_msgs/rover_msgs_s__rosidl_typesupport_introspection_c.cpython-310-aarch64-linux-gnu.so[0m
[ 99%] Built target rover_msgs__rosidl_typesupport_introspection_c__pyext
[ 99%] Built target rover_msgs__rosidl_typesupport_fastrtps_c__pyext
[100%] [32mBuilding C object CMakeFiles/rover_msgs__rosidl_typesupport_c__pyext.dir/rosidl_generator_py/rover_msgs/_rover_msgs_s.ep.rosidl_typesupport_c.c.o[0m
[100%] [32m[1mLinking C shared library rosidl_generator_py/rover_msgs/rover_msgs_s__rosidl_typesupport_c.cpython-310-aarch64-linux-gnu.so[0m
[100%] Built target rover_msgs__rosidl_typesupport_c__pyext
-- Install configuration: ""
-- Installing: /home/chris/ros2_ws/src/rover/install/rover_msgs/share/rover_msgs/environment/library_path.sh
-- Installing: /home/chris/ros2_ws/src/rover/install/rover_msgs/share/rover_msgs/environment/library_path.dsv
-- Installing: /home/chris/ros2_ws/src/rover/install/rover_msgs/include/rovus_lib
-- Installing: /home/chris/ros2_ws/src/rover/install/rover_msgs/include/rovus_lib/timer.hpp
-- Installing: /home/chris/ros2_ws/src/rover/install/rover_msgs/include/rovus_lib/timer.cpp
-- Installing: /home/chris/ros2_ws/src/rover/install/rover_msgs/include/rovus_lib/macros.h
-- Installing: /home/chris/ros2_ws/src/rover/install/rover_msgs/include/rovus_lib/rovus_exceptions.h
-- Installing: /home/chris/ros2_ws/src/rover/install/rover_msgs/include/rovus_lib/moving_average.hpp
-- Installing: /home/chris/ros2_ws/src/rover/install/rover_msgs/lib/liblib_exec.a
-- Installing: /home/chris/ros2_ws/src/rover/install/rover_msgs/share/ament_index/resource_index/rosidl_interfaces/rover_msgs
-- Installing: /home/chris/ros2_ws/src/rover/install/rover_msgs/include/rover_msgs/rover_msgs
-- Installing: /home/chris/ros2_ws/src/rover/install/rover_msgs/include/rover_msgs/rover_msgs/srv
-- Installing: /home/chris/ros2_ws/src/rover/install/rover_msgs/include/rover_msgs/rover_msgs/srv/new_gps_goal.h
-- Installing: /home/chris/ros2_ws/src/rover/install/rover_msgs/include/rover_msgs/rover_msgs/srv/antenna_arbitration.h
-- Installing: /home/chris/ros2_ws/src/rover/install/rover_msgs/include/rover_msgs/rover_msgs/srv/light_control.h
-- Installing: /home/chris/ros2_ws/src/rover/install/rover_msgs/include/rover_msgs/rover_msgs/srv/joy_demux_set_state.h
-- Installing: /home/chris/ros2_ws/src/rover/install/rover_msgs/include/rover_msgs/rover_msgs/srv/pano_control.h
-- Installing: /home/chris/ros2_ws/src/rover/install/rover_msgs/include/rover_msgs/rover_msgs/srv/screenshot_control.h
-- Installing: /home/chris/ros2_ws/src/rover/install/rover_msgs/include/rover_msgs/rover_msgs/srv/detail
-- Installing: /home/chris/ros2_ws/src/rover/install/rover_msgs/include/rover_msgs/rover_msgs/srv/detail/light_control__type_support.h
-- Installing: /home/chris/ros2_ws/src/rover/install/rover_msgs/include/rover_msgs/rover_msgs/srv/detail/screenshot_control__struct.h
-- Installing: /home/chris/ros2_ws/src/rover/install/rover_msgs/include/rover_msgs/rover_msgs/srv/detail/compass_calibration__functions.c
-- Installing: /home/chris/ros2_ws/src/rover/install/rover_msgs/include/rover_msgs/rover_msgs/srv/detail/new_gps_goal__type_support.h
-- Installing: /home/chris/ros2_ws/src/rover/install/rover_msgs/include/rover_msgs/rover_msgs/srv/detail/light_control__functions.h
-- Installing: /home/chris/ros2_ws/src/rover/install/rover_msgs/include/rover_msgs/rover_msgs/srv/detail/rtsp_stream__functions.h
-- Installing: /home/chris/ros2_ws/src/rover/install/rover_msgs/include/rover_msgs/rover_msgs/srv/detail/screenshot_control__type_support.h
-- Installing: /home/chris/ros2_ws/src/rover/install/rover_msgs/include/rover_msgs/rover_msgs/srv/detail/drive_train_arbitration__type_support.h
-- Installing: /home/chris/ros2_ws/src/rover/install/rover_msgs/include/rover_msgs/rover_msgs/srv/detail/screenshot_control__functions.h
-- Installing: /home/chris/ros2_ws/src/rover/install/rover_msgs/include/rover_msgs/rover_msgs/srv/detail/new_gps_goal__struct.h
-- Installing: /home/chris/ros2_ws/src/rover/install/rover_msgs/include/rover_msgs/rover_msgs/srv/detail/screenshot_control__functions.c
-- Installing: /home/chris/ros2_ws/src/rover/install/rover_msgs/include/rover_msgs/rover_msgs/srv/detail/pano_control__struct.h
-- Installing: /home/chris/ros2_ws/src/rover/install/rover_msgs/include/rover_msgs/rover_msgs/srv/detail/new_gps_goal__functions.h
-- Installing: /home/chris/ros2_ws/src/rover/install/rover_msgs/include/rover_msgs/rover_msgs/srv/detail/pano_control__type_support.h
-- Installing: /home/chris/ros2_ws/src/rover/install/rover_msgs/include/rover_msgs/rover_msgs/srv/detail/joy_demux_set_state__functions.c
-- Installing: /home/chris/ros2_ws/src/rover/install/rover_msgs/include/rover_msgs/rover_msgs/srv/detail/compass_calibration__functions.h
-- Installing: /home/chris/ros2_ws/src/rover/install/rover_msgs/include/rover_msgs/rover_msgs/srv/detail/pano_control__functions.h
-- Installing: /home/chris/ros2_ws/src/rover/install/rover_msgs/include/rover_msgs/rover_msgs/srv/detail/antenna_arbitration__functions.c
-- Installing: /home/chris/ros2_ws/src/rover/install/rover_msgs/include/rover_msgs/rover_msgs/srv/detail/pano_control__functions.c
-- Installing: /home/chris/ros2_ws/src/rover/install/rover_msgs/include/rover_msgs/rover_msgs/srv/detail/antenna_arbitration__functions.h
-- Installing: /home/chris/ros2_ws/src/rover/install/rover_msgs/include/rover_msgs/rover_msgs/srv/detail/compass_calibration__type_support.h
-- Installing: /home/chris/ros2_ws/src/rover/install/rover_msgs/include/rover_msgs/rover_msgs/srv/detail/drive_train_arbitration__functions.h
-- Installing: /home/chris/ros2_ws/src/rover/install/rover_msgs/include/rover_msgs/rover_msgs/srv/detail/light_control__functions.c
-- Installing: /home/chris/ros2_ws/src/rover/install/rover_msgs/include/rover_msgs/rover_msgs/srv/detail/drive_train_arbitration__struct.h
-- Installing: /home/chris/ros2_ws/src/rover/install/rover_msgs/include/rover_msgs/rover_msgs/srv/detail/antenna_arbitration__struct.h
-- Installing: /home/chris/ros2_ws/src/rover/install/rover_msgs/include/rover_msgs/rover_msgs/srv/detail/joy_demux_set_state__functions.h
-- Installing: /home/chris/ros2_ws/src/rover/install/rover_msgs/include/rover_msgs/rover_msgs/srv/detail/new_gps_goal__functions.c
-- Installing: /home/chris/ros2_ws/src/rover/install/rover_msgs/include/rover_msgs/rover_msgs/srv/detail/antenna_arbitration__type_support.h
-- Installing: /home/chris/ros2_ws/src/rover/install/rover_msgs/include/rover_msgs/rover_msgs/srv/detail/drive_train_arbitration__functions.c
-- Installing: /home/chris/ros2_ws/src/rover/install/rover_msgs/include/rover_msgs/rover_msgs/srv/detail/joy_demux_set_state__struct.h
-- Installing: /home/chris/ros2_ws/src/rover/install/rover_msgs/include/rover_msgs/rover_msgs/srv/detail/light_control__struct.h
-- Installing: /home/chris/ros2_ws/src/rover/install/rover_msgs/include/rover_msgs/rover_msgs/srv/detail/compass_calibration__struct.h
-- Installing: /home/chris/ros2_ws/src/rover/install/rover_msgs/include/rover_msgs/rover_msgs/srv/detail/rtsp_stream__functions.c
-- Installing: /home/chris/ros2_ws/src/rover/install/rover_msgs/include/rover_msgs/rover_msgs/srv/detail/rtsp_stream__type_support.h
-- Installing: /home/chris/ros2_ws/src/rover/install/rover_msgs/include/rover_msgs/rover_msgs/srv/detail/rtsp_stream__struct.h
-- Installing: /home/chris/ros2_ws/src/rover/install/rover_msgs/include/rover_msgs/rover_msgs/srv/detail/joy_demux_set_state__type_support.h
-- Installing: /home/chris/ros2_ws/src/rover/install/rover_msgs/include/rover_msgs/rover_msgs/srv/compass_calibration.h
-- Installing: /home/chris/ros2_ws/src/rover/install/rover_msgs/include/rover_msgs/rover_msgs/srv/rtsp_stream.h
-- Installing: /home/chris/ros2_ws/src/rover/install/rover_msgs/include/rover_msgs/rover_msgs/srv/drive_train_arbitration.h
-- Installing: /home/chris/ros2_ws/src/rover/install/rover_msgs/include/rover_msgs/rover_msgs/msg
-- Installing: /home/chris/ros2_ws/src/rover/install/rover_msgs/include/rover_msgs/rover_msgs/msg/camera_control.h
-- Installing: /home/chris/ros2_ws/src/rover/install/rover_msgs/include/rover_msgs/rover_msgs/msg/compass.h
-- Installing: /home/chris/ros2_ws/src/rover/install/rover_msgs/include/rover_msgs/rover_msgs/msg/light_control.h
-- Installing: /home/chris/ros2_ws/src/rover/install/rover_msgs/include/rover_msgs/rover_msgs/msg/gps.h
-- Installing: /home/chris/ros2_ws/src/rover/install/rover_msgs/include/rover_msgs/rover_msgs/msg/gps_position.h
-- Installing: /home/chris/ros2_ws/src/rover/install/rover_msgs/include/rover_msgs/rover_msgs/msg/detail
-- Installing: /home/chris/ros2_ws/src/rover/install/rover_msgs/include/rover_msgs/rover_msgs/msg/detail/drivetrain_arbitration__functions.c
-- Installing: /home/chris/ros2_ws/src/rover/install/rover_msgs/include/rover_msgs/rover_msgs/msg/detail/light_control__type_support.h
-- Installing: /home/chris/ros2_ws/src/rover/install/rover_msgs/include/rover_msgs/rover_msgs/msg/detail/joy_demux_status__functions.c
-- Installing: /home/chris/ros2_ws/src/rover/install/rover_msgs/include/rover_msgs/rover_msgs/msg/detail/joy__functions.h
-- Installing: /home/chris/ros2_ws/src/rover/install/rover_msgs/include/rover_msgs/rover_msgs/msg/detail/gps_position__functions.h
-- Installing: /home/chris/ros2_ws/src/rover/install/rover_msgs/include/rover_msgs/rover_msgs/msg/detail/arm_msg__functions.c
-- Installing: /home/chris/ros2_ws/src/rover/install/rover_msgs/include/rover_msgs/rover_msgs/msg/detail/arm_msg__struct.h
-- Installing: /home/chris/ros2_ws/src/rover/install/rover_msgs/include/rover_msgs/rover_msgs/msg/detail/camera_angle__struct.h
-- Installing: /home/chris/ros2_ws/src/rover/install/rover_msgs/include/rover_msgs/rover_msgs/msg/detail/joy_demux_status__struct.h
-- Installing: /home/chris/ros2_ws/src/rover/install/rover_msgs/include/rover_msgs/rover_msgs/msg/detail/compass__functions.c
-- Installing: /home/chris/ros2_ws/src/rover/install/rover_msgs/include/rover_msgs/rover_msgs/msg/detail/light_control__functions.h
-- Installing: /home/chris/ros2_ws/src/rover/install/rover_msgs/include/rover_msgs/rover_msgs/msg/detail/gps_position__functions.c
-- Installing: /home/chris/ros2_ws/src/rover/install/rover_msgs/include/rover_msgs/rover_msgs/msg/detail/camera_control__functions.h
-- Installing: /home/chris/ros2_ws/src/rover/install/rover_msgs/include/rover_msgs/rover_msgs/msg/detail/aruco__functions.c
-- Installing: /home/chris/ros2_ws/src/rover/install/rover_msgs/include/rover_msgs/rover_msgs/msg/detail/gps__struct.h
-- Installing: /home/chris/ros2_ws/src/rover/install/rover_msgs/include/rover_msgs/rover_msgs/msg/detail/aruco__functions.h
-- Installing: /home/chris/ros2_ws/src/rover/install/rover_msgs/include/rover_msgs/rover_msgs/msg/detail/antenna_cmd__type_support.h
-- Installing: /home/chris/ros2_ws/src/rover/install/rover_msgs/include/rover_msgs/rover_msgs/msg/detail/gps__type_support.h
-- Installing: /home/chris/ros2_ws/src/rover/install/rover_msgs/include/rover_msgs/rover_msgs/msg/detail/propulsion_motor__struct.h
-- Installing: /home/chris/ros2_ws/src/rover/install/rover_msgs/include/rover_msgs/rover_msgs/msg/detail/camera_control__type_support.h
-- Installing: /home/chris/ros2_ws/src/rover/install/rover_msgs/include/rover_msgs/rover_msgs/msg/detail/gps__functions.h
-- Installing: /home/chris/ros2_ws/src/rover/install/rover_msgs/include/rover_msgs/rover_msgs/msg/detail/drivetrain_arbitration__struct.h
-- Installing: /home/chris/ros2_ws/src/rover/install/rover_msgs/include/rover_msgs/rover_msgs/msg/detail/aruco__struct.h
-- Installing: /home/chris/ros2_ws/src/rover/install/rover_msgs/include/rover_msgs/rover_msgs/msg/detail/gps_position__type_support.h
-- Installing: /home/chris/ros2_ws/src/rover/install/rover_msgs/include/rover_msgs/rover_msgs/msg/detail/drivetrain_arbitration__type_support.h
-- Installing: /home/chris/ros2_ws/src/rover/install/rover_msgs/include/rover_msgs/rover_msgs/msg/detail/camera_control__functions.c
-- Installing: /home/chris/ros2_ws/src/rover/install/rover_msgs/include/rover_msgs/rover_msgs/msg/detail/arm_msg__type_support.h
-- Installing: /home/chris/ros2_ws/src/rover/install/rover_msgs/include/rover_msgs/rover_msgs/msg/detail/joy_demux_status__type_support.h
-- Installing: /home/chris/ros2_ws/src/rover/install/rover_msgs/include/rover_msgs/rover_msgs/msg/detail/can_device_status__struct.h
-- Installing: /home/chris/ros2_ws/src/rover/install/rover_msgs/include/rover_msgs/rover_msgs/msg/detail/compass__functions.h
-- Installing: /home/chris/ros2_ws/src/rover/install/rover_msgs/include/rover_msgs/rover_msgs/msg/detail/science_control__functions.h
-- Installing: /home/chris/ros2_ws/src/rover/install/rover_msgs/include/rover_msgs/rover_msgs/msg/detail/antenna_cmd__struct.h
-- Installing: /home/chris/ros2_ws/src/rover/install/rover_msgs/include/rover_msgs/rover_msgs/msg/detail/joy__type_support.h
-- Installing: /home/chris/ros2_ws/src/rover/install/rover_msgs/include/rover_msgs/rover_msgs/msg/detail/drivetrain_arbitration__functions.h
-- Installing: /home/chris/ros2_ws/src/rover/install/rover_msgs/include/rover_msgs/rover_msgs/msg/detail/antenna_cmd__functions.c
-- Installing: /home/chris/ros2_ws/src/rover/install/rover_msgs/include/rover_msgs/rover_msgs/msg/detail/science_control__functions.c
-- Installing: /home/chris/ros2_ws/src/rover/install/rover_msgs/include/rover_msgs/rover_msgs/msg/detail/propulsion_motor__functions.c
-- Installing: /home/chris/ros2_ws/src/rover/install/rover_msgs/include/rover_msgs/rover_msgs/msg/detail/gps_position__struct.h
-- Installing: /home/chris/ros2_ws/src/rover/install/rover_msgs/include/rover_msgs/rover_msgs/msg/detail/compass__type_support.h
-- Installing: /home/chris/ros2_ws/src/rover/install/rover_msgs/include/rover_msgs/rover_msgs/msg/detail/can_device_status__functions.c
-- Installing: /home/chris/ros2_ws/src/rover/install/rover_msgs/include/rover_msgs/rover_msgs/msg/detail/light_control__functions.c
-- Installing: /home/chris/ros2_ws/src/rover/install/rover_msgs/include/rover_msgs/rover_msgs/msg/detail/propulsion_motor__functions.h
-- Installing: /home/chris/ros2_ws/src/rover/install/rover_msgs/include/rover_msgs/rover_msgs/msg/detail/propulsion_motor__type_support.h
-- Installing: /home/chris/ros2_ws/src/rover/install/rover_msgs/include/rover_msgs/rover_msgs/msg/detail/camera_angle__type_support.h
-- Installing: /home/chris/ros2_ws/src/rover/install/rover_msgs/include/rover_msgs/rover_msgs/msg/detail/compass__struct.h
-- Installing: /home/chris/ros2_ws/src/rover/install/rover_msgs/include/rover_msgs/rover_msgs/msg/detail/science_control__type_support.h
-- Installing: /home/chris/ros2_ws/src/rover/install/rover_msgs/include/rover_msgs/rover_msgs/msg/detail/can_device_status__functions.h
-- Installing: /home/chris/ros2_ws/src/rover/install/rover_msgs/include/rover_msgs/rover_msgs/msg/detail/camera_angle__functions.h
-- Installing: /home/chris/ros2_ws/src/rover/install/rover_msgs/include/rover_msgs/rover_msgs/msg/detail/arm_msg__functions.h
-- Installing: /home/chris/ros2_ws/src/rover/install/rover_msgs/include/rover_msgs/rover_msgs/msg/detail/antenna_cmd__functions.h
-- Installing: /home/chris/ros2_ws/src/rover/install/rover_msgs/include/rover_msgs/rover_msgs/msg/detail/light_control__struct.h
-- Installing: /home/chris/ros2_ws/src/rover/install/rover_msgs/include/rover_msgs/rover_msgs/msg/detail/joy__functions.c
-- Installing: /home/chris/ros2_ws/src/rover/install/rover_msgs/include/rover_msgs/rover_msgs/msg/detail/science_control__struct.h
-- Installing: /home/chris/ros2_ws/src/rover/install/rover_msgs/include/rover_msgs/rover_msgs/msg/detail/joy__struct.h
-- Installing: /home/chris/ros2_ws/src/rover/install/rover_msgs/include/rover_msgs/rover_msgs/msg/detail/camera_control__struct.h
-- Installing: /home/chris/ros2_ws/src/rover/install/rover_msgs/include/rover_msgs/rover_msgs/msg/detail/joy_demux_status__functions.h
-- Installing: /home/chris/ros2_ws/src/rover/install/rover_msgs/include/rover_msgs/rover_msgs/msg/detail/aruco__type_support.h
-- Installing: /home/chris/ros2_ws/src/rover/install/rover_msgs/include/rover_msgs/rover_msgs/msg/detail/gps__functions.c
-- Installing: /home/chris/ros2_ws/src/rover/install/rover_msgs/include/rover_msgs/rover_msgs/msg/detail/camera_angle__functions.c
-- Installing: /home/chris/ros2_ws/src/rover/install/rover_msgs/include/rover_msgs/rover_msgs/msg/detail/can_device_status__type_support.h
-- Installing: /home/chris/ros2_ws/src/rover/install/rover_msgs/include/rover_msgs/rover_msgs/msg/drivetrain_arbitration.h
-- Installing: /home/chris/ros2_ws/src/rover/install/rover_msgs/include/rover_msgs/rover_msgs/msg/arm_msg.h
-- Installing: /home/chris/ros2_ws/src/rover/install/rover_msgs/include/rover_msgs/rover_msgs/msg/rosidl_generator_c__visibility_control.h
-- Installing: /home/chris/ros2_ws/src/rover/install/rover_msgs/include/rover_msgs/rover_msgs/msg/aruco.h
-- Installing: /home/chris/ros2_ws/src/rover/install/rover_msgs/include/rover_msgs/rover_msgs/msg/can_device_status.h
-- Installing: /home/chris/ros2_ws/src/rover/install/rover_msgs/include/rover_msgs/rover_msgs/msg/science_control.h
-- Installing: /home/chris/ros2_ws/src/rover/install/rover_msgs/include/rover_msgs/rover_msgs/msg/joy_demux_status.h
-- Installing: /home/chris/ros2_ws/src/rover/install/rover_msgs/include/rover_msgs/rover_msgs/msg/camera_angle.h
-- Installing: /home/chris/ros2_ws/src/rover/install/rover_msgs/include/rover_msgs/rover_msgs/msg/antenna_cmd.h
-- Installing: /home/chris/ros2_ws/src/rover/install/rover_msgs/include/rover_msgs/rover_msgs/msg/joy.h
-- Installing: /home/chris/ros2_ws/src/rover/install/rover_msgs/include/rover_msgs/rover_msgs/msg/propulsion_motor.h
-- Installing: /home/chris/ros2_ws/src/rover/install/rover_msgs/lib/librover_msgs__rosidl_generator_c.so
-- Set runtime path of "/home/chris/ros2_ws/src/rover/install/rover_msgs/lib/librover_msgs__rosidl_generator_c.so" to ""
-- Up-to-date: /home/chris/ros2_ws/src/rover/install/rover_msgs/include/rover_msgs/rover_msgs
-- Up-to-date: /home/chris/ros2_ws/src/rover/install/rover_msgs/include/rover_msgs/rover_msgs/srv
-- Up-to-date: /home/chris/ros2_ws/src/rover/install/rover_msgs/include/rover_msgs/rover_msgs/srv/detail
-- Installing: /home/chris/ros2_ws/src/rover/install/rover_msgs/include/rover_msgs/rover_msgs/srv/detail/joy_demux_set_state__rosidl_typesupport_fastrtps_c.h
-- Installing: /home/chris/ros2_ws/src/rover/install/rover_msgs/include/rover_msgs/rover_msgs/srv/detail/light_control__rosidl_typesupport_fastrtps_c.h
-- Installing: /home/chris/ros2_ws/src/rover/install/rover_msgs/include/rover_msgs/rover_msgs/srv/detail/compass_calibration__rosidl_typesupport_fastrtps_c.h
-- Installing: /home/chris/ros2_ws/src/rover/install/rover_msgs/include/rover_msgs/rover_msgs/srv/detail/drive_train_arbitration__rosidl_typesupport_fastrtps_c.h
-- Installing: /home/chris/ros2_ws/src/rover/install/rover_msgs/include/rover_msgs/rover_msgs/srv/detail/antenna_arbitration__rosidl_typesupport_fastrtps_c.h
-- Installing: /home/chris/ros2_ws/src/rover/install/rover_msgs/include/rover_msgs/rover_msgs/srv/detail/pano_control__rosidl_typesupport_fastrtps_c.h
-- Installing: /home/chris/ros2_ws/src/rover/install/rover_msgs/include/rover_msgs/rover_msgs/srv/detail/screenshot_control__rosidl_typesupport_fastrtps_c.h
-- Installing: /home/chris/ros2_ws/src/rover/install/rover_msgs/include/rover_msgs/rover_msgs/srv/detail/rtsp_stream__rosidl_typesupport_fastrtps_c.h
-- Installing: /home/chris/ros2_ws/src/rover/install/rover_msgs/include/rover_msgs/rover_msgs/srv/detail/new_gps_goal__rosidl_typesupport_fastrtps_c.h
-- Up-to-date: /home/chris/ros2_ws/src/rover/install/rover_msgs/include/rover_msgs/rover_msgs/msg
-- Up-to-date: /home/chris/ros2_ws/src/rover/install/rover_msgs/include/rover_msgs/rover_msgs/msg/detail
-- Installing: /home/chris/ros2_ws/src/rover/install/rover_msgs/include/rover_msgs/rover_msgs/msg/detail/drivetrain_arbitration__rosidl_typesupport_fastrtps_c.h
-- Installing: /home/chris/ros2_ws/src/rover/install/rover_msgs/include/rover_msgs/rover_msgs/msg/detail/antenna_cmd__rosidl_typesupport_fastrtps_c.h
-- Installing: /home/chris/ros2_ws/src/rover/install/rover_msgs/include/rover_msgs/rover_msgs/msg/detail/camera_angle__rosidl_typesupport_fastrtps_c.h
-- Installing: /home/chris/ros2_ws/src/rover/install/rover_msgs/include/rover_msgs/rover_msgs/msg/detail/gps__rosidl_typesupport_fastrtps_c.h
-- Installing: /home/chris/ros2_ws/src/rover/install/rover_msgs/include/rover_msgs/rover_msgs/msg/detail/can_device_status__rosidl_typesupport_fastrtps_c.h
-- Installing: /home/chris/ros2_ws/src/rover/install/rover_msgs/include/rover_msgs/rover_msgs/msg/detail/propulsion_motor__rosidl_typesupport_fastrtps_c.h
-- Installing: /home/chris/ros2_ws/src/rover/install/rover_msgs/include/rover_msgs/rover_msgs/msg/detail/aruco__rosidl_typesupport_fastrtps_c.h
-- Installing: /home/chris/ros2_ws/src/rover/install/rover_msgs/include/rover_msgs/rover_msgs/msg/detail/joy__rosidl_typesupport_fastrtps_c.h
-- Installing: /home/chris/ros2_ws/src/rover/install/rover_msgs/include/rover_msgs/rover_msgs/msg/detail/science_control__rosidl_typesupport_fastrtps_c.h
-- Installing: /home/chris/ros2_ws/src/rover/install/rover_msgs/include/rover_msgs/rover_msgs/msg/detail/compass__rosidl_typesupport_fastrtps_c.h
-- Installing: /home/chris/ros2_ws/src/rover/install/rover_msgs/include/rover_msgs/rover_msgs/msg/detail/arm_msg__rosidl_typesupport_fastrtps_c.h
-- Installing: /home/chris/ros2_ws/src/rover/install/rover_msgs/include/rover_msgs/rover_msgs/msg/detail/light_control__rosidl_typesupport_fastrtps_c.h
-- Installing: /home/chris/ros2_ws/src/rover/install/rover_msgs/include/rover_msgs/rover_msgs/msg/detail/gps_position__rosidl_typesupport_fastrtps_c.h
-- Installing: /home/chris/ros2_ws/src/rover/install/rover_msgs/include/rover_msgs/rover_msgs/msg/detail/camera_control__rosidl_typesupport_fastrtps_c.h
-- Installing: /home/chris/ros2_ws/src/rover/install/rover_msgs/include/rover_msgs/rover_msgs/msg/detail/joy_demux_status__rosidl_typesupport_fastrtps_c.h
-- Installing: /home/chris/ros2_ws/src/rover/install/rover_msgs/include/rover_msgs/rover_msgs/msg/rosidl_typesupport_fastrtps_c__visibility_control.h
-- Installing: /home/chris/ros2_ws/src/rover/install/rover_msgs/lib/librover_msgs__rosidl_typesupport_fastrtps_c.so
-- Set runtime path of "/home/chris/ros2_ws/src/rover/install/rover_msgs/lib/librover_msgs__rosidl_typesupport_fastrtps_c.so" to ""
-- Up-to-date: /home/chris/ros2_ws/src/rover/install/rover_msgs/include/rover_msgs/rover_msgs
-- Up-to-date: /home/chris/ros2_ws/src/rover/install/rover_msgs/include/rover_msgs/rover_msgs/srv
-- Up-to-date: /home/chris/ros2_ws/src/rover/install/rover_msgs/include/rover_msgs/rover_msgs/srv/detail
-- Installing: /home/chris/ros2_ws/src/rover/install/rover_msgs/include/rover_msgs/rover_msgs/srv/detail/joy_demux_set_state__rosidl_typesupport_introspection_c.h
-- Installing: /home/chris/ros2_ws/src/rover/install/rover_msgs/include/rover_msgs/rover_msgs/srv/detail/rtsp_stream__rosidl_typesupport_introspection_c.h
-- Installing: /home/chris/ros2_ws/src/rover/install/rover_msgs/include/rover_msgs/rover_msgs/srv/detail/compass_calibration__type_support.c
-- Installing: /home/chris/ros2_ws/src/rover/install/rover_msgs/include/rover_msgs/rover_msgs/srv/detail/pano_control__type_support.c
-- Installing: /home/chris/ros2_ws/src/rover/install/rover_msgs/include/rover_msgs/rover_msgs/srv/detail/screenshot_control__type_support.c
-- Installing: /home/chris/ros2_ws/src/rover/install/rover_msgs/include/rover_msgs/rover_msgs/srv/detail/antenna_arbitration__rosidl_typesupport_introspection_c.h
-- Installing: /home/chris/ros2_ws/src/rover/install/rover_msgs/include/rover_msgs/rover_msgs/srv/detail/antenna_arbitration__type_support.c
-- Installing: /home/chris/ros2_ws/src/rover/install/rover_msgs/include/rover_msgs/rover_msgs/srv/detail/light_control__rosidl_typesupport_introspection_c.h
-- Installing: /home/chris/ros2_ws/src/rover/install/rover_msgs/include/rover_msgs/rover_msgs/srv/detail/new_gps_goal__rosidl_typesupport_introspection_c.h
-- Installing: /home/chris/ros2_ws/src/rover/install/rover_msgs/include/rover_msgs/rover_msgs/srv/detail/rtsp_stream__type_support.c
-- Installing: /home/chris/ros2_ws/src/rover/install/rover_msgs/include/rover_msgs/rover_msgs/srv/detail/screenshot_control__rosidl_typesupport_introspection_c.h
-- Installing: /home/chris/ros2_ws/src/rover/install/rover_msgs/include/rover_msgs/rover_msgs/srv/detail/joy_demux_set_state__type_support.c
-- Installing: /home/chris/ros2_ws/src/rover/install/rover_msgs/include/rover_msgs/rover_msgs/srv/detail/drive_train_arbitration__type_support.c
-- Installing: /home/chris/ros2_ws/src/rover/install/rover_msgs/include/rover_msgs/rover_msgs/srv/detail/new_gps_goal__type_support.c
-- Installing: /home/chris/ros2_ws/src/rover/install/rover_msgs/include/rover_msgs/rover_msgs/srv/detail/drive_train_arbitration__rosidl_typesupport_introspection_c.h
-- Installing: /home/chris/ros2_ws/src/rover/install/rover_msgs/include/rover_msgs/rover_msgs/srv/detail/compass_calibration__rosidl_typesupport_introspection_c.h
-- Installing: /home/chris/ros2_ws/src/rover/install/rover_msgs/include/rover_msgs/rover_msgs/srv/detail/pano_control__rosidl_typesupport_introspection_c.h
-- Installing: /home/chris/ros2_ws/src/rover/install/rover_msgs/include/rover_msgs/rover_msgs/srv/detail/light_control__type_support.c
-- Up-to-date: /home/chris/ros2_ws/src/rover/install/rover_msgs/include/rover_msgs/rover_msgs/msg
-- Installing: /home/chris/ros2_ws/src/rover/install/rover_msgs/include/rover_msgs/rover_msgs/msg/rosidl_typesupport_introspection_c__visibility_control.h
-- Up-to-date: /home/chris/ros2_ws/src/rover/install/rover_msgs/include/rover_msgs/rover_msgs/msg/detail
-- Installing: /home/chris/ros2_ws/src/rover/install/rover_msgs/include/rover_msgs/rover_msgs/msg/detail/camera_control__type_support.c
-- Installing: /home/chris/ros2_ws/src/rover/install/rover_msgs/include/rover_msgs/rover_msgs/msg/detail/aruco__type_support.c
-- Installing: /home/chris/ros2_ws/src/rover/install/rover_msgs/include/rover_msgs/rover_msgs/msg/detail/arm_msg__type_support.c
-- Installing: /home/chris/ros2_ws/src/rover/install/rover_msgs/include/rover_msgs/rover_msgs/msg/detail/science_control__type_support.c
-- Installing: /home/chris/ros2_ws/src/rover/install/rover_msgs/include/rover_msgs/rover_msgs/msg/detail/can_device_status__type_support.c
-- Installing: /home/chris/ros2_ws/src/rover/install/rover_msgs/include/rover_msgs/rover_msgs/msg/detail/propulsion_motor__type_support.c
-- Installing: /home/chris/ros2_ws/src/rover/install/rover_msgs/include/rover_msgs/rover_msgs/msg/detail/propulsion_motor__rosidl_typesupport_introspection_c.h
-- Installing: /home/chris/ros2_ws/src/rover/install/rover_msgs/include/rover_msgs/rover_msgs/msg/detail/camera_control__rosidl_typesupport_introspection_c.h
-- Installing: /home/chris/ros2_ws/src/rover/install/rover_msgs/include/rover_msgs/rover_msgs/msg/detail/can_device_status__rosidl_typesupport_introspection_c.h
-- Installing: /home/chris/ros2_ws/src/rover/install/rover_msgs/include/rover_msgs/rover_msgs/msg/detail/joy__type_support.c
-- Installing: /home/chris/ros2_ws/src/rover/install/rover_msgs/include/rover_msgs/rover_msgs/msg/detail/gps_position__rosidl_typesupport_introspection_c.h
-- Installing: /home/chris/ros2_ws/src/rover/install/rover_msgs/include/rover_msgs/rover_msgs/msg/detail/camera_angle__rosidl_typesupport_introspection_c.h
-- Installing: /home/chris/ros2_ws/src/rover/install/rover_msgs/include/rover_msgs/rover_msgs/msg/detail/light_control__rosidl_typesupport_introspection_c.h
-- Installing: /home/chris/ros2_ws/src/rover/install/rover_msgs/include/rover_msgs/rover_msgs/msg/detail/drivetrain_arbitration__rosidl_typesupport_introspection_c.h
-- Installing: /home/chris/ros2_ws/src/rover/install/rover_msgs/include/rover_msgs/rover_msgs/msg/detail/drivetrain_arbitration__type_support.c
-- Installing: /home/chris/ros2_ws/src/rover/install/rover_msgs/include/rover_msgs/rover_msgs/msg/detail/aruco__rosidl_typesupport_introspection_c.h
-- Installing: /home/chris/ros2_ws/src/rover/install/rover_msgs/include/rover_msgs/rover_msgs/msg/detail/gps_position__type_support.c
-- Installing: /home/chris/ros2_ws/src/rover/install/rover_msgs/include/rover_msgs/rover_msgs/msg/detail/arm_msg__rosidl_typesupport_introspection_c.h
-- Installing: /home/chris/ros2_ws/src/rover/install/rover_msgs/include/rover_msgs/rover_msgs/msg/detail/compass__rosidl_typesupport_introspection_c.h
-- Installing: /home/chris/ros2_ws/src/rover/install/rover_msgs/include/rover_msgs/rover_msgs/msg/detail/antenna_cmd__rosidl_typesupport_introspection_c.h
-- Installing: /home/chris/ros2_ws/src/rover/install/rover_msgs/include/rover_msgs/rover_msgs/msg/detail/compass__type_support.c
-- Installing: /home/chris/ros2_ws/src/rover/install/rover_msgs/include/rover_msgs/rover_msgs/msg/detail/science_control__rosidl_typesupport_introspection_c.h
-- Installing: /home/chris/ros2_ws/src/rover/install/rover_msgs/include/rover_msgs/rover_msgs/msg/detail/antenna_cmd__type_support.c
-- Installing: /home/chris/ros2_ws/src/rover/install/rover_msgs/include/rover_msgs/rover_msgs/msg/detail/joy_demux_status__type_support.c
-- Installing: /home/chris/ros2_ws/src/rover/install/rover_msgs/include/rover_msgs/rover_msgs/msg/detail/camera_angle__type_support.c
-- Installing: /home/chris/ros2_ws/src/rover/install/rover_msgs/include/rover_msgs/rover_msgs/msg/detail/joy_demux_status__rosidl_typesupport_introspection_c.h
-- Installing: /home/chris/ros2_ws/src/rover/install/rover_msgs/include/rover_msgs/rover_msgs/msg/detail/gps__rosidl_typesupport_introspection_c.h
-- Installing: /home/chris/ros2_ws/src/rover/install/rover_msgs/include/rover_msgs/rover_msgs/msg/detail/joy__rosidl_typesupport_introspection_c.h
-- Installing: /home/chris/ros2_ws/src/rover/install/rover_msgs/include/rover_msgs/rover_msgs/msg/detail/light_control__type_support.c
-- Installing: /home/chris/ros2_ws/src/rover/install/rover_msgs/include/rover_msgs/rover_msgs/msg/detail/gps__type_support.c
-- Installing: /home/chris/ros2_ws/src/rover/install/rover_msgs/lib/librover_msgs__rosidl_typesupport_introspection_c.so
-- Set runtime path of "/home/chris/ros2_ws/src/rover/install/rover_msgs/lib/librover_msgs__rosidl_typesupport_introspection_c.so" to ""
-- Installing: /home/chris/ros2_ws/src/rover/install/rover_msgs/lib/librover_msgs__rosidl_typesupport_c.so
-- Set runtime path of "/home/chris/ros2_ws/src/rover/install/rover_msgs/lib/librover_msgs__rosidl_typesupport_c.so" to ""
-- Up-to-date: /home/chris/ros2_ws/src/rover/install/rover_msgs/include/rover_msgs/rover_msgs
-- Up-to-date: /home/chris/ros2_ws/src/rover/install/rover_msgs/include/rover_msgs/rover_msgs/srv
-- Installing: /home/chris/ros2_ws/src/rover/install/rover_msgs/include/rover_msgs/rover_msgs/srv/screenshot_control.hpp
-- Installing: /home/chris/ros2_ws/src/rover/install/rover_msgs/include/rover_msgs/rover_msgs/srv/light_control.hpp
-- Installing: /home/chris/ros2_ws/src/rover/install/rover_msgs/include/rover_msgs/rover_msgs/srv/pano_control.hpp
-- Installing: /home/chris/ros2_ws/src/rover/install/rover_msgs/include/rover_msgs/rover_msgs/srv/antenna_arbitration.hpp
-- Up-to-date: /home/chris/ros2_ws/src/rover/install/rover_msgs/include/rover_msgs/rover_msgs/srv/detail
-- Installing: /home/chris/ros2_ws/src/rover/install/rover_msgs/include/rover_msgs/rover_msgs/srv/detail/rtsp_stream__traits.hpp
-- Installing: /home/chris/ros2_ws/src/rover/install/rover_msgs/include/rover_msgs/rover_msgs/srv/detail/screenshot_control__type_support.hpp
-- Installing: /home/chris/ros2_ws/src/rover/install/rover_msgs/include/rover_msgs/rover_msgs/srv/detail/new_gps_goal__type_support.hpp
-- Installing: /home/chris/ros2_ws/src/rover/install/rover_msgs/include/rover_msgs/rover_msgs/srv/detail/new_gps_goal__builder.hpp
-- Installing: /home/chris/ros2_ws/src/rover/install/rover_msgs/include/rover_msgs/rover_msgs/srv/detail/rtsp_stream__type_support.hpp
-- Installing: /home/chris/ros2_ws/src/rover/install/rover_msgs/include/rover_msgs/rover_msgs/srv/detail/antenna_arbitration__type_support.hpp
-- Installing: /home/chris/ros2_ws/src/rover/install/rover_msgs/include/rover_msgs/rover_msgs/srv/detail/drive_train_arbitration__type_support.hpp
-- Installing: /home/chris/ros2_ws/src/rover/install/rover_msgs/include/rover_msgs/rover_msgs/srv/detail/joy_demux_set_state__builder.hpp
-- Installing: /home/chris/ros2_ws/src/rover/install/rover_msgs/include/rover_msgs/rover_msgs/srv/detail/light_control__builder.hpp
-- Installing: /home/chris/ros2_ws/src/rover/install/rover_msgs/include/rover_msgs/rover_msgs/srv/detail/pano_control__builder.hpp
-- Installing: /home/chris/ros2_ws/src/rover/install/rover_msgs/include/rover_msgs/rover_msgs/srv/detail/drive_train_arbitration__struct.hpp
-- Installing: /home/chris/ros2_ws/src/rover/install/rover_msgs/include/rover_msgs/rover_msgs/srv/detail/joy_demux_set_state__type_support.hpp
-- Installing: /home/chris/ros2_ws/src/rover/install/rover_msgs/include/rover_msgs/rover_msgs/srv/detail/new_gps_goal__struct.hpp
-- Installing: /home/chris/ros2_ws/src/rover/install/rover_msgs/include/rover_msgs/rover_msgs/srv/detail/compass_calibration__builder.hpp
-- Installing: /home/chris/ros2_ws/src/rover/install/rover_msgs/include/rover_msgs/rover_msgs/srv/detail/pano_control__type_support.hpp
-- Installing: /home/chris/ros2_ws/src/rover/install/rover_msgs/include/rover_msgs/rover_msgs/srv/detail/joy_demux_set_state__struct.hpp
-- Installing: /home/chris/ros2_ws/src/rover/install/rover_msgs/include/rover_msgs/rover_msgs/srv/detail/screenshot_control__traits.hpp
-- Installing: /home/chris/ros2_ws/src/rover/install/rover_msgs/include/rover_msgs/rover_msgs/srv/detail/rtsp_stream__struct.hpp
-- Installing: /home/chris/ros2_ws/src/rover/install/rover_msgs/include/rover_msgs/rover_msgs/srv/detail/light_control__type_support.hpp
-- Installing: /home/chris/ros2_ws/src/rover/install/rover_msgs/include/rover_msgs/rover_msgs/srv/detail/drive_train_arbitration__builder.hpp
-- Installing: /home/chris/ros2_ws/src/rover/install/rover_msgs/include/rover_msgs/rover_msgs/srv/detail/new_gps_goal__traits.hpp
-- Installing: /home/chris/ros2_ws/src/rover/install/rover_msgs/include/rover_msgs/rover_msgs/srv/detail/light_control__traits.hpp
-- Installing: /home/chris/ros2_ws/src/rover/install/rover_msgs/include/rover_msgs/rover_msgs/srv/detail/compass_calibration__type_support.hpp
-- Installing: /home/chris/ros2_ws/src/rover/install/rover_msgs/include/rover_msgs/rover_msgs/srv/detail/screenshot_control__builder.hpp
-- Installing: /home/chris/ros2_ws/src/rover/install/rover_msgs/include/rover_msgs/rover_msgs/srv/detail/drive_train_arbitration__traits.hpp
-- Installing: /home/chris/ros2_ws/src/rover/install/rover_msgs/include/rover_msgs/rover_msgs/srv/detail/antenna_arbitration__traits.hpp
-- Installing: /home/chris/ros2_ws/src/rover/install/rover_msgs/include/rover_msgs/rover_msgs/srv/detail/compass_calibration__struct.hpp
-- Installing: /home/chris/ros2_ws/src/rover/install/rover_msgs/include/rover_msgs/rover_msgs/srv/detail/antenna_arbitration__struct.hpp
-- Installing: /home/chris/ros2_ws/src/rover/install/rover_msgs/include/rover_msgs/rover_msgs/srv/detail/pano_control__traits.hpp
-- Installing: /home/chris/ros2_ws/src/rover/install/rover_msgs/include/rover_msgs/rover_msgs/srv/detail/pano_control__struct.hpp
-- Installing: /home/chris/ros2_ws/src/rover/install/rover_msgs/include/rover_msgs/rover_msgs/srv/detail/rtsp_stream__builder.hpp
-- Installing: /home/chris/ros2_ws/src/rover/install/rover_msgs/include/rover_msgs/rover_msgs/srv/detail/light_control__struct.hpp
-- Installing: /home/chris/ros2_ws/src/rover/install/rover_msgs/include/rover_msgs/rover_msgs/srv/detail/compass_calibration__traits.hpp
-- Installing: /home/chris/ros2_ws/src/rover/install/rover_msgs/include/rover_msgs/rover_msgs/srv/detail/antenna_arbitration__builder.hpp
-- Installing: /home/chris/ros2_ws/src/rover/install/rover_msgs/include/rover_msgs/rover_msgs/srv/detail/screenshot_control__struct.hpp
-- Installing: /home/chris/ros2_ws/src/rover/install/rover_msgs/include/rover_msgs/rover_msgs/srv/detail/joy_demux_set_state__traits.hpp
-- Installing: /home/chris/ros2_ws/src/rover/install/rover_msgs/include/rover_msgs/rover_msgs/srv/new_gps_goal.hpp
-- Installing: /home/chris/ros2_ws/src/rover/install/rover_msgs/include/rover_msgs/rover_msgs/srv/compass_calibration.hpp
-- Installing: /home/chris/ros2_ws/src/rover/install/rover_msgs/include/rover_msgs/rover_msgs/srv/drive_train_arbitration.hpp
-- Installing: /home/chris/ros2_ws/src/rover/install/rover_msgs/include/rover_msgs/rover_msgs/srv/rtsp_stream.hpp
-- Installing: /home/chris/ros2_ws/src/rover/install/rover_msgs/include/rover_msgs/rover_msgs/srv/joy_demux_set_state.hpp
-- Up-to-date: /home/chris/ros2_ws/src/rover/install/rover_msgs/include/rover_msgs/rover_msgs/msg
-- Installing: /home/chris/ros2_ws/src/rover/install/rover_msgs/include/rover_msgs/rover_msgs/msg/propulsion_motor.hpp
-- Installing: /home/chris/ros2_ws/src/rover/install/rover_msgs/include/rover_msgs/rover_msgs/msg/light_control.hpp
-- Installing: /home/chris/ros2_ws/src/rover/install/rover_msgs/include/rover_msgs/rover_msgs/msg/drivetrain_arbitration.hpp
-- Installing: /home/chris/ros2_ws/src/rover/install/rover_msgs/include/rover_msgs/rover_msgs/msg/rosidl_generator_cpp__visibility_control.hpp
-- Installing: /home/chris/ros2_ws/src/rover/install/rover_msgs/include/rover_msgs/rover_msgs/msg/joy_demux_status.hpp
-- Installing: /home/chris/ros2_ws/src/rover/install/rover_msgs/include/rover_msgs/rover_msgs/msg/joy.hpp
-- Installing: /home/chris/ros2_ws/src/rover/install/rover_msgs/include/rover_msgs/rover_msgs/msg/gps_position.hpp
-- Up-to-date: /home/chris/ros2_ws/src/rover/install/rover_msgs/include/rover_msgs/rover_msgs/msg/detail
-- Installing: /home/chris/ros2_ws/src/rover/install/rover_msgs/include/rover_msgs/rover_msgs/msg/detail/arm_msg__struct.hpp
-- Installing: /home/chris/ros2_ws/src/rover/install/rover_msgs/include/rover_msgs/rover_msgs/msg/detail/can_device_status__traits.hpp
-- Installing: /home/chris/ros2_ws/src/rover/install/rover_msgs/include/rover_msgs/rover_msgs/msg/detail/gps__type_support.hpp
-- Installing: /home/chris/ros2_ws/src/rover/install/rover_msgs/include/rover_msgs/rover_msgs/msg/detail/aruco__builder.hpp
-- Installing: /home/chris/ros2_ws/src/rover/install/rover_msgs/include/rover_msgs/rover_msgs/msg/detail/drivetrain_arbitration__type_support.hpp
-- Installing: /home/chris/ros2_ws/src/rover/install/rover_msgs/include/rover_msgs/rover_msgs/msg/detail/science_control__builder.hpp
-- Installing: /home/chris/ros2_ws/src/rover/install/rover_msgs/include/rover_msgs/rover_msgs/msg/detail/propulsion_motor__type_support.hpp
-- Installing: /home/chris/ros2_ws/src/rover/install/rover_msgs/include/rover_msgs/rover_msgs/msg/detail/drivetrain_arbitration__struct.hpp
-- Installing: /home/chris/ros2_ws/src/rover/install/rover_msgs/include/rover_msgs/rover_msgs/msg/detail/camera_angle__type_support.hpp
-- Installing: /home/chris/ros2_ws/src/rover/install/rover_msgs/include/rover_msgs/rover_msgs/msg/detail/drivetrain_arbitration__traits.hpp
-- Installing: /home/chris/ros2_ws/src/rover/install/rover_msgs/include/rover_msgs/rover_msgs/msg/detail/arm_msg__builder.hpp
-- Installing: /home/chris/ros2_ws/src/rover/install/rover_msgs/include/rover_msgs/rover_msgs/msg/detail/light_control__builder.hpp
-- Installing: /home/chris/ros2_ws/src/rover/install/rover_msgs/include/rover_msgs/rover_msgs/msg/detail/antenna_cmd__builder.hpp
-- Installing: /home/chris/ros2_ws/src/rover/install/rover_msgs/include/rover_msgs/rover_msgs/msg/detail/antenna_cmd__struct.hpp
-- Installing: /home/chris/ros2_ws/src/rover/install/rover_msgs/include/rover_msgs/rover_msgs/msg/detail/can_device_status__type_support.hpp
-- Installing: /home/chris/ros2_ws/src/rover/install/rover_msgs/include/rover_msgs/rover_msgs/msg/detail/science_control__traits.hpp
-- Installing: /home/chris/ros2_ws/src/rover/install/rover_msgs/include/rover_msgs/rover_msgs/msg/detail/arm_msg__traits.hpp
-- Installing: /home/chris/ros2_ws/src/rover/install/rover_msgs/include/rover_msgs/rover_msgs/msg/detail/can_device_status__builder.hpp
-- Installing: /home/chris/ros2_ws/src/rover/install/rover_msgs/include/rover_msgs/rover_msgs/msg/detail/camera_control__traits.hpp
-- Installing: /home/chris/ros2_ws/src/rover/install/rover_msgs/include/rover_msgs/rover_msgs/msg/detail/joy_demux_status__builder.hpp
-- Installing: /home/chris/ros2_ws/src/rover/install/rover_msgs/include/rover_msgs/rover_msgs/msg/detail/gps_position__type_support.hpp
-- Installing: /home/chris/ros2_ws/src/rover/install/rover_msgs/include/rover_msgs/rover_msgs/msg/detail/compass__traits.hpp
-- Installing: /home/chris/ros2_ws/src/rover/install/rover_msgs/include/rover_msgs/rover_msgs/msg/detail/propulsion_motor__traits.hpp
-- Installing: /home/chris/ros2_ws/src/rover/install/rover_msgs/include/rover_msgs/rover_msgs/msg/detail/light_control__type_support.hpp
-- Installing: /home/chris/ros2_ws/src/rover/install/rover_msgs/include/rover_msgs/rover_msgs/msg/detail/aruco__traits.hpp
-- Installing: /home/chris/ros2_ws/src/rover/install/rover_msgs/include/rover_msgs/rover_msgs/msg/detail/gps_position__struct.hpp
-- Installing: /home/chris/ros2_ws/src/rover/install/rover_msgs/include/rover_msgs/rover_msgs/msg/detail/gps_position__builder.hpp
-- Installing: /home/chris/ros2_ws/src/rover/install/rover_msgs/include/rover_msgs/rover_msgs/msg/detail/aruco__type_support.hpp
-- Installing: /home/chris/ros2_ws/src/rover/install/rover_msgs/include/rover_msgs/rover_msgs/msg/detail/camera_control__type_support.hpp
-- Installing: /home/chris/ros2_ws/src/rover/install/rover_msgs/include/rover_msgs/rover_msgs/msg/detail/can_device_status__struct.hpp
-- Installing: /home/chris/ros2_ws/src/rover/install/rover_msgs/include/rover_msgs/rover_msgs/msg/detail/arm_msg__type_support.hpp
-- Installing: /home/chris/ros2_ws/src/rover/install/rover_msgs/include/rover_msgs/rover_msgs/msg/detail/light_control__traits.hpp
-- Installing: /home/chris/ros2_ws/src/rover/install/rover_msgs/include/rover_msgs/rover_msgs/msg/detail/antenna_cmd__type_support.hpp
-- Installing: /home/chris/ros2_ws/src/rover/install/rover_msgs/include/rover_msgs/rover_msgs/msg/detail/compass__type_support.hpp
-- Installing: /home/chris/ros2_ws/src/rover/install/rover_msgs/include/rover_msgs/rover_msgs/msg/detail/joy__type_support.hpp
-- Installing: /home/chris/ros2_ws/src/rover/install/rover_msgs/include/rover_msgs/rover_msgs/msg/detail/camera_angle__traits.hpp
-- Installing: /home/chris/ros2_ws/src/rover/install/rover_msgs/include/rover_msgs/rover_msgs/msg/detail/gps__traits.hpp
-- Installing: /home/chris/ros2_ws/src/rover/install/rover_msgs/include/rover_msgs/rover_msgs/msg/detail/drivetrain_arbitration__builder.hpp
-- Installing: /home/chris/ros2_ws/src/rover/install/rover_msgs/include/rover_msgs/rover_msgs/msg/detail/propulsion_motor__struct.hpp
-- Installing: /home/chris/ros2_ws/src/rover/install/rover_msgs/include/rover_msgs/rover_msgs/msg/detail/gps__struct.hpp
-- Installing: /home/chris/ros2_ws/src/rover/install/rover_msgs/include/rover_msgs/rover_msgs/msg/detail/propulsion_motor__builder.hpp
-- Installing: /home/chris/ros2_ws/src/rover/install/rover_msgs/include/rover_msgs/rover_msgs/msg/detail/joy_demux_status__type_support.hpp
-- Installing: /home/chris/ros2_ws/src/rover/install/rover_msgs/include/rover_msgs/rover_msgs/msg/detail/compass__struct.hpp
-- Installing: /home/chris/ros2_ws/src/rover/install/rover_msgs/include/rover_msgs/rover_msgs/msg/detail/compass__builder.hpp
-- Installing: /home/chris/ros2_ws/src/rover/install/rover_msgs/include/rover_msgs/rover_msgs/msg/detail/science_control__type_support.hpp
-- Installing: /home/chris/ros2_ws/src/rover/install/rover_msgs/include/rover_msgs/rover_msgs/msg/detail/camera_angle__builder.hpp
-- Installing: /home/chris/ros2_ws/src/rover/install/rover_msgs/include/rover_msgs/rover_msgs/msg/detail/joy_demux_status__traits.hpp
-- Installing: /home/chris/ros2_ws/src/rover/install/rover_msgs/include/rover_msgs/rover_msgs/msg/detail/camera_control__builder.hpp
-- Installing: /home/chris/ros2_ws/src/rover/install/rover_msgs/include/rover_msgs/rover_msgs/msg/detail/science_control__struct.hpp
-- Installing: /home/chris/ros2_ws/src/rover/install/rover_msgs/include/rover_msgs/rover_msgs/msg/detail/camera_control__struct.hpp
-- Installing: /home/chris/ros2_ws/src/rover/install/rover_msgs/include/rover_msgs/rover_msgs/msg/detail/joy__struct.hpp
-- Installing: /home/chris/ros2_ws/src/rover/install/rover_msgs/include/rover_msgs/rover_msgs/msg/detail/light_control__struct.hpp
-- Installing: /home/chris/ros2_ws/src/rover/install/rover_msgs/include/rover_msgs/rover_msgs/msg/detail/antenna_cmd__traits.hpp
-- Installing: /home/chris/ros2_ws/src/rover/install/rover_msgs/include/rover_msgs/rover_msgs/msg/detail/joy__builder.hpp
-- Installing: /home/chris/ros2_ws/src/rover/install/rover_msgs/include/rover_msgs/rover_msgs/msg/detail/joy_demux_status__struct.hpp
-- Installing: /home/chris/ros2_ws/src/rover/install/rover_msgs/include/rover_msgs/rover_msgs/msg/detail/aruco__struct.hpp
-- Installing: /home/chris/ros2_ws/src/rover/install/rover_msgs/include/rover_msgs/rover_msgs/msg/detail/gps__builder.hpp
-- Installing: /home/chris/ros2_ws/src/rover/install/rover_msgs/include/rover_msgs/rover_msgs/msg/detail/gps_position__traits.hpp
-- Installing: /home/chris/ros2_ws/src/rover/install/rover_msgs/include/rover_msgs/rover_msgs/msg/detail/joy__traits.hpp
-- Installing: /home/chris/ros2_ws/src/rover/install/rover_msgs/include/rover_msgs/rover_msgs/msg/detail/camera_angle__struct.hpp
-- Installing: /home/chris/ros2_ws/src/rover/install/rover_msgs/include/rover_msgs/rover_msgs/msg/can_device_status.hpp
-- Installing: /home/chris/ros2_ws/src/rover/install/rover_msgs/include/rover_msgs/rover_msgs/msg/camera_angle.hpp
-- Installing: /home/chris/ros2_ws/src/rover/install/rover_msgs/include/rover_msgs/rover_msgs/msg/gps.hpp
-- Installing: /home/chris/ros2_ws/src/rover/install/rover_msgs/include/rover_msgs/rover_msgs/msg/aruco.hpp
-- Installing: /home/chris/ros2_ws/src/rover/install/rover_msgs/include/rover_msgs/rover_msgs/msg/antenna_cmd.hpp
-- Installing: /home/chris/ros2_ws/src/rover/install/rover_msgs/include/rover_msgs/rover_msgs/msg/camera_control.hpp
-- Installing: /home/chris/ros2_ws/src/rover/install/rover_msgs/include/rover_msgs/rover_msgs/msg/compass.hpp
-- Installing: /home/chris/ros2_ws/src/rover/install/rover_msgs/include/rover_msgs/rover_msgs/msg/arm_msg.hpp
-- Installing: /home/chris/ros2_ws/src/rover/install/rover_msgs/include/rover_msgs/rover_msgs/msg/science_control.hpp
-- Up-to-date: /home/chris/ros2_ws/src/rover/install/rover_msgs/include/rover_msgs/rover_msgs
-- Up-to-date: /home/chris/ros2_ws/src/rover/install/rover_msgs/include/rover_msgs/rover_msgs/srv
-- Up-to-date: /home/chris/ros2_ws/src/rover/install/rover_msgs/include/rover_msgs/rover_msgs/srv/detail
-- Installing: /home/chris/ros2_ws/src/rover/install/rover_msgs/include/rover_msgs/rover_msgs/srv/detail/light_control__rosidl_typesupport_fastrtps_cpp.hpp
-- Installing: /home/chris/ros2_ws/src/rover/install/rover_msgs/include/rover_msgs/rover_msgs/srv/detail/pano_control__rosidl_typesupport_fastrtps_cpp.hpp
-- Installing: /home/chris/ros2_ws/src/rover/install/rover_msgs/include/rover_msgs/rover_msgs/srv/detail/dds_fastrtps
-- Installing: /home/chris/ros2_ws/src/rover/install/rover_msgs/include/rover_msgs/rover_msgs/srv/detail/antenna_arbitration__rosidl_typesupport_fastrtps_cpp.hpp
-- Installing: /home/chris/ros2_ws/src/rover/install/rover_msgs/include/rover_msgs/rover_msgs/srv/detail/joy_demux_set_state__rosidl_typesupport_fastrtps_cpp.hpp
-- Installing: /home/chris/ros2_ws/src/rover/install/rover_msgs/include/rover_msgs/rover_msgs/srv/detail/rtsp_stream__rosidl_typesupport_fastrtps_cpp.hpp
-- Installing: /home/chris/ros2_ws/src/rover/install/rover_msgs/include/rover_msgs/rover_msgs/srv/detail/new_gps_goal__rosidl_typesupport_fastrtps_cpp.hpp
-- Installing: /home/chris/ros2_ws/src/rover/install/rover_msgs/include/rover_msgs/rover_msgs/srv/detail/drive_train_arbitration__rosidl_typesupport_fastrtps_cpp.hpp
-- Installing: /home/chris/ros2_ws/src/rover/install/rover_msgs/include/rover_msgs/rover_msgs/srv/detail/screenshot_control__rosidl_typesupport_fastrtps_cpp.hpp
-- Installing: /home/chris/ros2_ws/src/rover/install/rover_msgs/include/rover_msgs/rover_msgs/srv/detail/compass_calibration__rosidl_typesupport_fastrtps_cpp.hpp
-- Up-to-date: /home/chris/ros2_ws/src/rover/install/rover_msgs/include/rover_msgs/rover_msgs/msg
-- Up-to-date: /home/chris/ros2_ws/src/rover/install/rover_msgs/include/rover_msgs/rover_msgs/msg/detail
-- Installing: /home/chris/ros2_ws/src/rover/install/rover_msgs/include/rover_msgs/rover_msgs/msg/detail/propulsion_motor__rosidl_typesupport_fastrtps_cpp.hpp
-- Installing: /home/chris/ros2_ws/src/rover/install/rover_msgs/include/rover_msgs/rover_msgs/msg/detail/gps__rosidl_typesupport_fastrtps_cpp.hpp
-- Installing: /home/chris/ros2_ws/src/rover/install/rover_msgs/include/rover_msgs/rover_msgs/msg/detail/science_control__rosidl_typesupport_fastrtps_cpp.hpp
-- Installing: /home/chris/ros2_ws/src/rover/install/rover_msgs/include/rover_msgs/rover_msgs/msg/detail/light_control__rosidl_typesupport_fastrtps_cpp.hpp
-- Installing: /home/chris/ros2_ws/src/rover/install/rover_msgs/include/rover_msgs/rover_msgs/msg/detail/joy_demux_status__rosidl_typesupport_fastrtps_cpp.hpp
-- Installing: /home/chris/ros2_ws/src/rover/install/rover_msgs/include/rover_msgs/rover_msgs/msg/detail/drivetrain_arbitration__rosidl_typesupport_fastrtps_cpp.hpp
-- Installing: /home/chris/ros2_ws/src/rover/install/rover_msgs/include/rover_msgs/rover_msgs/msg/detail/aruco__rosidl_typesupport_fastrtps_cpp.hpp
-- Installing: /home/chris/ros2_ws/src/rover/install/rover_msgs/include/rover_msgs/rover_msgs/msg/detail/dds_fastrtps
-- Installing: /home/chris/ros2_ws/src/rover/install/rover_msgs/include/rover_msgs/rover_msgs/msg/detail/compass__rosidl_typesupport_fastrtps_cpp.hpp
-- Installing: /home/chris/ros2_ws/src/rover/install/rover_msgs/include/rover_msgs/rover_msgs/msg/detail/camera_control__rosidl_typesupport_fastrtps_cpp.hpp
-- Installing: /home/chris/ros2_ws/src/rover/install/rover_msgs/include/rover_msgs/rover_msgs/msg/detail/joy__rosidl_typesupport_fastrtps_cpp.hpp
-- Installing: /home/chris/ros2_ws/src/rover/install/rover_msgs/include/rover_msgs/rover_msgs/msg/detail/arm_msg__rosidl_typesupport_fastrtps_cpp.hpp
-- Installing: /home/chris/ros2_ws/src/rover/install/rover_msgs/include/rover_msgs/rover_msgs/msg/detail/gps_position__rosidl_typesupport_fastrtps_cpp.hpp
-- Installing: /home/chris/ros2_ws/src/rover/install/rover_msgs/include/rover_msgs/rover_msgs/msg/detail/antenna_cmd__rosidl_typesupport_fastrtps_cpp.hpp
-- Installing: /home/chris/ros2_ws/src/rover/install/rover_msgs/include/rover_msgs/rover_msgs/msg/detail/camera_angle__rosidl_typesupport_fastrtps_cpp.hpp
-- Installing: /home/chris/ros2_ws/src/rover/install/rover_msgs/include/rover_msgs/rover_msgs/msg/detail/can_device_status__rosidl_typesupport_fastrtps_cpp.hpp
-- Installing: /home/chris/ros2_ws/src/rover/install/rover_msgs/include/rover_msgs/rover_msgs/msg/rosidl_typesupport_fastrtps_cpp__visibility_control.h
-- Installing: /home/chris/ros2_ws/src/rover/install/rover_msgs/lib/librover_msgs__rosidl_typesupport_fastrtps_cpp.so
-- Set runtime path of "/home/chris/ros2_ws/src/rover/install/rover_msgs/lib/librover_msgs__rosidl_typesupport_fastrtps_cpp.so" to ""
-- Up-to-date: /home/chris/ros2_ws/src/rover/install/rover_msgs/include/rover_msgs/rover_msgs
-- Up-to-date: /home/chris/ros2_ws/src/rover/install/rover_msgs/include/rover_msgs/rover_msgs/srv
-- Up-to-date: /home/chris/ros2_ws/src/rover/install/rover_msgs/include/rover_msgs/rover_msgs/srv/detail
-- Installing: /home/chris/ros2_ws/src/rover/install/rover_msgs/include/rover_msgs/rover_msgs/srv/detail/antenna_arbitration__type_support.cpp
-- Installing: /home/chris/ros2_ws/src/rover/install/rover_msgs/include/rover_msgs/rover_msgs/srv/detail/light_control__type_support.cpp
-- Installing: /home/chris/ros2_ws/src/rover/install/rover_msgs/include/rover_msgs/rover_msgs/srv/detail/joy_demux_set_state__type_support.cpp
-- Installing: /home/chris/ros2_ws/src/rover/install/rover_msgs/include/rover_msgs/rover_msgs/srv/detail/drive_train_arbitration__rosidl_typesupport_introspection_cpp.hpp
-- Installing: /home/chris/ros2_ws/src/rover/install/rover_msgs/include/rover_msgs/rover_msgs/srv/detail/screenshot_control__type_support.cpp
-- Installing: /home/chris/ros2_ws/src/rover/install/rover_msgs/include/rover_msgs/rover_msgs/srv/detail/rtsp_stream__type_support.cpp
-- Installing: /home/chris/ros2_ws/src/rover/install/rover_msgs/include/rover_msgs/rover_msgs/srv/detail/drive_train_arbitration__type_support.cpp
-- Installing: /home/chris/ros2_ws/src/rover/install/rover_msgs/include/rover_msgs/rover_msgs/srv/detail/antenna_arbitration__rosidl_typesupport_introspection_cpp.hpp
-- Installing: /home/chris/ros2_ws/src/rover/install/rover_msgs/include/rover_msgs/rover_msgs/srv/detail/light_control__rosidl_typesupport_introspection_cpp.hpp
-- Installing: /home/chris/ros2_ws/src/rover/install/rover_msgs/include/rover_msgs/rover_msgs/srv/detail/compass_calibration__rosidl_typesupport_introspection_cpp.hpp
-- Installing: /home/chris/ros2_ws/src/rover/install/rover_msgs/include/rover_msgs/rover_msgs/srv/detail/pano_control__rosidl_typesupport_introspection_cpp.hpp
-- Installing: /home/chris/ros2_ws/src/rover/install/rover_msgs/include/rover_msgs/rover_msgs/srv/detail/new_gps_goal__rosidl_typesupport_introspection_cpp.hpp
-- Installing: /home/chris/ros2_ws/src/rover/install/rover_msgs/include/rover_msgs/rover_msgs/srv/detail/rtsp_stream__rosidl_typesupport_introspection_cpp.hpp
-- Installing: /home/chris/ros2_ws/src/rover/install/rover_msgs/include/rover_msgs/rover_msgs/srv/detail/compass_calibration__type_support.cpp
-- Installing: /home/chris/ros2_ws/src/rover/install/rover_msgs/include/rover_msgs/rover_msgs/srv/detail/pano_control__type_support.cpp
-- Installing: /home/chris/ros2_ws/src/rover/install/rover_msgs/include/rover_msgs/rover_msgs/srv/detail/joy_demux_set_state__rosidl_typesupport_introspection_cpp.hpp
-- Installing: /home/chris/ros2_ws/src/rover/install/rover_msgs/include/rover_msgs/rover_msgs/srv/detail/new_gps_goal__type_support.cpp
-- Installing: /home/chris/ros2_ws/src/rover/install/rover_msgs/include/rover_msgs/rover_msgs/srv/detail/screenshot_control__rosidl_typesupport_introspection_cpp.hpp
-- Up-to-date: /home/chris/ros2_ws/src/rover/install/rover_msgs/include/rover_msgs/rover_msgs/msg
-- Up-to-date: /home/chris/ros2_ws/src/rover/install/rover_msgs/include/rover_msgs/rover_msgs/msg/detail
-- Installing: /home/chris/ros2_ws/src/rover/install/rover_msgs/include/rover_msgs/rover_msgs/msg/detail/can_device_status__rosidl_typesupport_introspection_cpp.hpp
-- Installing: /home/chris/ros2_ws/src/rover/install/rover_msgs/include/rover_msgs/rover_msgs/msg/detail/gps_position__type_support.cpp
-- Installing: /home/chris/ros2_ws/src/rover/install/rover_msgs/include/rover_msgs/rover_msgs/msg/detail/light_control__type_support.cpp
-- Installing: /home/chris/ros2_ws/src/rover/install/rover_msgs/include/rover_msgs/rover_msgs/msg/detail/aruco__rosidl_typesupport_introspection_cpp.hpp
-- Installing: /home/chris/ros2_ws/src/rover/install/rover_msgs/include/rover_msgs/rover_msgs/msg/detail/arm_msg__rosidl_typesupport_introspection_cpp.hpp
-- Installing: /home/chris/ros2_ws/src/rover/install/rover_msgs/include/rover_msgs/rover_msgs/msg/detail/compass__type_support.cpp
-- Installing: /home/chris/ros2_ws/src/rover/install/rover_msgs/include/rover_msgs/rover_msgs/msg/detail/arm_msg__type_support.cpp
-- Installing: /home/chris/ros2_ws/src/rover/install/rover_msgs/include/rover_msgs/rover_msgs/msg/detail/antenna_cmd__rosidl_typesupport_introspection_cpp.hpp
-- Installing: /home/chris/ros2_ws/src/rover/install/rover_msgs/include/rover_msgs/rover_msgs/msg/detail/science_control__type_support.cpp
-- Installing: /home/chris/ros2_ws/src/rover/install/rover_msgs/include/rover_msgs/rover_msgs/msg/detail/joy_demux_status__rosidl_typesupport_introspection_cpp.hpp
-- Installing: /home/chris/ros2_ws/src/rover/install/rover_msgs/include/rover_msgs/rover_msgs/msg/detail/propulsion_motor__type_support.cpp
-- Installing: /home/chris/ros2_ws/src/rover/install/rover_msgs/include/rover_msgs/rover_msgs/msg/detail/gps__rosidl_typesupport_introspection_cpp.hpp
-- Installing: /home/chris/ros2_ws/src/rover/install/rover_msgs/include/rover_msgs/rover_msgs/msg/detail/camera_angle__type_support.cpp
-- Installing: /home/chris/ros2_ws/src/rover/install/rover_msgs/include/rover_msgs/rover_msgs/msg/detail/science_control__rosidl_typesupport_introspection_cpp.hpp
-- Installing: /home/chris/ros2_ws/src/rover/install/rover_msgs/include/rover_msgs/rover_msgs/msg/detail/can_device_status__type_support.cpp
-- Installing: /home/chris/ros2_ws/src/rover/install/rover_msgs/include/rover_msgs/rover_msgs/msg/detail/gps__type_support.cpp
-- Installing: /home/chris/ros2_ws/src/rover/install/rover_msgs/include/rover_msgs/rover_msgs/msg/detail/camera_control__rosidl_typesupport_introspection_cpp.hpp
-- Installing: /home/chris/ros2_ws/src/rover/install/rover_msgs/include/rover_msgs/rover_msgs/msg/detail/joy_demux_status__type_support.cpp
-- Installing: /home/chris/ros2_ws/src/rover/install/rover_msgs/include/rover_msgs/rover_msgs/msg/detail/propulsion_motor__rosidl_typesupport_introspection_cpp.hpp
-- Installing: /home/chris/ros2_ws/src/rover/install/rover_msgs/include/rover_msgs/rover_msgs/msg/detail/light_control__rosidl_typesupport_introspection_cpp.hpp
-- Installing: /home/chris/ros2_ws/src/rover/install/rover_msgs/include/rover_msgs/rover_msgs/msg/detail/camera_angle__rosidl_typesupport_introspection_cpp.hpp
-- Installing: /home/chris/ros2_ws/src/rover/install/rover_msgs/include/rover_msgs/rover_msgs/msg/detail/antenna_cmd__type_support.cpp
-- Installing: /home/chris/ros2_ws/src/rover/install/rover_msgs/include/rover_msgs/rover_msgs/msg/detail/joy__rosidl_typesupport_introspection_cpp.hpp
-- Installing: /home/chris/ros2_ws/src/rover/install/rover_msgs/include/rover_msgs/rover_msgs/msg/detail/drivetrain_arbitration__rosidl_typesupport_introspection_cpp.hpp
-- Installing: /home/chris/ros2_ws/src/rover/install/rover_msgs/include/rover_msgs/rover_msgs/msg/detail/compass__rosidl_typesupport_introspection_cpp.hpp
-- Installing: /home/chris/ros2_ws/src/rover/install/rover_msgs/include/rover_msgs/rover_msgs/msg/detail/aruco__type_support.cpp
-- Installing: /home/chris/ros2_ws/src/rover/install/rover_msgs/include/rover_msgs/rover_msgs/msg/detail/joy__type_support.cpp
-- Installing: /home/chris/ros2_ws/src/rover/install/rover_msgs/include/rover_msgs/rover_msgs/msg/detail/camera_control__type_support.cpp
-- Installing: /home/chris/ros2_ws/src/rover/install/rover_msgs/include/rover_msgs/rover_msgs/msg/detail/gps_position__rosidl_typesupport_introspection_cpp.hpp
-- Installing: /home/chris/ros2_ws/src/rover/install/rover_msgs/include/rover_msgs/rover_msgs/msg/detail/drivetrain_arbitration__type_support.cpp
-- Installing: /home/chris/ros2_ws/src/rover/install/rover_msgs/lib/librover_msgs__rosidl_typesupport_introspection_cpp.so
-- Set runtime path of "/home/chris/ros2_ws/src/rover/install/rover_msgs/lib/librover_msgs__rosidl_typesupport_introspection_cpp.so" to ""
-- Installing: /home/chris/ros2_ws/src/rover/install/rover_msgs/lib/librover_msgs__rosidl_typesupport_cpp.so
-- Set runtime path of "/home/chris/ros2_ws/src/rover/install/rover_msgs/lib/librover_msgs__rosidl_typesupport_cpp.so" to ""
-- Installing: /home/chris/ros2_ws/src/rover/install/rover_msgs/share/rover_msgs/environment/pythonpath.sh
-- Installing: /home/chris/ros2_ws/src/rover/install/rover_msgs/share/rover_msgs/environment/pythonpath.dsv
-- Installing: /home/chris/ros2_ws/src/rover/install/rover_msgs/local/lib/python3.10/dist-packages/rover_msgs-0.0.0-py3.10.egg-info
-- Installing: /home/chris/ros2_ws/src/rover/install/rover_msgs/local/lib/python3.10/dist-packages/rover_msgs-0.0.0-py3.10.egg-info/PKG-INFO
-- Installing: /home/chris/ros2_ws/src/rover/install/rover_msgs/local/lib/python3.10/dist-packages/rover_msgs-0.0.0-py3.10.egg-info/top_level.txt
-- Installing: /home/chris/ros2_ws/src/rover/install/rover_msgs/local/lib/python3.10/dist-packages/rover_msgs-0.0.0-py3.10.egg-info/dependency_links.txt
-- Installing: /home/chris/ros2_ws/src/rover/install/rover_msgs/local/lib/python3.10/dist-packages/rover_msgs-0.0.0-py3.10.egg-info/SOURCES.txt
-- Installing: /home/chris/ros2_ws/src/rover/install/rover_msgs/local/lib/python3.10/dist-packages/rover_msgs
-- Installing: /home/chris/ros2_ws/src/rover/install/rover_msgs/local/lib/python3.10/dist-packages/rover_msgs/_rover_msgs_s.ep.rosidl_typesupport_fastrtps_c.c
-- Installing: /home/chris/ros2_ws/src/rover/install/rover_msgs/local/lib/python3.10/dist-packages/rover_msgs/srv
-- Installing: /home/chris/ros2_ws/src/rover/install/rover_msgs/local/lib/python3.10/dist-packages/rover_msgs/srv/_pano_control.py
-- Installing: /home/chris/ros2_ws/src/rover/install/rover_msgs/local/lib/python3.10/dist-packages/rover_msgs/srv/_compass_calibration.py
-- Installing: /home/chris/ros2_ws/src/rover/install/rover_msgs/local/lib/python3.10/dist-packages/rover_msgs/srv/_drive_train_arbitration_s.c
-- Installing: /home/chris/ros2_ws/src/rover/install/rover_msgs/local/lib/python3.10/dist-packages/rover_msgs/srv/_rtsp_stream_s.c
-- Installing: /home/chris/ros2_ws/src/rover/install/rover_msgs/local/lib/python3.10/dist-packages/rover_msgs/srv/_drive_train_arbitration.py
-- Installing: /home/chris/ros2_ws/src/rover/install/rover_msgs/local/lib/python3.10/dist-packages/rover_msgs/srv/_pano_control_s.c
-- Installing: /home/chris/ros2_ws/src/rover/install/rover_msgs/local/lib/python3.10/dist-packages/rover_msgs/srv/_compass_calibration_s.c
-- Installing: /home/chris/ros2_ws/src/rover/install/rover_msgs/local/lib/python3.10/dist-packages/rover_msgs/srv/_antenna_arbitration_s.c
-- Installing: /home/chris/ros2_ws/src/rover/install/rover_msgs/local/lib/python3.10/dist-packages/rover_msgs/srv/_joy_demux_set_state.py
-- Installing: /home/chris/ros2_ws/src/rover/install/rover_msgs/local/lib/python3.10/dist-packages/rover_msgs/srv/_rtsp_stream.py
-- Installing: /home/chris/ros2_ws/src/rover/install/rover_msgs/local/lib/python3.10/dist-packages/rover_msgs/srv/_light_control_s.c
-- Installing: /home/chris/ros2_ws/src/rover/install/rover_msgs/local/lib/python3.10/dist-packages/rover_msgs/srv/_antenna_arbitration.py
-- Installing: /home/chris/ros2_ws/src/rover/install/rover_msgs/local/lib/python3.10/dist-packages/rover_msgs/srv/_screenshot_control.py
-- Installing: /home/chris/ros2_ws/src/rover/install/rover_msgs/local/lib/python3.10/dist-packages/rover_msgs/srv/_joy_demux_set_state_s.c
-- Installing: /home/chris/ros2_ws/src/rover/install/rover_msgs/local/lib/python3.10/dist-packages/rover_msgs/srv/_light_control.py
-- Installing: /home/chris/ros2_ws/src/rover/install/rover_msgs/local/lib/python3.10/dist-packages/rover_msgs/srv/_new_gps_goal.py
-- Installing: /home/chris/ros2_ws/src/rover/install/rover_msgs/local/lib/python3.10/dist-packages/rover_msgs/srv/_new_gps_goal_s.c
-- Installing: /home/chris/ros2_ws/src/rover/install/rover_msgs/local/lib/python3.10/dist-packages/rover_msgs/srv/__init__.py
-- Installing: /home/chris/ros2_ws/src/rover/install/rover_msgs/local/lib/python3.10/dist-packages/rover_msgs/srv/_screenshot_control_s.c
-- Installing: /home/chris/ros2_ws/src/rover/install/rover_msgs/local/lib/python3.10/dist-packages/rover_msgs/rover_msgs_s__rosidl_typesupport_fastrtps_c.cpython-310-aarch64-linux-gnu.so
-- Installing: /home/chris/ros2_ws/src/rover/install/rover_msgs/local/lib/python3.10/dist-packages/rover_msgs/rover_msgs_s__rosidl_typesupport_introspection_c.cpython-310-aarch64-linux-gnu.so
-- Installing: /home/chris/ros2_ws/src/rover/install/rover_msgs/local/lib/python3.10/dist-packages/rover_msgs/rover_msgs_s__rosidl_typesupport_c.cpython-310-aarch64-linux-gnu.so
-- Installing: /home/chris/ros2_ws/src/rover/install/rover_msgs/local/lib/python3.10/dist-packages/rover_msgs/librover_msgs__rosidl_generator_py.so
-- Installing: /home/chris/ros2_ws/src/rover/install/rover_msgs/local/lib/python3.10/dist-packages/rover_msgs/_rover_msgs_s.ep.rosidl_typesupport_c.c
-- Installing: /home/chris/ros2_ws/src/rover/install/rover_msgs/local/lib/python3.10/dist-packages/rover_msgs/msg
-- Installing: /home/chris/ros2_ws/src/rover/install/rover_msgs/local/lib/python3.10/dist-packages/rover_msgs/msg/_camera_control_s.c
-- Installing: /home/chris/ros2_ws/src/rover/install/rover_msgs/local/lib/python3.10/dist-packages/rover_msgs/msg/_joy_demux_status.py
-- Installing: /home/chris/ros2_ws/src/rover/install/rover_msgs/local/lib/python3.10/dist-packages/rover_msgs/msg/_compass_s.c
-- Installing: /home/chris/ros2_ws/src/rover/install/rover_msgs/local/lib/python3.10/dist-packages/rover_msgs/msg/_drivetrain_arbitration.py
-- Installing: /home/chris/ros2_ws/src/rover/install/rover_msgs/local/lib/python3.10/dist-packages/rover_msgs/msg/_gps_s.c
-- Installing: /home/chris/ros2_ws/src/rover/install/rover_msgs/local/lib/python3.10/dist-packages/rover_msgs/msg/_can_device_status_s.c
-- Installing: /home/chris/ros2_ws/src/rover/install/rover_msgs/local/lib/python3.10/dist-packages/rover_msgs/msg/_science_control_s.c
-- Installing: /home/chris/ros2_ws/src/rover/install/rover_msgs/local/lib/python3.10/dist-packages/rover_msgs/msg/_arm_msg.py
-- Installing: /home/chris/ros2_ws/src/rover/install/rover_msgs/local/lib/python3.10/dist-packages/rover_msgs/msg/_aruco.py
-- Installing: /home/chris/ros2_ws/src/rover/install/rover_msgs/local/lib/python3.10/dist-packages/rover_msgs/msg/_camera_angle_s.c
-- Installing: /home/chris/ros2_ws/src/rover/install/rover_msgs/local/lib/python3.10/dist-packages/rover_msgs/msg/_gps_position.py
-- Installing: /home/chris/ros2_ws/src/rover/install/rover_msgs/local/lib/python3.10/dist-packages/rover_msgs/msg/_joy_s.c
-- Installing: /home/chris/ros2_ws/src/rover/install/rover_msgs/local/lib/python3.10/dist-packages/rover_msgs/msg/_camera_angle.py
-- Installing: /home/chris/ros2_ws/src/rover/install/rover_msgs/local/lib/python3.10/dist-packages/rover_msgs/msg/_propulsion_motor.py
-- Installing: /home/chris/ros2_ws/src/rover/install/rover_msgs/local/lib/python3.10/dist-packages/rover_msgs/msg/_joy.py
-- Installing: /home/chris/ros2_ws/src/rover/install/rover_msgs/local/lib/python3.10/dist-packages/rover_msgs/msg/_compass.py
-- Installing: /home/chris/ros2_ws/src/rover/install/rover_msgs/local/lib/python3.10/dist-packages/rover_msgs/msg/_drivetrain_arbitration_s.c
-- Installing: /home/chris/ros2_ws/src/rover/install/rover_msgs/local/lib/python3.10/dist-packages/rover_msgs/msg/_propulsion_motor_s.c
-- Installing: /home/chris/ros2_ws/src/rover/install/rover_msgs/local/lib/python3.10/dist-packages/rover_msgs/msg/_light_control_s.c
-- Installing: /home/chris/ros2_ws/src/rover/install/rover_msgs/local/lib/python3.10/dist-packages/rover_msgs/msg/_antenna_cmd.py
-- Installing: /home/chris/ros2_ws/src/rover/install/rover_msgs/local/lib/python3.10/dist-packages/rover_msgs/msg/_camera_control.py
-- Installing: /home/chris/ros2_ws/src/rover/install/rover_msgs/local/lib/python3.10/dist-packages/rover_msgs/msg/_antenna_cmd_s.c
-- Installing: /home/chris/ros2_ws/src/rover/install/rover_msgs/local/lib/python3.10/dist-packages/rover_msgs/msg/_gps.py
-- Installing: /home/chris/ros2_ws/src/rover/install/rover_msgs/local/lib/python3.10/dist-packages/rover_msgs/msg/_science_control.py
-- Installing: /home/chris/ros2_ws/src/rover/install/rover_msgs/local/lib/python3.10/dist-packages/rover_msgs/msg/_arm_msg_s.c
-- Installing: /home/chris/ros2_ws/src/rover/install/rover_msgs/local/lib/python3.10/dist-packages/rover_msgs/msg/_aruco_s.c
-- Installing: /home/chris/ros2_ws/src/rover/install/rover_msgs/local/lib/python3.10/dist-packages/rover_msgs/msg/_light_control.py
-- Installing: /home/chris/ros2_ws/src/rover/install/rover_msgs/local/lib/python3.10/dist-packages/rover_msgs/msg/_joy_demux_status_s.c
-- Installing: /home/chris/ros2_ws/src/rover/install/rover_msgs/local/lib/python3.10/dist-packages/rover_msgs/msg/_gps_position_s.c
-- Installing: /home/chris/ros2_ws/src/rover/install/rover_msgs/local/lib/python3.10/dist-packages/rover_msgs/msg/__init__.py
-- Installing: /home/chris/ros2_ws/src/rover/install/rover_msgs/local/lib/python3.10/dist-packages/rover_msgs/msg/_can_device_status.py
-- Installing: /home/chris/ros2_ws/src/rover/install/rover_msgs/local/lib/python3.10/dist-packages/rover_msgs/_rover_msgs_s.ep.rosidl_typesupport_introspection_c.c
-- Installing: /home/chris/ros2_ws/src/rover/install/rover_msgs/local/lib/python3.10/dist-packages/rover_msgs/__init__.py
Listing '/home/chris/ros2_ws/src/rover/install/rover_msgs/local/lib/python3.10/dist-packages/rover_msgs'...
Compiling '/home/chris/ros2_ws/src/rover/install/rover_msgs/local/lib/python3.10/dist-packages/rover_msgs/__init__.py'...
Listing '/home/chris/ros2_ws/src/rover/install/rover_msgs/local/lib/python3.10/dist-packages/rover_msgs/msg'...
Compiling '/home/chris/ros2_ws/src/rover/install/rover_msgs/local/lib/python3.10/dist-packages/rover_msgs/msg/__init__.py'...
Compiling '/home/chris/ros2_ws/src/rover/install/rover_msgs/local/lib/python3.10/dist-packages/rover_msgs/msg/_antenna_cmd.py'...
Compiling '/home/chris/ros2_ws/src/rover/install/rover_msgs/local/lib/python3.10/dist-packages/rover_msgs/msg/_arm_msg.py'...
Compiling '/home/chris/ros2_ws/src/rover/install/rover_msgs/local/lib/python3.10/dist-packages/rover_msgs/msg/_aruco.py'...
Compiling '/home/chris/ros2_ws/src/rover/install/rover_msgs/local/lib/python3.10/dist-packages/rover_msgs/msg/_camera_angle.py'...
Compiling '/home/chris/ros2_ws/src/rover/install/rover_msgs/local/lib/python3.10/dist-packages/rover_msgs/msg/_camera_control.py'...
Compiling '/home/chris/ros2_ws/src/rover/install/rover_msgs/local/lib/python3.10/dist-packages/rover_msgs/msg/_can_device_status.py'...
Compiling '/home/chris/ros2_ws/src/rover/install/rover_msgs/local/lib/python3.10/dist-packages/rover_msgs/msg/_compass.py'...
Compiling '/home/chris/ros2_ws/src/rover/install/rover_msgs/local/lib/python3.10/dist-packages/rover_msgs/msg/_drivetrain_arbitration.py'...
Compiling '/home/chris/ros2_ws/src/rover/install/rover_msgs/local/lib/python3.10/dist-packages/rover_msgs/msg/_gps.py'...
Compiling '/home/chris/ros2_ws/src/rover/install/rover_msgs/local/lib/python3.10/dist-packages/rover_msgs/msg/_gps_position.py'...
Compiling '/home/chris/ros2_ws/src/rover/install/rover_msgs/local/lib/python3.10/dist-packages/rover_msgs/msg/_joy.py'...
Compiling '/home/chris/ros2_ws/src/rover/install/rover_msgs/local/lib/python3.10/dist-packages/rover_msgs/msg/_joy_demux_status.py'...
Compiling '/home/chris/ros2_ws/src/rover/install/rover_msgs/local/lib/python3.10/dist-packages/rover_msgs/msg/_light_control.py'...
Compiling '/home/chris/ros2_ws/src/rover/install/rover_msgs/local/lib/python3.10/dist-packages/rover_msgs/msg/_propulsion_motor.py'...
Compiling '/home/chris/ros2_ws/src/rover/install/rover_msgs/local/lib/python3.10/dist-packages/rover_msgs/msg/_science_control.py'...
Listing '/home/chris/ros2_ws/src/rover/install/rover_msgs/local/lib/python3.10/dist-packages/rover_msgs/srv'...
Compiling '/home/chris/ros2_ws/src/rover/install/rover_msgs/local/lib/python3.10/dist-packages/rover_msgs/srv/__init__.py'...
Compiling '/home/chris/ros2_ws/src/rover/install/rover_msgs/local/lib/python3.10/dist-packages/rover_msgs/srv/_antenna_arbitration.py'...
Compiling '/home/chris/ros2_ws/src/rover/install/rover_msgs/local/lib/python3.10/dist-packages/rover_msgs/srv/_compass_calibration.py'...
Compiling '/home/chris/ros2_ws/src/rover/install/rover_msgs/local/lib/python3.10/dist-packages/rover_msgs/srv/_drive_train_arbitration.py'...
Compiling '/home/chris/ros2_ws/src/rover/install/rover_msgs/local/lib/python3.10/dist-packages/rover_msgs/srv/_joy_demux_set_state.py'...
Compiling '/home/chris/ros2_ws/src/rover/install/rover_msgs/local/lib/python3.10/dist-packages/rover_msgs/srv/_light_control.py'...
Compiling '/home/chris/ros2_ws/src/rover/install/rover_msgs/local/lib/python3.10/dist-packages/rover_msgs/srv/_new_gps_goal.py'...
Compiling '/home/chris/ros2_ws/src/rover/install/rover_msgs/local/lib/python3.10/dist-packages/rover_msgs/srv/_pano_control.py'...
Compiling '/home/chris/ros2_ws/src/rover/install/rover_msgs/local/lib/python3.10/dist-packages/rover_msgs/srv/_rtsp_stream.py'...
Compiling '/home/chris/ros2_ws/src/rover/install/rover_msgs/local/lib/python3.10/dist-packages/rover_msgs/srv/_screenshot_control.py'...
-- Installing: /home/chris/ros2_ws/src/rover/install/rover_msgs/local/lib/python3.10/dist-packages/rover_msgs/rover_msgs_s__rosidl_typesupport_fastrtps_c.cpython-310-aarch64-linux-gnu.so
-- Set runtime path of "/home/chris/ros2_ws/src/rover/install/rover_msgs/local/lib/python3.10/dist-packages/rover_msgs/rover_msgs_s__rosidl_typesupport_fastrtps_c.cpython-310-aarch64-linux-gnu.so" to ""
-- Installing: /home/chris/ros2_ws/src/rover/install/rover_msgs/local/lib/python3.10/dist-packages/rover_msgs/rover_msgs_s__rosidl_typesupport_introspection_c.cpython-310-aarch64-linux-gnu.so
-- Set runtime path of "/home/chris/ros2_ws/src/rover/install/rover_msgs/local/lib/python3.10/dist-packages/rover_msgs/rover_msgs_s__rosidl_typesupport_introspection_c.cpython-310-aarch64-linux-gnu.so" to ""
-- Installing: /home/chris/ros2_ws/src/rover/install/rover_msgs/local/lib/python3.10/dist-packages/rover_msgs/rover_msgs_s__rosidl_typesupport_c.cpython-310-aarch64-linux-gnu.so
-- Set runtime path of "/home/chris/ros2_ws/src/rover/install/rover_msgs/local/lib/python3.10/dist-packages/rover_msgs/rover_msgs_s__rosidl_typesupport_c.cpython-310-aarch64-linux-gnu.so" to ""
-- Installing: /home/chris/ros2_ws/src/rover/install/rover_msgs/lib/librover_msgs__rosidl_generator_py.so
-- Set runtime path of "/home/chris/ros2_ws/src/rover/install/rover_msgs/lib/librover_msgs__rosidl_generator_py.so" to ""
-- Installing: /home/chris/ros2_ws/src/rover/install/rover_msgs/share/rover_msgs/msg/AntennaCmd.idl
-- Installing: /home/chris/ros2_ws/src/rover/install/rover_msgs/share/rover_msgs/msg/PropulsionMotor.idl
-- Installing: /home/chris/ros2_ws/src/rover/install/rover_msgs/share/rover_msgs/msg/CanDeviceStatus.idl
-- Installing: /home/chris/ros2_ws/src/rover/install/rover_msgs/share/rover_msgs/msg/Joy.idl
-- Installing: /home/chris/ros2_ws/src/rover/install/rover_msgs/share/rover_msgs/msg/JoyDemuxStatus.idl
-- Installing: /home/chris/ros2_ws/src/rover/install/rover_msgs/share/rover_msgs/msg/Gps.idl
-- Installing: /home/chris/ros2_ws/src/rover/install/rover_msgs/share/rover_msgs/msg/GpsPosition.idl
-- Installing: /home/chris/ros2_ws/src/rover/install/rover_msgs/share/rover_msgs/msg/CameraControl.idl
-- Installing: /home/chris/ros2_ws/src/rover/install/rover_msgs/share/rover_msgs/msg/LightControl.idl
-- Installing: /home/chris/ros2_ws/src/rover/install/rover_msgs/share/rover_msgs/msg/ScienceControl.idl
-- Installing: /home/chris/ros2_ws/src/rover/install/rover_msgs/share/rover_msgs/msg/ArmMsg.idl
-- Installing: /home/chris/ros2_ws/src/rover/install/rover_msgs/share/rover_msgs/msg/DrivetrainArbitration.idl
-- Installing: /home/chris/ros2_ws/src/rover/install/rover_msgs/share/rover_msgs/msg/Compass.idl
-- Installing: /home/chris/ros2_ws/src/rover/install/rover_msgs/share/rover_msgs/msg/CameraAngle.idl
-- Installing: /home/chris/ros2_ws/src/rover/install/rover_msgs/share/rover_msgs/msg/Aruco.idl
-- Installing: /home/chris/ros2_ws/src/rover/install/rover_msgs/share/rover_msgs/srv/JoyDemuxSetState.idl
-- Installing: /home/chris/ros2_ws/src/rover/install/rover_msgs/share/rover_msgs/srv/AntennaArbitration.idl
-- Installing: /home/chris/ros2_ws/src/rover/install/rover_msgs/share/rover_msgs/srv/DriveTrainArbitration.idl
-- Installing: /home/chris/ros2_ws/src/rover/install/rover_msgs/share/rover_msgs/srv/LightControl.idl
-- Installing: /home/chris/ros2_ws/src/rover/install/rover_msgs/share/rover_msgs/srv/CompassCalibration.idl
-- Installing: /home/chris/ros2_ws/src/rover/install/rover_msgs/share/rover_msgs/srv/NewGpsGoal.idl
-- Installing: /home/chris/ros2_ws/src/rover/install/rover_msgs/share/rover_msgs/srv/PanoControl.idl
-- Installing: /home/chris/ros2_ws/src/rover/install/rover_msgs/share/rover_msgs/srv/RtspStream.idl
-- Installing: /home/chris/ros2_ws/src/rover/install/rover_msgs/share/rover_msgs/srv/ScreenshotControl.idl
-- Installing: /home/chris/ros2_ws/src/rover/install/rover_msgs/share/rover_msgs/msg/AntennaCmd.msg
-- Installing: /home/chris/ros2_ws/src/rover/install/rover_msgs/share/rover_msgs/msg/PropulsionMotor.msg
-- Installing: /home/chris/ros2_ws/src/rover/install/rover_msgs/share/rover_msgs/msg/CanDeviceStatus.msg
-- Installing: /home/chris/ros2_ws/src/rover/install/rover_msgs/share/rover_msgs/msg/Joy.msg
-- Installing: /home/chris/ros2_ws/src/rover/install/rover_msgs/share/rover_msgs/msg/JoyDemuxStatus.msg
-- Installing: /home/chris/ros2_ws/src/rover/install/rover_msgs/share/rover_msgs/msg/Gps.msg
-- Installing: /home/chris/ros2_ws/src/rover/install/rover_msgs/share/rover_msgs/msg/GpsPosition.msg
-- Installing: /home/chris/ros2_ws/src/rover/install/rover_msgs/share/rover_msgs/msg/CameraControl.msg
-- Installing: /home/chris/ros2_ws/src/rover/install/rover_msgs/share/rover_msgs/msg/LightControl.msg
-- Installing: /home/chris/ros2_ws/src/rover/install/rover_msgs/share/rover_msgs/msg/ScienceControl.msg
-- Installing: /home/chris/ros2_ws/src/rover/install/rover_msgs/share/rover_msgs/msg/ArmMsg.msg
-- Installing: /home/chris/ros2_ws/src/rover/install/rover_msgs/share/rover_msgs/msg/DrivetrainArbitration.msg
-- Installing: /home/chris/ros2_ws/src/rover/install/rover_msgs/share/rover_msgs/msg/Compass.msg
-- Installing: /home/chris/ros2_ws/src/rover/install/rover_msgs/share/rover_msgs/msg/CameraAngle.msg
-- Installing: /home/chris/ros2_ws/src/rover/install/rover_msgs/share/rover_msgs/msg/Aruco.msg
-- Installing: /home/chris/ros2_ws/src/rover/install/rover_msgs/share/rover_msgs/srv/JoyDemuxSetState.srv
-- Installing: /home/chris/ros2_ws/src/rover/install/rover_msgs/share/rover_msgs/srv/JoyDemuxSetState_Request.msg
-- Installing: /home/chris/ros2_ws/src/rover/install/rover_msgs/share/rover_msgs/srv/JoyDemuxSetState_Response.msg
-- Installing: /home/chris/ros2_ws/src/rover/install/rover_msgs/share/rover_msgs/srv/AntennaArbitration.srv
-- Installing: /home/chris/ros2_ws/src/rover/install/rover_msgs/share/rover_msgs/srv/AntennaArbitration_Request.msg
-- Installing: /home/chris/ros2_ws/src/rover/install/rover_msgs/share/rover_msgs/srv/AntennaArbitration_Response.msg
-- Installing: /home/chris/ros2_ws/src/rover/install/rover_msgs/share/rover_msgs/srv/DriveTrainArbitration.srv
-- Installing: /home/chris/ros2_ws/src/rover/install/rover_msgs/share/rover_msgs/srv/DriveTrainArbitration_Request.msg
-- Installing: /home/chris/ros2_ws/src/rover/install/rover_msgs/share/rover_msgs/srv/DriveTrainArbitration_Response.msg
-- Installing: /home/chris/ros2_ws/src/rover/install/rover_msgs/share/rover_msgs/srv/LightControl.srv
-- Installing: /home/chris/ros2_ws/src/rover/install/rover_msgs/share/rover_msgs/srv/LightControl_Request.msg
-- Installing: /home/chris/ros2_ws/src/rover/install/rover_msgs/share/rover_msgs/srv/LightControl_Response.msg
-- Installing: /home/chris/ros2_ws/src/rover/install/rover_msgs/share/rover_msgs/srv/CompassCalibration.srv
-- Installing: /home/chris/ros2_ws/src/rover/install/rover_msgs/share/rover_msgs/srv/CompassCalibration_Request.msg
-- Installing: /home/chris/ros2_ws/src/rover/install/rover_msgs/share/rover_msgs/srv/CompassCalibration_Response.msg
-- Installing: /home/chris/ros2_ws/src/rover/install/rover_msgs/share/rover_msgs/srv/NewGpsGoal.srv
-- Installing: /home/chris/ros2_ws/src/rover/install/rover_msgs/share/rover_msgs/srv/NewGpsGoal_Request.msg
-- Installing: /home/chris/ros2_ws/src/rover/install/rover_msgs/share/rover_msgs/srv/NewGpsGoal_Response.msg
-- Installing: /home/chris/ros2_ws/src/rover/install/rover_msgs/share/rover_msgs/srv/PanoControl.srv
-- Installing: /home/chris/ros2_ws/src/rover/install/rover_msgs/share/rover_msgs/srv/PanoControl_Request.msg
-- Installing: /home/chris/ros2_ws/src/rover/install/rover_msgs/share/rover_msgs/srv/PanoControl_Response.msg
-- Installing: /home/chris/ros2_ws/src/rover/install/rover_msgs/share/rover_msgs/srv/RtspStream.srv
-- Installing: /home/chris/ros2_ws/src/rover/install/rover_msgs/share/rover_msgs/srv/RtspStream_Request.msg
-- Installing: /home/chris/ros2_ws/src/rover/install/rover_msgs/share/rover_msgs/srv/RtspStream_Response.msg
-- Installing: /home/chris/ros2_ws/src/rover/install/rover_msgs/share/rover_msgs/srv/ScreenshotControl.srv
-- Installing: /home/chris/ros2_ws/src/rover/install/rover_msgs/share/rover_msgs/srv/ScreenshotControl_Request.msg
-- Installing: /home/chris/ros2_ws/src/rover/install/rover_msgs/share/rover_msgs/srv/ScreenshotControl_Response.msg
-- Installing: /home/chris/ros2_ws/src/rover/install/rover_msgs/share/rover_msgs//launch
-- Installing: /home/chris/ros2_ws/src/rover/install/rover_msgs/share/rover_msgs//launch/terminal_logger.launch.py
-- Installing: /home/chris/ros2_ws/src/rover/install/rover_msgs/share/rover_msgs//launch/rover.launch.py
-- Installing: /home/chris/ros2_ws/src/rover/install/rover_msgs/share/rover_msgs//launch/base.launch.py
-- Installing: /home/chris/ros2_ws/src/rover/install/rover_msgs/share/ament_index/resource_index/package_run_dependencies/rover_msgs
-- Installing: /home/chris/ros2_ws/src/rover/install/rover_msgs/share/ament_index/resource_index/parent_prefix_path/rover_msgs
-- Installing: /home/chris/ros2_ws/src/rover/install/rover_msgs/share/rover_msgs/environment/ament_prefix_path.sh
-- Installing: /home/chris/ros2_ws/src/rover/install/rover_msgs/share/rover_msgs/environment/ament_prefix_path.dsv
-- Installing: /home/chris/ros2_ws/src/rover/install/rover_msgs/share/rover_msgs/environment/path.sh
-- Installing: /home/chris/ros2_ws/src/rover/install/rover_msgs/share/rover_msgs/environment/path.dsv
-- Installing: /home/chris/ros2_ws/src/rover/install/rover_msgs/share/rover_msgs/local_setup.bash
-- Installing: /home/chris/ros2_ws/src/rover/install/rover_msgs/share/rover_msgs/local_setup.sh
-- Installing: /home/chris/ros2_ws/src/rover/install/rover_msgs/share/rover_msgs/local_setup.zsh
-- Installing: /home/chris/ros2_ws/src/rover/install/rover_msgs/share/rover_msgs/local_setup.dsv
-- Installing: /home/chris/ros2_ws/src/rover/install/rover_msgs/share/rover_msgs/package.dsv
-- Installing: /home/chris/ros2_ws/src/rover/install/rover_msgs/share/ament_index/resource_index/packages/rover_msgs
-- Installing: /home/chris/ros2_ws/src/rover/install/rover_msgs/share/rover_msgs/cmake/lib_execExport.cmake
-- Installing: /home/chris/ros2_ws/src/rover/install/rover_msgs/share/rover_msgs/cmake/lib_execExport-noconfig.cmake
-- Installing: /home/chris/ros2_ws/src/rover/install/rover_msgs/share/rover_msgs/cmake/export_rover_msgs__rosidl_generator_cExport.cmake
-- Installing: /home/chris/ros2_ws/src/rover/install/rover_msgs/share/rover_msgs/cmake/export_rover_msgs__rosidl_generator_cExport-noconfig.cmake
-- Installing: /home/chris/ros2_ws/src/rover/install/rover_msgs/share/rover_msgs/cmake/export_rover_msgs__rosidl_typesupport_fastrtps_cExport.cmake
-- Installing: /home/chris/ros2_ws/src/rover/install/rover_msgs/share/rover_msgs/cmake/export_rover_msgs__rosidl_typesupport_fastrtps_cExport-noconfig.cmake
-- Installing: /home/chris/ros2_ws/src/rover/install/rover_msgs/share/rover_msgs/cmake/rover_msgs__rosidl_typesupport_introspection_cExport.cmake
-- Installing: /home/chris/ros2_ws/src/rover/install/rover_msgs/share/rover_msgs/cmake/rover_msgs__rosidl_typesupport_introspection_cExport-noconfig.cmake
-- Installing: /home/chris/ros2_ws/src/rover/install/rover_msgs/share/rover_msgs/cmake/rover_msgs__rosidl_typesupport_cExport.cmake
-- Installing: /home/chris/ros2_ws/src/rover/install/rover_msgs/share/rover_msgs/cmake/rover_msgs__rosidl_typesupport_cExport-noconfig.cmake
-- Installing: /home/chris/ros2_ws/src/rover/install/rover_msgs/share/rover_msgs/cmake/export_rover_msgs__rosidl_generator_cppExport.cmake
-- Installing: /home/chris/ros2_ws/src/rover/install/rover_msgs/share/rover_msgs/cmake/export_rover_msgs__rosidl_typesupport_fastrtps_cppExport.cmake
-- Installing: /home/chris/ros2_ws/src/rover/install/rover_msgs/share/rover_msgs/cmake/export_rover_msgs__rosidl_typesupport_fastrtps_cppExport-noconfig.cmake
-- Installing: /home/chris/ros2_ws/src/rover/install/rover_msgs/share/rover_msgs/cmake/rover_msgs__rosidl_typesupport_introspection_cppExport.cmake
-- Installing: /home/chris/ros2_ws/src/rover/install/rover_msgs/share/rover_msgs/cmake/rover_msgs__rosidl_typesupport_introspection_cppExport-noconfig.cmake
-- Installing: /home/chris/ros2_ws/src/rover/install/rover_msgs/share/rover_msgs/cmake/rover_msgs__rosidl_typesupport_cppExport.cmake
-- Installing: /home/chris/ros2_ws/src/rover/install/rover_msgs/share/rover_msgs/cmake/rover_msgs__rosidl_typesupport_cppExport-noconfig.cmake
-- Installing: /home/chris/ros2_ws/src/rover/install/rover_msgs/share/rover_msgs/cmake/export_rover_msgs__rosidl_generator_pyExport.cmake
-- Installing: /home/chris/ros2_ws/src/rover/install/rover_msgs/share/rover_msgs/cmake/export_rover_msgs__rosidl_generator_pyExport-noconfig.cmake
-- Installing: /home/chris/ros2_ws/src/rover/install/rover_msgs/share/rover_msgs/cmake/ament_cmake_export_targets-extras.cmake
-- Installing: /home/chris/ros2_ws/src/rover/install/rover_msgs/share/rover_msgs/cmake/rosidl_cmake-extras.cmake
-- Installing: /home/chris/ros2_ws/src/rover/install/rover_msgs/share/rover_msgs/cmake/ament_cmake_export_include_directories-extras.cmake
-- Installing: /home/chris/ros2_ws/src/rover/install/rover_msgs/share/rover_msgs/cmake/ament_cmake_export_libraries-extras.cmake
-- Installing: /home/chris/ros2_ws/src/rover/install/rover_msgs/share/rover_msgs/cmake/rosidl_cmake_export_typesupport_targets-extras.cmake
-- Installing: /home/chris/ros2_ws/src/rover/install/rover_msgs/share/rover_msgs/cmake/ament_cmake_export_dependencies-extras.cmake
-- Installing: /home/chris/ros2_ws/src/rover/install/rover_msgs/share/rover_msgs/cmake/rosidl_cmake_export_typesupport_libraries-extras.cmake
-- Installing: /home/chris/ros2_ws/src/rover/install/rover_msgs/share/rover_msgs/cmake/rover_msgsConfig.cmake
-- Installing: /home/chris/ros2_ws/src/rover/install/rover_msgs/share/rover_msgs/cmake/rover_msgsConfig-version.cmake
-- Installing: /home/chris/ros2_ws/src/rover/install/rover_msgs/share/rover_msgs/package.xml
