[0.000000] (-) TimerEvent: {}
[0.000404] (rover_gui) JobQueued: {'identifier': 'rover_gui', 'dependencies': OrderedDict()}
[0.000433] (rover_gui) JobStarted: {'identifier': 'rover_gui'}
[0.007454] (rover_gui) JobProgress: {'identifier': 'rover_gui', 'progress': 'cmake'}
[0.008138] (rover_gui) Command: {'cmd': ['/usr/bin/cmake', '/home/chris/ros2_ws/src/rover/rover_gui', '-DCMAKE_INSTALL_PREFIX=/home/chris/ros2_ws/src/rover/rover_gui/install/rover_gui'], 'cwd': '/home/chris/ros2_ws/src/rover/rover_gui/build/rover_gui', 'env': OrderedDict([('GJS_DEBUG_TOPICS', 'JS ERROR;JS LOG'), ('LESSOPEN', '| /usr/bin/lesspipe %s'), ('USER', 'chris'), ('XDG_SESSION_TYPE', 'wayland'), ('SHLVL', '1'), ('LD_LIBRARY_PATH', '/home/chris/ros2_ws/install/rover_msgs/lib:/opt/ros/humble/opt/rviz_ogre_vendor/lib:/opt/ros/humble/lib/aarch64-linux-gnu:/opt/ros/humble/lib'), ('HOME', '/home/chris'), ('OLDPWD', '/home/chris'), ('DESKTOP_SESSION', 'ubuntu'), ('GIO_LAUNCHED_DESKTOP_FILE', '/usr/share/applications/terminator.desktop'), ('ROS_PYTHON_VERSION', '3'), ('GNOME_SHELL_SESSION_MODE', 'ubuntu'), ('GTK_MODULES', 'gail:atk-bridge'), ('MANAGERPID', '1569'), ('SYSTEMD_EXEC_PID', '2629'), ('DBUS_SESSION_BUS_ADDRESS', 'unix:path=/run/user/1000/bus'), ('COLORTERM', 'truecolor'), ('TERMINATOR_DBUS_NAME', 'net.tenshu.Terminator25ef4b219e3b005583550f2b0f9f990c3'), ('GIO_LAUNCHED_DESKTOP_FILE_PID', '3092'), ('IM_CONFIG_PHASE', '1'), ('WAYLAND_DISPLAY', 'wayland-0'), ('COLCON_PREFIX_PATH', '/home/chris/ros2_ws/install'), ('ROS_DISTRO', 'humble'), ('LOGNAME', 'chris'), ('JOURNAL_STREAM', '8:16499'), ('_', '/usr/bin/colcon'), ('ROS_VERSION', '2'), ('XDG_SESSION_CLASS', 'user'), ('USERNAME', 'chris'), ('TERM', 'xterm-256color'), ('GNOME_DESKTOP_SESSION_ID', 'this-is-deprecated'), ('ROS_LOCALHOST_ONLY', '0'), ('PATH', '/opt/ros/humble/bin:/usr/local/sbin:/usr/local/bin:/usr/sbin:/usr/bin:/sbin:/bin:/usr/games:/usr/local/games:/snap/bin:/snap/bin'), ('SESSION_MANAGER', 'local/ubuntu:@/tmp/.ICE-unix/2600,unix/ubuntu:/tmp/.ICE-unix/2600'), ('INVOCATION_ID', 'f299e2d07f2a4e1baa02426b3c7a3139'), ('XDG_MENU_PREFIX', 'gnome-'), ('GNOME_SETUP_DISPLAY', ':1'), ('XDG_RUNTIME_DIR', '/run/user/1000'), ('DISPLAY', ':0'), ('TERMINATOR_DBUS_PATH', '/net/tenshu/Terminator2'), ('LANG', 'en_US.UTF-8'), ('XDG_CURRENT_DESKTOP', 'ubuntu:GNOME'), ('IBUS_DISABLE_SNOOPER', '1'), ('XMODIFIERS', '@im=ibus'), ('XDG_SESSION_DESKTOP', 'ubuntu'), ('XAUTHORITY', '/run/user/1000/.mutter-Xwaylandauth.TWP042'), ('LS_COLORS', 'rs=0:di=01;34:ln=01;36:mh=00:pi=40;33:so=01;35:do=01;35:bd=40;33;01:cd=40;33;01:or=40;31;01:mi=00:su=37;41:sg=30;43:ca=30;41:tw=30;42:ow=34;42:st=37;44:ex=01;32:*.tar=01;31:*.tgz=01;31:*.arc=01;31:*.arj=01;31:*.taz=01;31:*.lha=01;31:*.lz4=01;31:*.lzh=01;31:*.lzma=01;31:*.tlz=01;31:*.txz=01;31:*.tzo=01;31:*.t7z=01;31:*.zip=01;31:*.z=01;31:*.dz=01;31:*.gz=01;31:*.lrz=01;31:*.lz=01;31:*.lzo=01;31:*.xz=01;31:*.zst=01;31:*.tzst=01;31:*.bz2=01;31:*.bz=01;31:*.tbz=01;31:*.tbz2=01;31:*.tz=01;31:*.deb=01;31:*.rpm=01;31:*.jar=01;31:*.war=01;31:*.ear=01;31:*.sar=01;31:*.rar=01;31:*.alz=01;31:*.ace=01;31:*.zoo=01;31:*.cpio=01;31:*.7z=01;31:*.rz=01;31:*.cab=01;31:*.wim=01;31:*.swm=01;31:*.dwm=01;31:*.esd=01;31:*.jpg=01;35:*.jpeg=01;35:*.mjpg=01;35:*.mjpeg=01;35:*.gif=01;35:*.bmp=01;35:*.pbm=01;35:*.pgm=01;35:*.ppm=01;35:*.tga=01;35:*.xbm=01;35:*.xpm=01;35:*.tif=01;35:*.tiff=01;35:*.png=01;35:*.svg=01;35:*.svgz=01;35:*.mng=01;35:*.pcx=01;35:*.mov=01;35:*.mpg=01;35:*.mpeg=01;35:*.m2v=01;35:*.mkv=01;35:*.webm=01;35:*.webp=01;35:*.ogm=01;35:*.mp4=01;35:*.m4v=01;35:*.mp4v=01;35:*.vob=01;35:*.qt=01;35:*.nuv=01;35:*.wmv=01;35:*.asf=01;35:*.rm=01;35:*.rmvb=01;35:*.flc=01;35:*.avi=01;35:*.fli=01;35:*.flv=01;35:*.gl=01;35:*.dl=01;35:*.xcf=01;35:*.xwd=01;35:*.yuv=01;35:*.cgm=01;35:*.emf=01;35:*.ogv=01;35:*.ogx=01;35:*.aac=00;36:*.au=00;36:*.flac=00;36:*.m4a=00;36:*.mid=00;36:*.midi=00;36:*.mka=00;36:*.mp3=00;36:*.mpc=00;36:*.ogg=00;36:*.ra=00;36:*.wav=00;36:*.oga=00;36:*.opus=00;36:*.spx=00;36:*.xspf=00;36:'), ('SSH_AGENT_LAUNCHER', 'gnome-keyring'), ('SSH_AUTH_SOCK', '/run/user/1000/keyring/ssh'), ('ROS_DOMAIN_ID', '69'), ('AMENT_PREFIX_PATH', '/home/chris/ros2_ws/install/rover_sim:/home/chris/ros2_ws/install/rover_security:/home/chris/ros2_ws/install/rover_joy:/home/chris/ros2_ws/install/rover_gui:/home/chris/ros2_ws/install/rover_drive_train:/home/chris/ros2_ws/install/rover_can:/home/chris/ros2_ws/install/rover_auxiliary:/home/chris/ros2_ws/install/rover_arm:/home/chris/ros2_ws/install/rover_antenna:/home/chris/ros2_ws/install/rover_msgs:/opt/ros/humble'), ('SHELL', '/bin/bash'), ('TERMINATOR_UUID', 'urn:uuid:e19e7f8f-ee35-4ba6-9808-e93c12618ae7'), ('QT_ACCESSIBILITY', '1'), ('GDMSESSION', 'ubuntu'), ('LESSCLOSE', '/usr/bin/lesspipe %s %s'), ('GJS_DEBUG_OUTPUT', 'stderr'), ('QT_IM_MODULE', 'ibus'), ('PWD', '/home/chris/ros2_ws/src/rover/rover_gui/build/rover_gui'), ('LC_ALL', 'en_US.UTF-8'), ('XDG_CONFIG_DIRS', '/etc/xdg/xdg-ubuntu:/etc/xdg'), ('RCUTILS_COLORIZED_OUTPUT', '1'), ('XDG_DATA_DIRS', '/usr/share/ubuntu:/usr/local/share/:/usr/share/:/var/lib/snapd/desktop'), ('PYTHONPATH', '/home/chris/ros2_ws/build/rover_sim:/home/chris/ros2_ws/install/rover_sim/lib/python3.10/site-packages:/home/chris/ros2_ws/install/rover_msgs/local/lib/python3.10/dist-packages:/opt/ros/humble/lib/python3.10/site-packages:/opt/ros/humble/local/lib/python3.10/dist-packages'), ('COLCON', '1'), ('VTE_VERSION', '6800'), ('CMAKE_PREFIX_PATH', '/home/chris/ros2_ws/install/rover_security:/home/chris/ros2_ws/install/rover_joy:/home/chris/ros2_ws/install/rover_gui:/home/chris/ros2_ws/install/rover_drive_train:/home/chris/ros2_ws/install/rover_can:/home/chris/ros2_ws/install/rover_auxiliary:/home/chris/ros2_ws/install/rover_arm:/home/chris/ros2_ws/install/rover_antenna:/home/chris/ros2_ws/install/rover_msgs:/home/chris/ros2_ws/install/rover_sim:/opt/ros/humble')]), 'shell': False}
[0.034120] (rover_gui) StdoutLine: {'line': b'-- Found ament_cmake: 1.3.11 (/opt/ros/humble/share/ament_cmake/cmake)\n'}
[0.100161] (-) TimerEvent: {}
[0.112873] (rover_gui) StdoutLine: {'line': b'-- Found rclcpp: 16.0.12 (/opt/ros/humble/share/rclcpp/cmake)\n'}
[0.145780] (rover_gui) StdoutLine: {'line': b'-- Found rosidl_generator_c: 3.1.6 (/opt/ros/humble/share/rosidl_generator_c/cmake)\n'}
[0.148506] (rover_gui) StdoutLine: {'line': b'-- Found rosidl_adapter: 3.1.6 (/opt/ros/humble/share/rosidl_adapter/cmake)\n'}
[0.154307] (rover_gui) StdoutLine: {'line': b'-- Found rosidl_generator_cpp: 3.1.6 (/opt/ros/humble/share/rosidl_generator_cpp/cmake)\n'}
[0.162683] (rover_gui) StdoutLine: {'line': b'-- Using all available rosidl_typesupport_c: rosidl_typesupport_fastrtps_c;rosidl_typesupport_introspection_c\n'}
[0.172736] (rover_gui) StdoutLine: {'line': b'-- Using all available rosidl_typesupport_cpp: rosidl_typesupport_fastrtps_cpp;rosidl_typesupport_introspection_cpp\n'}
[0.198807] (rover_gui) StdoutLine: {'line': b'-- Found rmw_implementation_cmake: 6.1.2 (/opt/ros/humble/share/rmw_implementation_cmake/cmake)\n'}
[0.200241] (-) TimerEvent: {}
[0.200816] (rover_gui) StdoutLine: {'line': b'-- Found rmw_fastrtps_cpp: 6.2.7 (/opt/ros/humble/share/rmw_fastrtps_cpp/cmake)\n'}
[0.267287] (rover_gui) StdoutLine: {'line': b"-- Using RMW implementation 'rmw_fastrtps_cpp' as default\n"}
[0.300309] (-) TimerEvent: {}
[0.307569] (rover_gui) StdoutLine: {'line': b'-- Found rover_msgs: 0.0.0 (/home/chris/ros2_ws/install/rover_msgs/share/rover_msgs/cmake)\n'}
[0.333142] (rover_gui) StdoutLine: {'line': b'-- Performing Test HAVE_STDATOMIC\n'}
[0.400432] (-) TimerEvent: {}
[0.500747] (-) TimerEvent: {}
[0.578916] (rover_gui) StdoutLine: {'line': b'-- Performing Test HAVE_STDATOMIC - Success\n'}
[0.581037] (rover_gui) StdoutLine: {'line': b'-- Found WrapAtomic: TRUE  \n'}
[0.600843] (-) TimerEvent: {}
[0.606131] (rover_gui) StdoutLine: {'line': b'-- Found OpenGL: /usr/lib/aarch64-linux-gnu/libOpenGL.so   \n'}
[0.606639] (rover_gui) StdoutLine: {'line': b'-- Found WrapOpenGL: TRUE  \n'}
[0.628050] (rover_gui) StdoutLine: {'line': b'-- Found XKB: /usr/lib/aarch64-linux-gnu/libxkbcommon.so (found suitable version "1.4.0", minimum required is "0.5.0") \n'}
[0.633140] (rover_gui) StdoutLine: {'line': b'-- Found WrapVulkanHeaders: /usr/include  \n'}
[0.654416] (rover_gui) StdoutLine: {'line': b'-- Found PkgConfig: /usr/bin/pkg-config (found version "0.29.2") \n'}
[0.654894] (rover_gui) StdoutLine: {'line': b"-- Checking for modules 'gstreamer-1.0;gstreamer-plugins-base-1.0;gstreamer-video-1.0;gstreamer-app-1.0'\n"}
[0.666676] (rover_gui) StdoutLine: {'line': b'--   Found gstreamer-1.0, version 1.20.3\n'}
[0.670435] (rover_gui) StdoutLine: {'line': b'--   Found gstreamer-plugins-base-1.0, version 1.20.1\n'}
[0.674037] (rover_gui) StdoutLine: {'line': b'--   Found gstreamer-video-1.0, version 1.20.1\n'}
[0.677731] (rover_gui) StdoutLine: {'line': b'--   Found gstreamer-app-1.0, version 1.20.1\n'}
[0.700947] (-) TimerEvent: {}
[0.729586] (rover_gui) StdoutLine: {'line': b'-- Configuring done\n'}
[0.749172] (rover_gui) StdoutLine: {'line': b'-- Generating done\n'}
[0.751760] (rover_gui) StdoutLine: {'line': b'-- Build files have been written to: /home/chris/ros2_ws/src/rover/rover_gui/build/rover_gui\n'}
[0.756988] (rover_gui) CommandEnded: {'returncode': 0}
[0.758485] (rover_gui) JobProgress: {'identifier': 'rover_gui', 'progress': 'build'}
[0.758501] (rover_gui) Command: {'cmd': ['/usr/bin/cmake', '--build', '/home/chris/ros2_ws/src/rover/rover_gui/build/rover_gui', '--', '-j4', '-l4'], 'cwd': '/home/chris/ros2_ws/src/rover/rover_gui/build/rover_gui', 'env': OrderedDict([('GJS_DEBUG_TOPICS', 'JS ERROR;JS LOG'), ('LESSOPEN', '| /usr/bin/lesspipe %s'), ('USER', 'chris'), ('XDG_SESSION_TYPE', 'wayland'), ('SHLVL', '1'), ('LD_LIBRARY_PATH', '/home/chris/ros2_ws/install/rover_msgs/lib:/opt/ros/humble/opt/rviz_ogre_vendor/lib:/opt/ros/humble/lib/aarch64-linux-gnu:/opt/ros/humble/lib'), ('HOME', '/home/chris'), ('OLDPWD', '/home/chris'), ('DESKTOP_SESSION', 'ubuntu'), ('GIO_LAUNCHED_DESKTOP_FILE', '/usr/share/applications/terminator.desktop'), ('ROS_PYTHON_VERSION', '3'), ('GNOME_SHELL_SESSION_MODE', 'ubuntu'), ('GTK_MODULES', 'gail:atk-bridge'), ('MANAGERPID', '1569'), ('SYSTEMD_EXEC_PID', '2629'), ('DBUS_SESSION_BUS_ADDRESS', 'unix:path=/run/user/1000/bus'), ('COLORTERM', 'truecolor'), ('TERMINATOR_DBUS_NAME', 'net.tenshu.Terminator25ef4b219e3b005583550f2b0f9f990c3'), ('GIO_LAUNCHED_DESKTOP_FILE_PID', '3092'), ('IM_CONFIG_PHASE', '1'), ('WAYLAND_DISPLAY', 'wayland-0'), ('COLCON_PREFIX_PATH', '/home/chris/ros2_ws/install'), ('ROS_DISTRO', 'humble'), ('LOGNAME', 'chris'), ('JOURNAL_STREAM', '8:16499'), ('_', '/usr/bin/colcon'), ('ROS_VERSION', '2'), ('XDG_SESSION_CLASS', 'user'), ('USERNAME', 'chris'), ('TERM', 'xterm-256color'), ('GNOME_DESKTOP_SESSION_ID', 'this-is-deprecated'), ('ROS_LOCALHOST_ONLY', '0'), ('PATH', '/opt/ros/humble/bin:/usr/local/sbin:/usr/local/bin:/usr/sbin:/usr/bin:/sbin:/bin:/usr/games:/usr/local/games:/snap/bin:/snap/bin'), ('SESSION_MANAGER', 'local/ubuntu:@/tmp/.ICE-unix/2600,unix/ubuntu:/tmp/.ICE-unix/2600'), ('INVOCATION_ID', 'f299e2d07f2a4e1baa02426b3c7a3139'), ('XDG_MENU_PREFIX', 'gnome-'), ('GNOME_SETUP_DISPLAY', ':1'), ('XDG_RUNTIME_DIR', '/run/user/1000'), ('DISPLAY', ':0'), ('TERMINATOR_DBUS_PATH', '/net/tenshu/Terminator2'), ('LANG', 'en_US.UTF-8'), ('XDG_CURRENT_DESKTOP', 'ubuntu:GNOME'), ('IBUS_DISABLE_SNOOPER', '1'), ('XMODIFIERS', '@im=ibus'), ('XDG_SESSION_DESKTOP', 'ubuntu'), ('XAUTHORITY', '/run/user/1000/.mutter-Xwaylandauth.TWP042'), ('LS_COLORS', 'rs=0:di=01;34:ln=01;36:mh=00:pi=40;33:so=01;35:do=01;35:bd=40;33;01:cd=40;33;01:or=40;31;01:mi=00:su=37;41:sg=30;43:ca=30;41:tw=30;42:ow=34;42:st=37;44:ex=01;32:*.tar=01;31:*.tgz=01;31:*.arc=01;31:*.arj=01;31:*.taz=01;31:*.lha=01;31:*.lz4=01;31:*.lzh=01;31:*.lzma=01;31:*.tlz=01;31:*.txz=01;31:*.tzo=01;31:*.t7z=01;31:*.zip=01;31:*.z=01;31:*.dz=01;31:*.gz=01;31:*.lrz=01;31:*.lz=01;31:*.lzo=01;31:*.xz=01;31:*.zst=01;31:*.tzst=01;31:*.bz2=01;31:*.bz=01;31:*.tbz=01;31:*.tbz2=01;31:*.tz=01;31:*.deb=01;31:*.rpm=01;31:*.jar=01;31:*.war=01;31:*.ear=01;31:*.sar=01;31:*.rar=01;31:*.alz=01;31:*.ace=01;31:*.zoo=01;31:*.cpio=01;31:*.7z=01;31:*.rz=01;31:*.cab=01;31:*.wim=01;31:*.swm=01;31:*.dwm=01;31:*.esd=01;31:*.jpg=01;35:*.jpeg=01;35:*.mjpg=01;35:*.mjpeg=01;35:*.gif=01;35:*.bmp=01;35:*.pbm=01;35:*.pgm=01;35:*.ppm=01;35:*.tga=01;35:*.xbm=01;35:*.xpm=01;35:*.tif=01;35:*.tiff=01;35:*.png=01;35:*.svg=01;35:*.svgz=01;35:*.mng=01;35:*.pcx=01;35:*.mov=01;35:*.mpg=01;35:*.mpeg=01;35:*.m2v=01;35:*.mkv=01;35:*.webm=01;35:*.webp=01;35:*.ogm=01;35:*.mp4=01;35:*.m4v=01;35:*.mp4v=01;35:*.vob=01;35:*.qt=01;35:*.nuv=01;35:*.wmv=01;35:*.asf=01;35:*.rm=01;35:*.rmvb=01;35:*.flc=01;35:*.avi=01;35:*.fli=01;35:*.flv=01;35:*.gl=01;35:*.dl=01;35:*.xcf=01;35:*.xwd=01;35:*.yuv=01;35:*.cgm=01;35:*.emf=01;35:*.ogv=01;35:*.ogx=01;35:*.aac=00;36:*.au=00;36:*.flac=00;36:*.m4a=00;36:*.mid=00;36:*.midi=00;36:*.mka=00;36:*.mp3=00;36:*.mpc=00;36:*.ogg=00;36:*.ra=00;36:*.wav=00;36:*.oga=00;36:*.opus=00;36:*.spx=00;36:*.xspf=00;36:'), ('SSH_AGENT_LAUNCHER', 'gnome-keyring'), ('SSH_AUTH_SOCK', '/run/user/1000/keyring/ssh'), ('ROS_DOMAIN_ID', '69'), ('AMENT_PREFIX_PATH', '/home/chris/ros2_ws/install/rover_sim:/home/chris/ros2_ws/install/rover_security:/home/chris/ros2_ws/install/rover_joy:/home/chris/ros2_ws/install/rover_gui:/home/chris/ros2_ws/install/rover_drive_train:/home/chris/ros2_ws/install/rover_can:/home/chris/ros2_ws/install/rover_auxiliary:/home/chris/ros2_ws/install/rover_arm:/home/chris/ros2_ws/install/rover_antenna:/home/chris/ros2_ws/install/rover_msgs:/opt/ros/humble'), ('SHELL', '/bin/bash'), ('TERMINATOR_UUID', 'urn:uuid:e19e7f8f-ee35-4ba6-9808-e93c12618ae7'), ('QT_ACCESSIBILITY', '1'), ('GDMSESSION', 'ubuntu'), ('LESSCLOSE', '/usr/bin/lesspipe %s %s'), ('GJS_DEBUG_OUTPUT', 'stderr'), ('QT_IM_MODULE', 'ibus'), ('PWD', '/home/chris/ros2_ws/src/rover/rover_gui/build/rover_gui'), ('LC_ALL', 'en_US.UTF-8'), ('XDG_CONFIG_DIRS', '/etc/xdg/xdg-ubuntu:/etc/xdg'), ('RCUTILS_COLORIZED_OUTPUT', '1'), ('XDG_DATA_DIRS', '/usr/share/ubuntu:/usr/local/share/:/usr/share/:/var/lib/snapd/desktop'), ('PYTHONPATH', '/home/chris/ros2_ws/build/rover_sim:/home/chris/ros2_ws/install/rover_sim/lib/python3.10/site-packages:/home/chris/ros2_ws/install/rover_msgs/local/lib/python3.10/dist-packages:/opt/ros/humble/lib/python3.10/site-packages:/opt/ros/humble/local/lib/python3.10/dist-packages'), ('COLCON', '1'), ('VTE_VERSION', '6800'), ('CMAKE_PREFIX_PATH', '/home/chris/ros2_ws/install/rover_security:/home/chris/ros2_ws/install/rover_joy:/home/chris/ros2_ws/install/rover_gui:/home/chris/ros2_ws/install/rover_drive_train:/home/chris/ros2_ws/install/rover_can:/home/chris/ros2_ws/install/rover_auxiliary:/home/chris/ros2_ws/install/rover_arm:/home/chris/ros2_ws/install/rover_antenna:/home/chris/ros2_ws/install/rover_msgs:/home/chris/ros2_ws/install/rover_sim:/opt/ros/humble')]), 'shell': False}
[0.781423] (rover_gui) StdoutLine: {'line': b'[  3%] \x1b[34m\x1b[1mGenerating UI files...\x1b[0m\n'}
[0.783470] (rover_gui) StdoutLine: {'line': b'\x1b[0;34m=== Generating UI files ... ===\x1b[0m\n'}
[0.790495] (rover_gui) StdoutLine: {'line': b'\x1b[0;32m[SUCCESS] Compiled /home/chris/ros2_ws/src/rover/rover_gui/ui/ui/Example.ui to /home/chris/ros2_ws/src/rover/rover_gui/ui/include/UI_Example.h\x1b[0m\n'}
[0.793637] (rover_gui) StdoutLine: {'line': b'\x1b[0;32m[SUCCESS] Compiled /home/chris/ros2_ws/src/rover/rover_gui/ui/ui/FileExplorer.ui to /home/chris/ros2_ws/src/rover/rover_gui/ui/include/UI_FileExplorer.h\x1b[0m\n'}
[0.796422] (rover_gui) StdoutLine: {'line': b'\x1b[0;32m[SUCCESS] Compiled /home/chris/ros2_ws/src/rover/rover_gui/ui/ui/MainPage.ui to /home/chris/ros2_ws/src/rover/rover_gui/ui/include/UI_MainPage.h\x1b[0m\n'}
[0.799125] (rover_gui) StdoutLine: {'line': b'\x1b[0;32m[SUCCESS] Compiled /home/chris/ros2_ws/src/rover/rover_gui/ui/ui/Notification.ui to /home/chris/ros2_ws/src/rover/rover_gui/ui/include/UI_Notification.h\x1b[0m\n'}
[0.801021] (-) TimerEvent: {}
[0.802154] (rover_gui) StdoutLine: {'line': b'\x1b[0;32m[SUCCESS] Compiled /home/chris/ros2_ws/src/rover/rover_gui/ui/ui/Player.ui to /home/chris/ros2_ws/src/rover/rover_gui/ui/include/UI_Player.h\x1b[0m\n'}
[0.804758] (rover_gui) StdoutLine: {'line': b'\x1b[0;32m[SUCCESS] Compiled /home/chris/ros2_ws/src/rover/rover_gui/ui/ui/SideBar.ui to /home/chris/ros2_ws/src/rover/rover_gui/ui/include/UI_SideBar.h\x1b[0m\n'}
[0.808856] (rover_gui) StdoutLine: {'line': b'[  3%] Built target run_generate_ui\n'}
[0.817153] (rover_gui) StdoutLine: {'line': b'[  7%] \x1b[34m\x1b[1mAutomatic MOC for target main_gui\x1b[0m\n'}
[0.835596] (rover_gui) StdoutLine: {'line': b'AutoMoc warning\n'}
[0.835690] (rover_gui) StdoutLine: {'line': b'---------------\n'}
[0.835721] (rover_gui) StdoutLine: {'line': b'"SRC:/src/gui.cpp"\n'}
[0.835746] (rover_gui) StdoutLine: {'line': b'includes the moc file "gui.moc", but does not contain a Q_OBJECT, Q_GADGET, Q_NAMESPACE or Q_NAMESPACE_EXPORT macro.\n'}
[0.835772] (rover_gui) StdoutLine: {'line': b'\n'}
[0.901355] (-) TimerEvent: {}
[1.001585] (-) TimerEvent: {}
[1.101873] (-) TimerEvent: {}
[1.202201] (-) TimerEvent: {}
[1.302469] (-) TimerEvent: {}
[1.403219] (-) TimerEvent: {}
[1.503767] (-) TimerEvent: {}
[1.604156] (-) TimerEvent: {}
[1.704574] (-) TimerEvent: {}
[1.804865] (-) TimerEvent: {}
[1.905189] (-) TimerEvent: {}
[2.005466] (-) TimerEvent: {}
[2.105967] (-) TimerEvent: {}
[2.206237] (-) TimerEvent: {}
[2.306655] (-) TimerEvent: {}
[2.407131] (-) TimerEvent: {}
[2.507362] (-) TimerEvent: {}
[2.607589] (-) TimerEvent: {}
[2.707941] (-) TimerEvent: {}
[2.808166] (-) TimerEvent: {}
[2.908495] (-) TimerEvent: {}
[3.008747] (-) TimerEvent: {}
[3.109406] (-) TimerEvent: {}
[3.209749] (-) TimerEvent: {}
[3.310391] (-) TimerEvent: {}
[3.404260] (rover_gui) StdoutLine: {'line': b'AutoMoc: /home/chris/ros2_ws/src/rover/rover_gui/src/gui.cpp:0:1: note: No relevant classes found. No output generated.\n'}
[3.410472] (-) TimerEvent: {}
[3.410722] (rover_gui) StdoutLine: {'line': b'[  7%] Built target main_gui_autogen\n'}
[3.415291] (rover_gui) StdoutLine: {'line': b'[ 11%] \x1b[34m\x1b[1mGenerating qrc_resources.cpp\x1b[0m\n'}
[3.426402] (rover_gui) StdoutLine: {'line': b'[ 14%] \x1b[32mBuilding CXX object CMakeFiles/main_gui.dir/main_gui_autogen/mocs_compilation.cpp.o\x1b[0m\n'}
[3.426664] (rover_gui) StdoutLine: {'line': b'[ 18%] \x1b[32mBuilding CXX object CMakeFiles/main_gui.dir/src/MainWindow.cpp.o\x1b[0m\n'}
[3.426864] (rover_gui) StdoutLine: {'line': b'[ 22%] \x1b[32mBuilding CXX object CMakeFiles/main_gui.dir/src/gui.cpp.o\x1b[0m\n'}
[3.429573] (rover_gui) StdoutLine: {'line': b'[ 25%] \x1b[32mBuilding CXX object CMakeFiles/main_gui.dir/src/SecondaryWindow.cpp.o\x1b[0m\n'}
[3.510567] (-) TimerEvent: {}
[3.610919] (-) TimerEvent: {}
[3.713358] (-) TimerEvent: {}
[3.814096] (-) TimerEvent: {}
[3.916314] (-) TimerEvent: {}
[4.016636] (-) TimerEvent: {}
[4.117487] (-) TimerEvent: {}
[4.217871] (-) TimerEvent: {}
[4.318248] (-) TimerEvent: {}
[4.418618] (-) TimerEvent: {}
[4.519653] (-) TimerEvent: {}
[4.620031] (-) TimerEvent: {}
[4.720431] (-) TimerEvent: {}
[4.820837] (-) TimerEvent: {}
[4.921269] (-) TimerEvent: {}
[5.031304] (-) TimerEvent: {}
[5.134329] (-) TimerEvent: {}
[5.237505] (-) TimerEvent: {}
[5.338087] (-) TimerEvent: {}
[5.434299] (rover_gui) StderrLine: {'line': b'\x1b[01m\x1b[K/home/chris/ros2_ws/src/rover/rover_gui/src/SecondaryWindow.cpp:\x1b[m\x1b[K In constructor \xe2\x80\x98\x1b[01m\x1b[KSecondaryWindow::SecondaryWindow()\x1b[m\x1b[K\xe2\x80\x99:\n'}
[5.435410] (rover_gui) StderrLine: {'line': b'\x1b[01m\x1b[K/home/chris/ros2_ws/src/rover/rover_gui/src/SecondaryWindow.cpp:11:50:\x1b[m\x1b[K \x1b[01;31m\x1b[Kerror: \x1b[m\x1b[Kno match for \xe2\x80\x98\x1b[01m\x1b[Koperator=\x1b[m\x1b[K\xe2\x80\x99 (operand types are \xe2\x80\x98\x1b[01m\x1b[KQVBoxLayout\x1b[m\x1b[K\xe2\x80\x99 and \xe2\x80\x98\x1b[01m\x1b[KQVBoxLayout*\x1b[m\x1b[K\xe2\x80\x99)\n'}
[5.435508] (rover_gui) StderrLine: {'line': b'   11 |     _mainLayout = new QVBoxLayout(&_centralWidget\x1b[01;31m\x1b[K)\x1b[m\x1b[K;\n'}
[5.435545] (rover_gui) StderrLine: {'line': b'      |                                                  \x1b[01;31m\x1b[K^\x1b[m\x1b[K\n'}
[5.435586] (rover_gui) StderrLine: {'line': b'In file included from \x1b[01m\x1b[K/usr/include/aarch64-linux-gnu/qt6/QtGui/qtguiglobal.h:43\x1b[m\x1b[K,\n'}
[5.435672] (rover_gui) StderrLine: {'line': b'                 from \x1b[01m\x1b[K/usr/include/aarch64-linux-gnu/qt6/QtWidgets/qtwidgetsglobal.h:43\x1b[m\x1b[K,\n'}
[5.435723] (rover_gui) StderrLine: {'line': b'                 from \x1b[01m\x1b[K/usr/include/aarch64-linux-gnu/qt6/QtWidgets/qmainwindow.h:43\x1b[m\x1b[K,\n'}
[5.435751] (rover_gui) StderrLine: {'line': b'                 from \x1b[01m\x1b[K/usr/include/aarch64-linux-gnu/qt6/QtWidgets/QMainWindow:1\x1b[m\x1b[K,\n'}
[5.435781] (rover_gui) StderrLine: {'line': b'                 from \x1b[01m\x1b[K/home/chris/ros2_ws/src/rover/rover_gui/src/SecondaryWindow.hpp:4\x1b[m\x1b[K,\n'}
[5.435809] (rover_gui) StderrLine: {'line': b'                 from \x1b[01m\x1b[K/home/chris/ros2_ws/src/rover/rover_gui/src/SecondaryWindow.cpp:1\x1b[m\x1b[K:\n'}
[5.435834] (rover_gui) StderrLine: {'line': b'\x1b[01m\x1b[K/usr/include/aarch64-linux-gnu/qt6/QtWidgets/qboxlayout.h:136:5:\x1b[m\x1b[K \x1b[01;36m\x1b[Knote: \x1b[m\x1b[Kcandidate: \xe2\x80\x98\x1b[01m\x1b[KQVBoxLayout& QVBoxLayout::operator=(const QVBoxLayout&)\x1b[m\x1b[K\xe2\x80\x99 (deleted)\n'}
[5.435862] (rover_gui) StderrLine: {'line': b'  136 |     \x1b[01;36m\x1b[KQ_DISABLE_COPY\x1b[m\x1b[K(QVBoxLayout)\n'}
[5.435890] (rover_gui) StderrLine: {'line': b'      |     \x1b[01;36m\x1b[K^~~~~~~~~~~~~~\x1b[m\x1b[K\n'}
[5.435976] (rover_gui) StderrLine: {'line': b'\x1b[01m\x1b[K/usr/include/aarch64-linux-gnu/qt6/QtWidgets/qboxlayout.h:136:5:\x1b[m\x1b[K \x1b[01;36m\x1b[Knote: \x1b[m\x1b[K  no known conversion for argument 1 from \xe2\x80\x98\x1b[01m\x1b[KQVBoxLayout*\x1b[m\x1b[K\xe2\x80\x99 to \xe2\x80\x98\x1b[01m\x1b[Kconst QVBoxLayout&\x1b[m\x1b[K\xe2\x80\x99\n'}
[5.436001] (rover_gui) StderrLine: {'line': b'  136 |     \x1b[01;36m\x1b[KQ_DISABLE_COPY\x1b[m\x1b[K(QVBoxLayout)\n'}
[5.436022] (rover_gui) StderrLine: {'line': b'      |     \x1b[01;36m\x1b[K^~~~~~~~~~~~~~\x1b[m\x1b[K\n'}
[5.436043] (rover_gui) StderrLine: {'line': b'\x1b[01m\x1b[K/home/chris/ros2_ws/src/rover/rover_gui/src/SecondaryWindow.cpp:14:39:\x1b[m\x1b[K \x1b[01;31m\x1b[Kerror: \x1b[m\x1b[Kno match for \xe2\x80\x98\x1b[01m\x1b[Koperator=\x1b[m\x1b[K\xe2\x80\x99 (operand types are \xe2\x80\x98\x1b[01m\x1b[KQStackedWidget\x1b[m\x1b[K\xe2\x80\x99 and \xe2\x80\x98\x1b[01m\x1b[KQStackedWidget*\x1b[m\x1b[K\xe2\x80\x99)\n'}
[5.436103] (rover_gui) StderrLine: {'line': b'   14 |     _layoutStack = new QStackedWidget(\x1b[01;31m\x1b[K)\x1b[m\x1b[K;\n'}
[5.436127] (rover_gui) StderrLine: {'line': b'      |                                       \x1b[01;31m\x1b[K^\x1b[m\x1b[K\n'}
[5.436182] (rover_gui) StderrLine: {'line': b'In file included from \x1b[01m\x1b[K/usr/include/aarch64-linux-gnu/qt6/QtGui/qtguiglobal.h:43\x1b[m\x1b[K,\n'}
[5.436205] (rover_gui) StderrLine: {'line': b'                 from \x1b[01m\x1b[K/usr/include/aarch64-linux-gnu/qt6/QtWidgets/qtwidgetsglobal.h:43\x1b[m\x1b[K,\n'}
[5.436227] (rover_gui) StderrLine: {'line': b'                 from \x1b[01m\x1b[K/usr/include/aarch64-linux-gnu/qt6/QtWidgets/qmainwindow.h:43\x1b[m\x1b[K,\n'}
[5.436267] (rover_gui) StderrLine: {'line': b'                 from \x1b[01m\x1b[K/usr/include/aarch64-linux-gnu/qt6/QtWidgets/QMainWindow:1\x1b[m\x1b[K,\n'}
[5.436289] (rover_gui) StderrLine: {'line': b'                 from \x1b[01m\x1b[K/home/chris/ros2_ws/src/rover/rover_gui/src/SecondaryWindow.hpp:4\x1b[m\x1b[K,\n'}
[5.436314] (rover_gui) StderrLine: {'line': b'                 from \x1b[01m\x1b[K/home/chris/ros2_ws/src/rover/rover_gui/src/SecondaryWindow.cpp:1\x1b[m\x1b[K:\n'}
[5.436383] (rover_gui) StderrLine: {'line': b'\x1b[01m\x1b[K/usr/include/aarch64-linux-gnu/qt6/QtWidgets/qstackedwidget.h:85:5:\x1b[m\x1b[K \x1b[01;36m\x1b[Knote: \x1b[m\x1b[Kcandidate: \xe2\x80\x98\x1b[01m\x1b[KQStackedWidget& QStackedWidget::operator=(const QStackedWidget&)\x1b[m\x1b[K\xe2\x80\x99 (deleted)\n'}
[5.436441] (rover_gui) StderrLine: {'line': b'   85 |     \x1b[01;36m\x1b[KQ_DISABLE_COPY\x1b[m\x1b[K(QStackedWidget)\n'}
[5.436494] (rover_gui) StderrLine: {'line': b'      |     \x1b[01;36m\x1b[K^~~~~~~~~~~~~~\x1b[m\x1b[K\n'}
[5.436518] (rover_gui) StderrLine: {'line': b'\x1b[01m\x1b[K/usr/include/aarch64-linux-gnu/qt6/QtWidgets/qstackedwidget.h:85:5:\x1b[m\x1b[K \x1b[01;36m\x1b[Knote: \x1b[m\x1b[K  no known conversion for argument 1 from \xe2\x80\x98\x1b[01m\x1b[KQStackedWidget*\x1b[m\x1b[K\xe2\x80\x99 to \xe2\x80\x98\x1b[01m\x1b[Kconst QStackedWidget&\x1b[m\x1b[K\xe2\x80\x99\n'}
[5.436570] (rover_gui) StderrLine: {'line': b'   85 |     \x1b[01;36m\x1b[KQ_DISABLE_COPY\x1b[m\x1b[K(QStackedWidget)\n'}
[5.436599] (rover_gui) StderrLine: {'line': b'      |     \x1b[01;36m\x1b[K^~~~~~~~~~~~~~\x1b[m\x1b[K\n'}
[5.436631] (rover_gui) StderrLine: {'line': b'\x1b[01m\x1b[K/home/chris/ros2_ws/src/rover/rover_gui/src/SecondaryWindow.cpp:21:17:\x1b[m\x1b[K \x1b[01;31m\x1b[Kerror: \x1b[m\x1b[Kbase operand of \xe2\x80\x98\x1b[01m\x1b[K->\x1b[m\x1b[K\xe2\x80\x99 has non-pointer type \xe2\x80\x98\x1b[01m\x1b[KQStackedWidget\x1b[m\x1b[K\xe2\x80\x99\n'}
[5.436664] (rover_gui) StderrLine: {'line': b'   21 |     _layoutStack\x1b[01;31m\x1b[K->\x1b[m\x1b[KaddWidget(_singleStreamView);\n'}
[5.436740] (rover_gui) StderrLine: {'line': b'      |                 \x1b[01;31m\x1b[K^~\x1b[m\x1b[K\n'}
[5.436762] (rover_gui) StderrLine: {'line': b'\x1b[01m\x1b[K/home/chris/ros2_ws/src/rover/rover_gui/src/SecondaryWindow.cpp:22:17:\x1b[m\x1b[K \x1b[01;31m\x1b[Kerror: \x1b[m\x1b[Kbase operand of \xe2\x80\x98\x1b[01m\x1b[K->\x1b[m\x1b[K\xe2\x80\x99 has non-pointer type \xe2\x80\x98\x1b[01m\x1b[KQStackedWidget\x1b[m\x1b[K\xe2\x80\x99\n'}
[5.436785] (rover_gui) StderrLine: {'line': b'   22 |     _layoutStack\x1b[01;31m\x1b[K->\x1b[m\x1b[KaddWidget(_multiStreamView);\n'}
[5.436807] (rover_gui) StderrLine: {'line': b'      |                 \x1b[01;31m\x1b[K^~\x1b[m\x1b[K\n'}
[5.436835] (rover_gui) StderrLine: {'line': b'\x1b[01m\x1b[K/home/chris/ros2_ws/src/rover/rover_gui/src/SecondaryWindow.cpp:25:38:\x1b[m\x1b[K \x1b[01;31m\x1b[Kerror: \x1b[m\x1b[Kno match for \xe2\x80\x98\x1b[01m\x1b[Koperator=\x1b[m\x1b[K\xe2\x80\x99 (operand types are \xe2\x80\x98\x1b[01m\x1b[KQHBoxLayout\x1b[m\x1b[K\xe2\x80\x99 and \xe2\x80\x98\x1b[01m\x1b[KQHBoxLayout*\x1b[m\x1b[K\xe2\x80\x99)\n'}
[5.436912] (rover_gui) StderrLine: {'line': b'   25 |     _controlLayout = new QHBoxLayout(\x1b[01;31m\x1b[K)\x1b[m\x1b[K;\n'}
[5.436935] (rover_gui) StderrLine: {'line': b'      |                                      \x1b[01;31m\x1b[K^\x1b[m\x1b[K\n'}
[5.436982] (rover_gui) StderrLine: {'line': b'In file included from \x1b[01m\x1b[K/usr/include/aarch64-linux-gnu/qt6/QtGui/qtguiglobal.h:43\x1b[m\x1b[K,\n'}
[5.437007] (rover_gui) StderrLine: {'line': b'                 from \x1b[01m\x1b[K/usr/include/aarch64-linux-gnu/qt6/QtWidgets/qtwidgetsglobal.h:43\x1b[m\x1b[K,\n'}
[5.437032] (rover_gui) StderrLine: {'line': b'                 from \x1b[01m\x1b[K/usr/include/aarch64-linux-gnu/qt6/QtWidgets/qmainwindow.h:43\x1b[m\x1b[K,\n'}
[5.437054] (rover_gui) StderrLine: {'line': b'                 from \x1b[01m\x1b[K/usr/include/aarch64-linux-gnu/qt6/QtWidgets/QMainWindow:1\x1b[m\x1b[K,\n'}
[5.437075] (rover_gui) StderrLine: {'line': b'                 from \x1b[01m\x1b[K/home/chris/ros2_ws/src/rover/rover_gui/src/SecondaryWindow.hpp:4\x1b[m\x1b[K,\n'}
[5.437101] (rover_gui) StderrLine: {'line': b'                 from \x1b[01m\x1b[K/home/chris/ros2_ws/src/rover/rover_gui/src/SecondaryWindow.cpp:1\x1b[m\x1b[K:\n'}
[5.437173] (rover_gui) StderrLine: {'line': b'\x1b[01m\x1b[K/usr/include/aarch64-linux-gnu/qt6/QtWidgets/qboxlayout.h:123:5:\x1b[m\x1b[K \x1b[01;36m\x1b[Knote: \x1b[m\x1b[Kcandidate: \xe2\x80\x98\x1b[01m\x1b[KQHBoxLayout& QHBoxLayout::operator=(const QHBoxLayout&)\x1b[m\x1b[K\xe2\x80\x99 (deleted)\n'}
[5.437206] (rover_gui) StderrLine: {'line': b'  123 |     \x1b[01;36m\x1b[KQ_DISABLE_COPY\x1b[m\x1b[K(QHBoxLayout)\n'}
[5.437266] (rover_gui) StderrLine: {'line': b'      |     \x1b[01;36m\x1b[K^~~~~~~~~~~~~~\x1b[m\x1b[K\n'}
[5.437300] (rover_gui) StderrLine: {'line': b'\x1b[01m\x1b[K/usr/include/aarch64-linux-gnu/qt6/QtWidgets/qboxlayout.h:123:5:\x1b[m\x1b[K \x1b[01;36m\x1b[Knote: \x1b[m\x1b[K  no known conversion for argument 1 from \xe2\x80\x98\x1b[01m\x1b[KQHBoxLayout*\x1b[m\x1b[K\xe2\x80\x99 to \xe2\x80\x98\x1b[01m\x1b[Kconst QHBoxLayout&\x1b[m\x1b[K\xe2\x80\x99\n'}
[5.437326] (rover_gui) StderrLine: {'line': b'  123 |     \x1b[01;36m\x1b[KQ_DISABLE_COPY\x1b[m\x1b[K(QHBoxLayout)\n'}
[5.437387] (rover_gui) StderrLine: {'line': b'      |     \x1b[01;36m\x1b[K^~~~~~~~~~~~~~\x1b[m\x1b[K\n'}
[5.437410] (rover_gui) StderrLine: {'line': b'\x1b[01m\x1b[K/home/chris/ros2_ws/src/rover/rover_gui/src/SecondaryWindow.cpp:29:37:\x1b[m\x1b[K \x1b[01;31m\x1b[Kerror: \x1b[m\x1b[Kno match for \xe2\x80\x98\x1b[01m\x1b[Koperator=\x1b[m\x1b[K\xe2\x80\x99 (operand types are \xe2\x80\x98\x1b[01m\x1b[KQComboBox\x1b[m\x1b[K\xe2\x80\x99 and \xe2\x80\x98\x1b[01m\x1b[KQComboBox*\x1b[m\x1b[K\xe2\x80\x99)\n'}
[5.437435] (rover_gui) StderrLine: {'line': b'   29 |     _layoutSelector = new QComboBox(\x1b[01;31m\x1b[K)\x1b[m\x1b[K;\n'}
[5.437496] (rover_gui) StderrLine: {'line': b'      |                                     \x1b[01;31m\x1b[K^\x1b[m\x1b[K\n'}
[5.437518] (rover_gui) StderrLine: {'line': b'In file included from \x1b[01m\x1b[K/usr/include/aarch64-linux-gnu/qt6/QtGui/qtguiglobal.h:43\x1b[m\x1b[K,\n'}
[5.437539] (rover_gui) StderrLine: {'line': b'                 from \x1b[01m\x1b[K/usr/include/aarch64-linux-gnu/qt6/QtWidgets/qtwidgetsglobal.h:43\x1b[m\x1b[K,\n'}
[5.437563] (rover_gui) StderrLine: {'line': b'                 from \x1b[01m\x1b[K/usr/include/aarch64-linux-gnu/qt6/QtWidgets/qmainwindow.h:43\x1b[m\x1b[K,\n'}
[5.437594] (rover_gui) StderrLine: {'line': b'                 from \x1b[01m\x1b[K/usr/include/aarch64-linux-gnu/qt6/QtWidgets/QMainWindow:1\x1b[m\x1b[K,\n'}
[5.437622] (rover_gui) StderrLine: {'line': b'                 from \x1b[01m\x1b[K/home/chris/ros2_ws/src/rover/rover_gui/src/SecondaryWindow.hpp:4\x1b[m\x1b[K,\n'}
[5.437648] (rover_gui) StderrLine: {'line': b'                 from \x1b[01m\x1b[K/home/chris/ros2_ws/src/rover/rover_gui/src/SecondaryWindow.cpp:1\x1b[m\x1b[K:\n'}
[5.440539] (-) TimerEvent: {}
[5.440650] (rover_gui) StderrLine: {'line': b'\x1b[01m\x1b[K/usr/include/aarch64-linux-gnu/qt6/QtWidgets/qcombobox.h:242:5:\x1b[m\x1b[K \x1b[01;36m\x1b[Knote: \x1b[m\x1b[Kcandidate: \xe2\x80\x98\x1b[01m\x1b[KQComboBox& QComboBox::operator=(const QComboBox&)\x1b[m\x1b[K\xe2\x80\x99 (deleted)\n'}
[5.440703] (rover_gui) StderrLine: {'line': b'  242 |     \x1b[01;36m\x1b[KQ_DISABLE_COPY\x1b[m\x1b[K(QComboBox)\n'}
[5.440729] (rover_gui) StderrLine: {'line': b'      |     \x1b[01;36m\x1b[K^~~~~~~~~~~~~~\x1b[m\x1b[K\n'}
[5.440753] (rover_gui) StderrLine: {'line': b'\x1b[01m\x1b[K/usr/include/aarch64-linux-gnu/qt6/QtWidgets/qcombobox.h:242:5:\x1b[m\x1b[K \x1b[01;36m\x1b[Knote: \x1b[m\x1b[K  no known conversion for argument 1 from \xe2\x80\x98\x1b[01m\x1b[KQComboBox*\x1b[m\x1b[K\xe2\x80\x99 to \xe2\x80\x98\x1b[01m\x1b[Kconst QComboBox&\x1b[m\x1b[K\xe2\x80\x99\n'}
[5.440781] (rover_gui) StderrLine: {'line': b'  242 |     \x1b[01;36m\x1b[KQ_DISABLE_COPY\x1b[m\x1b[K(QComboBox)\n'}
[5.440865] (rover_gui) StderrLine: {'line': b'      |     \x1b[01;36m\x1b[K^~~~~~~~~~~~~~\x1b[m\x1b[K\n'}
[5.440888] (rover_gui) StderrLine: {'line': b'\x1b[01m\x1b[K/home/chris/ros2_ws/src/rover/rover_gui/src/SecondaryWindow.cpp:30:20:\x1b[m\x1b[K \x1b[01;31m\x1b[Kerror: \x1b[m\x1b[Kbase operand of \xe2\x80\x98\x1b[01m\x1b[K->\x1b[m\x1b[K\xe2\x80\x99 has non-pointer type \xe2\x80\x98\x1b[01m\x1b[KQComboBox\x1b[m\x1b[K\xe2\x80\x99\n'}
[5.440912] (rover_gui) StderrLine: {'line': b'   30 |     _layoutSelector\x1b[01;31m\x1b[K->\x1b[m\x1b[KaddItem("Single Stream");\n'}
[5.440934] (rover_gui) StderrLine: {'line': b'      |                    \x1b[01;31m\x1b[K^~\x1b[m\x1b[K\n'}
[5.440967] (rover_gui) StderrLine: {'line': b'\x1b[01m\x1b[K/home/chris/ros2_ws/src/rover/rover_gui/src/SecondaryWindow.cpp:31:20:\x1b[m\x1b[K \x1b[01;31m\x1b[Kerror: \x1b[m\x1b[Kbase operand of \xe2\x80\x98\x1b[01m\x1b[K->\x1b[m\x1b[K\xe2\x80\x99 has non-pointer type \xe2\x80\x98\x1b[01m\x1b[KQComboBox\x1b[m\x1b[K\xe2\x80\x99\n'}
[5.440999] (rover_gui) StderrLine: {'line': b'   31 |     _layoutSelector\x1b[01;31m\x1b[K->\x1b[m\x1b[KaddItem("2 Streams");\n'}
[5.441058] (rover_gui) StderrLine: {'line': b'      |                    \x1b[01;31m\x1b[K^~\x1b[m\x1b[K\n'}
[5.441079] (rover_gui) StderrLine: {'line': b'\x1b[01m\x1b[K/home/chris/ros2_ws/src/rover/rover_gui/src/SecondaryWindow.cpp:32:20:\x1b[m\x1b[K \x1b[01;31m\x1b[Kerror: \x1b[m\x1b[Kbase operand of \xe2\x80\x98\x1b[01m\x1b[K->\x1b[m\x1b[K\xe2\x80\x99 has non-pointer type \xe2\x80\x98\x1b[01m\x1b[KQComboBox\x1b[m\x1b[K\xe2\x80\x99\n'}
[5.441109] (rover_gui) StderrLine: {'line': b'   32 |     _layoutSelector\x1b[01;31m\x1b[K->\x1b[m\x1b[KaddItem("4 Streams");\n'}
[5.441136] (rover_gui) StderrLine: {'line': b'      |                    \x1b[01;31m\x1b[K^~\x1b[m\x1b[K\n'}
[5.441195] (rover_gui) StderrLine: {'line': b'\x1b[01m\x1b[K/home/chris/ros2_ws/src/rover/rover_gui/src/SecondaryWindow.cpp:35:37:\x1b[m\x1b[K \x1b[01;31m\x1b[Kerror: \x1b[m\x1b[Kno match for \xe2\x80\x98\x1b[01m\x1b[Koperator=\x1b[m\x1b[K\xe2\x80\x99 (operand types are \xe2\x80\x98\x1b[01m\x1b[KQComboBox\x1b[m\x1b[K\xe2\x80\x99 and \xe2\x80\x98\x1b[01m\x1b[KQComboBox*\x1b[m\x1b[K\xe2\x80\x99)\n'}
[5.441241] (rover_gui) StderrLine: {'line': b'   35 |     _streamSelector = new QComboBox(\x1b[01;31m\x1b[K)\x1b[m\x1b[K;\n'}
[5.441286] (rover_gui) StderrLine: {'line': b'      |                                     \x1b[01;31m\x1b[K^\x1b[m\x1b[K\n'}
[5.441317] (rover_gui) StderrLine: {'line': b'In file included from \x1b[01m\x1b[K/usr/include/aarch64-linux-gnu/qt6/QtGui/qtguiglobal.h:43\x1b[m\x1b[K,\n'}
[5.441382] (rover_gui) StderrLine: {'line': b'                 from \x1b[01m\x1b[K/usr/include/aarch64-linux-gnu/qt6/QtWidgets/qtwidgetsglobal.h:43\x1b[m\x1b[K,\n'}
[5.441423] (rover_gui) StderrLine: {'line': b'                 from \x1b[01m\x1b[K/usr/include/aarch64-linux-gnu/qt6/QtWidgets/qmainwindow.h:43\x1b[m\x1b[K,\n'}
[5.441445] (rover_gui) StderrLine: {'line': b'                 from \x1b[01m\x1b[K/usr/include/aarch64-linux-gnu/qt6/QtWidgets/QMainWindow:1\x1b[m\x1b[K,\n'}
[5.441492] (rover_gui) StderrLine: {'line': b'                 from \x1b[01m\x1b[K/home/chris/ros2_ws/src/rover/rover_gui/src/SecondaryWindow.hpp:4\x1b[m\x1b[K,\n'}
[5.441538] (rover_gui) StderrLine: {'line': b'                 from \x1b[01m\x1b[K/home/chris/ros2_ws/src/rover/rover_gui/src/SecondaryWindow.cpp:1\x1b[m\x1b[K:\n'}
[5.441567] (rover_gui) StderrLine: {'line': b'\x1b[01m\x1b[K/usr/include/aarch64-linux-gnu/qt6/QtWidgets/qcombobox.h:242:5:\x1b[m\x1b[K \x1b[01;36m\x1b[Knote: \x1b[m\x1b[Kcandidate: \xe2\x80\x98\x1b[01m\x1b[KQComboBox& QComboBox::operator=(const QComboBox&)\x1b[m\x1b[K\xe2\x80\x99 (deleted)\n'}
[5.441598] (rover_gui) StderrLine: {'line': b'  242 |     \x1b[01;36m\x1b[KQ_DISABLE_COPY\x1b[m\x1b[K(QComboBox)\n'}
[5.441630] (rover_gui) StderrLine: {'line': b'      |     \x1b[01;36m\x1b[K^~~~~~~~~~~~~~\x1b[m\x1b[K\n'}
[5.441692] (rover_gui) StderrLine: {'line': b'\x1b[01m\x1b[K/usr/include/aarch64-linux-gnu/qt6/QtWidgets/qcombobox.h:242:5:\x1b[m\x1b[K \x1b[01;36m\x1b[Knote: \x1b[m\x1b[K  no known conversion for argument 1 from \xe2\x80\x98\x1b[01m\x1b[KQComboBox*\x1b[m\x1b[K\xe2\x80\x99 to \xe2\x80\x98\x1b[01m\x1b[Kconst QComboBox&\x1b[m\x1b[K\xe2\x80\x99\n'}
[5.441729] (rover_gui) StderrLine: {'line': b'  242 |     \x1b[01;36m\x1b[KQ_DISABLE_COPY\x1b[m\x1b[K(QComboBox)\n'}
[5.441785] (rover_gui) StderrLine: {'line': b'      |     \x1b[01;36m\x1b[K^~~~~~~~~~~~~~\x1b[m\x1b[K\n'}
[5.441831] (rover_gui) StderrLine: {'line': b'\x1b[01m\x1b[K/home/chris/ros2_ws/src/rover/rover_gui/src/SecondaryWindow.cpp:38:49:\x1b[m\x1b[K \x1b[01;31m\x1b[Kerror: \x1b[m\x1b[Kno match for \xe2\x80\x98\x1b[01m\x1b[Koperator=\x1b[m\x1b[K\xe2\x80\x99 (operand types are \xe2\x80\x98\x1b[01m\x1b[KQPushButton\x1b[m\x1b[K\xe2\x80\x99 and \xe2\x80\x98\x1b[01m\x1b[KQPushButton*\x1b[m\x1b[K\xe2\x80\x99)\n'}
[5.441881] (rover_gui) StderrLine: {'line': b'   38 |     _addStreamBtn = new QPushButton("Add Stream"\x1b[01;31m\x1b[K)\x1b[m\x1b[K;\n'}
[5.441913] (rover_gui) StderrLine: {'line': b'      |                                                 \x1b[01;31m\x1b[K^\x1b[m\x1b[K\n'}
[5.441950] (rover_gui) StderrLine: {'line': b'In file included from \x1b[01m\x1b[K/usr/include/aarch64-linux-gnu/qt6/QtGui/qtguiglobal.h:43\x1b[m\x1b[K,\n'}
[5.441980] (rover_gui) StderrLine: {'line': b'                 from \x1b[01m\x1b[K/usr/include/aarch64-linux-gnu/qt6/QtWidgets/qtwidgetsglobal.h:43\x1b[m\x1b[K,\n'}
[5.442008] (rover_gui) StderrLine: {'line': b'                 from \x1b[01m\x1b[K/usr/include/aarch64-linux-gnu/qt6/QtWidgets/qmainwindow.h:43\x1b[m\x1b[K,\n'}
[5.442038] (rover_gui) StderrLine: {'line': b'                 from \x1b[01m\x1b[K/usr/include/aarch64-linux-gnu/qt6/QtWidgets/QMainWindow:1\x1b[m\x1b[K,\n'}
[5.442067] (rover_gui) StderrLine: {'line': b'                 from \x1b[01m\x1b[K/home/chris/ros2_ws/src/rover/rover_gui/src/SecondaryWindow.hpp:4\x1b[m\x1b[K,\n'}
[5.442152] (rover_gui) StderrLine: {'line': b'                 from \x1b[01m\x1b[K/home/chris/ros2_ws/src/rover/rover_gui/src/SecondaryWindow.cpp:1\x1b[m\x1b[K:\n'}
[5.442202] (rover_gui) StderrLine: {'line': b'\x1b[01m\x1b[K/usr/include/aarch64-linux-gnu/qt6/QtWidgets/qpushbutton.h:104:5:\x1b[m\x1b[K \x1b[01;36m\x1b[Knote: \x1b[m\x1b[Kcandidate: \xe2\x80\x98\x1b[01m\x1b[KQPushButton& QPushButton::operator=(const QPushButton&)\x1b[m\x1b[K\xe2\x80\x99 (deleted)\n'}
[5.442266] (rover_gui) StderrLine: {'line': b'  104 |     \x1b[01;36m\x1b[KQ_DISABLE_COPY\x1b[m\x1b[K(QPushButton)\n'}
[5.442300] (rover_gui) StderrLine: {'line': b'      |     \x1b[01;36m\x1b[K^~~~~~~~~~~~~~\x1b[m\x1b[K\n'}
[5.442329] (rover_gui) StderrLine: {'line': b'\x1b[01m\x1b[K/usr/include/aarch64-linux-gnu/qt6/QtWidgets/qpushbutton.h:104:5:\x1b[m\x1b[K \x1b[01;36m\x1b[Knote: \x1b[m\x1b[K  no known conversion for argument 1 from \xe2\x80\x98\x1b[01m\x1b[KQPushButton*\x1b[m\x1b[K\xe2\x80\x99 to \xe2\x80\x98\x1b[01m\x1b[Kconst QPushButton&\x1b[m\x1b[K\xe2\x80\x99\n'}
[5.442361] (rover_gui) StderrLine: {'line': b'  104 |     \x1b[01;36m\x1b[KQ_DISABLE_COPY\x1b[m\x1b[K(QPushButton)\n'}
[5.442419] (rover_gui) StderrLine: {'line': b'      |     \x1b[01;36m\x1b[K^~~~~~~~~~~~~~\x1b[m\x1b[K\n'}
[5.442467] (rover_gui) StderrLine: {'line': b'\x1b[01m\x1b[K/home/chris/ros2_ws/src/rover/rover_gui/src/SecondaryWindow.cpp:39:51:\x1b[m\x1b[K \x1b[01;31m\x1b[Kerror: \x1b[m\x1b[Kno match for \xe2\x80\x98\x1b[01m\x1b[Koperator=\x1b[m\x1b[K\xe2\x80\x99 (operand types are \xe2\x80\x98\x1b[01m\x1b[KQPushButton\x1b[m\x1b[K\xe2\x80\x99 and \xe2\x80\x98\x1b[01m\x1b[KQPushButton*\x1b[m\x1b[K\xe2\x80\x99)\n'}
[5.442497] (rover_gui) StderrLine: {'line': b'   39 |     _editStreamBtn = new QPushButton("Edit Stream"\x1b[01;31m\x1b[K)\x1b[m\x1b[K;\n'}
[5.442550] (rover_gui) StderrLine: {'line': b'      |                                                   \x1b[01;31m\x1b[K^\x1b[m\x1b[K\n'}
[5.442576] (rover_gui) StderrLine: {'line': b'In file included from \x1b[01m\x1b[K/usr/include/aarch64-linux-gnu/qt6/QtGui/qtguiglobal.h:43\x1b[m\x1b[K,\n'}
[5.442599] (rover_gui) StderrLine: {'line': b'                 from \x1b[01m\x1b[K/usr/include/aarch64-linux-gnu/qt6/QtWidgets/qtwidgetsglobal.h:43\x1b[m\x1b[K,\n'}
[5.442656] (rover_gui) StderrLine: {'line': b'                 from \x1b[01m\x1b[K/usr/include/aarch64-linux-gnu/qt6/QtWidgets/qmainwindow.h:43\x1b[m\x1b[K,\n'}
[5.442680] (rover_gui) StderrLine: {'line': b'                 from \x1b[01m\x1b[K/usr/include/aarch64-linux-gnu/qt6/QtWidgets/QMainWindow:1\x1b[m\x1b[K,\n'}
[5.442734] (rover_gui) StderrLine: {'line': b'                 from \x1b[01m\x1b[K/home/chris/ros2_ws/src/rover/rover_gui/src/SecondaryWindow.hpp:4\x1b[m\x1b[K,\n'}
[5.442756] (rover_gui) StderrLine: {'line': b'                 from \x1b[01m\x1b[K/home/chris/ros2_ws/src/rover/rover_gui/src/SecondaryWindow.cpp:1\x1b[m\x1b[K:\n'}
[5.442783] (rover_gui) StderrLine: {'line': b'\x1b[01m\x1b[K/usr/include/aarch64-linux-gnu/qt6/QtWidgets/qpushbutton.h:104:5:\x1b[m\x1b[K \x1b[01;36m\x1b[Knote: \x1b[m\x1b[Kcandidate: \xe2\x80\x98\x1b[01m\x1b[KQPushButton& QPushButton::operator=(const QPushButton&)\x1b[m\x1b[K\xe2\x80\x99 (deleted)\n'}
[5.442805] (rover_gui) StderrLine: {'line': b'  104 |     \x1b[01;36m\x1b[KQ_DISABLE_COPY\x1b[m\x1b[K(QPushButton)\n'}
[5.442828] (rover_gui) StderrLine: {'line': b'      |     \x1b[01;36m\x1b[K^~~~~~~~~~~~~~\x1b[m\x1b[K\n'}
[5.442849] (rover_gui) StderrLine: {'line': b'\x1b[01m\x1b[K/usr/include/aarch64-linux-gnu/qt6/QtWidgets/qpushbutton.h:104:5:\x1b[m\x1b[K \x1b[01;36m\x1b[Knote: \x1b[m\x1b[K  no known conversion for argument 1 from \xe2\x80\x98\x1b[01m\x1b[KQPushButton*\x1b[m\x1b[K\xe2\x80\x99 to \xe2\x80\x98\x1b[01m\x1b[Kconst QPushButton&\x1b[m\x1b[K\xe2\x80\x99\n'}
[5.442873] (rover_gui) StderrLine: {'line': b'  104 |     \x1b[01;36m\x1b[KQ_DISABLE_COPY\x1b[m\x1b[K(QPushButton)\n'}
[5.442894] (rover_gui) StderrLine: {'line': b'      |     \x1b[01;36m\x1b[K^~~~~~~~~~~~~~\x1b[m\x1b[K\n'}
[5.442915] (rover_gui) StderrLine: {'line': b'\x1b[01m\x1b[K/home/chris/ros2_ws/src/rover/rover_gui/src/SecondaryWindow.cpp:40:55:\x1b[m\x1b[K \x1b[01;31m\x1b[Kerror: \x1b[m\x1b[Kno match for \xe2\x80\x98\x1b[01m\x1b[Koperator=\x1b[m\x1b[K\xe2\x80\x99 (operand types are \xe2\x80\x98\x1b[01m\x1b[KQPushButton\x1b[m\x1b[K\xe2\x80\x99 and \xe2\x80\x98\x1b[01m\x1b[KQPushButton*\x1b[m\x1b[K\xe2\x80\x99)\n'}
[5.442937] (rover_gui) StderrLine: {'line': b'   40 |     _removeStreamBtn = new QPushButton("Remove Stream"\x1b[01;31m\x1b[K)\x1b[m\x1b[K;\n'}
[5.442959] (rover_gui) StderrLine: {'line': b'      |                                                       \x1b[01;31m\x1b[K^\x1b[m\x1b[K\n'}
[5.442979] (rover_gui) StderrLine: {'line': b'In file included from \x1b[01m\x1b[K/usr/include/aarch64-linux-gnu/qt6/QtGui/qtguiglobal.h:43\x1b[m\x1b[K,\n'}
[5.443001] (rover_gui) StderrLine: {'line': b'                 from \x1b[01m\x1b[K/usr/include/aarch64-linux-gnu/qt6/QtWidgets/qtwidgetsglobal.h:43\x1b[m\x1b[K,\n'}
[5.443023] (rover_gui) StderrLine: {'line': b'                 from \x1b[01m\x1b[K/usr/include/aarch64-linux-gnu/qt6/QtWidgets/qmainwindow.h:43\x1b[m\x1b[K,\n'}
[5.443044] (rover_gui) StderrLine: {'line': b'                 from \x1b[01m\x1b[K/usr/include/aarch64-linux-gnu/qt6/QtWidgets/QMainWindow:1\x1b[m\x1b[K,\n'}
[5.443113] (rover_gui) StderrLine: {'line': b'                 from \x1b[01m\x1b[K/home/chris/ros2_ws/src/rover/rover_gui/src/SecondaryWindow.hpp:4\x1b[m\x1b[K,\n'}
[5.443144] (rover_gui) StderrLine: {'line': b'                 from \x1b[01m\x1b[K/home/chris/ros2_ws/src/rover/rover_gui/src/SecondaryWindow.cpp:1\x1b[m\x1b[K:\n'}
[5.443171] (rover_gui) StderrLine: {'line': b'\x1b[01m\x1b[K/usr/include/aarch64-linux-gnu/qt6/QtWidgets/qpushbutton.h:104:5:\x1b[m\x1b[K \x1b[01;36m\x1b[Knote: \x1b[m\x1b[Kcandidate: \xe2\x80\x98\x1b[01m\x1b[KQPushButton& QPushButton::operator=(const QPushButton&)\x1b[m\x1b[K\xe2\x80\x99 (deleted)\n'}
[5.443224] (rover_gui) StderrLine: {'line': b'  104 |     \x1b[01;36m\x1b[KQ_DISABLE_COPY\x1b[m\x1b[K(QPushButton)\n'}
[5.443252] (rover_gui) StderrLine: {'line': b'      |     \x1b[01;36m\x1b[K^~~~~~~~~~~~~~\x1b[m\x1b[K\n'}
[5.443277] (rover_gui) StderrLine: {'line': b'\x1b[01m\x1b[K/usr/include/aarch64-linux-gnu/qt6/QtWidgets/qpushbutton.h:104:5:\x1b[m\x1b[K \x1b[01;36m\x1b[Knote: \x1b[m\x1b[K  no known conversion for argument 1 from \xe2\x80\x98\x1b[01m\x1b[KQPushButton*\x1b[m\x1b[K\xe2\x80\x99 to \xe2\x80\x98\x1b[01m\x1b[Kconst QPushButton&\x1b[m\x1b[K\xe2\x80\x99\n'}
[5.443301] (rover_gui) StderrLine: {'line': b'  104 |     \x1b[01;36m\x1b[KQ_DISABLE_COPY\x1b[m\x1b[K(QPushButton)\n'}
[5.443323] (rover_gui) StderrLine: {'line': b'      |     \x1b[01;36m\x1b[K^~~~~~~~~~~~~~\x1b[m\x1b[K\n'}
[5.446319] (rover_gui) StderrLine: {'line': b'\x1b[01m\x1b[K/home/chris/ros2_ws/src/rover/rover_gui/src/SecondaryWindow.cpp:43:19:\x1b[m\x1b[K \x1b[01;31m\x1b[Kerror: \x1b[m\x1b[Kbase operand of \xe2\x80\x98\x1b[01m\x1b[K->\x1b[m\x1b[K\xe2\x80\x99 has non-pointer type \xe2\x80\x98\x1b[01m\x1b[KQHBoxLayout\x1b[m\x1b[K\xe2\x80\x99\n'}
[5.446368] (rover_gui) StderrLine: {'line': b'   43 |     _controlLayout\x1b[01;31m\x1b[K->\x1b[m\x1b[KaddWidget(layoutLabel);\n'}
[5.446392] (rover_gui) StderrLine: {'line': b'      |                   \x1b[01;31m\x1b[K^~\x1b[m\x1b[K\n'}
[5.446434] (rover_gui) StderrLine: {'line': b'\x1b[01m\x1b[K/home/chris/ros2_ws/src/rover/rover_gui/src/SecondaryWindow.cpp:44:19:\x1b[m\x1b[K \x1b[01;31m\x1b[Kerror: \x1b[m\x1b[Kbase operand of \xe2\x80\x98\x1b[01m\x1b[K->\x1b[m\x1b[K\xe2\x80\x99 has non-pointer type \xe2\x80\x98\x1b[01m\x1b[KQHBoxLayout\x1b[m\x1b[K\xe2\x80\x99\n'}
[5.446457] (rover_gui) StderrLine: {'line': b'   44 |     _controlLayout\x1b[01;31m\x1b[K->\x1b[m\x1b[KaddWidget(_layoutSelector);\n'}
[5.446479] (rover_gui) StderrLine: {'line': b'      |                   \x1b[01;31m\x1b[K^~\x1b[m\x1b[K\n'}
[5.446503] (rover_gui) StderrLine: {'line': b'\x1b[01m\x1b[K/home/chris/ros2_ws/src/rover/rover_gui/src/SecondaryWindow.cpp:45:19:\x1b[m\x1b[K \x1b[01;31m\x1b[Kerror: \x1b[m\x1b[Kbase operand of \xe2\x80\x98\x1b[01m\x1b[K->\x1b[m\x1b[K\xe2\x80\x99 has non-pointer type \xe2\x80\x98\x1b[01m\x1b[KQHBoxLayout\x1b[m\x1b[K\xe2\x80\x99\n'}
[5.446549] (rover_gui) StderrLine: {'line': b'   45 |     _controlLayout\x1b[01;31m\x1b[K->\x1b[m\x1b[KaddWidget(new QLabel("Stream:"));\n'}
[5.446574] (rover_gui) StderrLine: {'line': b'      |                   \x1b[01;31m\x1b[K^~\x1b[m\x1b[K\n'}
[5.446594] (rover_gui) StderrLine: {'line': b'\x1b[01m\x1b[K/home/chris/ros2_ws/src/rover/rover_gui/src/SecondaryWindow.cpp:46:19:\x1b[m\x1b[K \x1b[01;31m\x1b[Kerror: \x1b[m\x1b[Kbase operand of \xe2\x80\x98\x1b[01m\x1b[K->\x1b[m\x1b[K\xe2\x80\x99 has non-pointer type \xe2\x80\x98\x1b[01m\x1b[KQHBoxLayout\x1b[m\x1b[K\xe2\x80\x99\n'}
[5.446617] (rover_gui) StderrLine: {'line': b'   46 |     _controlLayout\x1b[01;31m\x1b[K->\x1b[m\x1b[KaddWidget(_streamSelector);\n'}
[5.446638] (rover_gui) StderrLine: {'line': b'      |                   \x1b[01;31m\x1b[K^~\x1b[m\x1b[K\n'}
[5.446660] (rover_gui) StderrLine: {'line': b'\x1b[01m\x1b[K/home/chris/ros2_ws/src/rover/rover_gui/src/SecondaryWindow.cpp:47:19:\x1b[m\x1b[K \x1b[01;31m\x1b[Kerror: \x1b[m\x1b[Kbase operand of \xe2\x80\x98\x1b[01m\x1b[K->\x1b[m\x1b[K\xe2\x80\x99 has non-pointer type \xe2\x80\x98\x1b[01m\x1b[KQHBoxLayout\x1b[m\x1b[K\xe2\x80\x99\n'}
[5.446685] (rover_gui) StderrLine: {'line': b'   47 |     _controlLayout\x1b[01;31m\x1b[K->\x1b[m\x1b[KaddStretch();\n'}
[5.446707] (rover_gui) StderrLine: {'line': b'      |                   \x1b[01;31m\x1b[K^~\x1b[m\x1b[K\n'}
[5.446728] (rover_gui) StderrLine: {'line': b'\x1b[01m\x1b[K/home/chris/ros2_ws/src/rover/rover_gui/src/SecondaryWindow.cpp:48:19:\x1b[m\x1b[K \x1b[01;31m\x1b[Kerror: \x1b[m\x1b[Kbase operand of \xe2\x80\x98\x1b[01m\x1b[K->\x1b[m\x1b[K\xe2\x80\x99 has non-pointer type \xe2\x80\x98\x1b[01m\x1b[KQHBoxLayout\x1b[m\x1b[K\xe2\x80\x99\n'}
[5.446751] (rover_gui) StderrLine: {'line': b'   48 |     _controlLayout\x1b[01;31m\x1b[K->\x1b[m\x1b[KaddWidget(_addStreamBtn);\n'}
[5.446792] (rover_gui) StderrLine: {'line': b'      |                   \x1b[01;31m\x1b[K^~\x1b[m\x1b[K\n'}
[5.446822] (rover_gui) StderrLine: {'line': b'\x1b[01m\x1b[K/home/chris/ros2_ws/src/rover/rover_gui/src/SecondaryWindow.cpp:49:19:\x1b[m\x1b[K \x1b[01;31m\x1b[Kerror: \x1b[m\x1b[Kbase operand of \xe2\x80\x98\x1b[01m\x1b[K->\x1b[m\x1b[K\xe2\x80\x99 has non-pointer type \xe2\x80\x98\x1b[01m\x1b[KQHBoxLayout\x1b[m\x1b[K\xe2\x80\x99\n'}
[5.446892] (rover_gui) StderrLine: {'line': b'   49 |     _controlLayout\x1b[01;31m\x1b[K->\x1b[m\x1b[KaddWidget(_editStreamBtn);\n'}
[5.446937] (rover_gui) StderrLine: {'line': b'      |                   \x1b[01;31m\x1b[K^~\x1b[m\x1b[K\n'}
[5.446984] (rover_gui) StderrLine: {'line': b'\x1b[01m\x1b[K/home/chris/ros2_ws/src/rover/rover_gui/src/SecondaryWindow.cpp:50:19:\x1b[m\x1b[K \x1b[01;31m\x1b[Kerror: \x1b[m\x1b[Kbase operand of \xe2\x80\x98\x1b[01m\x1b[K->\x1b[m\x1b[K\xe2\x80\x99 has non-pointer type \xe2\x80\x98\x1b[01m\x1b[KQHBoxLayout\x1b[m\x1b[K\xe2\x80\x99\n'}
[5.447029] (rover_gui) StderrLine: {'line': b'   50 |     _controlLayout\x1b[01;31m\x1b[K->\x1b[m\x1b[KaddWidget(_removeStreamBtn);\n'}
[5.447051] (rover_gui) StderrLine: {'line': b'      |                   \x1b[01;31m\x1b[K^~\x1b[m\x1b[K\n'}
[5.447072] (rover_gui) StderrLine: {'line': b'\x1b[01m\x1b[K/home/chris/ros2_ws/src/rover/rover_gui/src/SecondaryWindow.cpp:53:16:\x1b[m\x1b[K \x1b[01;31m\x1b[Kerror: \x1b[m\x1b[Kbase operand of \xe2\x80\x98\x1b[01m\x1b[K->\x1b[m\x1b[K\xe2\x80\x99 has non-pointer type \xe2\x80\x98\x1b[01m\x1b[KQVBoxLayout\x1b[m\x1b[K\xe2\x80\x99\n'}
[5.447096] (rover_gui) StderrLine: {'line': b'   53 |     _mainLayout\x1b[01;31m\x1b[K->\x1b[m\x1b[KaddLayout(_controlLayout);\n'}
[5.447127] (rover_gui) StderrLine: {'line': b'      |                \x1b[01;31m\x1b[K^~\x1b[m\x1b[K\n'}
[5.447150] (rover_gui) StderrLine: {'line': b'\x1b[01m\x1b[K/home/chris/ros2_ws/src/rover/rover_gui/src/SecondaryWindow.cpp:54:16:\x1b[m\x1b[K \x1b[01;31m\x1b[Kerror: \x1b[m\x1b[Kbase operand of \xe2\x80\x98\x1b[01m\x1b[K->\x1b[m\x1b[K\xe2\x80\x99 has non-pointer type \xe2\x80\x98\x1b[01m\x1b[KQVBoxLayout\x1b[m\x1b[K\xe2\x80\x99\n'}
[5.447172] (rover_gui) StderrLine: {'line': b'   54 |     _mainLayout\x1b[01;31m\x1b[K->\x1b[m\x1b[KaddWidget(_layoutStack, 1); // Give the layout stack a stretch factor\n'}
[5.447194] (rover_gui) StderrLine: {'line': b'      |                \x1b[01;31m\x1b[K^~\x1b[m\x1b[K\n'}
[5.447214] (rover_gui) StderrLine: {'line': b'\x1b[01m\x1b[K/home/chris/ros2_ws/src/rover/rover_gui/src/SecondaryWindow.cpp:65:12:\x1b[m\x1b[K \x1b[01;31m\x1b[Kerror: \x1b[m\x1b[Kno matching function for call to \xe2\x80\x98\x1b[01m\x1b[KSecondaryWindow::connect(QComboBox&, void (QComboBox::*)(int), SecondaryWindow*, void (SecondaryWindow::*)(int))\x1b[m\x1b[K\xe2\x80\x99\n'}
[5.447238] (rover_gui) StderrLine: {'line': b'   65 |     \x1b[01;31m\x1b[Kconnect(_layoutSelector, QOverload<int>::of(&QComboBox::currentIndexChanged),\x1b[m\x1b[K\n'}
[5.447271] (rover_gui) StderrLine: {'line': b'      |     \x1b[01;31m\x1b[K~~~~~~~^~~~~~~~~~~~~~~~~~~~~~~~~~~~~~~~~~~~~~~~~~~~~~~~~~~~~~~~~~~~~~~~~~~~~~\x1b[m\x1b[K\n'}
[5.447293] (rover_gui) StderrLine: {'line': b'   66 | \x1b[01;31m\x1b[K            this, &SecondaryWindow::onLayoutChange)\x1b[m\x1b[K;\n'}
[5.447315] (rover_gui) StderrLine: {'line': b'      |             \x1b[01;31m\x1b[K~~~~~~~~~~~~~~~~~~~~~~~~~~~~~~~~~~~~~~~\x1b[m\x1b[K\n'}
[5.447336] (rover_gui) StderrLine: {'line': b'In file included from \x1b[01m\x1b[K/usr/include/aarch64-linux-gnu/qt6/QtWidgets/qwidget.h:45\x1b[m\x1b[K,\n'}
[5.447358] (rover_gui) StderrLine: {'line': b'                 from \x1b[01m\x1b[K/usr/include/aarch64-linux-gnu/qt6/QtWidgets/qmainwindow.h:44\x1b[m\x1b[K,\n'}
[5.447379] (rover_gui) StderrLine: {'line': b'                 from \x1b[01m\x1b[K/usr/include/aarch64-linux-gnu/qt6/QtWidgets/QMainWindow:1\x1b[m\x1b[K,\n'}
[5.447401] (rover_gui) StderrLine: {'line': b'                 from \x1b[01m\x1b[K/home/chris/ros2_ws/src/rover/rover_gui/src/SecondaryWindow.hpp:4\x1b[m\x1b[K,\n'}
[5.447422] (rover_gui) StderrLine: {'line': b'                 from \x1b[01m\x1b[K/home/chris/ros2_ws/src/rover/rover_gui/src/SecondaryWindow.cpp:1\x1b[m\x1b[K:\n'}
[5.447443] (rover_gui) StderrLine: {'line': b'\x1b[01m\x1b[K/usr/include/aarch64-linux-gnu/qt6/QtCore/qobject.h:217:43:\x1b[m\x1b[K \x1b[01;36m\x1b[Knote: \x1b[m\x1b[Kcandidate: \xe2\x80\x98\x1b[01m\x1b[Kstatic QMetaObject::Connection QObject::connect(const typename QtPrivate::FunctionPointer<Func>::Object*, Func1, const typename QtPrivate::FunctionPointer<Func2>::Object*, Func2, Qt::ConnectionType) [with Func1 = void (QComboBox::*)(int); Func2 = void (SecondaryWindow::*)(int); typename QtPrivate::FunctionPointer<Func>::Object = QComboBox; typename QtPrivate::FunctionPointer<Func2>::Object = SecondaryWindow]\x1b[m\x1b[K\xe2\x80\x99\n'}
[5.447468] (rover_gui) StderrLine: {'line': b'  217 |     static inline QMetaObject::Connection \x1b[01;36m\x1b[Kconnect\x1b[m\x1b[K(const typename QtPrivate::FunctionPointer<Func1>::Object *sender, Func1 signal,\n'}
[5.447490] (rover_gui) StderrLine: {'line': b'      |                                           \x1b[01;36m\x1b[K^~~~~~~\x1b[m\x1b[K\n'}
[5.447513] (rover_gui) StderrLine: {'line': b'\x1b[01m\x1b[K/usr/include/aarch64-linux-gnu/qt6/QtCore/qobject.h:217:109:\x1b[m\x1b[K \x1b[01;36m\x1b[Knote: \x1b[m\x1b[K  no known conversion for argument 1 from \xe2\x80\x98\x1b[01m\x1b[KQComboBox\x1b[m\x1b[K\xe2\x80\x99 to \xe2\x80\x98\x1b[01m\x1b[Kconst Object*\x1b[m\x1b[K\xe2\x80\x99 {aka \xe2\x80\x98\x1b[01m\x1b[Kconst QComboBox*\x1b[m\x1b[K\xe2\x80\x99}\n'}
[5.447538] (rover_gui) StderrLine: {'line': b'  217 |     static inline QMetaObject::Connection connect(\x1b[01;36m\x1b[Kconst typename QtPrivate::FunctionPointer<Func1>::Object *sender\x1b[m\x1b[K, Func1 signal,\n'}
[5.447559] (rover_gui) StderrLine: {'line': b'      |                                                   \x1b[01;36m\x1b[K~~~~~~~~~~~~~~~~~~~~~~~~~~~~~~~~~~~~~~~~~~~~~~~~~~~~~~~~~~^~~~~~\x1b[m\x1b[K\n'}
[5.447581] (rover_gui) StderrLine: {'line': b'\x1b[01m\x1b[K/usr/include/aarch64-linux-gnu/qt6/QtCore/qobject.h:249:13:\x1b[m\x1b[K \x1b[01;36m\x1b[Knote: \x1b[m\x1b[Kcandidate: \xe2\x80\x98\x1b[01m\x1b[Ktemplate<class Func1, class Func2> static typename std::enable_if<((int)(QtPrivate::FunctionPointer<Func2>::ArgumentCount) >= 0), QMetaObject::Connection>::type QObject::connect(const typename QtPrivate::FunctionPointer<Func>::Object*, Func1, Func2)\x1b[m\x1b[K\xe2\x80\x99\n'}
[5.447606] (rover_gui) StderrLine: {'line': b'  249 |             \x1b[01;36m\x1b[Kconnect\x1b[m\x1b[K(const typename QtPrivate::FunctionPointer<Func1>::Object *sender, Func1 signal, Func2 slot)\n'}
[5.447627] (rover_gui) StderrLine: {'line': b'      |             \x1b[01;36m\x1b[K^~~~~~~\x1b[m\x1b[K\n'}
[5.447648] (rover_gui) StderrLine: {'line': b'\x1b[01m\x1b[K/usr/include/aarch64-linux-gnu/qt6/QtCore/qobject.h:249:13:\x1b[m\x1b[K \x1b[01;36m\x1b[Knote: \x1b[m\x1b[K  template argument deduction/substitution failed:\n'}
[5.447669] (rover_gui) StderrLine: {'line': b'\x1b[01m\x1b[K/home/chris/ros2_ws/src/rover/rover_gui/src/SecondaryWindow.cpp:65:12:\x1b[m\x1b[K \x1b[01;36m\x1b[Knote: \x1b[m\x1b[K  candidate expects 3 arguments, 4 provided\n'}
[5.447693] (rover_gui) StderrLine: {'line': b'   65 |     \x1b[01;36m\x1b[Kconnect(_layoutSelector, QOverload<int>::of(&QComboBox::currentIndexChanged),\x1b[m\x1b[K\n'}
[5.447714] (rover_gui) StderrLine: {'line': b'      |     \x1b[01;36m\x1b[K~~~~~~~^~~~~~~~~~~~~~~~~~~~~~~~~~~~~~~~~~~~~~~~~~~~~~~~~~~~~~~~~~~~~~~~~~~~~~\x1b[m\x1b[K\n'}
[5.447735] (rover_gui) StderrLine: {'line': b'   66 | \x1b[01;36m\x1b[K            this, &SecondaryWindow::onLayoutChange)\x1b[m\x1b[K;\n'}
[5.447756] (rover_gui) StderrLine: {'line': b'      |             \x1b[01;36m\x1b[K~~~~~~~~~~~~~~~~~~~~~~~~~~~~~~~~~~~~~~~\x1b[m\x1b[K\n'}
[5.447777] (rover_gui) StderrLine: {'line': b'In file included from \x1b[01m\x1b[K/usr/include/aarch64-linux-gnu/qt6/QtWidgets/qwidget.h:45\x1b[m\x1b[K,\n'}
[5.447798] (rover_gui) StderrLine: {'line': b'                 from \x1b[01m\x1b[K/usr/include/aarch64-linux-gnu/qt6/QtWidgets/qmainwindow.h:44\x1b[m\x1b[K,\n'}
[5.447819] (rover_gui) StderrLine: {'line': b'                 from \x1b[01m\x1b[K/usr/include/aarch64-linux-gnu/qt6/QtWidgets/QMainWindow:1\x1b[m\x1b[K,\n'}
[5.447840] (rover_gui) StderrLine: {'line': b'                 from \x1b[01m\x1b[K/home/chris/ros2_ws/src/rover/rover_gui/src/SecondaryWindow.hpp:4\x1b[m\x1b[K,\n'}
[5.447862] (rover_gui) StderrLine: {'line': b'                 from \x1b[01m\x1b[K/home/chris/ros2_ws/src/rover/rover_gui/src/SecondaryWindow.cpp:1\x1b[m\x1b[K:\n'}
[5.447885] (rover_gui) StderrLine: {'line': b'\x1b[01m\x1b[K/usr/include/aarch64-linux-gnu/qt6/QtCore/qobject.h:258:13:\x1b[m\x1b[K \x1b[01;36m\x1b[Knote: \x1b[m\x1b[Kcandidate: \xe2\x80\x98\x1b[01m\x1b[Ktemplate<class Func1, class Func2> static typename std::enable_if<(((int)(QtPrivate::FunctionPointer<Func2>::ArgumentCount) >= 0) && (! QtPrivate::FunctionPointer<Func2>::IsPointerToMemberFunction)), QMetaObject::Connection>::type QObject::connect(const typename QtPrivate::FunctionPointer<Func>::Object*, Func1, const QObject*, Func2, Qt::ConnectionType)\x1b[m\x1b[K\xe2\x80\x99\n'}
[5.447908] (rover_gui) StderrLine: {'line': b'  258 |             \x1b[01;36m\x1b[Kconnect\x1b[m\x1b[K(const typename QtPrivate::FunctionPointer<Func1>::Object *sender, Func1 signal, const QObject *context, Func2 slot,\n'}
[5.447931] (rover_gui) StderrLine: {'line': b'      |             \x1b[01;36m\x1b[K^~~~~~~\x1b[m\x1b[K\n'}
[5.447952] (rover_gui) StderrLine: {'line': b'\x1b[01m\x1b[K/usr/include/aarch64-linux-gnu/qt6/QtCore/qobject.h:258:13:\x1b[m\x1b[K \x1b[01;36m\x1b[Knote: \x1b[m\x1b[K  template argument deduction/substitution failed:\n'}
[5.447974] (rover_gui) StderrLine: {'line': b'/usr/include/aarch64-linux-gnu/qt6/QtCore/qobject.h: In substitution of \xe2\x80\x98\x1b[01m\x1b[Ktemplate<class Func1, class Func2> static typename std::enable_if<(((int)(QtPrivate::FunctionPointer<Func2>::ArgumentCount) >= 0) && (! QtPrivate::FunctionPointer<Func2>::IsPointerToMemberFunction)), QMetaObject::Connection>::type QObject::connect(const typename QtPrivate::FunctionPointer<Func>::Object*, Func1, const QObject*, Func2, Qt::ConnectionType) [with Func1 = void (QComboBox::*)(int); Func2 = void (SecondaryWindow::*)(int)]\x1b[m\x1b[K\xe2\x80\x99:\n'}
[5.447998] (rover_gui) StderrLine: {'line': b'\x1b[01m\x1b[K/home/chris/ros2_ws/src/rover/rover_gui/src/SecondaryWindow.cpp:65:12:\x1b[m\x1b[K   required from here\n'}
[5.448019] (rover_gui) StderrLine: {'line': b'\x1b[01m\x1b[K/usr/include/aarch64-linux-gnu/qt6/QtCore/qobject.h:258:13:\x1b[m\x1b[K \x1b[01;31m\x1b[Kerror: \x1b[m\x1b[Kno type named \xe2\x80\x98\x1b[01m\x1b[Ktype\x1b[m\x1b[K\xe2\x80\x99 in \xe2\x80\x98\x1b[01m\x1b[Kstruct std::enable_if<false, QMetaObject::Connection>\x1b[m\x1b[K\xe2\x80\x99\n'}
[5.448041] (rover_gui) StderrLine: {'line': b'\x1b[01m\x1b[K/usr/include/aarch64-linux-gnu/qt6/QtCore/qobject.h:289:13:\x1b[m\x1b[K \x1b[01;36m\x1b[Knote: \x1b[m\x1b[Kcandidate: \xe2\x80\x98\x1b[01m\x1b[Ktemplate<class Func1, class Func2> static typename std::enable_if<(QtPrivate::FunctionPointer<Func2>::ArgumentCount == -1), QMetaObject::Connection>::type QObject::connect(const typename QtPrivate::FunctionPointer<Func>::Object*, Func1, Func2)\x1b[m\x1b[K\xe2\x80\x99\n'}
[5.448064] (rover_gui) StderrLine: {'line': b'  289 |             \x1b[01;36m\x1b[Kconnect\x1b[m\x1b[K(const typename QtPrivate::FunctionPointer<Func1>::Object *sender, Func1 signal, Func2 slot)\n'}
[5.448085] (rover_gui) StderrLine: {'line': b'      |             \x1b[01;36m\x1b[K^~~~~~~\x1b[m\x1b[K\n'}
[5.448106] (rover_gui) StderrLine: {'line': b'\x1b[01m\x1b[K/usr/include/aarch64-linux-gnu/qt6/QtCore/qobject.h:289:13:\x1b[m\x1b[K \x1b[01;36m\x1b[Knote: \x1b[m\x1b[K  template argument deduction/substitution failed:\n'}
[5.448128] (rover_gui) StderrLine: {'line': b'\x1b[01m\x1b[K/home/chris/ros2_ws/src/rover/rover_gui/src/SecondaryWindow.cpp:65:12:\x1b[m\x1b[K \x1b[01;36m\x1b[Knote: \x1b[m\x1b[K  candidate expects 3 arguments, 4 provided\n'}
[5.448149] (rover_gui) StderrLine: {'line': b'   65 |     \x1b[01;36m\x1b[Kconnect(_layoutSelector, QOverload<int>::of(&QComboBox::currentIndexChanged),\x1b[m\x1b[K\n'}
[5.448179] (rover_gui) StderrLine: {'line': b'      |     \x1b[01;36m\x1b[K~~~~~~~^~~~~~~~~~~~~~~~~~~~~~~~~~~~~~~~~~~~~~~~~~~~~~~~~~~~~~~~~~~~~~~~~~~~~~\x1b[m\x1b[K\n'}
[5.448212] (rover_gui) StderrLine: {'line': b'   66 | \x1b[01;36m\x1b[K            this, &SecondaryWindow::onLayoutChange)\x1b[m\x1b[K;\n'}
[5.448235] (rover_gui) StderrLine: {'line': b'      |             \x1b[01;36m\x1b[K~~~~~~~~~~~~~~~~~~~~~~~~~~~~~~~~~~~~~~~\x1b[m\x1b[K\n'}
[5.448268] (rover_gui) StderrLine: {'line': b'In file included from \x1b[01m\x1b[K/usr/include/aarch64-linux-gnu/qt6/QtWidgets/qwidget.h:45\x1b[m\x1b[K,\n'}
[5.448290] (rover_gui) StderrLine: {'line': b'                 from \x1b[01m\x1b[K/usr/include/aarch64-linux-gnu/qt6/QtWidgets/qmainwindow.h:44\x1b[m\x1b[K,\n'}
[5.448311] (rover_gui) StderrLine: {'line': b'                 from \x1b[01m\x1b[K/usr/include/aarch64-linux-gnu/qt6/QtWidgets/QMainWindow:1\x1b[m\x1b[K,\n'}
[5.448336] (rover_gui) StderrLine: {'line': b'                 from \x1b[01m\x1b[K/home/chris/ros2_ws/src/rover/rover_gui/src/SecondaryWindow.hpp:4\x1b[m\x1b[K,\n'}
[5.448357] (rover_gui) StderrLine: {'line': b'                 from \x1b[01m\x1b[K/home/chris/ros2_ws/src/rover/rover_gui/src/SecondaryWindow.cpp:1\x1b[m\x1b[K:\n'}
[5.448380] (rover_gui) StderrLine: {'line': b'\x1b[01m\x1b[K/usr/include/aarch64-linux-gnu/qt6/QtCore/qobject.h:297:13:\x1b[m\x1b[K \x1b[01;36m\x1b[Knote: \x1b[m\x1b[Kcandidate: \xe2\x80\x98\x1b[01m\x1b[Ktemplate<class Func1, class Func2> static typename std::enable_if<(QtPrivate::FunctionPointer<Func2>::ArgumentCount == -1), QMetaObject::Connection>::type QObject::connect(const typename QtPrivate::FunctionPointer<Func>::Object*, Func1, const QObject*, Func2, Qt::ConnectionType)\x1b[m\x1b[K\xe2\x80\x99\n'}
[5.448403] (rover_gui) StderrLine: {'line': b'  297 |             \x1b[01;36m\x1b[Kconnect\x1b[m\x1b[K(const typename QtPrivate::FunctionPointer<Func1>::Object *sender, Func1 signal, const QObject *context, Func2 slot,\n'}
[5.448426] (rover_gui) StderrLine: {'line': b'      |             \x1b[01;36m\x1b[K^~~~~~~\x1b[m\x1b[K\n'}
[5.448447] (rover_gui) StderrLine: {'line': b'\x1b[01m\x1b[K/usr/include/aarch64-linux-gnu/qt6/QtCore/qobject.h:297:13:\x1b[m\x1b[K \x1b[01;36m\x1b[Knote: \x1b[m\x1b[K  template argument deduction/substitution failed:\n'}
[5.448468] (rover_gui) StderrLine: {'line': b'/usr/include/aarch64-linux-gnu/qt6/QtCore/qobject.h: In substitution of \xe2\x80\x98\x1b[01m\x1b[Ktemplate<class Func1, class Func2> static typename std::enable_if<(QtPrivate::FunctionPointer<Func2>::ArgumentCount == -1), QMetaObject::Connection>::type QObject::connect(const typename QtPrivate::FunctionPointer<Func>::Object*, Func1, const QObject*, Func2, Qt::ConnectionType) [with Func1 = void (QComboBox::*)(int); Func2 = void (SecondaryWindow::*)(int)]\x1b[m\x1b[K\xe2\x80\x99:\n'}
[5.448490] (rover_gui) StderrLine: {'line': b'\x1b[01m\x1b[K/home/chris/ros2_ws/src/rover/rover_gui/src/SecondaryWindow.cpp:65:12:\x1b[m\x1b[K   required from here\n'}
[5.448511] (rover_gui) StderrLine: {'line': b'\x1b[01m\x1b[K/usr/include/aarch64-linux-gnu/qt6/QtCore/qobject.h:297:13:\x1b[m\x1b[K \x1b[01;31m\x1b[Kerror: \x1b[m\x1b[Kno type named \xe2\x80\x98\x1b[01m\x1b[Ktype\x1b[m\x1b[K\xe2\x80\x99 in \xe2\x80\x98\x1b[01m\x1b[Kstruct std::enable_if<false, QMetaObject::Connection>\x1b[m\x1b[K\xe2\x80\x99\n'}
[5.448533] (rover_gui) StderrLine: {'line': b'\x1b[01m\x1b[K/usr/include/aarch64-linux-gnu/qt6/QtCore/qobject.h:197:36:\x1b[m\x1b[K \x1b[01;36m\x1b[Knote: \x1b[m\x1b[Kcandidate: \xe2\x80\x98\x1b[01m\x1b[Kstatic QMetaObject::Connection QObject::connect(const QObject*, const char*, const QObject*, const char*, Qt::ConnectionType)\x1b[m\x1b[K\xe2\x80\x99\n'}
[5.448555] (rover_gui) StderrLine: {'line': b'  197 |     static QMetaObject::Connection \x1b[01;36m\x1b[Kconnect\x1b[m\x1b[K(const QObject *sender, const char *signal,\n'}
[5.448576] (rover_gui) StderrLine: {'line': b'      |                                    \x1b[01;36m\x1b[K^~~~~~~\x1b[m\x1b[K\n'}
[5.448599] (rover_gui) StderrLine: {'line': b'\x1b[01m\x1b[K/usr/include/aarch64-linux-gnu/qt6/QtCore/qobject.h:197:59:\x1b[m\x1b[K \x1b[01;36m\x1b[Knote: \x1b[m\x1b[K  no known conversion for argument 1 from \xe2\x80\x98\x1b[01m\x1b[KQComboBox\x1b[m\x1b[K\xe2\x80\x99 to \xe2\x80\x98\x1b[01m\x1b[Kconst QObject*\x1b[m\x1b[K\xe2\x80\x99\n'}
[5.448620] (rover_gui) StderrLine: {'line': b'  197 |     static QMetaObject::Connection connect(\x1b[01;36m\x1b[Kconst QObject *sender\x1b[m\x1b[K, const char *signal,\n'}
[5.448642] (rover_gui) StderrLine: {'line': b'      |                                            \x1b[01;36m\x1b[K~~~~~~~~~~~~~~~^~~~~~\x1b[m\x1b[K\n'}
[5.448662] (rover_gui) StderrLine: {'line': b'\x1b[01m\x1b[K/usr/include/aarch64-linux-gnu/qt6/QtCore/qobject.h:200:36:\x1b[m\x1b[K \x1b[01;36m\x1b[Knote: \x1b[m\x1b[Kcandidate: \xe2\x80\x98\x1b[01m\x1b[Kstatic QMetaObject::Connection QObject::connect(const QObject*, const QMetaMethod&, const QObject*, const QMetaMethod&, Qt::ConnectionType)\x1b[m\x1b[K\xe2\x80\x99\n'}
[5.448685] (rover_gui) StderrLine: {'line': b'  200 |     static QMetaObject::Connection \x1b[01;36m\x1b[Kconnect\x1b[m\x1b[K(const QObject *sender, const QMetaMethod &signal,\n'}
[5.448706] (rover_gui) StderrLine: {'line': b'      |                                    \x1b[01;36m\x1b[K^~~~~~~\x1b[m\x1b[K\n'}
[5.448729] (rover_gui) StderrLine: {'line': b'\x1b[01m\x1b[K/usr/include/aarch64-linux-gnu/qt6/QtCore/qobject.h:200:59:\x1b[m\x1b[K \x1b[01;36m\x1b[Knote: \x1b[m\x1b[K  no known conversion for argument 1 from \xe2\x80\x98\x1b[01m\x1b[KQComboBox\x1b[m\x1b[K\xe2\x80\x99 to \xe2\x80\x98\x1b[01m\x1b[Kconst QObject*\x1b[m\x1b[K\xe2\x80\x99\n'}
[5.448751] (rover_gui) StderrLine: {'line': b'  200 |     static QMetaObject::Connection connect(\x1b[01;36m\x1b[Kconst QObject *sender\x1b[m\x1b[K, const QMetaMethod &signal,\n'}
[5.448772] (rover_gui) StderrLine: {'line': b'      |                                            \x1b[01;36m\x1b[K~~~~~~~~~~~~~~~^~~~~~\x1b[m\x1b[K\n'}
[5.448793] (rover_gui) StderrLine: {'line': b'\x1b[01m\x1b[K/usr/include/aarch64-linux-gnu/qt6/QtCore/qobject.h:443:32:\x1b[m\x1b[K \x1b[01;36m\x1b[Knote: \x1b[m\x1b[Kcandidate: \xe2\x80\x98\x1b[01m\x1b[KQMetaObject::Connection QObject::connect(const QObject*, const char*, const char*, Qt::ConnectionType) const\x1b[m\x1b[K\xe2\x80\x99\n'}
[5.448816] (rover_gui) StderrLine: {'line': b'  443 | inline QMetaObject::Connection \x1b[01;36m\x1b[KQObject\x1b[m\x1b[K::connect(const QObject *asender, const char *asignal,\n'}
[5.448838] (rover_gui) StderrLine: {'line': b'      |                                \x1b[01;36m\x1b[K^~~~~~~\x1b[m\x1b[K\n'}
[5.448858] (rover_gui) StderrLine: {'line': b'\x1b[01m\x1b[K/usr/include/aarch64-linux-gnu/qt6/QtCore/qobject.h:443:64:\x1b[m\x1b[K \x1b[01;36m\x1b[Knote: \x1b[m\x1b[K  no known conversion for argument 1 from \xe2\x80\x98\x1b[01m\x1b[KQComboBox\x1b[m\x1b[K\xe2\x80\x99 to \xe2\x80\x98\x1b[01m\x1b[Kconst QObject*\x1b[m\x1b[K\xe2\x80\x99\n'}
[5.448882] (rover_gui) StderrLine: {'line': b'  443 | inline QMetaObject::Connection QObject::connect(\x1b[01;36m\x1b[Kconst QObject *asender\x1b[m\x1b[K, const char *asignal,\n'}
[5.448903] (rover_gui) StderrLine: {'line': b'      |                                                 \x1b[01;36m\x1b[K~~~~~~~~~~~~~~~^~~~~~~\x1b[m\x1b[K\n'}
[5.448924] (rover_gui) StderrLine: {'line': b'\x1b[01m\x1b[K/home/chris/ros2_ws/src/rover/rover_gui/src/SecondaryWindow.cpp:67:12:\x1b[m\x1b[K \x1b[01;31m\x1b[Kerror: \x1b[m\x1b[Kno matching function for call to \xe2\x80\x98\x1b[01m\x1b[KSecondaryWindow::connect(QComboBox&, void (QComboBox::*)(int), SecondaryWindow*, void (SecondaryWindow::*)(int))\x1b[m\x1b[K\xe2\x80\x99\n'}
[5.448949] (rover_gui) StderrLine: {'line': b'   67 |     \x1b[01;31m\x1b[Kconnect(_streamSelector, QOverload<int>::of(&QComboBox::currentIndexChanged),\x1b[m\x1b[K\n'}
[5.448970] (rover_gui) StderrLine: {'line': b'      |     \x1b[01;31m\x1b[K~~~~~~~^~~~~~~~~~~~~~~~~~~~~~~~~~~~~~~~~~~~~~~~~~~~~~~~~~~~~~~~~~~~~~~~~~~~~~\x1b[m\x1b[K\n'}
[5.448991] (rover_gui) StderrLine: {'line': b'   68 | \x1b[01;31m\x1b[K            this, &SecondaryWindow::onStreamSelection)\x1b[m\x1b[K;\n'}
[5.449012] (rover_gui) StderrLine: {'line': b'      |             \x1b[01;31m\x1b[K~~~~~~~~~~~~~~~~~~~~~~~~~~~~~~~~~~~~~~~~~~\x1b[m\x1b[K\n'}
[5.449033] (rover_gui) StderrLine: {'line': b'In file included from \x1b[01m\x1b[K/usr/include/aarch64-linux-gnu/qt6/QtWidgets/qwidget.h:45\x1b[m\x1b[K,\n'}
[5.449053] (rover_gui) StderrLine: {'line': b'                 from \x1b[01m\x1b[K/usr/include/aarch64-linux-gnu/qt6/QtWidgets/qmainwindow.h:44\x1b[m\x1b[K,\n'}
[5.449074] (rover_gui) StderrLine: {'line': b'                 from \x1b[01m\x1b[K/usr/include/aarch64-linux-gnu/qt6/QtWidgets/QMainWindow:1\x1b[m\x1b[K,\n'}
[5.449095] (rover_gui) StderrLine: {'line': b'                 from \x1b[01m\x1b[K/home/chris/ros2_ws/src/rover/rover_gui/src/SecondaryWindow.hpp:4\x1b[m\x1b[K,\n'}
[5.449116] (rover_gui) StderrLine: {'line': b'                 from \x1b[01m\x1b[K/home/chris/ros2_ws/src/rover/rover_gui/src/SecondaryWindow.cpp:1\x1b[m\x1b[K:\n'}
[5.449136] (rover_gui) StderrLine: {'line': b'\x1b[01m\x1b[K/usr/include/aarch64-linux-gnu/qt6/QtCore/qobject.h:217:43:\x1b[m\x1b[K \x1b[01;36m\x1b[Knote: \x1b[m\x1b[Kcandidate: \xe2\x80\x98\x1b[01m\x1b[Kstatic QMetaObject::Connection QObject::connect(const typename QtPrivate::FunctionPointer<Func>::Object*, Func1, const typename QtPrivate::FunctionPointer<Func2>::Object*, Func2, Qt::ConnectionType) [with Func1 = void (QComboBox::*)(int); Func2 = void (SecondaryWindow::*)(int); typename QtPrivate::FunctionPointer<Func>::Object = QComboBox; typename QtPrivate::FunctionPointer<Func2>::Object = SecondaryWindow]\x1b[m\x1b[K\xe2\x80\x99\n'}
[5.449161] (rover_gui) StderrLine: {'line': b'  217 |     static inline QMetaObject::Connection \x1b[01;36m\x1b[Kconnect\x1b[m\x1b[K(const typename QtPrivate::FunctionPointer<Func1>::Object *sender, Func1 signal,\n'}
[5.449183] (rover_gui) StderrLine: {'line': b'      |                                           \x1b[01;36m\x1b[K^~~~~~~\x1b[m\x1b[K\n'}
[5.449204] (rover_gui) StderrLine: {'line': b'\x1b[01m\x1b[K/usr/include/aarch64-linux-gnu/qt6/QtCore/qobject.h:217:109:\x1b[m\x1b[K \x1b[01;36m\x1b[Knote: \x1b[m\x1b[K  no known conversion for argument 1 from \xe2\x80\x98\x1b[01m\x1b[KQComboBox\x1b[m\x1b[K\xe2\x80\x99 to \xe2\x80\x98\x1b[01m\x1b[Kconst Object*\x1b[m\x1b[K\xe2\x80\x99 {aka \xe2\x80\x98\x1b[01m\x1b[Kconst QComboBox*\x1b[m\x1b[K\xe2\x80\x99}\n'}
[5.449226] (rover_gui) StderrLine: {'line': b'  217 |     static inline QMetaObject::Connection connect(\x1b[01;36m\x1b[Kconst typename QtPrivate::FunctionPointer<Func1>::Object *sender\x1b[m\x1b[K, Func1 signal,\n'}
[5.449254] (rover_gui) StderrLine: {'line': b'      |                                                   \x1b[01;36m\x1b[K~~~~~~~~~~~~~~~~~~~~~~~~~~~~~~~~~~~~~~~~~~~~~~~~~~~~~~~~~~^~~~~~\x1b[m\x1b[K\n'}
[5.449278] (rover_gui) StderrLine: {'line': b'\x1b[01m\x1b[K/usr/include/aarch64-linux-gnu/qt6/QtCore/qobject.h:249:13:\x1b[m\x1b[K \x1b[01;36m\x1b[Knote: \x1b[m\x1b[Kcandidate: \xe2\x80\x98\x1b[01m\x1b[Ktemplate<class Func1, class Func2> static typename std::enable_if<((int)(QtPrivate::FunctionPointer<Func2>::ArgumentCount) >= 0), QMetaObject::Connection>::type QObject::connect(const typename QtPrivate::FunctionPointer<Func>::Object*, Func1, Func2)\x1b[m\x1b[K\xe2\x80\x99\n'}
[5.449301] (rover_gui) StderrLine: {'line': b'  249 |             \x1b[01;36m\x1b[Kconnect\x1b[m\x1b[K(const typename QtPrivate::FunctionPointer<Func1>::Object *sender, Func1 signal, Func2 slot)\n'}
[5.449322] (rover_gui) StderrLine: {'line': b'      |             \x1b[01;36m\x1b[K^~~~~~~\x1b[m\x1b[K\n'}
[5.449343] (rover_gui) StderrLine: {'line': b'\x1b[01m\x1b[K/usr/include/aarch64-linux-gnu/qt6/QtCore/qobject.h:249:13:\x1b[m\x1b[K \x1b[01;36m\x1b[Knote: \x1b[m\x1b[K  template argument deduction/substitution failed:\n'}
[5.449364] (rover_gui) StderrLine: {'line': b'\x1b[01m\x1b[K/home/chris/ros2_ws/src/rover/rover_gui/src/SecondaryWindow.cpp:67:12:\x1b[m\x1b[K \x1b[01;36m\x1b[Knote: \x1b[m\x1b[K  candidate expects 3 arguments, 4 provided\n'}
[5.449385] (rover_gui) StderrLine: {'line': b'   67 |     \x1b[01;36m\x1b[Kconnect(_streamSelector, QOverload<int>::of(&QComboBox::currentIndexChanged),\x1b[m\x1b[K\n'}
[5.449408] (rover_gui) StderrLine: {'line': b'      |     \x1b[01;36m\x1b[K~~~~~~~^~~~~~~~~~~~~~~~~~~~~~~~~~~~~~~~~~~~~~~~~~~~~~~~~~~~~~~~~~~~~~~~~~~~~~\x1b[m\x1b[K\n'}
[5.449430] (rover_gui) StderrLine: {'line': b'   68 | \x1b[01;36m\x1b[K            this, &SecondaryWindow::onStreamSelection)\x1b[m\x1b[K;\n'}
[5.449451] (rover_gui) StderrLine: {'line': b'      |             \x1b[01;36m\x1b[K~~~~~~~~~~~~~~~~~~~~~~~~~~~~~~~~~~~~~~~~~~\x1b[m\x1b[K\n'}
[5.449471] (rover_gui) StderrLine: {'line': b'In file included from \x1b[01m\x1b[K/usr/include/aarch64-linux-gnu/qt6/QtWidgets/qwidget.h:45\x1b[m\x1b[K,\n'}
[5.449492] (rover_gui) StderrLine: {'line': b'                 from \x1b[01m\x1b[K/usr/include/aarch64-linux-gnu/qt6/QtWidgets/qmainwindow.h:44\x1b[m\x1b[K,\n'}
[5.449515] (rover_gui) StderrLine: {'line': b'                 from \x1b[01m\x1b[K/usr/include/aarch64-linux-gnu/qt6/QtWidgets/QMainWindow:1\x1b[m\x1b[K,\n'}
[5.449536] (rover_gui) StderrLine: {'line': b'                 from \x1b[01m\x1b[K/home/chris/ros2_ws/src/rover/rover_gui/src/SecondaryWindow.hpp:4\x1b[m\x1b[K,\n'}
[5.449559] (rover_gui) StderrLine: {'line': b'                 from \x1b[01m\x1b[K/home/chris/ros2_ws/src/rover/rover_gui/src/SecondaryWindow.cpp:1\x1b[m\x1b[K:\n'}
[5.449581] (rover_gui) StderrLine: {'line': b'\x1b[01m\x1b[K/usr/include/aarch64-linux-gnu/qt6/QtCore/qobject.h:258:13:\x1b[m\x1b[K \x1b[01;36m\x1b[Knote: \x1b[m\x1b[Kcandidate: \xe2\x80\x98\x1b[01m\x1b[Ktemplate<class Func1, class Func2> static typename std::enable_if<(((int)(QtPrivate::FunctionPointer<Func2>::ArgumentCount) >= 0) && (! QtPrivate::FunctionPointer<Func2>::IsPointerToMemberFunction)), QMetaObject::Connection>::type QObject::connect(const typename QtPrivate::FunctionPointer<Func>::Object*, Func1, const QObject*, Func2, Qt::ConnectionType)\x1b[m\x1b[K\xe2\x80\x99\n'}
[5.449605] (rover_gui) StderrLine: {'line': b'  258 |             \x1b[01;36m\x1b[Kconnect\x1b[m\x1b[K(const typename QtPrivate::FunctionPointer<Func1>::Object *sender, Func1 signal, const QObject *context, Func2 slot,\n'}
[5.449626] (rover_gui) StderrLine: {'line': b'      |             \x1b[01;36m\x1b[K^~~~~~~\x1b[m\x1b[K\n'}
[5.449647] (rover_gui) StderrLine: {'line': b'\x1b[01m\x1b[K/usr/include/aarch64-linux-gnu/qt6/QtCore/qobject.h:258:13:\x1b[m\x1b[K \x1b[01;36m\x1b[Knote: \x1b[m\x1b[K  template argument deduction/substitution failed:\n'}
[5.449668] (rover_gui) StderrLine: {'line': b'/usr/include/aarch64-linux-gnu/qt6/QtCore/qobject.h: In substitution of \xe2\x80\x98\x1b[01m\x1b[Ktemplate<class Func1, class Func2> static typename std::enable_if<(((int)(QtPrivate::FunctionPointer<Func2>::ArgumentCount) >= 0) && (! QtPrivate::FunctionPointer<Func2>::IsPointerToMemberFunction)), QMetaObject::Connection>::type QObject::connect(const typename QtPrivate::FunctionPointer<Func>::Object*, Func1, const QObject*, Func2, Qt::ConnectionType) [with Func1 = void (QComboBox::*)(int); Func2 = void (SecondaryWindow::*)(int)]\x1b[m\x1b[K\xe2\x80\x99:\n'}
[5.449691] (rover_gui) StderrLine: {'line': b'\x1b[01m\x1b[K/home/chris/ros2_ws/src/rover/rover_gui/src/SecondaryWindow.cpp:67:12:\x1b[m\x1b[K   required from here\n'}
[5.449712] (rover_gui) StderrLine: {'line': b'\x1b[01m\x1b[K/usr/include/aarch64-linux-gnu/qt6/QtCore/qobject.h:258:13:\x1b[m\x1b[K \x1b[01;31m\x1b[Kerror: \x1b[m\x1b[Kno type named \xe2\x80\x98\x1b[01m\x1b[Ktype\x1b[m\x1b[K\xe2\x80\x99 in \xe2\x80\x98\x1b[01m\x1b[Kstruct std::enable_if<false, QMetaObject::Connection>\x1b[m\x1b[K\xe2\x80\x99\n'}
[5.449733] (rover_gui) StderrLine: {'line': b'\x1b[01m\x1b[K/usr/include/aarch64-linux-gnu/qt6/QtCore/qobject.h:289:13:\x1b[m\x1b[K \x1b[01;36m\x1b[Knote: \x1b[m\x1b[Kcandidate: \xe2\x80\x98\x1b[01m\x1b[Ktemplate<class Func1, class Func2> static typename std::enable_if<(QtPrivate::FunctionPointer<Func2>::ArgumentCount == -1), QMetaObject::Connection>::type QObject::connect(const typename QtPrivate::FunctionPointer<Func>::Object*, Func1, Func2)\x1b[m\x1b[K\xe2\x80\x99\n'}
[5.449755] (rover_gui) StderrLine: {'line': b'  289 |             \x1b[01;36m\x1b[Kconnect\x1b[m\x1b[K(const typename QtPrivate::FunctionPointer<Func1>::Object *sender, Func1 signal, Func2 slot)\n'}
[5.449776] (rover_gui) StderrLine: {'line': b'      |             \x1b[01;36m\x1b[K^~~~~~~\x1b[m\x1b[K\n'}
[5.449796] (rover_gui) StderrLine: {'line': b'\x1b[01m\x1b[K/usr/include/aarch64-linux-gnu/qt6/QtCore/qobject.h:289:13:\x1b[m\x1b[K \x1b[01;36m\x1b[Knote: \x1b[m\x1b[K  template argument deduction/substitution failed:\n'}
[5.449817] (rover_gui) StderrLine: {'line': b'\x1b[01m\x1b[K/home/chris/ros2_ws/src/rover/rover_gui/src/SecondaryWindow.cpp:67:12:\x1b[m\x1b[K \x1b[01;36m\x1b[Knote: \x1b[m\x1b[K  candidate expects 3 arguments, 4 provided\n'}
[5.449838] (rover_gui) StderrLine: {'line': b'   67 |     \x1b[01;36m\x1b[Kconnect(_streamSelector, QOverload<int>::of(&QComboBox::currentIndexChanged),\x1b[m\x1b[K\n'}
[5.449859] (rover_gui) StderrLine: {'line': b'      |     \x1b[01;36m\x1b[K~~~~~~~^~~~~~~~~~~~~~~~~~~~~~~~~~~~~~~~~~~~~~~~~~~~~~~~~~~~~~~~~~~~~~~~~~~~~~\x1b[m\x1b[K\n'}
[5.449880] (rover_gui) StderrLine: {'line': b'   68 | \x1b[01;36m\x1b[K            this, &SecondaryWindow::onStreamSelection)\x1b[m\x1b[K;\n'}
[5.449902] (rover_gui) StderrLine: {'line': b'      |             \x1b[01;36m\x1b[K~~~~~~~~~~~~~~~~~~~~~~~~~~~~~~~~~~~~~~~~~~\x1b[m\x1b[K\n'}
[5.449923] (rover_gui) StderrLine: {'line': b'In file included from \x1b[01m\x1b[K/usr/include/aarch64-linux-gnu/qt6/QtWidgets/qwidget.h:45\x1b[m\x1b[K,\n'}
[5.449944] (rover_gui) StderrLine: {'line': b'                 from \x1b[01m\x1b[K/usr/include/aarch64-linux-gnu/qt6/QtWidgets/qmainwindow.h:44\x1b[m\x1b[K,\n'}
[5.449965] (rover_gui) StderrLine: {'line': b'                 from \x1b[01m\x1b[K/usr/include/aarch64-linux-gnu/qt6/QtWidgets/QMainWindow:1\x1b[m\x1b[K,\n'}
[5.449987] (rover_gui) StderrLine: {'line': b'                 from \x1b[01m\x1b[K/home/chris/ros2_ws/src/rover/rover_gui/src/SecondaryWindow.hpp:4\x1b[m\x1b[K,\n'}
[5.450009] (rover_gui) StderrLine: {'line': b'                 from \x1b[01m\x1b[K/home/chris/ros2_ws/src/rover/rover_gui/src/SecondaryWindow.cpp:1\x1b[m\x1b[K:\n'}
[5.450030] (rover_gui) StderrLine: {'line': b'\x1b[01m\x1b[K/usr/include/aarch64-linux-gnu/qt6/QtCore/qobject.h:297:13:\x1b[m\x1b[K \x1b[01;36m\x1b[Knote: \x1b[m\x1b[Kcandidate: \xe2\x80\x98\x1b[01m\x1b[Ktemplate<class Func1, class Func2> static typename std::enable_if<(QtPrivate::FunctionPointer<Func2>::ArgumentCount == -1), QMetaObject::Connection>::type QObject::connect(const typename QtPrivate::FunctionPointer<Func>::Object*, Func1, const QObject*, Func2, Qt::ConnectionType)\x1b[m\x1b[K\xe2\x80\x99\n'}
[5.450067] (rover_gui) StderrLine: {'line': b'  297 |             \x1b[01;36m\x1b[Kconnect\x1b[m\x1b[K(const typename QtPrivate::FunctionPointer<Func1>::Object *sender, Func1 signal, const QObject *context, Func2 slot,\n'}
[5.450088] (rover_gui) StderrLine: {'line': b'      |             \x1b[01;36m\x1b[K^~~~~~~\x1b[m\x1b[K\n'}
[5.450108] (rover_gui) StderrLine: {'line': b'\x1b[01m\x1b[K/usr/include/aarch64-linux-gnu/qt6/QtCore/qobject.h:297:13:\x1b[m\x1b[K \x1b[01;36m\x1b[Knote: \x1b[m\x1b[K  template argument deduction/substitution failed:\n'}
[5.450129] (rover_gui) StderrLine: {'line': b'/usr/include/aarch64-linux-gnu/qt6/QtCore/qobject.h: In substitution of \xe2\x80\x98\x1b[01m\x1b[Ktemplate<class Func1, class Func2> static typename std::enable_if<(QtPrivate::FunctionPointer<Func2>::ArgumentCount == -1), QMetaObject::Connection>::type QObject::connect(const typename QtPrivate::FunctionPointer<Func>::Object*, Func1, const QObject*, Func2, Qt::ConnectionType) [with Func1 = void (QComboBox::*)(int); Func2 = void (SecondaryWindow::*)(int)]\x1b[m\x1b[K\xe2\x80\x99:\n'}
[5.450152] (rover_gui) StderrLine: {'line': b'\x1b[01m\x1b[K/home/chris/ros2_ws/src/rover/rover_gui/src/SecondaryWindow.cpp:67:12:\x1b[m\x1b[K   required from here\n'}
[5.450172] (rover_gui) StderrLine: {'line': b'\x1b[01m\x1b[K/usr/include/aarch64-linux-gnu/qt6/QtCore/qobject.h:297:13:\x1b[m\x1b[K \x1b[01;31m\x1b[Kerror: \x1b[m\x1b[Kno type named \xe2\x80\x98\x1b[01m\x1b[Ktype\x1b[m\x1b[K\xe2\x80\x99 in \xe2\x80\x98\x1b[01m\x1b[Kstruct std::enable_if<false, QMetaObject::Connection>\x1b[m\x1b[K\xe2\x80\x99\n'}
[5.450194] (rover_gui) StderrLine: {'line': b'\x1b[01m\x1b[K/usr/include/aarch64-linux-gnu/qt6/QtCore/qobject.h:197:36:\x1b[m\x1b[K \x1b[01;36m\x1b[Knote: \x1b[m\x1b[Kcandidate: \xe2\x80\x98\x1b[01m\x1b[Kstatic QMetaObject::Connection QObject::connect(const QObject*, const char*, const QObject*, const char*, Qt::ConnectionType)\x1b[m\x1b[K\xe2\x80\x99\n'}
[5.450216] (rover_gui) StderrLine: {'line': b'  197 |     static QMetaObject::Connection \x1b[01;36m\x1b[Kconnect\x1b[m\x1b[K(const QObject *sender, const char *signal,\n'}
[5.450236] (rover_gui) StderrLine: {'line': b'      |                                    \x1b[01;36m\x1b[K^~~~~~~\x1b[m\x1b[K\n'}
[5.453313] (rover_gui) StderrLine: {'line': b'\x1b[01m\x1b[K/usr/include/aarch64-linux-gnu/qt6/QtCore/qobject.h:197:59:\x1b[m\x1b[K \x1b[01;36m\x1b[Knote: \x1b[m\x1b[K  no known conversion for argument 1 from \xe2\x80\x98\x1b[01m\x1b[KQComboBox\x1b[m\x1b[K\xe2\x80\x99 to \xe2\x80\x98\x1b[01m\x1b[Kconst QObject*\x1b[m\x1b[K\xe2\x80\x99\n'}
[5.453349] (rover_gui) StderrLine: {'line': b'  197 |     static QMetaObject::Connection connect(\x1b[01;36m\x1b[Kconst QObject *sender\x1b[m\x1b[K, const char *signal,\n'}
[5.453373] (rover_gui) StderrLine: {'line': b'      |                                            \x1b[01;36m\x1b[K~~~~~~~~~~~~~~~^~~~~~\x1b[m\x1b[K\n'}
[5.453395] (rover_gui) StderrLine: {'line': b'\x1b[01m\x1b[K/usr/include/aarch64-linux-gnu/qt6/QtCore/qobject.h:200:36:\x1b[m\x1b[K \x1b[01;36m\x1b[Knote: \x1b[m\x1b[Kcandidate: \xe2\x80\x98\x1b[01m\x1b[Kstatic QMetaObject::Connection QObject::connect(const QObject*, const QMetaMethod&, const QObject*, const QMetaMethod&, Qt::ConnectionType)\x1b[m\x1b[K\xe2\x80\x99\n'}
[5.453419] (rover_gui) StderrLine: {'line': b'  200 |     static QMetaObject::Connection \x1b[01;36m\x1b[Kconnect\x1b[m\x1b[K(const QObject *sender, const QMetaMethod &signal,\n'}
[5.453440] (rover_gui) StderrLine: {'line': b'      |                                    \x1b[01;36m\x1b[K^~~~~~~\x1b[m\x1b[K\n'}
[5.453465] (rover_gui) StderrLine: {'line': b'\x1b[01m\x1b[K/usr/include/aarch64-linux-gnu/qt6/QtCore/qobject.h:200:59:\x1b[m\x1b[K \x1b[01;36m\x1b[Knote: \x1b[m\x1b[K  no known conversion for argument 1 from \xe2\x80\x98\x1b[01m\x1b[KQComboBox\x1b[m\x1b[K\xe2\x80\x99 to \xe2\x80\x98\x1b[01m\x1b[Kconst QObject*\x1b[m\x1b[K\xe2\x80\x99\n'}
[5.453487] (rover_gui) StderrLine: {'line': b'  200 |     static QMetaObject::Connection connect(\x1b[01;36m\x1b[Kconst QObject *sender\x1b[m\x1b[K, const QMetaMethod &signal,\n'}
[5.453508] (rover_gui) StderrLine: {'line': b'      |                                            \x1b[01;36m\x1b[K~~~~~~~~~~~~~~~^~~~~~\x1b[m\x1b[K\n'}
[5.453529] (rover_gui) StderrLine: {'line': b'\x1b[01m\x1b[K/usr/include/aarch64-linux-gnu/qt6/QtCore/qobject.h:443:32:\x1b[m\x1b[K \x1b[01;36m\x1b[Knote: \x1b[m\x1b[Kcandidate: \xe2\x80\x98\x1b[01m\x1b[KQMetaObject::Connection QObject::connect(const QObject*, const char*, const char*, Qt::ConnectionType) const\x1b[m\x1b[K\xe2\x80\x99\n'}
[5.453551] (rover_gui) StderrLine: {'line': b'  443 | inline QMetaObject::Connection \x1b[01;36m\x1b[KQObject\x1b[m\x1b[K::connect(const QObject *asender, const char *asignal,\n'}
[5.453573] (rover_gui) StderrLine: {'line': b'      |                                \x1b[01;36m\x1b[K^~~~~~~\x1b[m\x1b[K\n'}
[5.453594] (rover_gui) StderrLine: {'line': b'\x1b[01m\x1b[K/usr/include/aarch64-linux-gnu/qt6/QtCore/qobject.h:443:64:\x1b[m\x1b[K \x1b[01;36m\x1b[Knote: \x1b[m\x1b[K  no known conversion for argument 1 from \xe2\x80\x98\x1b[01m\x1b[KQComboBox\x1b[m\x1b[K\xe2\x80\x99 to \xe2\x80\x98\x1b[01m\x1b[Kconst QObject*\x1b[m\x1b[K\xe2\x80\x99\n'}
[5.453616] (rover_gui) StderrLine: {'line': b'  443 | inline QMetaObject::Connection QObject::connect(\x1b[01;36m\x1b[Kconst QObject *asender\x1b[m\x1b[K, const char *asignal,\n'}
[5.453639] (rover_gui) StderrLine: {'line': b'      |                                                 \x1b[01;36m\x1b[K~~~~~~~~~~~~~~~^~~~~~~\x1b[m\x1b[K\n'}
[5.453660] (rover_gui) StderrLine: {'line': b'\x1b[01m\x1b[K/home/chris/ros2_ws/src/rover/rover_gui/src/SecondaryWindow.cpp:69:12:\x1b[m\x1b[K \x1b[01;31m\x1b[Kerror: \x1b[m\x1b[Kno matching function for call to \xe2\x80\x98\x1b[01m\x1b[KSecondaryWindow::connect(QPushButton&, void (QAbstractButton::*)(bool), SecondaryWindow*, void (SecondaryWindow::*)())\x1b[m\x1b[K\xe2\x80\x99\n'}
[5.453684] (rover_gui) StderrLine: {'line': b'   69 |     \x1b[01;31m\x1b[Kconnect(_addStreamBtn, &QPushButton::clicked, this, &SecondaryWindow::addStream)\x1b[m\x1b[K;\n'}
[5.453707] (rover_gui) StderrLine: {'line': b'      |     \x1b[01;31m\x1b[K~~~~~~~^~~~~~~~~~~~~~~~~~~~~~~~~~~~~~~~~~~~~~~~~~~~~~~~~~~~~~~~~~~~~~~~~~~~~~~~~\x1b[m\x1b[K\n'}
[5.453728] (rover_gui) StderrLine: {'line': b'In file included from \x1b[01m\x1b[K/usr/include/aarch64-linux-gnu/qt6/QtWidgets/qwidget.h:45\x1b[m\x1b[K,\n'}
[5.453749] (rover_gui) StderrLine: {'line': b'                 from \x1b[01m\x1b[K/usr/include/aarch64-linux-gnu/qt6/QtWidgets/qmainwindow.h:44\x1b[m\x1b[K,\n'}
[5.453772] (rover_gui) StderrLine: {'line': b'                 from \x1b[01m\x1b[K/usr/include/aarch64-linux-gnu/qt6/QtWidgets/QMainWindow:1\x1b[m\x1b[K,\n'}
[5.453793] (rover_gui) StderrLine: {'line': b'                 from \x1b[01m\x1b[K/home/chris/ros2_ws/src/rover/rover_gui/src/SecondaryWindow.hpp:4\x1b[m\x1b[K,\n'}
[5.453814] (rover_gui) StderrLine: {'line': b'                 from \x1b[01m\x1b[K/home/chris/ros2_ws/src/rover/rover_gui/src/SecondaryWindow.cpp:1\x1b[m\x1b[K:\n'}
[5.453834] (rover_gui) StderrLine: {'line': b'\x1b[01m\x1b[K/usr/include/aarch64-linux-gnu/qt6/QtCore/qobject.h:217:43:\x1b[m\x1b[K \x1b[01;36m\x1b[Knote: \x1b[m\x1b[Kcandidate: \xe2\x80\x98\x1b[01m\x1b[Kstatic QMetaObject::Connection QObject::connect(const typename QtPrivate::FunctionPointer<Func>::Object*, Func1, const typename QtPrivate::FunctionPointer<Func2>::Object*, Func2, Qt::ConnectionType) [with Func1 = void (QAbstractButton::*)(bool); Func2 = void (SecondaryWindow::*)(); typename QtPrivate::FunctionPointer<Func>::Object = QAbstractButton; typename QtPrivate::FunctionPointer<Func2>::Object = SecondaryWindow]\x1b[m\x1b[K\xe2\x80\x99\n'}
[5.453858] (rover_gui) StderrLine: {'line': b'  217 |     static inline QMetaObject::Connection \x1b[01;36m\x1b[Kconnect\x1b[m\x1b[K(const typename QtPrivate::FunctionPointer<Func1>::Object *sender, Func1 signal,\n'}
[5.453879] (rover_gui) StderrLine: {'line': b'      |                                           \x1b[01;36m\x1b[K^~~~~~~\x1b[m\x1b[K\n'}
[5.453900] (rover_gui) StderrLine: {'line': b'\x1b[01m\x1b[K/usr/include/aarch64-linux-gnu/qt6/QtCore/qobject.h:217:109:\x1b[m\x1b[K \x1b[01;36m\x1b[Knote: \x1b[m\x1b[K  no known conversion for argument 1 from \xe2\x80\x98\x1b[01m\x1b[KQPushButton\x1b[m\x1b[K\xe2\x80\x99 to \xe2\x80\x98\x1b[01m\x1b[Kconst Object*\x1b[m\x1b[K\xe2\x80\x99 {aka \xe2\x80\x98\x1b[01m\x1b[Kconst QAbstractButton*\x1b[m\x1b[K\xe2\x80\x99}\n'}
[5.453922] (rover_gui) StderrLine: {'line': b'  217 |     static inline QMetaObject::Connection connect(\x1b[01;36m\x1b[Kconst typename QtPrivate::FunctionPointer<Func1>::Object *sender\x1b[m\x1b[K, Func1 signal,\n'}
[5.453942] (rover_gui) StderrLine: {'line': b'      |                                                   \x1b[01;36m\x1b[K~~~~~~~~~~~~~~~~~~~~~~~~~~~~~~~~~~~~~~~~~~~~~~~~~~~~~~~~~~^~~~~~\x1b[m\x1b[K\n'}
[5.453964] (rover_gui) StderrLine: {'line': b'\x1b[01m\x1b[K/usr/include/aarch64-linux-gnu/qt6/QtCore/qobject.h:249:13:\x1b[m\x1b[K \x1b[01;36m\x1b[Knote: \x1b[m\x1b[Kcandidate: \xe2\x80\x98\x1b[01m\x1b[Ktemplate<class Func1, class Func2> static typename std::enable_if<((int)(QtPrivate::FunctionPointer<Func2>::ArgumentCount) >= 0), QMetaObject::Connection>::type QObject::connect(const typename QtPrivate::FunctionPointer<Func>::Object*, Func1, Func2)\x1b[m\x1b[K\xe2\x80\x99\n'}
[5.453986] (rover_gui) StderrLine: {'line': b'  249 |             \x1b[01;36m\x1b[Kconnect\x1b[m\x1b[K(const typename QtPrivate::FunctionPointer<Func1>::Object *sender, Func1 signal, Func2 slot)\n'}
[5.454007] (rover_gui) StderrLine: {'line': b'      |             \x1b[01;36m\x1b[K^~~~~~~\x1b[m\x1b[K\n'}
[5.454041] (rover_gui) StderrLine: {'line': b'\x1b[01m\x1b[K/usr/include/aarch64-linux-gnu/qt6/QtCore/qobject.h:249:13:\x1b[m\x1b[K \x1b[01;36m\x1b[Knote: \x1b[m\x1b[K  template argument deduction/substitution failed:\n'}
[5.454063] (rover_gui) StderrLine: {'line': b'\x1b[01m\x1b[K/home/chris/ros2_ws/src/rover/rover_gui/src/SecondaryWindow.cpp:69:12:\x1b[m\x1b[K \x1b[01;36m\x1b[Knote: \x1b[m\x1b[K  candidate expects 3 arguments, 4 provided\n'}
[5.454084] (rover_gui) StderrLine: {'line': b'   69 |     \x1b[01;36m\x1b[Kconnect(_addStreamBtn, &QPushButton::clicked, this, &SecondaryWindow::addStream)\x1b[m\x1b[K;\n'}
[5.454105] (rover_gui) StderrLine: {'line': b'      |     \x1b[01;36m\x1b[K~~~~~~~^~~~~~~~~~~~~~~~~~~~~~~~~~~~~~~~~~~~~~~~~~~~~~~~~~~~~~~~~~~~~~~~~~~~~~~~~\x1b[m\x1b[K\n'}
[5.454127] (rover_gui) StderrLine: {'line': b'In file included from \x1b[01m\x1b[K/usr/include/aarch64-linux-gnu/qt6/QtWidgets/qwidget.h:45\x1b[m\x1b[K,\n'}
[5.454148] (rover_gui) StderrLine: {'line': b'                 from \x1b[01m\x1b[K/usr/include/aarch64-linux-gnu/qt6/QtWidgets/qmainwindow.h:44\x1b[m\x1b[K,\n'}
[5.454171] (rover_gui) StderrLine: {'line': b'                 from \x1b[01m\x1b[K/usr/include/aarch64-linux-gnu/qt6/QtWidgets/QMainWindow:1\x1b[m\x1b[K,\n'}
[5.454191] (rover_gui) StderrLine: {'line': b'                 from \x1b[01m\x1b[K/home/chris/ros2_ws/src/rover/rover_gui/src/SecondaryWindow.hpp:4\x1b[m\x1b[K,\n'}
[5.454212] (rover_gui) StderrLine: {'line': b'                 from \x1b[01m\x1b[K/home/chris/ros2_ws/src/rover/rover_gui/src/SecondaryWindow.cpp:1\x1b[m\x1b[K:\n'}
[5.454233] (rover_gui) StderrLine: {'line': b'\x1b[01m\x1b[K/usr/include/aarch64-linux-gnu/qt6/QtCore/qobject.h:258:13:\x1b[m\x1b[K \x1b[01;36m\x1b[Knote: \x1b[m\x1b[Kcandidate: \xe2\x80\x98\x1b[01m\x1b[Ktemplate<class Func1, class Func2> static typename std::enable_if<(((int)(QtPrivate::FunctionPointer<Func2>::ArgumentCount) >= 0) && (! QtPrivate::FunctionPointer<Func2>::IsPointerToMemberFunction)), QMetaObject::Connection>::type QObject::connect(const typename QtPrivate::FunctionPointer<Func>::Object*, Func1, const QObject*, Func2, Qt::ConnectionType)\x1b[m\x1b[K\xe2\x80\x99\n'}
[5.454273] (rover_gui) StderrLine: {'line': b'  258 |             \x1b[01;36m\x1b[Kconnect\x1b[m\x1b[K(const typename QtPrivate::FunctionPointer<Func1>::Object *sender, Func1 signal, const QObject *context, Func2 slot,\n'}
[5.454309] (rover_gui) StderrLine: {'line': b'      |             \x1b[01;36m\x1b[K^~~~~~~\x1b[m\x1b[K\n'}
[5.454330] (rover_gui) StderrLine: {'line': b'\x1b[01m\x1b[K/usr/include/aarch64-linux-gnu/qt6/QtCore/qobject.h:258:13:\x1b[m\x1b[K \x1b[01;36m\x1b[Knote: \x1b[m\x1b[K  template argument deduction/substitution failed:\n'}
[5.454351] (rover_gui) StderrLine: {'line': b'/usr/include/aarch64-linux-gnu/qt6/QtCore/qobject.h: In substitution of \xe2\x80\x98\x1b[01m\x1b[Ktemplate<class Func1, class Func2> static typename std::enable_if<(((int)(QtPrivate::FunctionPointer<Func2>::ArgumentCount) >= 0) && (! QtPrivate::FunctionPointer<Func2>::IsPointerToMemberFunction)), QMetaObject::Connection>::type QObject::connect(const typename QtPrivate::FunctionPointer<Func>::Object*, Func1, const QObject*, Func2, Qt::ConnectionType) [with Func1 = void (QAbstractButton::*)(bool); Func2 = void (SecondaryWindow::*)()]\x1b[m\x1b[K\xe2\x80\x99:\n'}
[5.454374] (rover_gui) StderrLine: {'line': b'\x1b[01m\x1b[K/home/chris/ros2_ws/src/rover/rover_gui/src/SecondaryWindow.cpp:69:12:\x1b[m\x1b[K   required from here\n'}
[5.454395] (rover_gui) StderrLine: {'line': b'\x1b[01m\x1b[K/usr/include/aarch64-linux-gnu/qt6/QtCore/qobject.h:258:13:\x1b[m\x1b[K \x1b[01;31m\x1b[Kerror: \x1b[m\x1b[Kno type named \xe2\x80\x98\x1b[01m\x1b[Ktype\x1b[m\x1b[K\xe2\x80\x99 in \xe2\x80\x98\x1b[01m\x1b[Kstruct std::enable_if<false, QMetaObject::Connection>\x1b[m\x1b[K\xe2\x80\x99\n'}
[5.454422] (rover_gui) StderrLine: {'line': b'\x1b[01m\x1b[K/usr/include/aarch64-linux-gnu/qt6/QtCore/qobject.h:289:13:\x1b[m\x1b[K \x1b[01;36m\x1b[Knote: \x1b[m\x1b[Kcandidate: \xe2\x80\x98\x1b[01m\x1b[Ktemplate<class Func1, class Func2> static typename std::enable_if<(QtPrivate::FunctionPointer<Func2>::ArgumentCount == -1), QMetaObject::Connection>::type QObject::connect(const typename QtPrivate::FunctionPointer<Func>::Object*, Func1, Func2)\x1b[m\x1b[K\xe2\x80\x99\n'}
[5.454454] (rover_gui) StderrLine: {'line': b'  289 |             \x1b[01;36m\x1b[Kconnect\x1b[m\x1b[K(const typename QtPrivate::FunctionPointer<Func1>::Object *sender, Func1 signal, Func2 slot)\n'}
[5.454508] (rover_gui) StderrLine: {'line': b'      |             \x1b[01;36m\x1b[K^~~~~~~\x1b[m\x1b[K\n'}
[5.454529] (rover_gui) StderrLine: {'line': b'\x1b[01m\x1b[K/usr/include/aarch64-linux-gnu/qt6/QtCore/qobject.h:289:13:\x1b[m\x1b[K \x1b[01;36m\x1b[Knote: \x1b[m\x1b[K  template argument deduction/substitution failed:\n'}
[5.454568] (rover_gui) StderrLine: {'line': b'\x1b[01m\x1b[K/home/chris/ros2_ws/src/rover/rover_gui/src/SecondaryWindow.cpp:69:12:\x1b[m\x1b[K \x1b[01;36m\x1b[Knote: \x1b[m\x1b[K  candidate expects 3 arguments, 4 provided\n'}
[5.454646] (rover_gui) StderrLine: {'line': b'   69 |     \x1b[01;36m\x1b[Kconnect(_addStreamBtn, &QPushButton::clicked, this, &SecondaryWindow::addStream)\x1b[m\x1b[K;\n'}
[5.454669] (rover_gui) StderrLine: {'line': b'      |     \x1b[01;36m\x1b[K~~~~~~~^~~~~~~~~~~~~~~~~~~~~~~~~~~~~~~~~~~~~~~~~~~~~~~~~~~~~~~~~~~~~~~~~~~~~~~~~\x1b[m\x1b[K\n'}
[5.454691] (rover_gui) StderrLine: {'line': b'In file included from \x1b[01m\x1b[K/usr/include/aarch64-linux-gnu/qt6/QtWidgets/qwidget.h:45\x1b[m\x1b[K,\n'}
[5.454712] (rover_gui) StderrLine: {'line': b'                 from \x1b[01m\x1b[K/usr/include/aarch64-linux-gnu/qt6/QtWidgets/qmainwindow.h:44\x1b[m\x1b[K,\n'}
[5.454744] (rover_gui) StderrLine: {'line': b'                 from \x1b[01m\x1b[K/usr/include/aarch64-linux-gnu/qt6/QtWidgets/QMainWindow:1\x1b[m\x1b[K,\n'}
[5.454765] (rover_gui) StderrLine: {'line': b'                 from \x1b[01m\x1b[K/home/chris/ros2_ws/src/rover/rover_gui/src/SecondaryWindow.hpp:4\x1b[m\x1b[K,\n'}
[5.454786] (rover_gui) StderrLine: {'line': b'                 from \x1b[01m\x1b[K/home/chris/ros2_ws/src/rover/rover_gui/src/SecondaryWindow.cpp:1\x1b[m\x1b[K:\n'}
[5.454807] (rover_gui) StderrLine: {'line': b'\x1b[01m\x1b[K/usr/include/aarch64-linux-gnu/qt6/QtCore/qobject.h:297:13:\x1b[m\x1b[K \x1b[01;36m\x1b[Knote: \x1b[m\x1b[Kcandidate: \xe2\x80\x98\x1b[01m\x1b[Ktemplate<class Func1, class Func2> static typename std::enable_if<(QtPrivate::FunctionPointer<Func2>::ArgumentCount == -1), QMetaObject::Connection>::type QObject::connect(const typename QtPrivate::FunctionPointer<Func>::Object*, Func1, const QObject*, Func2, Qt::ConnectionType)\x1b[m\x1b[K\xe2\x80\x99\n'}
[5.454830] (rover_gui) StderrLine: {'line': b'  297 |             \x1b[01;36m\x1b[Kconnect\x1b[m\x1b[K(const typename QtPrivate::FunctionPointer<Func1>::Object *sender, Func1 signal, const QObject *context, Func2 slot,\n'}
[5.454851] (rover_gui) StderrLine: {'line': b'      |             \x1b[01;36m\x1b[K^~~~~~~\x1b[m\x1b[K\n'}
[5.454871] (rover_gui) StderrLine: {'line': b'\x1b[01m\x1b[K/usr/include/aarch64-linux-gnu/qt6/QtCore/qobject.h:297:13:\x1b[m\x1b[K \x1b[01;36m\x1b[Knote: \x1b[m\x1b[K  template argument deduction/substitution failed:\n'}
[5.454892] (rover_gui) StderrLine: {'line': b'/usr/include/aarch64-linux-gnu/qt6/QtCore/qobject.h: In substitution of \xe2\x80\x98\x1b[01m\x1b[Ktemplate<class Func1, class Func2> static typename std::enable_if<(QtPrivate::FunctionPointer<Func2>::ArgumentCount == -1), QMetaObject::Connection>::type QObject::connect(const typename QtPrivate::FunctionPointer<Func>::Object*, Func1, const QObject*, Func2, Qt::ConnectionType) [with Func1 = void (QAbstractButton::*)(bool); Func2 = void (SecondaryWindow::*)()]\x1b[m\x1b[K\xe2\x80\x99:\n'}
[5.454919] (rover_gui) StderrLine: {'line': b'\x1b[01m\x1b[K/home/chris/ros2_ws/src/rover/rover_gui/src/SecondaryWindow.cpp:69:12:\x1b[m\x1b[K   required from here\n'}
[5.454941] (rover_gui) StderrLine: {'line': b'\x1b[01m\x1b[K/usr/include/aarch64-linux-gnu/qt6/QtCore/qobject.h:297:13:\x1b[m\x1b[K \x1b[01;31m\x1b[Kerror: \x1b[m\x1b[Kno type named \xe2\x80\x98\x1b[01m\x1b[Ktype\x1b[m\x1b[K\xe2\x80\x99 in \xe2\x80\x98\x1b[01m\x1b[Kstruct std::enable_if<false, QMetaObject::Connection>\x1b[m\x1b[K\xe2\x80\x99\n'}
[5.454966] (rover_gui) StderrLine: {'line': b'\x1b[01m\x1b[K/usr/include/aarch64-linux-gnu/qt6/QtCore/qobject.h:197:36:\x1b[m\x1b[K \x1b[01;36m\x1b[Knote: \x1b[m\x1b[Kcandidate: \xe2\x80\x98\x1b[01m\x1b[Kstatic QMetaObject::Connection QObject::connect(const QObject*, const char*, const QObject*, const char*, Qt::ConnectionType)\x1b[m\x1b[K\xe2\x80\x99\n'}
[5.454989] (rover_gui) StderrLine: {'line': b'  197 |     static QMetaObject::Connection \x1b[01;36m\x1b[Kconnect\x1b[m\x1b[K(const QObject *sender, const char *signal,\n'}
[5.455010] (rover_gui) StderrLine: {'line': b'      |                                    \x1b[01;36m\x1b[K^~~~~~~\x1b[m\x1b[K\n'}
[5.455031] (rover_gui) StderrLine: {'line': b'\x1b[01m\x1b[K/usr/include/aarch64-linux-gnu/qt6/QtCore/qobject.h:197:59:\x1b[m\x1b[K \x1b[01;36m\x1b[Knote: \x1b[m\x1b[K  no known conversion for argument 1 from \xe2\x80\x98\x1b[01m\x1b[KQPushButton\x1b[m\x1b[K\xe2\x80\x99 to \xe2\x80\x98\x1b[01m\x1b[Kconst QObject*\x1b[m\x1b[K\xe2\x80\x99\n'}
[5.455065] (rover_gui) StderrLine: {'line': b'  197 |     static QMetaObject::Connection connect(\x1b[01;36m\x1b[Kconst QObject *sender\x1b[m\x1b[K, const char *signal,\n'}
[5.455087] (rover_gui) StderrLine: {'line': b'      |                                            \x1b[01;36m\x1b[K~~~~~~~~~~~~~~~^~~~~~\x1b[m\x1b[K\n'}
[5.455108] (rover_gui) StderrLine: {'line': b'\x1b[01m\x1b[K/usr/include/aarch64-linux-gnu/qt6/QtCore/qobject.h:200:36:\x1b[m\x1b[K \x1b[01;36m\x1b[Knote: \x1b[m\x1b[Kcandidate: \xe2\x80\x98\x1b[01m\x1b[Kstatic QMetaObject::Connection QObject::connect(const QObject*, const QMetaMethod&, const QObject*, const QMetaMethod&, Qt::ConnectionType)\x1b[m\x1b[K\xe2\x80\x99\n'}
[5.455130] (rover_gui) StderrLine: {'line': b'  200 |     static QMetaObject::Connection \x1b[01;36m\x1b[Kconnect\x1b[m\x1b[K(const QObject *sender, const QMetaMethod &signal,\n'}
[5.455151] (rover_gui) StderrLine: {'line': b'      |                                    \x1b[01;36m\x1b[K^~~~~~~\x1b[m\x1b[K\n'}
[5.455171] (rover_gui) StderrLine: {'line': b'\x1b[01m\x1b[K/usr/include/aarch64-linux-gnu/qt6/QtCore/qobject.h:200:59:\x1b[m\x1b[K \x1b[01;36m\x1b[Knote: \x1b[m\x1b[K  no known conversion for argument 1 from \xe2\x80\x98\x1b[01m\x1b[KQPushButton\x1b[m\x1b[K\xe2\x80\x99 to \xe2\x80\x98\x1b[01m\x1b[Kconst QObject*\x1b[m\x1b[K\xe2\x80\x99\n'}
[5.455193] (rover_gui) StderrLine: {'line': b'  200 |     static QMetaObject::Connection connect(\x1b[01;36m\x1b[Kconst QObject *sender\x1b[m\x1b[K, const QMetaMethod &signal,\n'}
[5.455213] (rover_gui) StderrLine: {'line': b'      |                                            \x1b[01;36m\x1b[K~~~~~~~~~~~~~~~^~~~~~\x1b[m\x1b[K\n'}
[5.455234] (rover_gui) StderrLine: {'line': b'\x1b[01m\x1b[K/usr/include/aarch64-linux-gnu/qt6/QtCore/qobject.h:443:32:\x1b[m\x1b[K \x1b[01;36m\x1b[Knote: \x1b[m\x1b[Kcandidate: \xe2\x80\x98\x1b[01m\x1b[KQMetaObject::Connection QObject::connect(const QObject*, const char*, const char*, Qt::ConnectionType) const\x1b[m\x1b[K\xe2\x80\x99\n'}
[5.455313] (rover_gui) StderrLine: {'line': b'  443 | inline QMetaObject::Connection \x1b[01;36m\x1b[KQObject\x1b[m\x1b[K::connect(const QObject *asender, const char *asignal,\n'}
[5.455351] (rover_gui) StderrLine: {'line': b'      |                                \x1b[01;36m\x1b[K^~~~~~~\x1b[m\x1b[K\n'}
[5.455376] (rover_gui) StderrLine: {'line': b'\x1b[01m\x1b[K/usr/include/aarch64-linux-gnu/qt6/QtCore/qobject.h:443:64:\x1b[m\x1b[K \x1b[01;36m\x1b[Knote: \x1b[m\x1b[K  no known conversion for argument 1 from \xe2\x80\x98\x1b[01m\x1b[KQPushButton\x1b[m\x1b[K\xe2\x80\x99 to \xe2\x80\x98\x1b[01m\x1b[Kconst QObject*\x1b[m\x1b[K\xe2\x80\x99\n'}
[5.455400] (rover_gui) StderrLine: {'line': b'  443 | inline QMetaObject::Connection QObject::connect(\x1b[01;36m\x1b[Kconst QObject *asender\x1b[m\x1b[K, const char *asignal,\n'}
[5.455424] (rover_gui) StderrLine: {'line': b'      |                                                 \x1b[01;36m\x1b[K~~~~~~~~~~~~~~~^~~~~~~\x1b[m\x1b[K\n'}
[5.455447] (rover_gui) StderrLine: {'line': b'\x1b[01m\x1b[K/home/chris/ros2_ws/src/rover/rover_gui/src/SecondaryWindow.cpp:70:12:\x1b[m\x1b[K \x1b[01;31m\x1b[Kerror: \x1b[m\x1b[Kno matching function for call to \xe2\x80\x98\x1b[01m\x1b[KSecondaryWindow::connect(QPushButton&, void (QAbstractButton::*)(bool), SecondaryWindow*, void (SecondaryWindow::*)())\x1b[m\x1b[K\xe2\x80\x99\n'}
[5.455470] (rover_gui) StderrLine: {'line': b'   70 |     \x1b[01;31m\x1b[Kconnect(_editStreamBtn, &QPushButton::clicked, this, &SecondaryWindow::editStream)\x1b[m\x1b[K;\n'}
[5.455491] (rover_gui) StderrLine: {'line': b'      |     \x1b[01;31m\x1b[K~~~~~~~^~~~~~~~~~~~~~~~~~~~~~~~~~~~~~~~~~~~~~~~~~~~~~~~~~~~~~~~~~~~~~~~~~~~~~~~~~~\x1b[m\x1b[K\n'}
[5.455512] (rover_gui) StderrLine: {'line': b'In file included from \x1b[01m\x1b[K/usr/include/aarch64-linux-gnu/qt6/QtWidgets/qwidget.h:45\x1b[m\x1b[K,\n'}
[5.455540] (rover_gui) StderrLine: {'line': b'                 from \x1b[01m\x1b[K/usr/include/aarch64-linux-gnu/qt6/QtWidgets/qmainwindow.h:44\x1b[m\x1b[K,\n'}
[5.455561] (rover_gui) StderrLine: {'line': b'                 from \x1b[01m\x1b[K/usr/include/aarch64-linux-gnu/qt6/QtWidgets/QMainWindow:1\x1b[m\x1b[K,\n'}
[5.455582] (rover_gui) StderrLine: {'line': b'                 from \x1b[01m\x1b[K/home/chris/ros2_ws/src/rover/rover_gui/src/SecondaryWindow.hpp:4\x1b[m\x1b[K,\n'}
[5.455605] (rover_gui) StderrLine: {'line': b'                 from \x1b[01m\x1b[K/home/chris/ros2_ws/src/rover/rover_gui/src/SecondaryWindow.cpp:1\x1b[m\x1b[K:\n'}
[5.455626] (rover_gui) StderrLine: {'line': b'\x1b[01m\x1b[K/usr/include/aarch64-linux-gnu/qt6/QtCore/qobject.h:217:43:\x1b[m\x1b[K \x1b[01;36m\x1b[Knote: \x1b[m\x1b[Kcandidate: \xe2\x80\x98\x1b[01m\x1b[Kstatic QMetaObject::Connection QObject::connect(const typename QtPrivate::FunctionPointer<Func>::Object*, Func1, const typename QtPrivate::FunctionPointer<Func2>::Object*, Func2, Qt::ConnectionType) [with Func1 = void (QAbstractButton::*)(bool); Func2 = void (SecondaryWindow::*)(); typename QtPrivate::FunctionPointer<Func>::Object = QAbstractButton; typename QtPrivate::FunctionPointer<Func2>::Object = SecondaryWindow]\x1b[m\x1b[K\xe2\x80\x99\n'}
[5.455652] (rover_gui) StderrLine: {'line': b'  217 |     static inline QMetaObject::Connection \x1b[01;36m\x1b[Kconnect\x1b[m\x1b[K(const typename QtPrivate::FunctionPointer<Func1>::Object *sender, Func1 signal,\n'}
[5.455674] (rover_gui) StderrLine: {'line': b'      |                                           \x1b[01;36m\x1b[K^~~~~~~\x1b[m\x1b[K\n'}
[5.455694] (rover_gui) StderrLine: {'line': b'\x1b[01m\x1b[K/usr/include/aarch64-linux-gnu/qt6/QtCore/qobject.h:217:109:\x1b[m\x1b[K \x1b[01;36m\x1b[Knote: \x1b[m\x1b[K  no known conversion for argument 1 from \xe2\x80\x98\x1b[01m\x1b[KQPushButton\x1b[m\x1b[K\xe2\x80\x99 to \xe2\x80\x98\x1b[01m\x1b[Kconst Object*\x1b[m\x1b[K\xe2\x80\x99 {aka \xe2\x80\x98\x1b[01m\x1b[Kconst QAbstractButton*\x1b[m\x1b[K\xe2\x80\x99}\n'}
[5.455717] (rover_gui) StderrLine: {'line': b'  217 |     static inline QMetaObject::Connection connect(\x1b[01;36m\x1b[Kconst typename QtPrivate::FunctionPointer<Func1>::Object *sender\x1b[m\x1b[K, Func1 signal,\n'}
[5.455741] (rover_gui) StderrLine: {'line': b'      |                                                   \x1b[01;36m\x1b[K~~~~~~~~~~~~~~~~~~~~~~~~~~~~~~~~~~~~~~~~~~~~~~~~~~~~~~~~~~^~~~~~\x1b[m\x1b[K\n'}
[5.455764] (rover_gui) StderrLine: {'line': b'\x1b[01m\x1b[K/usr/include/aarch64-linux-gnu/qt6/QtCore/qobject.h:249:13:\x1b[m\x1b[K \x1b[01;36m\x1b[Knote: \x1b[m\x1b[Kcandidate: \xe2\x80\x98\x1b[01m\x1b[Ktemplate<class Func1, class Func2> static typename std::enable_if<((int)(QtPrivate::FunctionPointer<Func2>::ArgumentCount) >= 0), QMetaObject::Connection>::type QObject::connect(const typename QtPrivate::FunctionPointer<Func>::Object*, Func1, Func2)\x1b[m\x1b[K\xe2\x80\x99\n'}
[5.455788] (rover_gui) StderrLine: {'line': b'  249 |             \x1b[01;36m\x1b[Kconnect\x1b[m\x1b[K(const typename QtPrivate::FunctionPointer<Func1>::Object *sender, Func1 signal, Func2 slot)\n'}
[5.455809] (rover_gui) StderrLine: {'line': b'      |             \x1b[01;36m\x1b[K^~~~~~~\x1b[m\x1b[K\n'}
[5.455830] (rover_gui) StderrLine: {'line': b'\x1b[01m\x1b[K/usr/include/aarch64-linux-gnu/qt6/QtCore/qobject.h:249:13:\x1b[m\x1b[K \x1b[01;36m\x1b[Knote: \x1b[m\x1b[K  template argument deduction/substitution failed:\n'}
[5.455852] (rover_gui) StderrLine: {'line': b'\x1b[01m\x1b[K/home/chris/ros2_ws/src/rover/rover_gui/src/SecondaryWindow.cpp:70:12:\x1b[m\x1b[K \x1b[01;36m\x1b[Knote: \x1b[m\x1b[K  candidate expects 3 arguments, 4 provided\n'}
[5.455873] (rover_gui) StderrLine: {'line': b'   70 |     \x1b[01;36m\x1b[Kconnect(_editStreamBtn, &QPushButton::clicked, this, &SecondaryWindow::editStream)\x1b[m\x1b[K;\n'}
[5.455894] (rover_gui) StderrLine: {'line': b'      |     \x1b[01;36m\x1b[K~~~~~~~^~~~~~~~~~~~~~~~~~~~~~~~~~~~~~~~~~~~~~~~~~~~~~~~~~~~~~~~~~~~~~~~~~~~~~~~~~~\x1b[m\x1b[K\n'}
[5.455915] (rover_gui) StderrLine: {'line': b'In file included from \x1b[01m\x1b[K/usr/include/aarch64-linux-gnu/qt6/QtWidgets/qwidget.h:45\x1b[m\x1b[K,\n'}
[5.455939] (rover_gui) StderrLine: {'line': b'                 from \x1b[01m\x1b[K/usr/include/aarch64-linux-gnu/qt6/QtWidgets/qmainwindow.h:44\x1b[m\x1b[K,\n'}
[5.455959] (rover_gui) StderrLine: {'line': b'                 from \x1b[01m\x1b[K/usr/include/aarch64-linux-gnu/qt6/QtWidgets/QMainWindow:1\x1b[m\x1b[K,\n'}
[5.455980] (rover_gui) StderrLine: {'line': b'                 from \x1b[01m\x1b[K/home/chris/ros2_ws/src/rover/rover_gui/src/SecondaryWindow.hpp:4\x1b[m\x1b[K,\n'}
[5.456001] (rover_gui) StderrLine: {'line': b'                 from \x1b[01m\x1b[K/home/chris/ros2_ws/src/rover/rover_gui/src/SecondaryWindow.cpp:1\x1b[m\x1b[K:\n'}
[5.456021] (rover_gui) StderrLine: {'line': b'\x1b[01m\x1b[K/usr/include/aarch64-linux-gnu/qt6/QtCore/qobject.h:258:13:\x1b[m\x1b[K \x1b[01;36m\x1b[Knote: \x1b[m\x1b[Kcandidate: \xe2\x80\x98\x1b[01m\x1b[Ktemplate<class Func1, class Func2> static typename std::enable_if<(((int)(QtPrivate::FunctionPointer<Func2>::ArgumentCount) >= 0) && (! QtPrivate::FunctionPointer<Func2>::IsPointerToMemberFunction)), QMetaObject::Connection>::type QObject::connect(const typename QtPrivate::FunctionPointer<Func>::Object*, Func1, const QObject*, Func2, Qt::ConnectionType)\x1b[m\x1b[K\xe2\x80\x99\n'}
[5.456044] (rover_gui) StderrLine: {'line': b'  258 |             \x1b[01;36m\x1b[Kconnect\x1b[m\x1b[K(const typename QtPrivate::FunctionPointer<Func1>::Object *sender, Func1 signal, const QObject *context, Func2 slot,\n'}
[5.456071] (rover_gui) StderrLine: {'line': b'      |             \x1b[01;36m\x1b[K^~~~~~~\x1b[m\x1b[K\n'}
[5.456091] (rover_gui) StderrLine: {'line': b'\x1b[01m\x1b[K/usr/include/aarch64-linux-gnu/qt6/QtCore/qobject.h:258:13:\x1b[m\x1b[K \x1b[01;36m\x1b[Knote: \x1b[m\x1b[K  template argument deduction/substitution failed:\n'}
[5.456113] (rover_gui) StderrLine: {'line': b'/usr/include/aarch64-linux-gnu/qt6/QtCore/qobject.h: In substitution of \xe2\x80\x98\x1b[01m\x1b[Ktemplate<class Func1, class Func2> static typename std::enable_if<(((int)(QtPrivate::FunctionPointer<Func2>::ArgumentCount) >= 0) && (! QtPrivate::FunctionPointer<Func2>::IsPointerToMemberFunction)), QMetaObject::Connection>::type QObject::connect(const typename QtPrivate::FunctionPointer<Func>::Object*, Func1, const QObject*, Func2, Qt::ConnectionType) [with Func1 = void (QAbstractButton::*)(bool); Func2 = void (SecondaryWindow::*)()]\x1b[m\x1b[K\xe2\x80\x99:\n'}
[5.456138] (rover_gui) StderrLine: {'line': b'\x1b[01m\x1b[K/home/chris/ros2_ws/src/rover/rover_gui/src/SecondaryWindow.cpp:70:12:\x1b[m\x1b[K   required from here\n'}
[5.456160] (rover_gui) StderrLine: {'line': b'\x1b[01m\x1b[K/usr/include/aarch64-linux-gnu/qt6/QtCore/qobject.h:258:13:\x1b[m\x1b[K \x1b[01;31m\x1b[Kerror: \x1b[m\x1b[Kno type named \xe2\x80\x98\x1b[01m\x1b[Ktype\x1b[m\x1b[K\xe2\x80\x99 in \xe2\x80\x98\x1b[01m\x1b[Kstruct std::enable_if<false, QMetaObject::Connection>\x1b[m\x1b[K\xe2\x80\x99\n'}
[5.456187] (rover_gui) StderrLine: {'line': b'\x1b[01m\x1b[K/usr/include/aarch64-linux-gnu/qt6/QtCore/qobject.h:289:13:\x1b[m\x1b[K \x1b[01;36m\x1b[Knote: \x1b[m\x1b[Kcandidate: \xe2\x80\x98\x1b[01m\x1b[Ktemplate<class Func1, class Func2> static typename std::enable_if<(QtPrivate::FunctionPointer<Func2>::ArgumentCount == -1), QMetaObject::Connection>::type QObject::connect(const typename QtPrivate::FunctionPointer<Func>::Object*, Func1, Func2)\x1b[m\x1b[K\xe2\x80\x99\n'}
[5.456210] (rover_gui) StderrLine: {'line': b'  289 |             \x1b[01;36m\x1b[Kconnect\x1b[m\x1b[K(const typename QtPrivate::FunctionPointer<Func1>::Object *sender, Func1 signal, Func2 slot)\n'}
[5.456231] (rover_gui) StderrLine: {'line': b'      |             \x1b[01;36m\x1b[K^~~~~~~\x1b[m\x1b[K\n'}
[5.459321] (rover_gui) StderrLine: {'line': b'\x1b[01m\x1b[K/usr/include/aarch64-linux-gnu/qt6/QtCore/qobject.h:289:13:\x1b[m\x1b[K \x1b[01;36m\x1b[Knote: \x1b[m\x1b[K  template argument deduction/substitution failed:\n'}
[5.459361] (rover_gui) StderrLine: {'line': b'\x1b[01m\x1b[K/home/chris/ros2_ws/src/rover/rover_gui/src/SecondaryWindow.cpp:70:12:\x1b[m\x1b[K \x1b[01;36m\x1b[Knote: \x1b[m\x1b[K  candidate expects 3 arguments, 4 provided\n'}
[5.459391] (rover_gui) StderrLine: {'line': b'   70 |     \x1b[01;36m\x1b[Kconnect(_editStreamBtn, &QPushButton::clicked, this, &SecondaryWindow::editStream)\x1b[m\x1b[K;\n'}
[5.459414] (rover_gui) StderrLine: {'line': b'      |     \x1b[01;36m\x1b[K~~~~~~~^~~~~~~~~~~~~~~~~~~~~~~~~~~~~~~~~~~~~~~~~~~~~~~~~~~~~~~~~~~~~~~~~~~~~~~~~~~\x1b[m\x1b[K\n'}
[5.459435] (rover_gui) StderrLine: {'line': b'In file included from \x1b[01m\x1b[K/usr/include/aarch64-linux-gnu/qt6/QtWidgets/qwidget.h:45\x1b[m\x1b[K,\n'}
[5.459457] (rover_gui) StderrLine: {'line': b'                 from \x1b[01m\x1b[K/usr/include/aarch64-linux-gnu/qt6/QtWidgets/qmainwindow.h:44\x1b[m\x1b[K,\n'}
[5.459479] (rover_gui) StderrLine: {'line': b'                 from \x1b[01m\x1b[K/usr/include/aarch64-linux-gnu/qt6/QtWidgets/QMainWindow:1\x1b[m\x1b[K,\n'}
[5.459499] (rover_gui) StderrLine: {'line': b'                 from \x1b[01m\x1b[K/home/chris/ros2_ws/src/rover/rover_gui/src/SecondaryWindow.hpp:4\x1b[m\x1b[K,\n'}
[5.459520] (rover_gui) StderrLine: {'line': b'                 from \x1b[01m\x1b[K/home/chris/ros2_ws/src/rover/rover_gui/src/SecondaryWindow.cpp:1\x1b[m\x1b[K:\n'}
[5.459542] (rover_gui) StderrLine: {'line': b'\x1b[01m\x1b[K/usr/include/aarch64-linux-gnu/qt6/QtCore/qobject.h:297:13:\x1b[m\x1b[K \x1b[01;36m\x1b[Knote: \x1b[m\x1b[Kcandidate: \xe2\x80\x98\x1b[01m\x1b[Ktemplate<class Func1, class Func2> static typename std::enable_if<(QtPrivate::FunctionPointer<Func2>::ArgumentCount == -1), QMetaObject::Connection>::type QObject::connect(const typename QtPrivate::FunctionPointer<Func>::Object*, Func1, const QObject*, Func2, Qt::ConnectionType)\x1b[m\x1b[K\xe2\x80\x99\n'}
[5.459566] (rover_gui) StderrLine: {'line': b'  297 |             \x1b[01;36m\x1b[Kconnect\x1b[m\x1b[K(const typename QtPrivate::FunctionPointer<Func1>::Object *sender, Func1 signal, const QObject *context, Func2 slot,\n'}
[5.459590] (rover_gui) StderrLine: {'line': b'      |             \x1b[01;36m\x1b[K^~~~~~~\x1b[m\x1b[K\n'}
[5.459611] (rover_gui) StderrLine: {'line': b'\x1b[01m\x1b[K/usr/include/aarch64-linux-gnu/qt6/QtCore/qobject.h:297:13:\x1b[m\x1b[K \x1b[01;36m\x1b[Knote: \x1b[m\x1b[K  template argument deduction/substitution failed:\n'}
[5.459633] (rover_gui) StderrLine: {'line': b'/usr/include/aarch64-linux-gnu/qt6/QtCore/qobject.h: In substitution of \xe2\x80\x98\x1b[01m\x1b[Ktemplate<class Func1, class Func2> static typename std::enable_if<(QtPrivate::FunctionPointer<Func2>::ArgumentCount == -1), QMetaObject::Connection>::type QObject::connect(const typename QtPrivate::FunctionPointer<Func>::Object*, Func1, const QObject*, Func2, Qt::ConnectionType) [with Func1 = void (QAbstractButton::*)(bool); Func2 = void (SecondaryWindow::*)()]\x1b[m\x1b[K\xe2\x80\x99:\n'}
[5.459662] (rover_gui) StderrLine: {'line': b'\x1b[01m\x1b[K/home/chris/ros2_ws/src/rover/rover_gui/src/SecondaryWindow.cpp:70:12:\x1b[m\x1b[K   required from here\n'}
[5.459684] (rover_gui) StderrLine: {'line': b'\x1b[01m\x1b[K/usr/include/aarch64-linux-gnu/qt6/QtCore/qobject.h:297:13:\x1b[m\x1b[K \x1b[01;31m\x1b[Kerror: \x1b[m\x1b[Kno type named \xe2\x80\x98\x1b[01m\x1b[Ktype\x1b[m\x1b[K\xe2\x80\x99 in \xe2\x80\x98\x1b[01m\x1b[Kstruct std::enable_if<false, QMetaObject::Connection>\x1b[m\x1b[K\xe2\x80\x99\n'}
[5.459707] (rover_gui) StderrLine: {'line': b'\x1b[01m\x1b[K/usr/include/aarch64-linux-gnu/qt6/QtCore/qobject.h:197:36:\x1b[m\x1b[K \x1b[01;36m\x1b[Knote: \x1b[m\x1b[Kcandidate: \xe2\x80\x98\x1b[01m\x1b[Kstatic QMetaObject::Connection QObject::connect(const QObject*, const char*, const QObject*, const char*, Qt::ConnectionType)\x1b[m\x1b[K\xe2\x80\x99\n'}
[5.459729] (rover_gui) StderrLine: {'line': b'  197 |     static QMetaObject::Connection \x1b[01;36m\x1b[Kconnect\x1b[m\x1b[K(const QObject *sender, const char *signal,\n'}
[5.459753] (rover_gui) StderrLine: {'line': b'      |                                    \x1b[01;36m\x1b[K^~~~~~~\x1b[m\x1b[K\n'}
[5.459776] (rover_gui) StderrLine: {'line': b'\x1b[01m\x1b[K/usr/include/aarch64-linux-gnu/qt6/QtCore/qobject.h:197:59:\x1b[m\x1b[K \x1b[01;36m\x1b[Knote: \x1b[m\x1b[K  no known conversion for argument 1 from \xe2\x80\x98\x1b[01m\x1b[KQPushButton\x1b[m\x1b[K\xe2\x80\x99 to \xe2\x80\x98\x1b[01m\x1b[Kconst QObject*\x1b[m\x1b[K\xe2\x80\x99\n'}
[5.459798] (rover_gui) StderrLine: {'line': b'  197 |     static QMetaObject::Connection connect(\x1b[01;36m\x1b[Kconst QObject *sender\x1b[m\x1b[K, const char *signal,\n'}
[5.459820] (rover_gui) StderrLine: {'line': b'      |                                            \x1b[01;36m\x1b[K~~~~~~~~~~~~~~~^~~~~~\x1b[m\x1b[K\n'}
[5.459846] (rover_gui) StderrLine: {'line': b'\x1b[01m\x1b[K/usr/include/aarch64-linux-gnu/qt6/QtCore/qobject.h:200:36:\x1b[m\x1b[K \x1b[01;36m\x1b[Knote: \x1b[m\x1b[Kcandidate: \xe2\x80\x98\x1b[01m\x1b[Kstatic QMetaObject::Connection QObject::connect(const QObject*, const QMetaMethod&, const QObject*, const QMetaMethod&, Qt::ConnectionType)\x1b[m\x1b[K\xe2\x80\x99\n'}
[5.459869] (rover_gui) StderrLine: {'line': b'  200 |     static QMetaObject::Connection \x1b[01;36m\x1b[Kconnect\x1b[m\x1b[K(const QObject *sender, const QMetaMethod &signal,\n'}
[5.459890] (rover_gui) StderrLine: {'line': b'      |                                    \x1b[01;36m\x1b[K^~~~~~~\x1b[m\x1b[K\n'}
[5.459911] (rover_gui) StderrLine: {'line': b'\x1b[01m\x1b[K/usr/include/aarch64-linux-gnu/qt6/QtCore/qobject.h:200:59:\x1b[m\x1b[K \x1b[01;36m\x1b[Knote: \x1b[m\x1b[K  no known conversion for argument 1 from \xe2\x80\x98\x1b[01m\x1b[KQPushButton\x1b[m\x1b[K\xe2\x80\x99 to \xe2\x80\x98\x1b[01m\x1b[Kconst QObject*\x1b[m\x1b[K\xe2\x80\x99\n'}
[5.459932] (rover_gui) StderrLine: {'line': b'  200 |     static QMetaObject::Connection connect(\x1b[01;36m\x1b[Kconst QObject *sender\x1b[m\x1b[K, const QMetaMethod &signal,\n'}
[5.459955] (rover_gui) StderrLine: {'line': b'      |                                            \x1b[01;36m\x1b[K~~~~~~~~~~~~~~~^~~~~~\x1b[m\x1b[K\n'}
[5.459976] (rover_gui) StderrLine: {'line': b'\x1b[01m\x1b[K/usr/include/aarch64-linux-gnu/qt6/QtCore/qobject.h:443:32:\x1b[m\x1b[K \x1b[01;36m\x1b[Knote: \x1b[m\x1b[Kcandidate: \xe2\x80\x98\x1b[01m\x1b[KQMetaObject::Connection QObject::connect(const QObject*, const char*, const char*, Qt::ConnectionType) const\x1b[m\x1b[K\xe2\x80\x99\n'}
[5.459997] (rover_gui) StderrLine: {'line': b'  443 | inline QMetaObject::Connection \x1b[01;36m\x1b[KQObject\x1b[m\x1b[K::connect(const QObject *asender, const char *asignal,\n'}
[5.460019] (rover_gui) StderrLine: {'line': b'      |                                \x1b[01;36m\x1b[K^~~~~~~\x1b[m\x1b[K\n'}
[5.460041] (rover_gui) StderrLine: {'line': b'\x1b[01m\x1b[K/usr/include/aarch64-linux-gnu/qt6/QtCore/qobject.h:443:64:\x1b[m\x1b[K \x1b[01;36m\x1b[Knote: \x1b[m\x1b[K  no known conversion for argument 1 from \xe2\x80\x98\x1b[01m\x1b[KQPushButton\x1b[m\x1b[K\xe2\x80\x99 to \xe2\x80\x98\x1b[01m\x1b[Kconst QObject*\x1b[m\x1b[K\xe2\x80\x99\n'}
[5.460063] (rover_gui) StderrLine: {'line': b'  443 | inline QMetaObject::Connection QObject::connect(\x1b[01;36m\x1b[Kconst QObject *asender\x1b[m\x1b[K, const char *asignal,\n'}
[5.460090] (rover_gui) StderrLine: {'line': b'      |                                                 \x1b[01;36m\x1b[K~~~~~~~~~~~~~~~^~~~~~~\x1b[m\x1b[K\n'}
[5.460111] (rover_gui) StderrLine: {'line': b'\x1b[01m\x1b[K/home/chris/ros2_ws/src/rover/rover_gui/src/SecondaryWindow.cpp:71:12:\x1b[m\x1b[K \x1b[01;31m\x1b[Kerror: \x1b[m\x1b[Kno matching function for call to \xe2\x80\x98\x1b[01m\x1b[KSecondaryWindow::connect(QPushButton&, void (QAbstractButton::*)(bool), SecondaryWindow*, void (SecondaryWindow::*)())\x1b[m\x1b[K\xe2\x80\x99\n'}
[5.460135] (rover_gui) StderrLine: {'line': b'   71 |     \x1b[01;31m\x1b[Kconnect(_removeStreamBtn, &QPushButton::clicked, this, &SecondaryWindow::removeStream)\x1b[m\x1b[K;\n'}
[5.460157] (rover_gui) StderrLine: {'line': b'      |     \x1b[01;31m\x1b[K~~~~~~~^~~~~~~~~~~~~~~~~~~~~~~~~~~~~~~~~~~~~~~~~~~~~~~~~~~~~~~~~~~~~~~~~~~~~~~~~~~~~~~\x1b[m\x1b[K\n'}
[5.460181] (rover_gui) StderrLine: {'line': b'In file included from \x1b[01m\x1b[K/usr/include/aarch64-linux-gnu/qt6/QtWidgets/qwidget.h:45\x1b[m\x1b[K,\n'}
[5.460204] (rover_gui) StderrLine: {'line': b'                 from \x1b[01m\x1b[K/usr/include/aarch64-linux-gnu/qt6/QtWidgets/qmainwindow.h:44\x1b[m\x1b[K,\n'}
[5.460225] (rover_gui) StderrLine: {'line': b'                 from \x1b[01m\x1b[K/usr/include/aarch64-linux-gnu/qt6/QtWidgets/QMainWindow:1\x1b[m\x1b[K,\n'}
[5.460255] (rover_gui) StderrLine: {'line': b'                 from \x1b[01m\x1b[K/home/chris/ros2_ws/src/rover/rover_gui/src/SecondaryWindow.hpp:4\x1b[m\x1b[K,\n'}
[5.460341] (rover_gui) StderrLine: {'line': b'                 from \x1b[01m\x1b[K/home/chris/ros2_ws/src/rover/rover_gui/src/SecondaryWindow.cpp:1\x1b[m\x1b[K:\n'}
[5.460366] (rover_gui) StderrLine: {'line': b'\x1b[01m\x1b[K/usr/include/aarch64-linux-gnu/qt6/QtCore/qobject.h:217:43:\x1b[m\x1b[K \x1b[01;36m\x1b[Knote: \x1b[m\x1b[Kcandidate: \xe2\x80\x98\x1b[01m\x1b[Kstatic QMetaObject::Connection QObject::connect(const typename QtPrivate::FunctionPointer<Func>::Object*, Func1, const typename QtPrivate::FunctionPointer<Func2>::Object*, Func2, Qt::ConnectionType) [with Func1 = void (QAbstractButton::*)(bool); Func2 = void (SecondaryWindow::*)(); typename QtPrivate::FunctionPointer<Func>::Object = QAbstractButton; typename QtPrivate::FunctionPointer<Func2>::Object = SecondaryWindow]\x1b[m\x1b[K\xe2\x80\x99\n'}
[5.460392] (rover_gui) StderrLine: {'line': b'  217 |     static inline QMetaObject::Connection \x1b[01;36m\x1b[Kconnect\x1b[m\x1b[K(const typename QtPrivate::FunctionPointer<Func1>::Object *sender, Func1 signal,\n'}
[5.460414] (rover_gui) StderrLine: {'line': b'      |                                           \x1b[01;36m\x1b[K^~~~~~~\x1b[m\x1b[K\n'}
[5.460450] (rover_gui) StderrLine: {'line': b'\x1b[01m\x1b[K/usr/include/aarch64-linux-gnu/qt6/QtCore/qobject.h:217:109:\x1b[m\x1b[K \x1b[01;36m\x1b[Knote: \x1b[m\x1b[K  no known conversion for argument 1 from \xe2\x80\x98\x1b[01m\x1b[KQPushButton\x1b[m\x1b[K\xe2\x80\x99 to \xe2\x80\x98\x1b[01m\x1b[Kconst Object*\x1b[m\x1b[K\xe2\x80\x99 {aka \xe2\x80\x98\x1b[01m\x1b[Kconst QAbstractButton*\x1b[m\x1b[K\xe2\x80\x99}\n'}
[5.460480] (rover_gui) StderrLine: {'line': b'  217 |     static inline QMetaObject::Connection connect(\x1b[01;36m\x1b[Kconst typename QtPrivate::FunctionPointer<Func1>::Object *sender\x1b[m\x1b[K, Func1 signal,\n'}
[5.460502] (rover_gui) StderrLine: {'line': b'      |                                                   \x1b[01;36m\x1b[K~~~~~~~~~~~~~~~~~~~~~~~~~~~~~~~~~~~~~~~~~~~~~~~~~~~~~~~~~~^~~~~~\x1b[m\x1b[K\n'}
[5.460523] (rover_gui) StderrLine: {'line': b'\x1b[01m\x1b[K/usr/include/aarch64-linux-gnu/qt6/QtCore/qobject.h:249:13:\x1b[m\x1b[K \x1b[01;36m\x1b[Knote: \x1b[m\x1b[Kcandidate: \xe2\x80\x98\x1b[01m\x1b[Ktemplate<class Func1, class Func2> static typename std::enable_if<((int)(QtPrivate::FunctionPointer<Func2>::ArgumentCount) >= 0), QMetaObject::Connection>::type QObject::connect(const typename QtPrivate::FunctionPointer<Func>::Object*, Func1, Func2)\x1b[m\x1b[K\xe2\x80\x99\n'}
[5.460548] (rover_gui) StderrLine: {'line': b'  249 |             \x1b[01;36m\x1b[Kconnect\x1b[m\x1b[K(const typename QtPrivate::FunctionPointer<Func1>::Object *sender, Func1 signal, Func2 slot)\n'}
[5.460569] (rover_gui) StderrLine: {'line': b'      |             \x1b[01;36m\x1b[K^~~~~~~\x1b[m\x1b[K\n'}
[5.460590] (rover_gui) StderrLine: {'line': b'\x1b[01m\x1b[K/usr/include/aarch64-linux-gnu/qt6/QtCore/qobject.h:249:13:\x1b[m\x1b[K \x1b[01;36m\x1b[Knote: \x1b[m\x1b[K  template argument deduction/substitution failed:\n'}
[5.460611] (rover_gui) StderrLine: {'line': b'\x1b[01m\x1b[K/home/chris/ros2_ws/src/rover/rover_gui/src/SecondaryWindow.cpp:71:12:\x1b[m\x1b[K \x1b[01;36m\x1b[Knote: \x1b[m\x1b[K  candidate expects 3 arguments, 4 provided\n'}
[5.460633] (rover_gui) StderrLine: {'line': b'   71 |     \x1b[01;36m\x1b[Kconnect(_removeStreamBtn, &QPushButton::clicked, this, &SecondaryWindow::removeStream)\x1b[m\x1b[K;\n'}
[5.460656] (rover_gui) StderrLine: {'line': b'      |     \x1b[01;36m\x1b[K~~~~~~~^~~~~~~~~~~~~~~~~~~~~~~~~~~~~~~~~~~~~~~~~~~~~~~~~~~~~~~~~~~~~~~~~~~~~~~~~~~~~~~\x1b[m\x1b[K\n'}
[5.460677] (rover_gui) StderrLine: {'line': b'In file included from \x1b[01m\x1b[K/usr/include/aarch64-linux-gnu/qt6/QtWidgets/qwidget.h:45\x1b[m\x1b[K,\n'}
[5.460698] (rover_gui) StderrLine: {'line': b'                 from \x1b[01m\x1b[K/usr/include/aarch64-linux-gnu/qt6/QtWidgets/qmainwindow.h:44\x1b[m\x1b[K,\n'}
[5.460718] (rover_gui) StderrLine: {'line': b'                 from \x1b[01m\x1b[K/usr/include/aarch64-linux-gnu/qt6/QtWidgets/QMainWindow:1\x1b[m\x1b[K,\n'}
[5.460739] (rover_gui) StderrLine: {'line': b'                 from \x1b[01m\x1b[K/home/chris/ros2_ws/src/rover/rover_gui/src/SecondaryWindow.hpp:4\x1b[m\x1b[K,\n'}
[5.460760] (rover_gui) StderrLine: {'line': b'                 from \x1b[01m\x1b[K/home/chris/ros2_ws/src/rover/rover_gui/src/SecondaryWindow.cpp:1\x1b[m\x1b[K:\n'}
[5.460781] (rover_gui) StderrLine: {'line': b'\x1b[01m\x1b[K/usr/include/aarch64-linux-gnu/qt6/QtCore/qobject.h:258:13:\x1b[m\x1b[K \x1b[01;36m\x1b[Knote: \x1b[m\x1b[Kcandidate: \xe2\x80\x98\x1b[01m\x1b[Ktemplate<class Func1, class Func2> static typename std::enable_if<(((int)(QtPrivate::FunctionPointer<Func2>::ArgumentCount) >= 0) && (! QtPrivate::FunctionPointer<Func2>::IsPointerToMemberFunction)), QMetaObject::Connection>::type QObject::connect(const typename QtPrivate::FunctionPointer<Func>::Object*, Func1, const QObject*, Func2, Qt::ConnectionType)\x1b[m\x1b[K\xe2\x80\x99\n'}
[5.460804] (rover_gui) StderrLine: {'line': b'  258 |             \x1b[01;36m\x1b[Kconnect\x1b[m\x1b[K(const typename QtPrivate::FunctionPointer<Func1>::Object *sender, Func1 signal, const QObject *context, Func2 slot,\n'}
[5.460825] (rover_gui) StderrLine: {'line': b'      |             \x1b[01;36m\x1b[K^~~~~~~\x1b[m\x1b[K\n'}
[5.461019] (rover_gui) StderrLine: {'line': b'\x1b[01m\x1b[K/usr/include/aarch64-linux-gnu/qt6/QtCore/qobject.h:258:13:\x1b[m\x1b[K \x1b[01;36m\x1b[Knote: \x1b[m\x1b[K  template argument deduction/substitution failed:\n'}
[5.461153] (rover_gui) StderrLine: {'line': b'/usr/include/aarch64-linux-gnu/qt6/QtCore/qobject.h: In substitution of \xe2\x80\x98\x1b[01m\x1b[Ktemplate<class Func1, class Func2> static typename std::enable_if<(((int)(QtPrivate::FunctionPointer<Func2>::ArgumentCount) >= 0) && (! QtPrivate::FunctionPointer<Func2>::IsPointerToMemberFunction)), QMetaObject::Connection>::type QObject::connect(const typename QtPrivate::FunctionPointer<Func>::Object*, Func1, const QObject*, Func2, Qt::ConnectionType) [with Func1 = void (QAbstractButton::*)(bool); Func2 = void (SecondaryWindow::*)()]\x1b[m\x1b[K\xe2\x80\x99:\n'}
[5.461203] (rover_gui) StderrLine: {'line': b'\x1b[01m\x1b[K/home/chris/ros2_ws/src/rover/rover_gui/src/SecondaryWindow.cpp:71:12:\x1b[m\x1b[K   required from here\n'}
[5.461229] (rover_gui) StderrLine: {'line': b'\x1b[01m\x1b[K/usr/include/aarch64-linux-gnu/qt6/QtCore/qobject.h:258:13:\x1b[m\x1b[K \x1b[01;31m\x1b[Kerror: \x1b[m\x1b[Kno type named \xe2\x80\x98\x1b[01m\x1b[Ktype\x1b[m\x1b[K\xe2\x80\x99 in \xe2\x80\x98\x1b[01m\x1b[Kstruct std::enable_if<false, QMetaObject::Connection>\x1b[m\x1b[K\xe2\x80\x99\n'}
[5.461274] (rover_gui) StderrLine: {'line': b'\x1b[01m\x1b[K/usr/include/aarch64-linux-gnu/qt6/QtCore/qobject.h:289:13:\x1b[m\x1b[K \x1b[01;36m\x1b[Knote: \x1b[m\x1b[Kcandidate: \xe2\x80\x98\x1b[01m\x1b[Ktemplate<class Func1, class Func2> static typename std::enable_if<(QtPrivate::FunctionPointer<Func2>::ArgumentCount == -1), QMetaObject::Connection>::type QObject::connect(const typename QtPrivate::FunctionPointer<Func>::Object*, Func1, Func2)\x1b[m\x1b[K\xe2\x80\x99\n'}
[5.461303] (rover_gui) StderrLine: {'line': b'  289 |             \x1b[01;36m\x1b[Kconnect\x1b[m\x1b[K(const typename QtPrivate::FunctionPointer<Func1>::Object *sender, Func1 signal, Func2 slot)\n'}
[5.461326] (rover_gui) StderrLine: {'line': b'      |             \x1b[01;36m\x1b[K^~~~~~~\x1b[m\x1b[K\n'}
[5.461347] (rover_gui) StderrLine: {'line': b'\x1b[01m\x1b[K/usr/include/aarch64-linux-gnu/qt6/QtCore/qobject.h:289:13:\x1b[m\x1b[K \x1b[01;36m\x1b[Knote: \x1b[m\x1b[K  template argument deduction/substitution failed:\n'}
[5.461373] (rover_gui) StderrLine: {'line': b'\x1b[01m\x1b[K/home/chris/ros2_ws/src/rover/rover_gui/src/SecondaryWindow.cpp:71:12:\x1b[m\x1b[K \x1b[01;36m\x1b[Knote: \x1b[m\x1b[K  candidate expects 3 arguments, 4 provided\n'}
[5.461397] (rover_gui) StderrLine: {'line': b'   71 |     \x1b[01;36m\x1b[Kconnect(_removeStreamBtn, &QPushButton::clicked, this, &SecondaryWindow::removeStream)\x1b[m\x1b[K;\n'}
[5.461442] (rover_gui) StderrLine: {'line': b'      |     \x1b[01;36m\x1b[K~~~~~~~^~~~~~~~~~~~~~~~~~~~~~~~~~~~~~~~~~~~~~~~~~~~~~~~~~~~~~~~~~~~~~~~~~~~~~~~~~~~~~~\x1b[m\x1b[K\n'}
[5.461465] (rover_gui) StderrLine: {'line': b'In file included from \x1b[01m\x1b[K/usr/include/aarch64-linux-gnu/qt6/QtWidgets/qwidget.h:45\x1b[m\x1b[K,\n'}
[5.461540] (rover_gui) StderrLine: {'line': b'                 from \x1b[01m\x1b[K/usr/include/aarch64-linux-gnu/qt6/QtWidgets/qmainwindow.h:44\x1b[m\x1b[K,\n'}
[5.461575] (rover_gui) StderrLine: {'line': b'                 from \x1b[01m\x1b[K/usr/include/aarch64-linux-gnu/qt6/QtWidgets/QMainWindow:1\x1b[m\x1b[K,\n'}
[5.461600] (rover_gui) StderrLine: {'line': b'                 from \x1b[01m\x1b[K/home/chris/ros2_ws/src/rover/rover_gui/src/SecondaryWindow.hpp:4\x1b[m\x1b[K,\n'}
[5.461623] (rover_gui) StderrLine: {'line': b'                 from \x1b[01m\x1b[K/home/chris/ros2_ws/src/rover/rover_gui/src/SecondaryWindow.cpp:1\x1b[m\x1b[K:\n'}
[5.461645] (rover_gui) StderrLine: {'line': b'\x1b[01m\x1b[K/usr/include/aarch64-linux-gnu/qt6/QtCore/qobject.h:297:13:\x1b[m\x1b[K \x1b[01;36m\x1b[Knote: \x1b[m\x1b[Kcandidate: \xe2\x80\x98\x1b[01m\x1b[Ktemplate<class Func1, class Func2> static typename std::enable_if<(QtPrivate::FunctionPointer<Func2>::ArgumentCount == -1), QMetaObject::Connection>::type QObject::connect(const typename QtPrivate::FunctionPointer<Func>::Object*, Func1, const QObject*, Func2, Qt::ConnectionType)\x1b[m\x1b[K\xe2\x80\x99\n'}
[5.461670] (rover_gui) StderrLine: {'line': b'  297 |             \x1b[01;36m\x1b[Kconnect\x1b[m\x1b[K(const typename QtPrivate::FunctionPointer<Func1>::Object *sender, Func1 signal, const QObject *context, Func2 slot,\n'}
[5.461693] (rover_gui) StderrLine: {'line': b'      |             \x1b[01;36m\x1b[K^~~~~~~\x1b[m\x1b[K\n'}
[5.461714] (rover_gui) StderrLine: {'line': b'\x1b[01m\x1b[K/usr/include/aarch64-linux-gnu/qt6/QtCore/qobject.h:297:13:\x1b[m\x1b[K \x1b[01;36m\x1b[Knote: \x1b[m\x1b[K  template argument deduction/substitution failed:\n'}
[5.461736] (rover_gui) StderrLine: {'line': b'/usr/include/aarch64-linux-gnu/qt6/QtCore/qobject.h: In substitution of \xe2\x80\x98\x1b[01m\x1b[Ktemplate<class Func1, class Func2> static typename std::enable_if<(QtPrivate::FunctionPointer<Func2>::ArgumentCount == -1), QMetaObject::Connection>::type QObject::connect(const typename QtPrivate::FunctionPointer<Func>::Object*, Func1, const QObject*, Func2, Qt::ConnectionType) [with Func1 = void (QAbstractButton::*)(bool); Func2 = void (SecondaryWindow::*)()]\x1b[m\x1b[K\xe2\x80\x99:\n'}
[5.461761] (rover_gui) StderrLine: {'line': b'\x1b[01m\x1b[K/home/chris/ros2_ws/src/rover/rover_gui/src/SecondaryWindow.cpp:71:12:\x1b[m\x1b[K   required from here\n'}
[5.461783] (rover_gui) StderrLine: {'line': b'\x1b[01m\x1b[K/usr/include/aarch64-linux-gnu/qt6/QtCore/qobject.h:297:13:\x1b[m\x1b[K \x1b[01;31m\x1b[Kerror: \x1b[m\x1b[Kno type named \xe2\x80\x98\x1b[01m\x1b[Ktype\x1b[m\x1b[K\xe2\x80\x99 in \xe2\x80\x98\x1b[01m\x1b[Kstruct std::enable_if<false, QMetaObject::Connection>\x1b[m\x1b[K\xe2\x80\x99\n'}
[5.461810] (rover_gui) StderrLine: {'line': b'\x1b[01m\x1b[K/usr/include/aarch64-linux-gnu/qt6/QtCore/qobject.h:197:36:\x1b[m\x1b[K \x1b[01;36m\x1b[Knote: \x1b[m\x1b[Kcandidate: \xe2\x80\x98\x1b[01m\x1b[Kstatic QMetaObject::Connection QObject::connect(const QObject*, const char*, const QObject*, const char*, Qt::ConnectionType)\x1b[m\x1b[K\xe2\x80\x99\n'}
[5.461836] (rover_gui) StderrLine: {'line': b'  197 |     static QMetaObject::Connection \x1b[01;36m\x1b[Kconnect\x1b[m\x1b[K(const QObject *sender, const char *signal,\n'}
[5.461861] (rover_gui) StderrLine: {'line': b'      |                                    \x1b[01;36m\x1b[K^~~~~~~\x1b[m\x1b[K\n'}
[5.461882] (rover_gui) StderrLine: {'line': b'\x1b[01m\x1b[K/usr/include/aarch64-linux-gnu/qt6/QtCore/qobject.h:197:59:\x1b[m\x1b[K \x1b[01;36m\x1b[Knote: \x1b[m\x1b[K  no known conversion for argument 1 from \xe2\x80\x98\x1b[01m\x1b[KQPushButton\x1b[m\x1b[K\xe2\x80\x99 to \xe2\x80\x98\x1b[01m\x1b[Kconst QObject*\x1b[m\x1b[K\xe2\x80\x99\n'}
[5.461905] (rover_gui) StderrLine: {'line': b'  197 |     static QMetaObject::Connection connect(\x1b[01;36m\x1b[Kconst QObject *sender\x1b[m\x1b[K, const char *signal,\n'}
[5.461928] (rover_gui) StderrLine: {'line': b'      |                                            \x1b[01;36m\x1b[K~~~~~~~~~~~~~~~^~~~~~\x1b[m\x1b[K\n'}
[5.461950] (rover_gui) StderrLine: {'line': b'\x1b[01m\x1b[K/usr/include/aarch64-linux-gnu/qt6/QtCore/qobject.h:200:36:\x1b[m\x1b[K \x1b[01;36m\x1b[Knote: \x1b[m\x1b[Kcandidate: \xe2\x80\x98\x1b[01m\x1b[Kstatic QMetaObject::Connection QObject::connect(const QObject*, const QMetaMethod&, const QObject*, const QMetaMethod&, Qt::ConnectionType)\x1b[m\x1b[K\xe2\x80\x99\n'}
[5.461975] (rover_gui) StderrLine: {'line': b'  200 |     static QMetaObject::Connection \x1b[01;36m\x1b[Kconnect\x1b[m\x1b[K(const QObject *sender, const QMetaMethod &signal,\n'}
[5.461996] (rover_gui) StderrLine: {'line': b'      |                                    \x1b[01;36m\x1b[K^~~~~~~\x1b[m\x1b[K\n'}
[5.462017] (rover_gui) StderrLine: {'line': b'\x1b[01m\x1b[K/usr/include/aarch64-linux-gnu/qt6/QtCore/qobject.h:200:59:\x1b[m\x1b[K \x1b[01;36m\x1b[Knote: \x1b[m\x1b[K  no known conversion for argument 1 from \xe2\x80\x98\x1b[01m\x1b[KQPushButton\x1b[m\x1b[K\xe2\x80\x99 to \xe2\x80\x98\x1b[01m\x1b[Kconst QObject*\x1b[m\x1b[K\xe2\x80\x99\n'}
[5.462045] (rover_gui) StderrLine: {'line': b'  200 |     static QMetaObject::Connection connect(\x1b[01;36m\x1b[Kconst QObject *sender\x1b[m\x1b[K, const QMetaMethod &signal,\n'}
[5.462067] (rover_gui) StderrLine: {'line': b'      |                                            \x1b[01;36m\x1b[K~~~~~~~~~~~~~~~^~~~~~\x1b[m\x1b[K\n'}
[5.462088] (rover_gui) StderrLine: {'line': b'\x1b[01m\x1b[K/usr/include/aarch64-linux-gnu/qt6/QtCore/qobject.h:443:32:\x1b[m\x1b[K \x1b[01;36m\x1b[Knote: \x1b[m\x1b[Kcandidate: \xe2\x80\x98\x1b[01m\x1b[KQMetaObject::Connection QObject::connect(const QObject*, const char*, const char*, Qt::ConnectionType) const\x1b[m\x1b[K\xe2\x80\x99\n'}
[5.462112] (rover_gui) StderrLine: {'line': b'  443 | inline QMetaObject::Connection \x1b[01;36m\x1b[KQObject\x1b[m\x1b[K::connect(const QObject *asender, const char *asignal,\n'}
[5.462134] (rover_gui) StderrLine: {'line': b'      |                                \x1b[01;36m\x1b[K^~~~~~~\x1b[m\x1b[K\n'}
[5.462156] (rover_gui) StderrLine: {'line': b'\x1b[01m\x1b[K/usr/include/aarch64-linux-gnu/qt6/QtCore/qobject.h:443:64:\x1b[m\x1b[K \x1b[01;36m\x1b[Knote: \x1b[m\x1b[K  no known conversion for argument 1 from \xe2\x80\x98\x1b[01m\x1b[KQPushButton\x1b[m\x1b[K\xe2\x80\x99 to \xe2\x80\x98\x1b[01m\x1b[Kconst QObject*\x1b[m\x1b[K\xe2\x80\x99\n'}
[5.462178] (rover_gui) StderrLine: {'line': b'  443 | inline QMetaObject::Connection QObject::connect(\x1b[01;36m\x1b[Kconst QObject *asender\x1b[m\x1b[K, const char *asignal,\n'}
[5.462200] (rover_gui) StderrLine: {'line': b'      |                                                 \x1b[01;36m\x1b[K~~~~~~~~~~~~~~~^~~~~~~\x1b[m\x1b[K\n'}
[5.462222] (rover_gui) StderrLine: {'line': b'\x1b[01m\x1b[K/home/chris/ros2_ws/src/rover/rover_gui/src/SecondaryWindow.cpp:\x1b[m\x1b[K In member function \xe2\x80\x98\x1b[01m\x1b[Kvoid SecondaryWindow::setupSingleStreamView()\x1b[m\x1b[K\xe2\x80\x99:\n'}
[5.465276] (rover_gui) StderrLine: {'line': b'\x1b[01m\x1b[K/home/chris/ros2_ws/src/rover/rover_gui/src/SecondaryWindow.cpp:95:37:\x1b[m\x1b[K \x1b[01;31m\x1b[Kerror: \x1b[m\x1b[Kno match for \xe2\x80\x98\x1b[01m\x1b[Koperator=\x1b[m\x1b[K\xe2\x80\x99 (operand types are \xe2\x80\x98\x1b[01m\x1b[KQWidget\x1b[m\x1b[K\xe2\x80\x99 and \xe2\x80\x98\x1b[01m\x1b[KQWidget*\x1b[m\x1b[K\xe2\x80\x99)\n'}
[5.465350] (rover_gui) StderrLine: {'line': b'   95 |     _singleStreamView = new QWidget(\x1b[01;31m\x1b[K)\x1b[m\x1b[K;\n'}
[5.465380] (rover_gui) StderrLine: {'line': b'      |                                     \x1b[01;31m\x1b[K^\x1b[m\x1b[K\n'}
[5.465403] (rover_gui) StderrLine: {'line': b'In file included from \x1b[01m\x1b[K/usr/include/aarch64-linux-gnu/qt6/QtGui/qtguiglobal.h:43\x1b[m\x1b[K,\n'}
[5.465427] (rover_gui) StderrLine: {'line': b'                 from \x1b[01m\x1b[K/usr/include/aarch64-linux-gnu/qt6/QtWidgets/qtwidgetsglobal.h:43\x1b[m\x1b[K,\n'}
[5.465450] (rover_gui) StderrLine: {'line': b'                 from \x1b[01m\x1b[K/usr/include/aarch64-linux-gnu/qt6/QtWidgets/qmainwindow.h:43\x1b[m\x1b[K,\n'}
[5.465471] (rover_gui) StderrLine: {'line': b'                 from \x1b[01m\x1b[K/usr/include/aarch64-linux-gnu/qt6/QtWidgets/QMainWindow:1\x1b[m\x1b[K,\n'}
[5.465504] (rover_gui) StderrLine: {'line': b'                 from \x1b[01m\x1b[K/home/chris/ros2_ws/src/rover/rover_gui/src/SecondaryWindow.hpp:4\x1b[m\x1b[K,\n'}
[5.465525] (rover_gui) StderrLine: {'line': b'                 from \x1b[01m\x1b[K/home/chris/ros2_ws/src/rover/rover_gui/src/SecondaryWindow.cpp:1\x1b[m\x1b[K:\n'}
[5.465546] (rover_gui) StderrLine: {'line': b'\x1b[01m\x1b[K/usr/include/aarch64-linux-gnu/qt6/QtWidgets/qwidget.h:738:5:\x1b[m\x1b[K \x1b[01;36m\x1b[Knote: \x1b[m\x1b[Kcandidate: \xe2\x80\x98\x1b[01m\x1b[KQWidget& QWidget::operator=(const QWidget&)\x1b[m\x1b[K\xe2\x80\x99 (deleted)\n'}
[5.465572] (rover_gui) StderrLine: {'line': b'  738 |     \x1b[01;36m\x1b[KQ_DISABLE_COPY\x1b[m\x1b[K(QWidget)\n'}
[5.465593] (rover_gui) StderrLine: {'line': b'      |     \x1b[01;36m\x1b[K^~~~~~~~~~~~~~\x1b[m\x1b[K\n'}
[5.465614] (rover_gui) StderrLine: {'line': b'\x1b[01m\x1b[K/usr/include/aarch64-linux-gnu/qt6/QtWidgets/qwidget.h:738:5:\x1b[m\x1b[K \x1b[01;36m\x1b[Knote: \x1b[m\x1b[K  no known conversion for argument 1 from \xe2\x80\x98\x1b[01m\x1b[KQWidget*\x1b[m\x1b[K\xe2\x80\x99 to \xe2\x80\x98\x1b[01m\x1b[Kconst QWidget&\x1b[m\x1b[K\xe2\x80\x99\n'}
[5.465637] (rover_gui) StderrLine: {'line': b'  738 |     \x1b[01;36m\x1b[KQ_DISABLE_COPY\x1b[m\x1b[K(QWidget)\n'}
[5.465663] (rover_gui) StderrLine: {'line': b'      |     \x1b[01;36m\x1b[K^~~~~~~~~~~~~~\x1b[m\x1b[K\n'}
[5.465692] (rover_gui) StderrLine: {'line': b'\x1b[01m\x1b[K/home/chris/ros2_ws/src/rover/rover_gui/src/SecondaryWindow.cpp:96:60:\x1b[m\x1b[K \x1b[01;31m\x1b[Kerror: \x1b[m\x1b[Kno matching function for call to \xe2\x80\x98\x1b[01m\x1b[KQVBoxLayout::QVBoxLayout(QWidget&)\x1b[m\x1b[K\xe2\x80\x99\n'}
[5.465715] (rover_gui) StderrLine: {'line': b'   96 |     QVBoxLayout* layout = new QVBoxLayout(_singleStreamView\x1b[01;31m\x1b[K)\x1b[m\x1b[K;\n'}
[5.465737] (rover_gui) StderrLine: {'line': b'      |                                                            \x1b[01;31m\x1b[K^\x1b[m\x1b[K\n'}
[5.465760] (rover_gui) StderrLine: {'line': b'In file included from \x1b[01m\x1b[K/usr/include/aarch64-linux-gnu/qt6/QtWidgets/qlayout.h:168\x1b[m\x1b[K,\n'}
[5.465781] (rover_gui) StderrLine: {'line': b'                 from \x1b[01m\x1b[K/usr/include/aarch64-linux-gnu/qt6/QtWidgets/qgridlayout.h:44\x1b[m\x1b[K,\n'}
[5.465803] (rover_gui) StderrLine: {'line': b'                 from \x1b[01m\x1b[K/usr/include/aarch64-linux-gnu/qt6/QtWidgets/QGridLayout:1\x1b[m\x1b[K,\n'}
[5.465824] (rover_gui) StderrLine: {'line': b'                 from \x1b[01m\x1b[K/home/chris/ros2_ws/src/rover/rover_gui/src/SecondaryWindow.hpp:5\x1b[m\x1b[K,\n'}
[5.465846] (rover_gui) StderrLine: {'line': b'                 from \x1b[01m\x1b[K/home/chris/ros2_ws/src/rover/rover_gui/src/SecondaryWindow.cpp:1\x1b[m\x1b[K:\n'}
[5.465868] (rover_gui) StderrLine: {'line': b'\x1b[01m\x1b[K/usr/include/aarch64-linux-gnu/qt6/QtWidgets/qboxlayout.h:131:14:\x1b[m\x1b[K \x1b[01;36m\x1b[Knote: \x1b[m\x1b[Kcandidate: \xe2\x80\x98\x1b[01m\x1b[KQVBoxLayout::QVBoxLayout(QWidget*)\x1b[m\x1b[K\xe2\x80\x99\n'}
[5.465916] (rover_gui) StderrLine: {'line': b'  131 |     explicit \x1b[01;36m\x1b[KQVBoxLayout\x1b[m\x1b[K(QWidget *parent);\n'}
[5.465947] (rover_gui) StderrLine: {'line': b'      |              \x1b[01;36m\x1b[K^~~~~~~~~~~\x1b[m\x1b[K\n'}
[5.465972] (rover_gui) StderrLine: {'line': b'\x1b[01m\x1b[K/usr/include/aarch64-linux-gnu/qt6/QtWidgets/qboxlayout.h:131:35:\x1b[m\x1b[K \x1b[01;36m\x1b[Knote: \x1b[m\x1b[K  no known conversion for argument 1 from \xe2\x80\x98\x1b[01m\x1b[KQWidget\x1b[m\x1b[K\xe2\x80\x99 to \xe2\x80\x98\x1b[01m\x1b[KQWidget*\x1b[m\x1b[K\xe2\x80\x99\n'}
[5.466008] (rover_gui) StderrLine: {'line': b'  131 |     explicit QVBoxLayout(\x1b[01;36m\x1b[KQWidget *parent\x1b[m\x1b[K);\n'}
[5.466045] (rover_gui) StderrLine: {'line': b'      |                          \x1b[01;36m\x1b[K~~~~~~~~~^~~~~~\x1b[m\x1b[K\n'}
[5.466070] (rover_gui) StderrLine: {'line': b'\x1b[01m\x1b[K/usr/include/aarch64-linux-gnu/qt6/QtWidgets/qboxlayout.h:130:5:\x1b[m\x1b[K \x1b[01;36m\x1b[Knote: \x1b[m\x1b[Kcandidate: \xe2\x80\x98\x1b[01m\x1b[KQVBoxLayout::QVBoxLayout()\x1b[m\x1b[K\xe2\x80\x99\n'}
[5.466108] (rover_gui) StderrLine: {'line': b'  130 |     \x1b[01;36m\x1b[KQVBoxLayout\x1b[m\x1b[K();\n'}
[5.466130] (rover_gui) StderrLine: {'line': b'      |     \x1b[01;36m\x1b[K^~~~~~~~~~~\x1b[m\x1b[K\n'}
[5.466152] (rover_gui) StderrLine: {'line': b'\x1b[01m\x1b[K/usr/include/aarch64-linux-gnu/qt6/QtWidgets/qboxlayout.h:130:5:\x1b[m\x1b[K \x1b[01;36m\x1b[Knote: \x1b[m\x1b[K  candidate expects 0 arguments, 1 provided\n'}
[5.466175] (rover_gui) StderrLine: {'line': b'\x1b[01m\x1b[K/home/chris/ros2_ws/src/rover/rover_gui/src/SecondaryWindow.cpp:100:45:\x1b[m\x1b[K \x1b[01;31m\x1b[Kerror: \x1b[m\x1b[Kno match for \xe2\x80\x98\x1b[01m\x1b[Koperator=\x1b[m\x1b[K\xe2\x80\x99 (operand types are \xe2\x80\x98\x1b[01m\x1b[KQStackedWidget\x1b[m\x1b[K\xe2\x80\x99 and \xe2\x80\x98\x1b[01m\x1b[KQStackedWidget*\x1b[m\x1b[K\xe2\x80\x99)\n'}
[5.466201] (rover_gui) StderrLine: {'line': b'  100 |     _singleStreamStack = new QStackedWidget(\x1b[01;31m\x1b[K)\x1b[m\x1b[K;\n'}
[5.466223] (rover_gui) StderrLine: {'line': b'      |                                             \x1b[01;31m\x1b[K^\x1b[m\x1b[K\n'}
[5.466256] (rover_gui) StderrLine: {'line': b'In file included from \x1b[01m\x1b[K/usr/include/aarch64-linux-gnu/qt6/QtGui/qtguiglobal.h:43\x1b[m\x1b[K,\n'}
[5.466283] (rover_gui) StderrLine: {'line': b'                 from \x1b[01m\x1b[K/usr/include/aarch64-linux-gnu/qt6/QtWidgets/qtwidgetsglobal.h:43\x1b[m\x1b[K,\n'}
[5.466305] (rover_gui) StderrLine: {'line': b'                 from \x1b[01m\x1b[K/usr/include/aarch64-linux-gnu/qt6/QtWidgets/qmainwindow.h:43\x1b[m\x1b[K,\n'}
[5.466327] (rover_gui) StderrLine: {'line': b'                 from \x1b[01m\x1b[K/usr/include/aarch64-linux-gnu/qt6/QtWidgets/QMainWindow:1\x1b[m\x1b[K,\n'}
[5.466349] (rover_gui) StderrLine: {'line': b'                 from \x1b[01m\x1b[K/home/chris/ros2_ws/src/rover/rover_gui/src/SecondaryWindow.hpp:4\x1b[m\x1b[K,\n'}
[5.466371] (rover_gui) StderrLine: {'line': b'                 from \x1b[01m\x1b[K/home/chris/ros2_ws/src/rover/rover_gui/src/SecondaryWindow.cpp:1\x1b[m\x1b[K:\n'}
[5.466394] (rover_gui) StderrLine: {'line': b'\x1b[01m\x1b[K/usr/include/aarch64-linux-gnu/qt6/QtWidgets/qstackedwidget.h:85:5:\x1b[m\x1b[K \x1b[01;36m\x1b[Knote: \x1b[m\x1b[Kcandidate: \xe2\x80\x98\x1b[01m\x1b[KQStackedWidget& QStackedWidget::operator=(const QStackedWidget&)\x1b[m\x1b[K\xe2\x80\x99 (deleted)\n'}
[5.466417] (rover_gui) StderrLine: {'line': b'   85 |     \x1b[01;36m\x1b[KQ_DISABLE_COPY\x1b[m\x1b[K(QStackedWidget)\n'}
[5.466441] (rover_gui) StderrLine: {'line': b'      |     \x1b[01;36m\x1b[K^~~~~~~~~~~~~~\x1b[m\x1b[K\n'}
[5.466463] (rover_gui) StderrLine: {'line': b'\x1b[01m\x1b[K/usr/include/aarch64-linux-gnu/qt6/QtWidgets/qstackedwidget.h:85:5:\x1b[m\x1b[K \x1b[01;36m\x1b[Knote: \x1b[m\x1b[K  no known conversion for argument 1 from \xe2\x80\x98\x1b[01m\x1b[KQStackedWidget*\x1b[m\x1b[K\xe2\x80\x99 to \xe2\x80\x98\x1b[01m\x1b[Kconst QStackedWidget&\x1b[m\x1b[K\xe2\x80\x99\n'}
[5.466495] (rover_gui) StderrLine: {'line': b'   85 |     \x1b[01;36m\x1b[KQ_DISABLE_COPY\x1b[m\x1b[K(QStackedWidget)\n'}
[5.466517] (rover_gui) StderrLine: {'line': b'      |     \x1b[01;36m\x1b[K^~~~~~~~~~~~~~\x1b[m\x1b[K\n'}
[5.466539] (rover_gui) StderrLine: {'line': b'\x1b[01m\x1b[K/home/chris/ros2_ws/src/rover/rover_gui/src/SecondaryWindow.cpp:101:23:\x1b[m\x1b[K \x1b[01;31m\x1b[Kerror: \x1b[m\x1b[Kcannot convert \xe2\x80\x98\x1b[01m\x1b[KQStackedWidget\x1b[m\x1b[K\xe2\x80\x99 to \xe2\x80\x98\x1b[01m\x1b[KQWidget*\x1b[m\x1b[K\xe2\x80\x99\n'}
[5.466562] (rover_gui) StderrLine: {'line': b'  101 |     layout->addWidget(\x1b[01;31m\x1b[K_singleStreamStack\x1b[m\x1b[K);\n'}
[5.466587] (rover_gui) StderrLine: {'line': b'      |                       \x1b[01;31m\x1b[K^~~~~~~~~~~~~~~~~~\x1b[m\x1b[K\n'}
[5.466618] (rover_gui) StderrLine: {'line': b'      |                       \x1b[01;31m\x1b[K|\x1b[m\x1b[K\n'}
[5.466642] (rover_gui) StderrLine: {'line': b'      |                       \x1b[01;31m\x1b[KQStackedWidget\x1b[m\x1b[K\n'}
[5.466664] (rover_gui) StderrLine: {'line': b'In file included from \x1b[01m\x1b[K/usr/include/aarch64-linux-gnu/qt6/QtWidgets/qlayout.h:168\x1b[m\x1b[K,\n'}
[5.466694] (rover_gui) StderrLine: {'line': b'                 from \x1b[01m\x1b[K/usr/include/aarch64-linux-gnu/qt6/QtWidgets/qgridlayout.h:44\x1b[m\x1b[K,\n'}
[5.466717] (rover_gui) StderrLine: {'line': b'                 from \x1b[01m\x1b[K/usr/include/aarch64-linux-gnu/qt6/QtWidgets/QGridLayout:1\x1b[m\x1b[K,\n'}
[5.466738] (rover_gui) StderrLine: {'line': b'                 from \x1b[01m\x1b[K/home/chris/ros2_ws/src/rover/rover_gui/src/SecondaryWindow.hpp:5\x1b[m\x1b[K,\n'}
[5.466759] (rover_gui) StderrLine: {'line': b'                 from \x1b[01m\x1b[K/home/chris/ros2_ws/src/rover/rover_gui/src/SecondaryWindow.cpp:1\x1b[m\x1b[K:\n'}
[5.466782] (rover_gui) StderrLine: {'line': b'\x1b[01m\x1b[K/usr/include/aarch64-linux-gnu/qt6/QtWidgets/qboxlayout.h:74:20:\x1b[m\x1b[K \x1b[01;36m\x1b[Knote: \x1b[m\x1b[K  initializing argument 1 of \xe2\x80\x98\x1b[01m\x1b[Kvoid QBoxLayout::addWidget(QWidget*, int, Qt::Alignment)\x1b[m\x1b[K\xe2\x80\x99\n'}
[5.466805] (rover_gui) StderrLine: {'line': b'   74 |     void addWidget(\x1b[01;36m\x1b[KQWidget *\x1b[m\x1b[K, int stretch = 0, Qt::Alignment alignment = Qt::Alignment());\n'}
[5.466828] (rover_gui) StderrLine: {'line': b'      |                    \x1b[01;36m\x1b[K^~~~~~~~~\x1b[m\x1b[K\n'}
[5.466850] (rover_gui) StderrLine: {'line': b'\x1b[01m\x1b[K/home/chris/ros2_ws/src/rover/rover_gui/src/SecondaryWindow.cpp:\x1b[m\x1b[K In member function \xe2\x80\x98\x1b[01m\x1b[Kvoid SecondaryWindow::setupMultiStreamView()\x1b[m\x1b[K\xe2\x80\x99:\n'}
[5.466873] (rover_gui) StderrLine: {'line': b'\x1b[01m\x1b[K/home/chris/ros2_ws/src/rover/rover_gui/src/SecondaryWindow.cpp:106:36:\x1b[m\x1b[K \x1b[01;31m\x1b[Kerror: \x1b[m\x1b[Kno match for \xe2\x80\x98\x1b[01m\x1b[Koperator=\x1b[m\x1b[K\xe2\x80\x99 (operand types are \xe2\x80\x98\x1b[01m\x1b[KQWidget\x1b[m\x1b[K\xe2\x80\x99 and \xe2\x80\x98\x1b[01m\x1b[KQWidget*\x1b[m\x1b[K\xe2\x80\x99)\n'}
[5.466899] (rover_gui) StderrLine: {'line': b'  106 |     _multiStreamView = new QWidget(\x1b[01;31m\x1b[K)\x1b[m\x1b[K;\n'}
[5.466924] (rover_gui) StderrLine: {'line': b'      |                                    \x1b[01;31m\x1b[K^\x1b[m\x1b[K\n'}
[5.466946] (rover_gui) StderrLine: {'line': b'In file included from \x1b[01m\x1b[K/usr/include/aarch64-linux-gnu/qt6/QtGui/qtguiglobal.h:43\x1b[m\x1b[K,\n'}
[5.466969] (rover_gui) StderrLine: {'line': b'                 from \x1b[01m\x1b[K/usr/include/aarch64-linux-gnu/qt6/QtWidgets/qtwidgetsglobal.h:43\x1b[m\x1b[K,\n'}
[5.466991] (rover_gui) StderrLine: {'line': b'                 from \x1b[01m\x1b[K/usr/include/aarch64-linux-gnu/qt6/QtWidgets/qmainwindow.h:43\x1b[m\x1b[K,\n'}
[5.467013] (rover_gui) StderrLine: {'line': b'                 from \x1b[01m\x1b[K/usr/include/aarch64-linux-gnu/qt6/QtWidgets/QMainWindow:1\x1b[m\x1b[K,\n'}
[5.467038] (rover_gui) StderrLine: {'line': b'                 from \x1b[01m\x1b[K/home/chris/ros2_ws/src/rover/rover_gui/src/SecondaryWindow.hpp:4\x1b[m\x1b[K,\n'}
[5.467062] (rover_gui) StderrLine: {'line': b'                 from \x1b[01m\x1b[K/home/chris/ros2_ws/src/rover/rover_gui/src/SecondaryWindow.cpp:1\x1b[m\x1b[K:\n'}
[5.467085] (rover_gui) StderrLine: {'line': b'\x1b[01m\x1b[K/usr/include/aarch64-linux-gnu/qt6/QtWidgets/qwidget.h:738:5:\x1b[m\x1b[K \x1b[01;36m\x1b[Knote: \x1b[m\x1b[Kcandidate: \xe2\x80\x98\x1b[01m\x1b[KQWidget& QWidget::operator=(const QWidget&)\x1b[m\x1b[K\xe2\x80\x99 (deleted)\n'}
[5.467108] (rover_gui) StderrLine: {'line': b'  738 |     \x1b[01;36m\x1b[KQ_DISABLE_COPY\x1b[m\x1b[K(QWidget)\n'}
[5.467129] (rover_gui) StderrLine: {'line': b'      |     \x1b[01;36m\x1b[K^~~~~~~~~~~~~~\x1b[m\x1b[K\n'}
[5.467149] (rover_gui) StderrLine: {'line': b'\x1b[01m\x1b[K/usr/include/aarch64-linux-gnu/qt6/QtWidgets/qwidget.h:738:5:\x1b[m\x1b[K \x1b[01;36m\x1b[Knote: \x1b[m\x1b[K  no known conversion for argument 1 from \xe2\x80\x98\x1b[01m\x1b[KQWidget*\x1b[m\x1b[K\xe2\x80\x99 to \xe2\x80\x98\x1b[01m\x1b[Kconst QWidget&\x1b[m\x1b[K\xe2\x80\x99\n'}
[5.467173] (rover_gui) StderrLine: {'line': b'  738 |     \x1b[01;36m\x1b[KQ_DISABLE_COPY\x1b[m\x1b[K(QWidget)\n'}
[5.467193] (rover_gui) StderrLine: {'line': b'      |     \x1b[01;36m\x1b[K^~~~~~~~~~~~~~\x1b[m\x1b[K\n'}
[5.467214] (rover_gui) StderrLine: {'line': b'\x1b[01m\x1b[K/home/chris/ros2_ws/src/rover/rover_gui/src/SecondaryWindow.cpp:107:59:\x1b[m\x1b[K \x1b[01;31m\x1b[Kerror: \x1b[m\x1b[Kno matching function for call to \xe2\x80\x98\x1b[01m\x1b[KQVBoxLayout::QVBoxLayout(QWidget&)\x1b[m\x1b[K\xe2\x80\x99\n'}
[5.467235] (rover_gui) StderrLine: {'line': b'  107 |     QVBoxLayout* layout = new QVBoxLayout(_multiStreamView\x1b[01;31m\x1b[K)\x1b[m\x1b[K;\n'}
[5.467268] (rover_gui) StderrLine: {'line': b'      |                                                           \x1b[01;31m\x1b[K^\x1b[m\x1b[K\n'}
[5.467290] (rover_gui) StderrLine: {'line': b'In file included from \x1b[01m\x1b[K/usr/include/aarch64-linux-gnu/qt6/QtWidgets/qlayout.h:168\x1b[m\x1b[K,\n'}
[5.467312] (rover_gui) StderrLine: {'line': b'                 from \x1b[01m\x1b[K/usr/include/aarch64-linux-gnu/qt6/QtWidgets/qgridlayout.h:44\x1b[m\x1b[K,\n'}
[5.467366] (rover_gui) StderrLine: {'line': b'                 from \x1b[01m\x1b[K/usr/include/aarch64-linux-gnu/qt6/QtWidgets/QGridLayout:1\x1b[m\x1b[K,\n'}
[5.467389] (rover_gui) StderrLine: {'line': b'                 from \x1b[01m\x1b[K/home/chris/ros2_ws/src/rover/rover_gui/src/SecondaryWindow.hpp:5\x1b[m\x1b[K,\n'}
[5.467411] (rover_gui) StderrLine: {'line': b'                 from \x1b[01m\x1b[K/home/chris/ros2_ws/src/rover/rover_gui/src/SecondaryWindow.cpp:1\x1b[m\x1b[K:\n'}
[5.467432] (rover_gui) StderrLine: {'line': b'\x1b[01m\x1b[K/usr/include/aarch64-linux-gnu/qt6/QtWidgets/qboxlayout.h:131:14:\x1b[m\x1b[K \x1b[01;36m\x1b[Knote: \x1b[m\x1b[Kcandidate: \xe2\x80\x98\x1b[01m\x1b[KQVBoxLayout::QVBoxLayout(QWidget*)\x1b[m\x1b[K\xe2\x80\x99\n'}
[5.467455] (rover_gui) StderrLine: {'line': b'  131 |     explicit \x1b[01;36m\x1b[KQVBoxLayout\x1b[m\x1b[K(QWidget *parent);\n'}
[5.467475] (rover_gui) StderrLine: {'line': b'      |              \x1b[01;36m\x1b[K^~~~~~~~~~~\x1b[m\x1b[K\n'}
[5.467496] (rover_gui) StderrLine: {'line': b'\x1b[01m\x1b[K/usr/include/aarch64-linux-gnu/qt6/QtWidgets/qboxlayout.h:131:35:\x1b[m\x1b[K \x1b[01;36m\x1b[Knote: \x1b[m\x1b[K  no known conversion for argument 1 from \xe2\x80\x98\x1b[01m\x1b[KQWidget\x1b[m\x1b[K\xe2\x80\x99 to \xe2\x80\x98\x1b[01m\x1b[KQWidget*\x1b[m\x1b[K\xe2\x80\x99\n'}
[5.467518] (rover_gui) StderrLine: {'line': b'  131 |     explicit QVBoxLayout(\x1b[01;36m\x1b[KQWidget *parent\x1b[m\x1b[K);\n'}
[5.467538] (rover_gui) StderrLine: {'line': b'      |                          \x1b[01;36m\x1b[K~~~~~~~~~^~~~~~\x1b[m\x1b[K\n'}
[5.467559] (rover_gui) StderrLine: {'line': b'\x1b[01m\x1b[K/usr/include/aarch64-linux-gnu/qt6/QtWidgets/qboxlayout.h:130:5:\x1b[m\x1b[K \x1b[01;36m\x1b[Knote: \x1b[m\x1b[Kcandidate: \xe2\x80\x98\x1b[01m\x1b[KQVBoxLayout::QVBoxLayout()\x1b[m\x1b[K\xe2\x80\x99\n'}
[5.467582] (rover_gui) StderrLine: {'line': b'  130 |     \x1b[01;36m\x1b[KQVBoxLayout\x1b[m\x1b[K();\n'}
[5.467603] (rover_gui) StderrLine: {'line': b'      |     \x1b[01;36m\x1b[K^~~~~~~~~~~\x1b[m\x1b[K\n'}
[5.467624] (rover_gui) StderrLine: {'line': b'\x1b[01m\x1b[K/usr/include/aarch64-linux-gnu/qt6/QtWidgets/qboxlayout.h:130:5:\x1b[m\x1b[K \x1b[01;36m\x1b[Knote: \x1b[m\x1b[K  candidate expects 0 arguments, 1 provided\n'}
[5.467645] (rover_gui) StderrLine: {'line': b'\x1b[01m\x1b[K/home/chris/ros2_ws/src/rover/rover_gui/src/SecondaryWindow.cpp:111:40:\x1b[m\x1b[K \x1b[01;31m\x1b[Kerror: \x1b[m\x1b[Kno match for \xe2\x80\x98\x1b[01m\x1b[Koperator=\x1b[m\x1b[K\xe2\x80\x99 (operand types are \xe2\x80\x98\x1b[01m\x1b[KQGridLayout\x1b[m\x1b[K\xe2\x80\x99 and \xe2\x80\x98\x1b[01m\x1b[KQGridLayout*\x1b[m\x1b[K\xe2\x80\x99)\n'}
[5.467668] (rover_gui) StderrLine: {'line': b'  111 |     _multiStreamGrid = new QGridLayout(\x1b[01;31m\x1b[K)\x1b[m\x1b[K;\n'}
[5.467690] (rover_gui) StderrLine: {'line': b'      |                                        \x1b[01;31m\x1b[K^\x1b[m\x1b[K\n'}
[5.467712] (rover_gui) StderrLine: {'line': b'In file included from \x1b[01m\x1b[K/usr/include/aarch64-linux-gnu/qt6/QtGui/qtguiglobal.h:43\x1b[m\x1b[K,\n'}
[5.467734] (rover_gui) StderrLine: {'line': b'                 from \x1b[01m\x1b[K/usr/include/aarch64-linux-gnu/qt6/QtWidgets/qtwidgetsglobal.h:43\x1b[m\x1b[K,\n'}
[5.467755] (rover_gui) StderrLine: {'line': b'                 from \x1b[01m\x1b[K/usr/include/aarch64-linux-gnu/qt6/QtWidgets/qmainwindow.h:43\x1b[m\x1b[K,\n'}
[5.467776] (rover_gui) StderrLine: {'line': b'                 from \x1b[01m\x1b[K/usr/include/aarch64-linux-gnu/qt6/QtWidgets/QMainWindow:1\x1b[m\x1b[K,\n'}
[5.467798] (rover_gui) StderrLine: {'line': b'                 from \x1b[01m\x1b[K/home/chris/ros2_ws/src/rover/rover_gui/src/SecondaryWindow.hpp:4\x1b[m\x1b[K,\n'}
[5.467819] (rover_gui) StderrLine: {'line': b'                 from \x1b[01m\x1b[K/home/chris/ros2_ws/src/rover/rover_gui/src/SecondaryWindow.cpp:1\x1b[m\x1b[K:\n'}
[5.467843] (rover_gui) StderrLine: {'line': b'\x1b[01m\x1b[K/usr/include/aarch64-linux-gnu/qt6/QtWidgets/qgridlayout.h:124:5:\x1b[m\x1b[K \x1b[01;36m\x1b[Knote: \x1b[m\x1b[Kcandidate: \xe2\x80\x98\x1b[01m\x1b[KQGridLayout& QGridLayout::operator=(const QGridLayout&)\x1b[m\x1b[K\xe2\x80\x99 (deleted)\n'}
[5.467866] (rover_gui) StderrLine: {'line': b'  124 |     \x1b[01;36m\x1b[KQ_DISABLE_COPY\x1b[m\x1b[K(QGridLayout)\n'}
[5.467888] (rover_gui) StderrLine: {'line': b'      |     \x1b[01;36m\x1b[K^~~~~~~~~~~~~~\x1b[m\x1b[K\n'}
[5.467909] (rover_gui) StderrLine: {'line': b'\x1b[01m\x1b[K/usr/include/aarch64-linux-gnu/qt6/QtWidgets/qgridlayout.h:124:5:\x1b[m\x1b[K \x1b[01;36m\x1b[Knote: \x1b[m\x1b[K  no known conversion for argument 1 from \xe2\x80\x98\x1b[01m\x1b[KQGridLayout*\x1b[m\x1b[K\xe2\x80\x99 to \xe2\x80\x98\x1b[01m\x1b[Kconst QGridLayout&\x1b[m\x1b[K\xe2\x80\x99\n'}
[5.467932] (rover_gui) StderrLine: {'line': b'  124 |     \x1b[01;36m\x1b[KQ_DISABLE_COPY\x1b[m\x1b[K(QGridLayout)\n'}
[5.467954] (rover_gui) StderrLine: {'line': b'      |     \x1b[01;36m\x1b[K^~~~~~~~~~~~~~\x1b[m\x1b[K\n'}
[5.467975] (rover_gui) StderrLine: {'line': b'\x1b[01m\x1b[K/home/chris/ros2_ws/src/rover/rover_gui/src/SecondaryWindow.cpp:112:21:\x1b[m\x1b[K \x1b[01;31m\x1b[Kerror: \x1b[m\x1b[Kbase operand of \xe2\x80\x98\x1b[01m\x1b[K->\x1b[m\x1b[K\xe2\x80\x99 has non-pointer type \xe2\x80\x98\x1b[01m\x1b[KQGridLayout\x1b[m\x1b[K\xe2\x80\x99\n'}
[5.467997] (rover_gui) StderrLine: {'line': b'  112 |     _multiStreamGrid\x1b[01;31m\x1b[K->\x1b[m\x1b[KsetSpacing(4);\n'}
[5.468019] (rover_gui) StderrLine: {'line': b'      |                     \x1b[01;31m\x1b[K^~\x1b[m\x1b[K\n'}
[5.468040] (rover_gui) StderrLine: {'line': b'\x1b[01m\x1b[K/home/chris/ros2_ws/src/rover/rover_gui/src/SecondaryWindow.cpp:113:23:\x1b[m\x1b[K \x1b[01;31m\x1b[Kerror: \x1b[m\x1b[Kcannot convert \xe2\x80\x98\x1b[01m\x1b[KQGridLayout\x1b[m\x1b[K\xe2\x80\x99 to \xe2\x80\x98\x1b[01m\x1b[KQLayout*\x1b[m\x1b[K\xe2\x80\x99\n'}
[5.468063] (rover_gui) StderrLine: {'line': b'  113 |     layout->addLayout(\x1b[01;31m\x1b[K_multiStreamGrid\x1b[m\x1b[K);\n'}
[5.468090] (rover_gui) StderrLine: {'line': b'      |                       \x1b[01;31m\x1b[K^~~~~~~~~~~~~~~~\x1b[m\x1b[K\n'}
[5.468114] (rover_gui) StderrLine: {'line': b'      |                       \x1b[01;31m\x1b[K|\x1b[m\x1b[K\n'}
[5.468137] (rover_gui) StderrLine: {'line': b'      |                       \x1b[01;31m\x1b[KQGridLayout\x1b[m\x1b[K\n'}
[5.468158] (rover_gui) StderrLine: {'line': b'In file included from \x1b[01m\x1b[K/usr/include/aarch64-linux-gnu/qt6/QtWidgets/qlayout.h:168\x1b[m\x1b[K,\n'}
[5.468183] (rover_gui) StderrLine: {'line': b'                 from \x1b[01m\x1b[K/usr/include/aarch64-linux-gnu/qt6/QtWidgets/qgridlayout.h:44\x1b[m\x1b[K,\n'}
[5.468204] (rover_gui) StderrLine: {'line': b'                 from \x1b[01m\x1b[K/usr/include/aarch64-linux-gnu/qt6/QtWidgets/QGridLayout:1\x1b[m\x1b[K,\n'}
[5.468226] (rover_gui) StderrLine: {'line': b'                 from \x1b[01m\x1b[K/home/chris/ros2_ws/src/rover/rover_gui/src/SecondaryWindow.hpp:5\x1b[m\x1b[K,\n'}
[5.471285] (rover_gui) StderrLine: {'line': b'                 from \x1b[01m\x1b[K/home/chris/ros2_ws/src/rover/rover_gui/src/SecondaryWindow.cpp:1\x1b[m\x1b[K:\n'}
[5.471335] (rover_gui) StderrLine: {'line': b'\x1b[01m\x1b[K/usr/include/aarch64-linux-gnu/qt6/QtWidgets/qboxlayout.h:75:29:\x1b[m\x1b[K \x1b[01;36m\x1b[Knote: \x1b[m\x1b[K  initializing argument 1 of \xe2\x80\x98\x1b[01m\x1b[Kvoid QBoxLayout::addLayout(QLayout*, int)\x1b[m\x1b[K\xe2\x80\x99\n'}
[5.471361] (rover_gui) StderrLine: {'line': b'   75 |     void addLayout(\x1b[01;36m\x1b[KQLayout *layout\x1b[m\x1b[K, int stretch = 0);\n'}
[5.471425] (rover_gui) StderrLine: {'line': b'      |                    \x1b[01;36m\x1b[K~~~~~~~~~^~~~~~\x1b[m\x1b[K\n'}
[5.471451] (rover_gui) StderrLine: {'line': b'\x1b[01m\x1b[K/home/chris/ros2_ws/src/rover/rover_gui/src/SecondaryWindow.cpp:\x1b[m\x1b[K In member function \xe2\x80\x98\x1b[01m\x1b[Kvoid SecondaryWindow::updateLayout()\x1b[m\x1b[K\xe2\x80\x99:\n'}
[5.471473] (rover_gui) StderrLine: {'line': b'\x1b[01m\x1b[K/home/chris/ros2_ws/src/rover/rover_gui/src/SecondaryWindow.cpp:119:37:\x1b[m\x1b[K \x1b[01;31m\x1b[Kerror: \x1b[m\x1b[Kbase operand of \xe2\x80\x98\x1b[01m\x1b[K->\x1b[m\x1b[K\xe2\x80\x99 has non-pointer type \xe2\x80\x98\x1b[01m\x1b[KQComboBox\x1b[m\x1b[K\xe2\x80\x99\n'}
[5.471497] (rover_gui) StderrLine: {'line': b'  119 |     int layoutMode = _layoutSelector\x1b[01;31m\x1b[K->\x1b[m\x1b[KcurrentIndex();\n'}
[5.471519] (rover_gui) StderrLine: {'line': b'      |                                     \x1b[01;31m\x1b[K^~\x1b[m\x1b[K\n'}
[5.471543] (rover_gui) StderrLine: {'line': b'\x1b[01m\x1b[K/home/chris/ros2_ws/src/rover/rover_gui/src/SecondaryWindow.cpp:122:30:\x1b[m\x1b[K \x1b[01;31m\x1b[Kerror: \x1b[m\x1b[Kbase operand of \xe2\x80\x98\x1b[01m\x1b[K->\x1b[m\x1b[K\xe2\x80\x99 has non-pointer type \xe2\x80\x98\x1b[01m\x1b[KQStackedWidget\x1b[m\x1b[K\xe2\x80\x99\n'}
[5.471566] (rover_gui) StderrLine: {'line': b'  122 |     while (_singleStreamStack\x1b[01;31m\x1b[K->\x1b[m\x1b[Kcount() > 0) {\n'}
[5.471586] (rover_gui) StderrLine: {'line': b'      |                              \x1b[01;31m\x1b[K^~\x1b[m\x1b[K\n'}
[5.471609] (rover_gui) StderrLine: {'line': b'\x1b[01m\x1b[K/home/chris/ros2_ws/src/rover/rover_gui/src/SecondaryWindow.cpp:123:45:\x1b[m\x1b[K \x1b[01;31m\x1b[Kerror: \x1b[m\x1b[Kbase operand of \xe2\x80\x98\x1b[01m\x1b[K->\x1b[m\x1b[K\xe2\x80\x99 has non-pointer type \xe2\x80\x98\x1b[01m\x1b[KQStackedWidget\x1b[m\x1b[K\xe2\x80\x99\n'}
[5.471631] (rover_gui) StderrLine: {'line': b'  123 |         QWidget* widget = _singleStreamStack\x1b[01;31m\x1b[K->\x1b[m\x1b[Kwidget(0);\n'}
[5.471653] (rover_gui) StderrLine: {'line': b'      |                                             \x1b[01;31m\x1b[K^~\x1b[m\x1b[K\n'}
[5.471683] (rover_gui) StderrLine: {'line': b'\x1b[01m\x1b[K/home/chris/ros2_ws/src/rover/rover_gui/src/SecondaryWindow.cpp:124:27:\x1b[m\x1b[K \x1b[01;31m\x1b[Kerror: \x1b[m\x1b[Kbase operand of \xe2\x80\x98\x1b[01m\x1b[K->\x1b[m\x1b[K\xe2\x80\x99 has non-pointer type \xe2\x80\x98\x1b[01m\x1b[KQStackedWidget\x1b[m\x1b[K\xe2\x80\x99\n'}
[5.471726] (rover_gui) StderrLine: {'line': b'  124 |         _singleStreamStack\x1b[01;31m\x1b[K->\x1b[m\x1b[KremoveWidget(widget);\n'}
[5.471752] (rover_gui) StderrLine: {'line': b'      |                           \x1b[01;31m\x1b[K^~\x1b[m\x1b[K\n'}
[5.471786] (rover_gui) StderrLine: {'line': b'\x1b[01m\x1b[K/home/chris/ros2_ws/src/rover/rover_gui/src/SecondaryWindow.cpp:127:28:\x1b[m\x1b[K \x1b[01;31m\x1b[Kerror: \x1b[m\x1b[Kbase operand of \xe2\x80\x98\x1b[01m\x1b[K->\x1b[m\x1b[K\xe2\x80\x99 has non-pointer type \xe2\x80\x98\x1b[01m\x1b[KQGridLayout\x1b[m\x1b[K\xe2\x80\x99\n'}
[5.471810] (rover_gui) StderrLine: {'line': b'  127 |     while (_multiStreamGrid\x1b[01;31m\x1b[K->\x1b[m\x1b[Kcount() > 0) {\n'}
[5.471830] (rover_gui) StderrLine: {'line': b'      |                            \x1b[01;31m\x1b[K^~\x1b[m\x1b[K\n'}
[5.471854] (rover_gui) StderrLine: {'line': b'\x1b[01m\x1b[K/home/chris/ros2_ws/src/rover/rover_gui/src/SecondaryWindow.cpp:128:45:\x1b[m\x1b[K \x1b[01;31m\x1b[Kerror: \x1b[m\x1b[Kbase operand of \xe2\x80\x98\x1b[01m\x1b[K->\x1b[m\x1b[K\xe2\x80\x99 has non-pointer type \xe2\x80\x98\x1b[01m\x1b[KQGridLayout\x1b[m\x1b[K\xe2\x80\x99\n'}
[5.471876] (rover_gui) StderrLine: {'line': b'  128 |         QLayoutItem* item = _multiStreamGrid\x1b[01;31m\x1b[K->\x1b[m\x1b[KtakeAt(0);\n'}
[5.471900] (rover_gui) StderrLine: {'line': b'      |                                             \x1b[01;31m\x1b[K^~\x1b[m\x1b[K\n'}
[5.471920] (rover_gui) StderrLine: {'line': b'\x1b[01m\x1b[K/home/chris/ros2_ws/src/rover/rover_gui/src/SecondaryWindow.cpp:151:35:\x1b[m\x1b[K \x1b[01;31m\x1b[Kerror: \x1b[m\x1b[Kbase operand of \xe2\x80\x98\x1b[01m\x1b[K->\x1b[m\x1b[K\xe2\x80\x99 has non-pointer type \xe2\x80\x98\x1b[01m\x1b[KQStackedWidget\x1b[m\x1b[K\xe2\x80\x99\n'}
[5.471950] (rover_gui) StderrLine: {'line': b'  151 |                 _singleStreamStack\x1b[01;31m\x1b[K->\x1b[m\x1b[KaddWidget(container);\n'}
[5.471982] (rover_gui) StderrLine: {'line': b'      |                                   \x1b[01;31m\x1b[K^~\x1b[m\x1b[K\n'}
[5.472002] (rover_gui) StderrLine: {'line': b'\x1b[01m\x1b[K/home/chris/ros2_ws/src/rover/rover_gui/src/SecondaryWindow.cpp:155:35:\x1b[m\x1b[K \x1b[01;31m\x1b[Kerror: \x1b[m\x1b[Kbase operand of \xe2\x80\x98\x1b[01m\x1b[K->\x1b[m\x1b[K\xe2\x80\x99 has non-pointer type \xe2\x80\x98\x1b[01m\x1b[KQStackedWidget\x1b[m\x1b[K\xe2\x80\x99\n'}
[5.472024] (rover_gui) StderrLine: {'line': b'  155 |             if (_singleStreamStack\x1b[01;31m\x1b[K->\x1b[m\x1b[Kcount() > 0) {\n'}
[5.472044] (rover_gui) StderrLine: {'line': b'      |                                   \x1b[01;31m\x1b[K^~\x1b[m\x1b[K\n'}
[5.472065] (rover_gui) StderrLine: {'line': b'\x1b[01m\x1b[K/home/chris/ros2_ws/src/rover/rover_gui/src/SecondaryWindow.cpp:156:35:\x1b[m\x1b[K \x1b[01;31m\x1b[Kerror: \x1b[m\x1b[Kbase operand of \xe2\x80\x98\x1b[01m\x1b[K->\x1b[m\x1b[K\xe2\x80\x99 has non-pointer type \xe2\x80\x98\x1b[01m\x1b[KQStackedWidget\x1b[m\x1b[K\xe2\x80\x99\n'}
[5.472089] (rover_gui) StderrLine: {'line': b'  156 |                 _singleStreamStack\x1b[01;31m\x1b[K->\x1b[m\x1b[KsetCurrentIndex(_currentStreamIndex);\n'}
[5.472110] (rover_gui) StderrLine: {'line': b'      |                                   \x1b[01;31m\x1b[K^~\x1b[m\x1b[K\n'}
[5.472191] (rover_gui) StderrLine: {'line': b'\x1b[01m\x1b[K/home/chris/ros2_ws/src/rover/rover_gui/src/SecondaryWindow.cpp:160:25:\x1b[m\x1b[K \x1b[01;31m\x1b[Kerror: \x1b[m\x1b[Kbase operand of \xe2\x80\x98\x1b[01m\x1b[K->\x1b[m\x1b[K\xe2\x80\x99 has non-pointer type \xe2\x80\x98\x1b[01m\x1b[KQStackedWidget\x1b[m\x1b[K\xe2\x80\x99\n'}
[5.472227] (rover_gui) StderrLine: {'line': b'  160 |             _layoutStack\x1b[01;31m\x1b[K->\x1b[m\x1b[KsetCurrentWidget(_singleStreamView);\n'}
[5.472268] (rover_gui) StderrLine: {'line': b'      |                         \x1b[01;31m\x1b[K^~\x1b[m\x1b[K\n'}
[5.472293] (rover_gui) StderrLine: {'line': b'\x1b[01m\x1b[K/home/chris/ros2_ws/src/rover/rover_gui/src/SecondaryWindow.cpp:178:33:\x1b[m\x1b[K \x1b[01;31m\x1b[Kerror: \x1b[m\x1b[Kbase operand of \xe2\x80\x98\x1b[01m\x1b[K->\x1b[m\x1b[K\xe2\x80\x99 has non-pointer type \xe2\x80\x98\x1b[01m\x1b[KQGridLayout\x1b[m\x1b[K\xe2\x80\x99\n'}
[5.472325] (rover_gui) StderrLine: {'line': b'  178 |                 _multiStreamGrid\x1b[01;31m\x1b[K->\x1b[m\x1b[KaddWidget(container, static_cast<int>(i), 0);\n'}
[5.472400] (rover_gui) StderrLine: {'line': b'      |                                 \x1b[01;31m\x1b[K^~\x1b[m\x1b[K\n'}
[5.472425] (rover_gui) StderrLine: {'line': b'\x1b[01m\x1b[K/home/chris/ros2_ws/src/rover/rover_gui/src/SecondaryWindow.cpp:180:25:\x1b[m\x1b[K \x1b[01;31m\x1b[Kerror: \x1b[m\x1b[Kbase operand of \xe2\x80\x98\x1b[01m\x1b[K->\x1b[m\x1b[K\xe2\x80\x99 has non-pointer type \xe2\x80\x98\x1b[01m\x1b[KQStackedWidget\x1b[m\x1b[K\xe2\x80\x99\n'}
[5.472448] (rover_gui) StderrLine: {'line': b'  180 |             _layoutStack\x1b[01;31m\x1b[K->\x1b[m\x1b[KsetCurrentWidget(_multiStreamView);\n'}
[5.472480] (rover_gui) StderrLine: {'line': b'      |                         \x1b[01;31m\x1b[K^~\x1b[m\x1b[K\n'}
[5.472503] (rover_gui) StderrLine: {'line': b'\x1b[01m\x1b[K/home/chris/ros2_ws/src/rover/rover_gui/src/SecondaryWindow.cpp:201:37:\x1b[m\x1b[K \x1b[01;31m\x1b[Kerror: \x1b[m\x1b[Kbase operand of \xe2\x80\x98\x1b[01m\x1b[K->\x1b[m\x1b[K\xe2\x80\x99 has non-pointer type \xe2\x80\x98\x1b[01m\x1b[KQGridLayout\x1b[m\x1b[K\xe2\x80\x99\n'}
[5.472526] (rover_gui) StderrLine: {'line': b'  201 |                     _multiStreamGrid\x1b[01;31m\x1b[K->\x1b[m\x1b[KaddWidget(container, 0, static_cast<int>(i));\n'}
[5.472548] (rover_gui) StderrLine: {'line': b'      |                                     \x1b[01;31m\x1b[K^~\x1b[m\x1b[K\n'}
[5.472579] (rover_gui) StderrLine: {'line': b'\x1b[01m\x1b[K/home/chris/ros2_ws/src/rover/rover_gui/src/SecondaryWindow.cpp:215:33:\x1b[m\x1b[K \x1b[01;31m\x1b[Kerror: \x1b[m\x1b[Kbase operand of \xe2\x80\x98\x1b[01m\x1b[K->\x1b[m\x1b[K\xe2\x80\x99 has non-pointer type \xe2\x80\x98\x1b[01m\x1b[KQGridLayout\x1b[m\x1b[K\xe2\x80\x99\n'}
[5.472603] (rover_gui) StderrLine: {'line': b'  215 |                 _multiStreamGrid\x1b[01;31m\x1b[K->\x1b[m\x1b[KaddWidget(container, 1, 0, 1, 2);\n'}
[5.472624] (rover_gui) StderrLine: {'line': b'      |                                 \x1b[01;31m\x1b[K^~\x1b[m\x1b[K\n'}
[5.472645] (rover_gui) StderrLine: {'line': b'\x1b[01m\x1b[K/home/chris/ros2_ws/src/rover/rover_gui/src/SecondaryWindow.cpp:233:37:\x1b[m\x1b[K \x1b[01;31m\x1b[Kerror: \x1b[m\x1b[Kbase operand of \xe2\x80\x98\x1b[01m\x1b[K->\x1b[m\x1b[K\xe2\x80\x99 has non-pointer type \xe2\x80\x98\x1b[01m\x1b[KQGridLayout\x1b[m\x1b[K\xe2\x80\x99\n'}
[5.472666] (rover_gui) StderrLine: {'line': b'  233 |                     _multiStreamGrid\x1b[01;31m\x1b[K->\x1b[m\x1b[KaddWidget(container, row, col);\n'}
[5.472688] (rover_gui) StderrLine: {'line': b'      |                                     \x1b[01;31m\x1b[K^~\x1b[m\x1b[K\n'}
[5.472709] (rover_gui) StderrLine: {'line': b'\x1b[01m\x1b[K/home/chris/ros2_ws/src/rover/rover_gui/src/SecondaryWindow.cpp:236:25:\x1b[m\x1b[K \x1b[01;31m\x1b[Kerror: \x1b[m\x1b[Kbase operand of \xe2\x80\x98\x1b[01m\x1b[K->\x1b[m\x1b[K\xe2\x80\x99 has non-pointer type \xe2\x80\x98\x1b[01m\x1b[KQStackedWidget\x1b[m\x1b[K\xe2\x80\x99\n'}
[5.472731] (rover_gui) StderrLine: {'line': b'  236 |             _layoutStack\x1b[01;31m\x1b[K->\x1b[m\x1b[KsetCurrentWidget(_multiStreamView);\n'}
[5.472752] (rover_gui) StderrLine: {'line': b'      |                         \x1b[01;31m\x1b[K^~\x1b[m\x1b[K\n'}
[5.472772] (rover_gui) StderrLine: {'line': b'\x1b[01m\x1b[K/home/chris/ros2_ws/src/rover/rover_gui/src/SecondaryWindow.cpp:242:18:\x1b[m\x1b[K \x1b[01;31m\x1b[Kerror: \x1b[m\x1b[Kbase operand of \xe2\x80\x98\x1b[01m\x1b[K->\x1b[m\x1b[K\xe2\x80\x99 has non-pointer type \xe2\x80\x98\x1b[01m\x1b[KQPushButton\x1b[m\x1b[K\xe2\x80\x99\n'}
[5.472797] (rover_gui) StderrLine: {'line': b'  242 |     _addStreamBtn\x1b[01;31m\x1b[K->\x1b[m\x1b[KsetEnabled(static_cast<int>(_streams.size()) < _maxStreams);\n'}
[5.472825] (rover_gui) StderrLine: {'line': b'      |                  \x1b[01;31m\x1b[K^~\x1b[m\x1b[K\n'}
[5.472847] (rover_gui) StderrLine: {'line': b'\x1b[01m\x1b[K/home/chris/ros2_ws/src/rover/rover_gui/src/SecondaryWindow.cpp:243:21:\x1b[m\x1b[K \x1b[01;31m\x1b[Kerror: \x1b[m\x1b[Kbase operand of \xe2\x80\x98\x1b[01m\x1b[K->\x1b[m\x1b[K\xe2\x80\x99 has non-pointer type \xe2\x80\x98\x1b[01m\x1b[KQPushButton\x1b[m\x1b[K\xe2\x80\x99\n'}
[5.472869] (rover_gui) StderrLine: {'line': b'  243 |     _removeStreamBtn\x1b[01;31m\x1b[K->\x1b[m\x1b[KsetEnabled(_streams.size() > 1);\n'}
[5.472890] (rover_gui) StderrLine: {'line': b'      |                     \x1b[01;31m\x1b[K^~\x1b[m\x1b[K\n'}
[5.472914] (rover_gui) StderrLine: {'line': b'\x1b[01m\x1b[K/home/chris/ros2_ws/src/rover/rover_gui/src/SecondaryWindow.cpp:244:19:\x1b[m\x1b[K \x1b[01;31m\x1b[Kerror: \x1b[m\x1b[Kbase operand of \xe2\x80\x98\x1b[01m\x1b[K->\x1b[m\x1b[K\xe2\x80\x99 has non-pointer type \xe2\x80\x98\x1b[01m\x1b[KQPushButton\x1b[m\x1b[K\xe2\x80\x99\n'}
[5.472936] (rover_gui) StderrLine: {'line': b'  244 |     _editStreamBtn\x1b[01;31m\x1b[K->\x1b[m\x1b[KsetEnabled(!_streams.empty());\n'}
[5.472956] (rover_gui) StderrLine: {'line': b'      |                   \x1b[01;31m\x1b[K^~\x1b[m\x1b[K\n'}
[5.472977] (rover_gui) StderrLine: {'line': b'\x1b[01m\x1b[K/home/chris/ros2_ws/src/rover/rover_gui/src/SecondaryWindow.cpp:\x1b[m\x1b[K In member function \xe2\x80\x98\x1b[01m\x1b[Kvoid SecondaryWindow::updateStreamSelectionCombo()\x1b[m\x1b[K\xe2\x80\x99:\n'}
[5.473002] (rover_gui) StderrLine: {'line': b'\x1b[01m\x1b[K/home/chris/ros2_ws/src/rover/rover_gui/src/SecondaryWindow.cpp:282:40:\x1b[m\x1b[K \x1b[01;31m\x1b[Kerror: \x1b[m\x1b[Kbase operand of \xe2\x80\x98\x1b[01m\x1b[K->\x1b[m\x1b[K\xe2\x80\x99 has non-pointer type \xe2\x80\x98\x1b[01m\x1b[KQComboBox\x1b[m\x1b[K\xe2\x80\x99\n'}
[5.473023] (rover_gui) StderrLine: {'line': b'  282 |     int previousIndex = _streamSelector\x1b[01;31m\x1b[K->\x1b[m\x1b[KcurrentIndex();\n'}
[5.473044] (rover_gui) StderrLine: {'line': b'      |                                        \x1b[01;31m\x1b[K^~\x1b[m\x1b[K\n'}
[5.473065] (rover_gui) StderrLine: {'line': b'\x1b[01m\x1b[K/home/chris/ros2_ws/src/rover/rover_gui/src/SecondaryWindow.cpp:288:20:\x1b[m\x1b[K \x1b[01;31m\x1b[Kerror: \x1b[m\x1b[Kbase operand of \xe2\x80\x98\x1b[01m\x1b[K->\x1b[m\x1b[K\xe2\x80\x99 has non-pointer type \xe2\x80\x98\x1b[01m\x1b[KQComboBox\x1b[m\x1b[K\xe2\x80\x99\n'}
[5.473086] (rover_gui) StderrLine: {'line': b'  288 |     _streamSelector\x1b[01;31m\x1b[K->\x1b[m\x1b[KblockSignals(true);\n'}
[5.473107] (rover_gui) StderrLine: {'line': b'      |                    \x1b[01;31m\x1b[K^~\x1b[m\x1b[K\n'}
[5.473128] (rover_gui) StderrLine: {'line': b'\x1b[01m\x1b[K/home/chris/ros2_ws/src/rover/rover_gui/src/SecondaryWindow.cpp:289:20:\x1b[m\x1b[K \x1b[01;31m\x1b[Kerror: \x1b[m\x1b[Kbase operand of \xe2\x80\x98\x1b[01m\x1b[K->\x1b[m\x1b[K\xe2\x80\x99 has non-pointer type \xe2\x80\x98\x1b[01m\x1b[KQComboBox\x1b[m\x1b[K\xe2\x80\x99\n'}
[5.473149] (rover_gui) StderrLine: {'line': b'  289 |     _streamSelector\x1b[01;31m\x1b[K->\x1b[m\x1b[Kclear();\n'}
[5.473170] (rover_gui) StderrLine: {'line': b'      |                    \x1b[01;31m\x1b[K^~\x1b[m\x1b[K\n'}
[5.473193] (rover_gui) StderrLine: {'line': b'\x1b[01m\x1b[K/home/chris/ros2_ws/src/rover/rover_gui/src/SecondaryWindow.cpp:293:24:\x1b[m\x1b[K \x1b[01;31m\x1b[Kerror: \x1b[m\x1b[Kbase operand of \xe2\x80\x98\x1b[01m\x1b[K->\x1b[m\x1b[K\xe2\x80\x99 has non-pointer type \xe2\x80\x98\x1b[01m\x1b[KQComboBox\x1b[m\x1b[K\xe2\x80\x99\n'}
[5.473214] (rover_gui) StderrLine: {'line': b'  293 |         _streamSelector\x1b[01;31m\x1b[K->\x1b[m\x1b[KaddItem(streamInfo.name);\n'}
[5.473260] (rover_gui) StderrLine: {'line': b'      |                        \x1b[01;31m\x1b[K^~\x1b[m\x1b[K\n'}
[5.473286] (rover_gui) StderrLine: {'line': b'\x1b[01m\x1b[K/home/chris/ros2_ws/src/rover/rover_gui/src/SecondaryWindow.cpp:297:24:\x1b[m\x1b[K \x1b[01;31m\x1b[Kerror: \x1b[m\x1b[Kbase operand of \xe2\x80\x98\x1b[01m\x1b[K->\x1b[m\x1b[K\xe2\x80\x99 has non-pointer type \xe2\x80\x98\x1b[01m\x1b[KQComboBox\x1b[m\x1b[K\xe2\x80\x99\n'}
[5.473320] (rover_gui) StderrLine: {'line': b'  297 |     if (_streamSelector\x1b[01;31m\x1b[K->\x1b[m\x1b[Kcount() > 0) {\n'}
[5.473343] (rover_gui) StderrLine: {'line': b'      |                        \x1b[01;31m\x1b[K^~\x1b[m\x1b[K\n'}
[5.473364] (rover_gui) StderrLine: {'line': b'\x1b[01m\x1b[K/home/chris/ros2_ws/src/rover/rover_gui/src/SecondaryWindow.cpp:299:59:\x1b[m\x1b[K \x1b[01;31m\x1b[Kerror: \x1b[m\x1b[Kbase operand of \xe2\x80\x98\x1b[01m\x1b[K->\x1b[m\x1b[K\xe2\x80\x99 has non-pointer type \xe2\x80\x98\x1b[01m\x1b[KQComboBox\x1b[m\x1b[K\xe2\x80\x99\n'}
[5.473395] (rover_gui) StderrLine: {'line': b'  299 |         int newIndex = qMin(previousIndex, _streamSelector\x1b[01;31m\x1b[K->\x1b[m\x1b[Kcount() - 1);\n'}
[5.473419] (rover_gui) StderrLine: {'line': b'      |                                                           \x1b[01;31m\x1b[K^~\x1b[m\x1b[K\n'}
[5.473449] (rover_gui) StderrLine: {'line': b'\x1b[01m\x1b[K/home/chris/ros2_ws/src/rover/rover_gui/src/SecondaryWindow.cpp:300:24:\x1b[m\x1b[K \x1b[01;31m\x1b[Kerror: \x1b[m\x1b[Kbase operand of \xe2\x80\x98\x1b[01m\x1b[K->\x1b[m\x1b[K\xe2\x80\x99 has non-pointer type \xe2\x80\x98\x1b[01m\x1b[KQComboBox\x1b[m\x1b[K\xe2\x80\x99\n'}
[5.473472] (rover_gui) StderrLine: {'line': b'  300 |         _streamSelector\x1b[01;31m\x1b[K->\x1b[m\x1b[KsetCurrentIndex(newIndex);\n'}
[5.473502] (rover_gui) StderrLine: {'line': b'      |                        \x1b[01;31m\x1b[K^~\x1b[m\x1b[K\n'}
[5.473525] (rover_gui) StderrLine: {'line': b'\x1b[01m\x1b[K/home/chris/ros2_ws/src/rover/rover_gui/src/SecondaryWindow.cpp:304:20:\x1b[m\x1b[K \x1b[01;31m\x1b[Kerror: \x1b[m\x1b[Kbase operand of \xe2\x80\x98\x1b[01m\x1b[K->\x1b[m\x1b[K\xe2\x80\x99 has non-pointer type \xe2\x80\x98\x1b[01m\x1b[KQComboBox\x1b[m\x1b[K\xe2\x80\x99\n'}
[5.473546] (rover_gui) StderrLine: {'line': b'  304 |     _streamSelector\x1b[01;31m\x1b[K->\x1b[m\x1b[KblockSignals(false);\n'}
[5.473567] (rover_gui) StderrLine: {'line': b'      |                    \x1b[01;31m\x1b[K^~\x1b[m\x1b[K\n'}
[5.473588] (rover_gui) StderrLine: {'line': b'\x1b[01m\x1b[K/home/chris/ros2_ws/src/rover/rover_gui/src/SecondaryWindow.cpp:\x1b[m\x1b[K In member function \xe2\x80\x98\x1b[01m\x1b[Kvoid SecondaryWindow::editStream()\x1b[m\x1b[K\xe2\x80\x99:\n'}
[5.473625] (rover_gui) StderrLine: {'line': b'\x1b[01m\x1b[K/home/chris/ros2_ws/src/rover/rover_gui/src/SecondaryWindow.cpp:363:32:\x1b[m\x1b[K \x1b[01;31m\x1b[Kerror: \x1b[m\x1b[Kbase operand of \xe2\x80\x98\x1b[01m\x1b[K->\x1b[m\x1b[K\xe2\x80\x99 has non-pointer type \xe2\x80\x98\x1b[01m\x1b[KQComboBox\x1b[m\x1b[K\xe2\x80\x99\n'}
[5.473648] (rover_gui) StderrLine: {'line': b'  363 |     int index = _streamSelector\x1b[01;31m\x1b[K->\x1b[m\x1b[KcurrentIndex();\n'}
[5.473670] (rover_gui) StderrLine: {'line': b'      |                                \x1b[01;31m\x1b[K^~\x1b[m\x1b[K\n'}
[5.473701] (rover_gui) StderrLine: {'line': b'\x1b[01m\x1b[K/home/chris/ros2_ws/src/rover/rover_gui/src/SecondaryWindow.cpp:\x1b[m\x1b[K In member function \xe2\x80\x98\x1b[01m\x1b[Kvoid SecondaryWindow::removeStream()\x1b[m\x1b[K\xe2\x80\x99:\n'}
[5.473731] (rover_gui) StderrLine: {'line': b'\x1b[01m\x1b[K/home/chris/ros2_ws/src/rover/rover_gui/src/SecondaryWindow.cpp:408:32:\x1b[m\x1b[K \x1b[01;31m\x1b[Kerror: \x1b[m\x1b[Kbase operand of \xe2\x80\x98\x1b[01m\x1b[K->\x1b[m\x1b[K\xe2\x80\x99 has non-pointer type \xe2\x80\x98\x1b[01m\x1b[KQComboBox\x1b[m\x1b[K\xe2\x80\x99\n'}
[5.473756] (rover_gui) StderrLine: {'line': b'  408 |     int index = _streamSelector\x1b[01;31m\x1b[K->\x1b[m\x1b[KcurrentIndex();\n'}
[5.473777] (rover_gui) StderrLine: {'line': b'      |                                \x1b[01;31m\x1b[K^~\x1b[m\x1b[K\n'}
[5.473800] (rover_gui) StderrLine: {'line': b'\x1b[01m\x1b[K/home/chris/ros2_ws/src/rover/rover_gui/src/SecondaryWindow.cpp:\x1b[m\x1b[K In member function \xe2\x80\x98\x1b[01m\x1b[Kvoid SecondaryWindow::selectStream(int)\x1b[m\x1b[K\xe2\x80\x99:\n'}
[5.473836] (rover_gui) StderrLine: {'line': b'\x1b[01m\x1b[K/home/chris/ros2_ws/src/rover/rover_gui/src/SecondaryWindow.cpp:444:28:\x1b[m\x1b[K \x1b[01;31m\x1b[Kerror: \x1b[m\x1b[Kbase operand of \xe2\x80\x98\x1b[01m\x1b[K->\x1b[m\x1b[K\xe2\x80\x99 has non-pointer type \xe2\x80\x98\x1b[01m\x1b[KQComboBox\x1b[m\x1b[K\xe2\x80\x99\n'}
[5.473866] (rover_gui) StderrLine: {'line': b'  444 |         if (_layoutSelector\x1b[01;31m\x1b[K->\x1b[m\x1b[KcurrentIndex() == 0 && streamIndex < _singleStreamStack->count()) {\n'}
[5.473888] (rover_gui) StderrLine: {'line': b'      |                            \x1b[01;31m\x1b[K^~\x1b[m\x1b[K\n'}
[5.473909] (rover_gui) StderrLine: {'line': b'\x1b[01m\x1b[K/home/chris/ros2_ws/src/rover/rover_gui/src/SecondaryWindow.cpp:444:85:\x1b[m\x1b[K \x1b[01;31m\x1b[Kerror: \x1b[m\x1b[Kbase operand of \xe2\x80\x98\x1b[01m\x1b[K->\x1b[m\x1b[K\xe2\x80\x99 has non-pointer type \xe2\x80\x98\x1b[01m\x1b[KQStackedWidget\x1b[m\x1b[K\xe2\x80\x99\n'}
[5.473930] (rover_gui) StderrLine: {'line': b'  444 |         if (_layoutSelector->currentIndex() == 0 && streamIndex < _singleStreamStack\x1b[01;31m\x1b[K->\x1b[m\x1b[Kcount()) {\n'}
[5.473953] (rover_gui) StderrLine: {'line': b'      |                                                                                     \x1b[01;31m\x1b[K^~\x1b[m\x1b[K\n'}
[5.473984] (rover_gui) StderrLine: {'line': b'\x1b[01m\x1b[K/home/chris/ros2_ws/src/rover/rover_gui/src/SecondaryWindow.cpp:445:31:\x1b[m\x1b[K \x1b[01;31m\x1b[Kerror: \x1b[m\x1b[Kbase operand of \xe2\x80\x98\x1b[01m\x1b[K->\x1b[m\x1b[K\xe2\x80\x99 has non-pointer type \xe2\x80\x98\x1b[01m\x1b[KQStackedWidget\x1b[m\x1b[K\xe2\x80\x99\n'}
[5.474006] (rover_gui) StderrLine: {'line': b'  445 |             _singleStreamStack\x1b[01;31m\x1b[K->\x1b[m\x1b[KsetCurrentIndex(streamIndex);\n'}
[5.474027] (rover_gui) StderrLine: {'line': b'      |                               \x1b[01;31m\x1b[K^~\x1b[m\x1b[K\n'}
[5.542319] (-) TimerEvent: {}
[5.642648] (-) TimerEvent: {}
[5.724793] (rover_gui) StderrLine: {'line': b'gmake[2]: *** [CMakeFiles/main_gui.dir/build.make:126: CMakeFiles/main_gui.dir/src/SecondaryWindow.cpp.o] Error 1\n'}
[5.724931] (rover_gui) StderrLine: {'line': b'gmake[2]: *** Waiting for unfinished jobs....\n'}
[5.742812] (-) TimerEvent: {}
[5.843428] (-) TimerEvent: {}
[5.944971] (-) TimerEvent: {}
[6.045968] (-) TimerEvent: {}
[6.146956] (-) TimerEvent: {}
[6.248575] (-) TimerEvent: {}
[6.348994] (-) TimerEvent: {}
[6.450531] (-) TimerEvent: {}
[6.551441] (-) TimerEvent: {}
[6.653427] (-) TimerEvent: {}
[6.753940] (-) TimerEvent: {}
[6.854506] (-) TimerEvent: {}
[6.957344] (-) TimerEvent: {}
[7.061337] (-) TimerEvent: {}
[7.162026] (-) TimerEvent: {}
[7.262500] (-) TimerEvent: {}
[7.330524] (rover_gui) StderrLine: {'line': b'gmake[1]: *** [CMakeFiles/Makefile2:167: CMakeFiles/main_gui.dir/all] Error 2\n'}
[7.330714] (rover_gui) StderrLine: {'line': b'gmake: *** [Makefile:146: all] Error 2\n'}
[7.334369] (rover_gui) CommandEnded: {'returncode': 2}
[7.344755] (rover_gui) JobEnded: {'identifier': 'rover_gui', 'rc': 2}
[7.360825] (-) EventReactorShutdown: {}
